customer_id,age,gender,employment_type,monthly_income,cibil_score,state
CU001636,30,Male,Salaried,79897,896,Delhi
CU004543,31,Male,Salaried,30596,657,Kerala
CU002570,53,Male,"Self Employed",71458,630,Delhi
CU000063,39,Male,"Self Employed",58242,871,Telangana
CU000770,56,Male,Salaried,86916,823,Maharashtra
CU004125,34,Male,"Self Employed",42833,811,"West Bengal"
CU001693,35,Female,Salaried,26199,689,"Uttar Pradesh"
CU003555,41,Male,Salaried,67111,674,Delhi
CU003939,47,Female,Salaried,65487,562,"Tamil Nadu"
CU000611,43,Female,Salaried,12000,696,Karnataka
CU002459,49,Female,"Self Employed",81682,520,Kerala
CU002115,34,Female,Salaried,49754,689,Maharashtra
CU002551,43,Female,Salaried,59993,781,Delhi
CU002361,34,Male,"Self Employed",40856,654,"Andra Pradesh"
CU000373,39,Male,Salaried,83778,726,"Andra Pradesh"
CU003591,22,Male,Salaried,48606,661,Karnataka
CU004327,26,Male,Salaried,33381,763,Telangana
CU002774,46,Male,Salaried,48187,688,Telangana
CU003979,29,Male,Salaried,72084,870,Kerala
CU000350,47,Male,Salaried,57383,865,"Tamil Nadu"
CU002518,43,Male,Salaried,47366,579,"Andra Pradesh"
CU000170,35,Female,Salaried,43511,735,"Uttar Pradesh"
CU001565,49,Male,Salaried,25704,708,Maharashtra
CU001915,50,Male,Salaried,68754,724,Gujarat
CU004570,37,Female,"Self Employed",39862,644,Maharashtra
CU002424,49,Male,Salaried,25812,573,Gujarat
CU000999,46,Male,Salaried,33310,574,DELHI
CU000395,34,Male,"Self Employed",29079,851,Maharashtra
CU002724,36,Male,"Self Employed",44788,764,Telangana
CU001141,35,Male,Salaried,26424,641,"Tamil Nadu"
CU000797,39,Male,Salaried,89250,713,Delhi
CU000608,27,Male,Salaried,29600,563,Telangana
CU001823,24,Male,"Self Employed",26434,689,"Andra Pradesh"
CU003121,34,Male,"Self Employed",40383,754,Telangana
CU001708,43,Female,Salaried,24987,603,"Tamil Nadu"
CU000824,37,Male,"Self Employed",41993,650,Maharashtra
CU003701,46,Male,"Self Employed",66718,610,Gujarat
CU002935,29,Male,Salaried,48024,602,"Andra Pradesh"
CU001407,21,Male,"Self Employed",42434,750,Maharashtra
CU001585,39,Male,Salaried,28314,761,Karnataka
CU002359,54,Male,Salaried,40296,630,Telangana
CU001631,34,Male,"Self Employed",32451,702,Maharashtra
CU001099,45,Male,Salaried,92887,876,Kerala
CU002380,35,Male,Salaried,21680,689,Karnataka
CU003216,39,Male,"Self Employed",58938,462,Karnataka
CU004328,37,Male,"Self Employed",36938,687,Karnataka
CU001079,43,Male,Salaried,40887,837,Maharashtra
CU002017,31,Male,"Self Employed",12000,641,"Tamil Nadu"
CU002721,52,Female,"Self Employed",24067,711,Gujarat
CU001458,45,Male,Salaried,31940,630,Kerala
CU001560,45,Female,Salaried,37290,493,"West Bengal"
CU001160,50,Male,Salaried,31866,656,Delhi
CU001214,44,Female,Salaried,43728,549,Telangana
CU004063,35,Male,"Self Employed",59522,633,Delhi
CU004304,28,Male,Salaried,15357,595,"Andra Pradesh"
CU001345,43,Male,Salaried,40597,547,"Tamil Nadu"
CU004575,50,Male,Salaried,17759,765,Karnataka
CU000645,42,Female,"Self Employed",75420,594,"Tamil Nadu"
CU004536,34,Male,Salaried,59622,622,Karnataka
CU002077,30,Male,Salaried,65370,709,"West Bengal"
CU003033,29,Male,Salaried,73336,688,Kerala
CU001300,21,Male,"Self Employed",69540,537,Telangana
CU003950,21,Male,Salaried,40526,512,Kerala
CU002589,36,Male,"Self Employed",38893,687,"West Bengal"
CU000359,31,Female,"Self Employed",65599,649,delhi
CU002937,44,Female,Salaried,22856,703,Gujarat
CU000166,39,Female,Salaried,33487,690,"Tamil Nadu"
CU001711,46,Male,Salaried,61205,817,
CU001604,44,Male,"Self Employed",65760,748,Gujarat
CU002679,36,Male,Salaried,57135,650,Kerala
CU002621,38,Male,"Self Employed",34574,737,Telangana
CU004182,45,Male,Salaried,43172,759,Kerala
CU001625,31,Male,Salaried,18040,573,Gujarat
CU000837,28,Male,"Self Employed",37048,592,"West Bengal"
CU001129,32,Female,"Self Employed",41987,611,Kerala
CU002685,34,Male,"Self Employed",60064,785,Gujarat
CU001901,40,Female,Salaried,40214,813,Delhi
CU000772,52,Male,"Self Employed",72529,708,"Tamil Nadu"
CU000995,27,Female,Salaried,52203,583,DELHI
CU002515,40,Female,Salaried,63274,700,Maharashtra
CU003740,37,Male,Salaried,69016,564,"Tamil Nadu"
CU001543,24,Female,"Self Employed",68598,752,Gujarat
CU001427,53,Male,"Self Employed",70106,618,Telangana
CU001478,36,Female,Salaried,12000,717,Telangana
CU000686,21,Male,Salaried,53645,722,"Uttar Pradesh"
CU000091,33,Male,Salaried,57456,690,Maharashtra
CU001236,53,Male,"Self Employed",41477,687,Delhi
CU003754,37,Male,Salaried,48987,603,Karnataka
CU002929,48,Male,Salaried,63178,642,Maharashtra
CU000978,45,Male,Salaried,21109,705,"Andra Pradesh"
CU001988,21,Male,Salaried,34680,717,Karnataka
CU001017,45,Male,Salaried,88098,702,Maharashtra
CU003944,32,Female,"Self Employed",41230,642,"Uttar Pradesh"
CU003388,44,Male,"Self Employed",45138,596,"West Bengal"
CU002886,39,Female,Salaried,71203,757,"West Bengal"
CU001824,41,Male,Salaried,47468,548,Telangana
CU000325,40,Male,Salaried,63651,542,"Tamil Nadu"
CU003883,28,Male,"Self Employed",21576,846,"Tamil Nadu"
CU004046,45,Female,Salaried,50725,842,Telangana
CU002930,37,Male,Salaried,51947,716,"Uttar Pradesh"
CU002269,48,Male,"Self Employed",52950,594,Kerala
CU003843,52,Female,"Self Employed",35819,555,"West Bengal"
CU003469,48,Male,Salaried,44663,737,delhi
CU001460,39,Male,Salaried,12000,617,Telangana
CU003466,25,Male,Salaried,34714,760,Gujarat
CU004397,55,Male,Salaried,32752,663,"Uttar Pradesh"
CU000158,39,Male,Salaried,51156,526,Kerala
CU004178,21,Male,Salaried,56527,469,"Uttar Pradesh"
CU000220,32,Male,"Self Employed",71347,697,Telangana
CU003471,29,Male,"Self Employed",24121,777,"Tamil Nadu"
CU003024,53,Male,"Self Employed",58330,740,"Andra Pradesh"
CU000223,37,Male,"Self Employed",87845,683,"Tamil Nadu"
CU003640,32,Female,Salaried,53330,697,Kerala
CU000326,50,Female,Salaried,33962,900,"Tamil Nadu"
CU001527,31,Male,"Self Employed",39042,679,"West Bengal"
CU001123,31,Female,Salaried,31819,773,Delhi
CU003504,35,Female,Salaried,26830,561,"Uttar Pradesh"
CU001039,23,Female,Salaried,70618,565,"Andra Pradesh"
CU001009,49,Male,Salaried,12000,639,"Andra Pradesh"
CU004180,38,Male,"Self Employed",54464,779,"Tamil Nadu"
CU002210,31,Female,"Self Employed",15136,664,Maharashtra
CU003000,37,Male,Salaried,36580,688,"Tamil Nadu"
CU002556,43,Male,Salaried,63727,662,"Andra Pradesh"
CU000099,24,Male,Salaried,58393,712,delhi
CU001649,49,Male,Salaried,33325,622,Karnataka
CU000910,41,Male,"Self Employed",81268,649,Kerala
CU000367,50,Male,Salaried,44542,755,Kerala
CU001795,30,Male,Salaried,18007,900,Karnataka
CU002313,33,Female,Salaried,53958,787,Telangana
CU003056,37,Male,"Self Employed",36673,668,delhi
CU003787,51,Female,"Self Employed",51038,634,Kerala
CU002079,44,Male,Salaried,59920,712,Delhi
CU002319,57,Male,Salaried,51703,660,"Tamil Nadu"
CU003284,35,Male,Salaried,36602,493,"Tamil Nadu"
CU003144,29,Male,Salaried,64412,565,"Uttar Pradesh"
CU003874,39,Male,"Self Employed",69398,744,"Uttar Pradesh"
CU004210,51,Female,Salaried,101792,712,"West Bengal"
CU004473,26,Male,"Self Employed",12000,628,"Uttar Pradesh"
CU001735,38,Female,Salaried,51418,591,delhi
CU002028,33,Male,"Self Employed",16089,712,Gujarat
CU004515,26,Female,Salaried,27653,504,Kerala
CU004576,25,Male,"Self Employed",49460,686,Telangana
CU000637,30,Male,Salaried,59900,688,Delhi
CU002241,39,Male,Salaried,39574,777,Delhi
CU002612,29,Male,Salaried,49069,553,"Andra Pradesh"
CU001547,33,Male,Salaried,78542,740,"Andra Pradesh"
CU004427,38,Male,Salaried,49085,618,"Andra Pradesh"
CU001021,42,Male,"Self Employed",23897,742,Maharashtra
CU002770,38,Female,Salaried,73465,667,"Andra Pradesh"
CU001536,28,Male,Salaried,60327,642,"Tamil Nadu"
CU000251,28,Male,Salaried,12000,827,"Uttar Pradesh"
CU003946,59,Male,Salaried,63132,705,Kerala
CU000045,39,Male,Salaried,52706,685,"Andra Pradesh"
CU000958,46,Male,"Self Employed",61793,557,Karnataka
CU000360,33,Male,"Self Employed",25897,718,
CU003773,21,Female,"Self Employed",42209,615,"West Bengal"
CU002454,50,Male,"Self Employed",30630,750,Maharashtra
CU000994,46,Male,"Self Employed",43412,652,"Tamil Nadu"
CU002182,38,Female,Salaried,49909,657,Telangana
CU001144,50,Female,Salaried,42960,604,"Andra Pradesh"
CU003060,28,Male,"Self Employed",69492,645,"Andra Pradesh"
CU001614,44,Male,Salaried,12000,786,DELHI
CU000137,42,Male,Salaried,49477,849,Karnataka
CU001386,36,Male,Salaried,42126,665,"West Bengal"
CU002425,32,Male,Salaried,41341,575,Telangana
CU004094,27,Male,Salaried,22262,747,Telangana
CU000134,51,Male,Salaried,29524,567,"Tamil Nadu"
CU002707,40,Male,"Self Employed",57078,631,Telangana
CU001226,47,Female,"Self Employed",19580,645,"Andra Pradesh"
CU003714,39,Female,Salaried,12000,583,"Tamil Nadu"
CU002000,33,Female,"Self Employed",78283,637,Kerala
CU003898,27,Female,Salaried,62061,781,Karnataka
CU002736,30,Male,Salaried,38526,656,"Andra Pradesh"
CU002400,30,Male,Salaried,56092,533,"Uttar Pradesh"
CU004207,30,Male,Salaried,50983,663,"Uttar Pradesh"
CU002746,54,Male,Salaried,73396,704,"West Bengal"
CU002645,36,Male,"Self Employed",60719,856,"Uttar Pradesh"
CU002917,40,Female,Salaried,46322,641,Kerala
CU001929,40,Male,Salaried,28050,775,Karnataka
CU000773,44,Male,Salaried,74330,632,"Uttar Pradesh"
CU004050,24,Male,Salaried,62434,697,"West Bengal"
CU000191,24,Female,Salaried,30381,633,Maharashtra
CU002342,26,Male,Salaried,42099,669,DELHI
CU001126,32,Female,Salaried,27614,679,DELHI
CU001718,33,Male,Salaried,52776,574,DELHI
CU001103,41,Male,"Self Employed",39573,570,Karnataka
CU003677,31,Male,"Self Employed",75575,507,"West Bengal"
CU003958,35,Female,"Self Employed",28921,751,Gujarat
CU002992,46,Male,Salaried,69187,620,Gujarat
CU003592,45,Male,Salaried,52073,744,Kerala
CU002018,41,Male,Salaried,35745,652,Kerala
CU000847,41,Male,Salaried,48510,674,Delhi
CU004349,36,Female,"Self Employed",12000,765,Telangana
CU000448,33,Male,Salaried,28551,780,Telangana
CU002052,38,Female,"Self Employed",25441,624,Karnataka
CU002107,47,Female,Salaried,29487,510,Karnataka
CU003842,62,Male,"Self Employed",37019,716,"West Bengal"
CU003310,33,Male,Salaried,42168,839,Gujarat
CU001297,44,Male,"Self Employed",23019,737,Kerala
CU001686,43,Male,"Self Employed",73380,706,"Uttar Pradesh"
CU003700,39,Female,Salaried,67284,740,Maharashtra
CU004368,40,Male,Salaried,37516,627,"Uttar Pradesh"
CU002814,30,Female,Salaried,44154,663,"Andra Pradesh"
CU002927,39,Male,"Self Employed",51592,597,Gujarat
CU001062,24,Male,Salaried,48818,676,Maharashtra
CU000942,49,Male,"Self Employed",44602,670,"Uttar Pradesh"
CU000704,50,Male,"Self Employed",36641,497,"West Bengal"
CU003018,54,Male,"Self Employed",42025,723,Karnataka
CU002326,38,Female,Salaried,13455,603,Delhi
CU000103,32,Male,"Self Employed",21042,617,"Uttar Pradesh"
CU001454,53,Female,Salaried,61663,623,Delhi
CU002143,40,Male,Salaried,50019,605,"Uttar Pradesh"
CU003415,32,Male,"Self Employed",60573,598,Gujarat
CU004407,47,Male,"Self Employed",80484,708,delhi
CU002342,26,Male,Salaried,42099,669,DELHI
CU003006,39,Male,"Self Employed",38637,675,"Tamil Nadu"
CU000487,45,Female,Salaried,41375,621,Kerala
CU003485,47,Female,"Self Employed",31624,552,Gujarat
CU002295,21,Male,Salaried,82370,686,Karnataka
CU000609,33,Male,"Self Employed",48628,642,Gujarat
CU003932,42,Male,Salaried,60945,541,Telangana
CU000914,33,Female,"Self Employed",66946,539,"Andra Pradesh"
CU003151,39,Male,"Self Employed",67641,664,Gujarat
CU001124,33,Male,"Self Employed",42514,660,Kerala
CU002370,48,Male,Salaried,71316,738,Gujarat
CU001766,21,Male,Salaried,27222,665,"Tamil Nadu"
CU001876,40,Female,Salaried,57938,618,Kerala
CU000083,38,Female,Salaried,29539,810,Gujarat
CU004477,42,Male,Salaried,50260,726,"Uttar Pradesh"
CU003078,33,Female,Salaried,40280,635,Kerala
CU002405,32,Female,Salaried,22339,679,Delhi
CU003729,32,Male,Salaried,20922,736,"West Bengal"
CU000988,49,Male,Salaried,43937,630,Karnataka
CU002660,39,Male,Salaried,51617,831,Gujarat
CU004305,39,Male,Salaried,30755,528,"Andra Pradesh"
CU001254,25,Male,Salaried,47717,675,Maharashtra
CU003143,41,Male,"Self Employed",33713,639,"Tamil Nadu"
CU000902,41,Male,"Self Employed",57377,827,Kerala
CU002516,23,Male,"Self Employed",70061,671,Delhi
CU002636,37,Male,Salaried,60807,726,Kerala
CU004482,27,Male,"Self Employed",59709,682,"Uttar Pradesh"
CU002626,27,Male,"Self Employed",43039,752,Kerala
CU002974,37,Male,Salaried,34256,546,"Tamil Nadu"
CU000881,29,Male,"Self Employed",64134,677,Delhi
CU002383,26,Male,"Self Employed",24044,762,"Uttar Pradesh"
CU001428,46,Male,Salaried,34667,587,"Andra Pradesh"
CU001931,35,Male,"Self Employed",20511,485,"Andra Pradesh"
CU000014,34,Female,"Self Employed",35416,663,"Tamil Nadu"
CU003499,38,Male,"Self Employed",94506,606,Karnataka
CU000928,27,Female,Salaried,28278,808,Gujarat
CU003495,41,Female,"Self Employed",81369,636,"West Bengal"
CU003211,46,Male,Salaried,64805,649,Gujarat
CU000600,35,Male,Salaried,35683,666,"West Bengal"
CU000058,30,Male,Salaried,53876,749,Maharashtra
CU004439,30,Male,"Self Employed",34480,888,Karnataka
CU001163,39,Male,Salaried,44816,722,"Andra Pradesh"
CU003105,43,Male,"Self Employed",59516,769,delhi
CU002786,44,Female,Salaried,40131,690,Delhi
CU002216,27,Female,"Self Employed",49671,870,"Andra Pradesh"
CU001035,24,Female,"Self Employed",59029,680,"Tamil Nadu"
CU003723,46,Female,"Self Employed",45985,634,Telangana
CU002557,30,Female,"Self Employed",42720,649,Maharashtra
CU004340,29,Male,Salaried,62797,705,Gujarat
CU004495,37,Male,"Self Employed",37263,605,Karnataka
CU000041,35,Male,"Self Employed",99403,583,Gujarat
CU004326,49,Male,Salaried,64174,693,Gujarat
CU000300,55,Male,Salaried,74423,661,"West Bengal"
CU002026,37,Male,Salaried,39304,590,"West Bengal"
CU001459,34,Male,"Self Employed",50361,681,"Andra Pradesh"
CU003257,37,Male,"Self Employed",83834,698,Maharashtra
CU000344,43,Female,Salaried,13749,632,"Uttar Pradesh"
CU004514,39,Male,Salaried,39200,853,delhi
CU003197,42,Female,"Self Employed",48786,653,"Andra Pradesh"
CU004255,57,Female,"Self Employed",41734,638,Kerala
CU004047,37,Female,"Self Employed",71860,758,Telangana
CU000201,48,Male,Salaried,24469,787,"Tamil Nadu"
CU001335,40,Female,Salaried,30638,627,Telangana
CU001760,32,Female,Salaried,23991,756,"West Bengal"
CU002671,47,Male,Salaried,19056,528,"Tamil Nadu"
CU003795,42,Male,Salaried,40665,480,Telangana
CU002198,32,Male,"Self Employed",12000,619,"Uttar Pradesh"
CU000784,48,Female,Salaried,51722,659,Maharashtra
CU002834,23,Female,Salaried,40154,626,Gujarat
CU003088,33,Male,"Self Employed",83803,746,Gujarat
CU001005,35,Male,"Self Employed",63749,581,"Andra Pradesh"
CU002360,32,Male,Salaried,28413,733,"Uttar Pradesh"
CU000018,35,Male,Salaried,40606,712,"West Bengal"
CU000162,47,Male,"Self Employed",12000,564,Maharashtra
CU001892,47,Male,Salaried,42923,573,"Tamil Nadu"
CU004412,30,Male,"Self Employed",32073,583,Telangana
CU002751,21,Female,Salaried,51201,699,Delhi
CU000197,38,Male,Salaried,70569,697,Maharashtra
CU002939,45,Male,Salaried,12000,544,delhi
CU002039,32,Male,Salaried,51620,494,"Andra Pradesh"
CU003307,25,Male,Salaried,59696,649,Maharashtra
CU003586,21,Male,Salaried,53386,608,"West Bengal"
CU003576,29,Male,Salaried,61585,693,"Uttar Pradesh"
CU002662,43,Female,Salaried,70966,582,Telangana
CU003625,38,Female,Salaried,56011,570,"West Bengal"
CU001476,30,Female,Salaried,12000,465,Gujarat
CU003058,54,Male,Salaried,59795,813,
CU003168,43,Male,"Self Employed",38631,681,"Andra Pradesh"
CU003936,39,Male,Salaried,68824,776,Kerala
CU003203,33,Male,"Self Employed",32886,705,Karnataka
CU002299,36,Female,Salaried,72272,683,Maharashtra
CU000759,34,Male,Salaried,12000,589,Gujarat
CU003769,26,Male,"Self Employed",29317,543,Maharashtra
CU002690,24,Female,Salaried,54784,722,Maharashtra
CU004269,47,Male,Salaried,65595,617,Gujarat
CU002025,40,Male,"Self Employed",65647,777,Gujarat
CU004146,46,Male,"Self Employed",49771,640,delhi
CU001439,52,Male,Salaried,39799,660,Delhi
CU002001,33,Male,Salaried,39344,774,"West Bengal"
CU003967,21,Male,Salaried,53867,742,"West Bengal"
CU002965,22,Male,Salaried,69645,695,"West Bengal"
CU004573,41,Male,Salaried,60721,812,"Tamil Nadu"
CU003321,41,Male,Salaried,78384,699,"Tamil Nadu"
CU003338,43,Female,Salaried,35951,610,Karnataka
CU000331,30,Male,Salaried,12000,816,Karnataka
CU000286,46,Male,"Self Employed",45207,561,"Uttar Pradesh"
CU003594,48,Male,Salaried,48077,617,"West Bengal"
CU003298,31,Male,Salaried,31836,868,"Uttar Pradesh"
CU004489,46,Male,Salaried,45528,793,Telangana
CU000189,31,Female,"Self Employed",37245,705,"Tamil Nadu"
CU001433,44,Female,Salaried,73040,662,Maharashtra
CU002317,33,Male,"Self Employed",44440,776,"Tamil Nadu"
CU004053,39,Male,Salaried,42999,714,Gujarat
CU002545,21,Male,Salaried,28996,580,"West Bengal"
CU001751,31,Male,Salaried,30865,582,"West Bengal"
CU003533,31,Male,"Self Employed",29410,548,"Tamil Nadu"
CU002705,35,Male,Salaried,58668,757,"West Bengal"
CU002162,30,Female,"Self Employed",51241,757,Kerala
CU002805,45,Male,Salaried,49460,680,Telangana
CU003172,22,Male,"Self Employed",56321,636,Karnataka
CU004044,39,Male,"Self Employed",12000,605,Delhi
CU000553,33,Male,Salaried,39098,767,"Andra Pradesh"
CU000575,39,Male,Salaried,63826,842,Karnataka
CU001679,41,Female,"Self Employed",18337,657,Karnataka
CU002722,51,Male,Salaried,55679,519,Kerala
CU004289,35,Male,Salaried,34123,668,Kerala
CU004039,47,Male,"Self Employed",56367,624,Telangana
CU001961,36,Female,Salaried,58317,586,Karnataka
CU001992,37,Male,Salaried,50452,710,Karnataka
CU003710,42,Male,Salaried,37724,610,Maharashtra
CU003281,33,Male,Salaried,18741,697,"Tamil Nadu"
CU001081,40,Female,"Self Employed",70062,709,Telangana
CU003399,41,Female,"Self Employed",58188,687,"Andra Pradesh"
CU002419,29,Male,Salaried,64322,669,DELHI
CU000100,28,Male,Salaried,43746,765,Karnataka
CU002904,42,Male,Salaried,30115,605,"Uttar Pradesh"
CU003390,32,Female,Salaried,72167,775,"Tamil Nadu"
CU003380,33,Male,"Self Employed",14107,900,Telangana
CU000855,47,Male,"Self Employed",43811,648,Kerala
CU003872,37,Male,"Self Employed",59142,615,"West Bengal"
CU002873,28,Female,Salaried,67956,738,"Tamil Nadu"
CU001773,23,Male,"Self Employed",35698,736,Telangana
CU002702,23,Male,Salaried,69571,878,Gujarat
CU003245,39,Male,"Self Employed",64929,733,Maharashtra
CU004426,49,Male,"Self Employed",60984,712,Karnataka
CU002246,21,Male,Salaried,50040,733,Maharashtra
CU002275,45,Female,"Self Employed",23981,649,Karnataka
CU003156,36,Male,"Self Employed",15504,665,Karnataka
CU000646,55,Male,"Self Employed",67712,580,Kerala
CU000809,23,Male,Salaried,18683,771,Kerala
CU002837,21,Male,Salaried,26602,606,"Andra Pradesh"
CU000231,43,Male,Salaried,37587,783,Kerala
CU004582,51,Female,"Self Employed",41861,692,Maharashtra
CU003695,50,Female,"Self Employed",60970,717,"Tamil Nadu"
CU003859,45,Male,Salaried,37642,745,Delhi
CU000427,40,Male,"Self Employed",38136,713,Gujarat
CU001519,64,Female,Salaried,46943,780,Maharashtra
CU003739,45,Male,Salaried,49994,724,"Tamil Nadu"
CU003153,42,Male,"Self Employed",64756,720,Gujarat
CU002638,34,Male,"Self Employed",71902,625,"Uttar Pradesh"
CU002388,36,Male,Salaried,57704,587,"Andra Pradesh"
CU001273,21,Male,Salaried,37779,779,Gujarat
CU004150,33,Female,Salaried,50228,642,"Uttar Pradesh"
CU002428,33,Male,Salaried,24229,780,Telangana
CU001402,52,Female,Salaried,54828,659,"Tamil Nadu"
CU000408,35,Female,"Self Employed",42313,752,Gujarat
CU000135,21,Male,"Self Employed",74920,705,Delhi
CU002458,24,Male,Salaried,59713,763,"West Bengal"
CU001938,44,Male,Salaried,40539,705,
CU000593,32,Male,"Self Employed",47470,584,Kerala
CU004165,39,Female,Salaried,49603,877,Gujarat
CU002673,25,Male,"Self Employed",59260,504,"Tamil Nadu"
CU003645,38,Male,Salaried,41218,702,"West Bengal"
CU002237,39,Female,Salaried,52831,711,Maharashtra
CU003093,52,Male,Salaried,12000,697,Karnataka
CU004589,47,Female,Salaried,56154,670,"West Bengal"
CU003492,36,Male,Salaried,54289,647,"Tamil Nadu"
CU000545,25,Male,Salaried,61264,751,Gujarat
CU000882,31,Female,Salaried,12682,706,"West Bengal"
CU003393,38,Male,Salaried,29244,667,Karnataka
CU004400,45,Female,Salaried,12000,608,"Tamil Nadu"
CU003751,38,Male,"Self Employed",63209,616,"Andra Pradesh"
CU000580,29,Male,"Self Employed",54264,556,Gujarat
CU000029,43,Male,"Self Employed",88809,590,Karnataka
CU000561,38,Male,Salaried,16028,900,Delhi
CU001730,47,Female,Salaried,39592,554,"Uttar Pradesh"
CU004455,45,Male,"Self Employed",29246,860,Karnataka
CU003621,23,Female,Salaried,45808,737,"West Bengal"
CU002853,48,Male,"Self Employed",55694,634,Maharashtra
CU001495,38,Male,"Self Employed",54524,579,Telangana
CU003781,46,Male,Salaried,51063,649,"Tamil Nadu"
CU004502,38,Male,"Self Employed",58903,681,"Uttar Pradesh"
CU003148,40,Male,Salaried,49926,616,Maharashtra
CU003550,29,Male,Salaried,54245,774,Telangana
CU000701,45,Male,Salaried,80635,613,Karnataka
CU003016,51,Male,"Self Employed",49592,561,Telangana
CU002242,42,Male,"Self Employed",82752,593,Karnataka
CU002105,27,Female,Salaried,12976,587,"West Bengal"
CU000757,30,Female,"Self Employed",19308,768,"Uttar Pradesh"
CU002499,26,Female,"Self Employed",41767,638,"Uttar Pradesh"
CU000124,33,Male,"Self Employed",50795,866,"West Bengal"
CU001838,42,Female,"Self Employed",27285,623,"Uttar Pradesh"
CU002972,45,Female,Salaried,32343,806,"Tamil Nadu"
CU003215,43,Female,"Self Employed",70175,722,Telangana
CU002966,45,Female,Salaried,72334,708,Telangana
CU002999,60,Female,Salaried,57124,661,"West Bengal"
CU002230,32,Male,Salaried,60981,680,Delhi
CU001127,39,Male,Salaried,103363,704,Kerala
CU002044,37,Female,Salaried,57738,637,Karnataka
CU000330,47,Female,Salaried,22166,662,delhi
CU002976,24,Male,"Self Employed",45441,496,Karnataka
CU001250,27,Male,Salaried,62134,715,"Tamil Nadu"
CU001551,21,Male,Salaried,52075,798,Gujarat
CU003826,28,Female,"Self Employed",34108,724,Kerala
CU002843,39,Male,"Self Employed",69724,847,"Andra Pradesh"
CU000108,28,Male,Salaried,29872,551,
CU002099,35,Male,"Self Employed",39144,708,Telangana
CU000663,42,Female,Salaried,25354,649,"West Bengal"
CU000101,28,Male,Salaried,55080,632,Maharashtra
CU001621,22,Male,Salaried,57617,688,Telangana
CU003924,39,Female,Salaried,12000,682,Gujarat
CU000554,47,Male,Salaried,30808,566,"Andra Pradesh"
CU002218,43,Male,"Self Employed",50450,772,"Uttar Pradesh"
CU000365,41,Female,Salaried,39091,589,Telangana
CU003785,49,Female,Salaried,62138,810,Maharashtra
CU000944,47,Male,"Self Employed",58627,576,"Uttar Pradesh"
CU001538,37,Male,Salaried,64355,715,"Andra Pradesh"
CU000109,31,Male,"Self Employed",23369,831,Gujarat
CU000793,36,Male,Salaried,54156,590,Delhi
CU001330,30,Male,Salaried,18268,800,"Andra Pradesh"
CU002389,44,Male,"Self Employed",54494,844,"Tamil Nadu"
CU003255,37,Male,Salaried,61419,727,"West Bengal"
CU002074,59,Male,Salaried,21221,719,Kerala
CU003889,56,Female,Salaried,45648,536,Gujarat
CU000796,29,Female,"Self Employed",45143,492,"Uttar Pradesh"
CU001885,34,Male,Salaried,62192,714,Karnataka
CU002672,30,Male,"Self Employed",61321,785,
CU004292,42,Female,"Self Employed",50709,583,Telangana
CU001457,40,Male,"Self Employed",31686,764,"Tamil Nadu"
CU000896,51,Female,Salaried,67920,610,"West Bengal"
CU000933,32,Female,"Self Employed",25668,868,"Uttar Pradesh"
CU000142,54,Male,Salaried,40085,655,Karnataka
CU004559,28,Male,Salaried,27607,661,"West Bengal"
CU001445,48,Male,Salaried,92308,465,Maharashtra
CU000574,42,Female,"Self Employed",78999,776,Telangana
CU000719,25,Male,"Self Employed",23493,576,"West Bengal"
CU002530,64,Female,"Self Employed",54551,597,Gujarat
CU000894,32,Female,Salaried,14995,609,"Andra Pradesh"
CU004383,60,Male,"Self Employed",49099,595,Gujarat
CU001609,35,Male,"Self Employed",51282,651,Delhi
CU004518,42,Male,Salaried,26562,764,Telangana
CU003816,50,Male,Salaried,41731,696,Kerala
CU000679,42,Male,Salaried,12000,652,"Tamil Nadu"
CU002676,30,Male,Salaried,41781,573,Telangana
CU000556,32,Male,"Self Employed",65427,867,Maharashtra
CU003812,53,Male,"Self Employed",55736,828,Delhi
CU000961,29,Male,"Self Employed",51971,668,"Andra Pradesh"
CU000685,47,Male,"Self Employed",24576,756,Gujarat
CU002855,29,Male,Salaried,83851,720,"Uttar Pradesh"
CU001578,40,Male,Salaried,58764,640,Kerala
CU002006,22,Male,Salaried,35169,623,"West Bengal"
CU001521,32,Female,Salaried,43450,584,
CU003465,25,Male,Salaried,53227,766,Telangana
CU001356,33,Male,Salaried,33954,581,"Uttar Pradesh"
CU001627,33,Male,"Self Employed",57426,568,Karnataka
CU002657,43,Male,"Self Employed",83444,551,"West Bengal"
CU003414,34,Male,Salaried,48961,723,"Andra Pradesh"
CU004481,43,Male,"Self Employed",42177,591,Telangana
CU001597,49,Male,Salaried,53162,900,"Tamil Nadu"
CU001957,31,Female,"Self Employed",61023,724,Gujarat
CU002514,39,Female,Salaried,32171,779,Maharashtra
CU001234,27,Female,Salaried,60728,629,Kerala
CU003342,33,Male,Salaried,74142,578,"Tamil Nadu"
CU004295,22,Male,Salaried,43521,674,"West Bengal"
CU003266,34,Male,Salaried,22906,728,"Andra Pradesh"
CU003109,56,Female,"Self Employed",38549,771,"Uttar Pradesh"
CU003412,43,Male,Salaried,67841,632,"West Bengal"
CU001142,42,Female,"Self Employed",81152,725,Kerala
CU004235,34,Male,"Self Employed",52916,668,"Andra Pradesh"
CU002794,38,Male,Salaried,40792,651,Karnataka
CU002964,42,Male,Salaried,26588,816,"Andra Pradesh"
CU001893,53,Female,"Self Employed",33245,550,Kerala
CU003818,47,Male,Salaried,49526,724,"Tamil Nadu"
CU002417,41,Male,Salaried,25173,741,"Andra Pradesh"
CU000129,41,Male,Salaried,36694,696,Kerala
CU000932,32,Male,"Self Employed",12000,670,Telangana
CU002244,45,Female,Salaried,46980,632,"West Bengal"
CU003523,52,Male,Salaried,74216,585,Karnataka
CU001962,46,Female,Salaried,36269,776,
CU002415,42,Female,Salaried,51596,626,Kerala
CU000750,31,Female,Salaried,58908,577,Maharashtra
CU002363,35,Male,Salaried,37270,708,Maharashtra
CU000237,35,Male,Salaried,41073,745,Maharashtra
CU003092,52,Male,Salaried,13235,601,"West Bengal"
CU004066,26,Female,"Self Employed",34296,832,Karnataka
CU001852,50,Female,"Self Employed",40327,698,"Andra Pradesh"
CU001056,44,Male,"Self Employed",35630,611,"Uttar Pradesh"
CU000590,48,Male,"Self Employed",37971,820,"West Bengal"
CU000746,37,Female,"Self Employed",12000,775,"Andra Pradesh"
CU003511,39,Female,Salaried,60649,740,"Andra Pradesh"
CU004051,49,Female,Salaried,43272,675,"West Bengal"
CU000764,38,Male,Salaried,51459,674,"Andra Pradesh"
CU003548,36,Male,Salaried,42228,448,Kerala
CU000206,37,Male,"Self Employed",14489,617,Gujarat
CU001704,35,Male,Salaried,59069,672,"Uttar Pradesh"
CU000421,30,Male,Salaried,32583,501,Delhi
CU001829,58,Male,Salaried,12000,666,Gujarat
CU004090,45,Female,Salaried,45296,764,"Andra Pradesh"
CU003531,22,Male,Salaried,60312,677,"Tamil Nadu"
CU004155,29,Male,"Self Employed",61584,590,Kerala
CU002635,54,Male,"Self Employed",59520,607,"Andra Pradesh"
CU003725,38,Male,Salaried,52890,682,"Uttar Pradesh"
CU004404,35,Male,"Self Employed",54734,561,Karnataka
CU000281,26,Male,Salaried,12000,679,Kerala
CU000564,31,Male,"Self Employed",28999,674,Delhi
CU000419,22,Male,Salaried,22464,835,"Andra Pradesh"
CU004083,65,Male,"Self Employed",31667,619,"Tamil Nadu"
CU004353,35,Male,"Self Employed",25255,651,"Andra Pradesh"
CU001524,21,Male,Salaried,39462,619,Karnataka
CU000758,21,Male,Salaried,68071,804,"Uttar Pradesh"
CU003716,24,Male,Salaried,73940,794,Kerala
CU002735,45,Male,Salaried,51487,579,"Andra Pradesh"
CU001380,50,Male,Salaried,67026,744,delhi
CU000458,36,Female,Salaried,51534,707,Kerala
CU003554,37,Female,"Self Employed",56323,767,Karnataka
CU003374,46,Male,Salaried,44107,665,Gujarat
CU002328,46,Male,"Self Employed",58694,583,Maharashtra
CU000892,38,Male,"Self Employed",23027,807,"Uttar Pradesh"
CU000762,32,Male,Salaried,61310,675,Gujarat
CU003749,42,Male,Salaried,78533,620,"West Bengal"
CU003117,29,Male,Salaried,39424,648,Maharashtra
CU002375,29,Male,Salaried,51732,673,"Uttar Pradesh"
CU003074,40,Female,Salaried,12000,642,Telangana
CU003501,44,Male,Salaried,21420,629,Maharashtra
CU001400,41,Male,Salaried,53789,671,"West Bengal"
CU000535,40,Female,Salaried,40311,609,Kerala
CU001907,26,Male,Salaried,56578,771,Maharashtra
CU003642,43,Female,Salaried,32831,716,"Andra Pradesh"
CU004143,23,Male,Salaried,14270,529,Maharashtra
CU000454,36,Male,"Self Employed",64307,791,Maharashtra
CU003682,31,Male,Salaried,12000,769,Karnataka
CU002133,61,Male,"Self Employed",24688,694,"West Bengal"
CU001898,39,Female,"Self Employed",42233,646,"Uttar Pradesh"
CU003410,34,Male,"Self Employed",42754,682,"West Bengal"
CU003336,40,Male,Salaried,58482,744,"Uttar Pradesh"
CU004558,35,Male,"Self Employed",71845,650,Gujarat
CU003928,43,Male,"Self Employed",65954,712,"Tamil Nadu"
CU002869,21,Female,"Self Employed",60685,566,DELHI
CU004208,27,Male,"Self Employed",59343,629,DELHI
CU000519,39,Male,"Self Employed",55035,647,"Andra Pradesh"
CU001343,48,Female,Salaried,33576,636,Karnataka
CU004474,25,Male,Salaried,42221,838,Gujarat
CU002634,22,Male,Salaried,44781,719,"Andra Pradesh"
CU002473,45,Female,Salaried,73448,684,Maharashtra
CU002524,48,Male,Salaried,38848,592,"Uttar Pradesh"
CU002651,39,Male,Salaried,59155,642,"Tamil Nadu"
CU004131,46,Male,"Self Employed",33621,778,Telangana
CU003449,23,Female,Salaried,53897,737,"Tamil Nadu"
CU003259,30,Female,Salaried,19467,687,delhi
CU001064,51,Male,Salaried,32839,588,Telangana
CU004403,33,Female,Salaried,18987,706,"Andra Pradesh"
CU000369,54,Male,"Self Employed",38553,769,Gujarat
CU004032,44,Female,"Self Employed",101940,637,Delhi
CU003758,34,Male,Salaried,55420,716,Kerala
CU002934,29,Male,"Self Employed",22509,687,"Tamil Nadu"
CU000046,26,Male,"Self Employed",66661,774,"Uttar Pradesh"
CU004049,36,Male,Salaried,36121,683,Kerala
CU003005,36,Male,Salaried,32324,622,DELHI
CU003081,47,Male,"Self Employed",32764,693,Gujarat
CU002595,35,Male,Salaried,96605,617,Gujarat
CU001849,56,Male,Salaried,39736,774,Karnataka
CU004369,38,Male,Salaried,25769,577,Kerala
CU000779,29,Male,Salaried,32234,871,"West Bengal"
CU002911,37,Male,Salaried,33371,592,Telangana
CU001529,45,Female,"Self Employed",40325,824,"Andra Pradesh"
CU002732,32,Male,Salaried,29557,738,Gujarat
CU004417,36,Male,Salaried,43823,548,"Tamil Nadu"
CU000907,35,Female,Salaried,12000,653,Kerala
CU004023,21,Male,"Self Employed",35020,705,Delhi
CU000725,22,Male,"Self Employed",50159,679,Karnataka
CU000805,46,Female,Salaried,38698,763,"Andra Pradesh"
CU003136,45,Male,Salaried,50353,756,"Andra Pradesh"
CU001753,38,Female,Salaried,39236,696,Karnataka
CU000112,24,Male,Salaried,17028,730,"Uttar Pradesh"
CU003762,38,Male,"Self Employed",24481,682,Maharashtra
CU003862,52,Male,"Self Employed",48878,685,"Tamil Nadu"
CU001716,48,Male,Salaried,12000,630,Karnataka
CU002680,31,Male,Salaried,67528,824,Kerala
CU002285,27,Male,"Self Employed",31315,616,delhi
CU000059,28,Male,Salaried,43809,657,Delhi
CU003441,37,Female,"Self Employed",27243,672,delhi
CU003568,52,Male,"Self Employed",12415,710,"Andra Pradesh"
CU003893,40,Female,"Self Employed",51440,574,"Andra Pradesh"
CU002664,33,Male,Salaried,46040,691,Gujarat
CU000276,28,Female,Salaried,66826,734,Kerala
CU000002,35,Male,"Self Employed",76584,749,Kerala
CU001237,36,Male,Salaried,67564,770,Maharashtra
CU001082,24,Female,Salaried,43969,725,"West Bengal"
CU004089,34,Male,"Self Employed",38221,692,"Tamil Nadu"
CU003811,37,Male,Salaried,48806,658,"Andra Pradesh"
CU002350,33,Female,Salaried,62060,654,"West Bengal"
CU000997,46,Female,"Self Employed",20416,810,
CU000211,37,Male,Salaried,16384,755,
CU002214,43,Male,"Self Employed",16612,700,
CU002347,41,Male,Salaried,46497,613,"Tamil Nadu"
CU001987,37,Male,"Self Employed",41456,641,"Uttar Pradesh"
CU000439,36,Male,Salaried,30101,608,Karnataka
CU002098,35,Male,Salaried,50289,685,"Tamil Nadu"
CU003590,52,Male,"Self Employed",33700,736,Delhi
CU004241,54,Male,Salaried,45259,651,"Tamil Nadu"
CU004242,65,Male,"Self Employed",42761,765,"West Bengal"
CU004052,28,Male,Salaried,67625,554,Maharashtra
CU001580,38,Male,Salaried,51725,613,"Andra Pradesh"
CU000192,40,Female,Salaried,95538,632,"Tamil Nadu"
CU002688,21,Female,"Self Employed",37684,673,"Uttar Pradesh"
CU001736,45,Male,Salaried,26421,634,Maharashtra
CU002955,41,Male,Salaried,67481,869,Maharashtra
CU002290,47,Male,Salaried,13796,870,delhi
CU003422,32,Male,Salaried,30331,679,Kerala
CU002973,42,Male,Salaried,12000,784,"West Bengal"
CU001405,31,Male,Salaried,12000,692,"Tamil Nadu"
CU004418,44,Female,"Self Employed",48099,749,Telangana
CU004338,29,Male,Salaried,61424,729,"Tamil Nadu"
CU003204,39,Male,Salaried,23584,766,"Andra Pradesh"
CU004260,44,Male,Salaried,63530,765,Gujarat
CU004557,55,Male,Salaried,68204,601,Karnataka
CU001207,45,Male,Salaried,32709,780,Maharashtra
CU000386,21,Female,Salaried,42251,765,Karnataka
CU002334,45,Male,"Self Employed",41136,501,"West Bengal"
CU002576,44,Male,"Self Employed",59459,791,
CU003043,55,Male,Salaried,81591,551,Telangana
CU002643,39,Male,Salaried,54639,765,"Uttar Pradesh"
CU000588,24,Male,"Self Employed",57441,799,"West Bengal"
CU001930,38,Male,Salaried,54266,650,Maharashtra
CU002202,42,Male,Salaried,95063,636,DELHI
CU002894,45,Male,Salaried,35529,663,"West Bengal"
CU002695,32,Male,"Self Employed",47975,726,Kerala
CU004533,41,Male,Salaried,36995,607,Maharashtra
CU000307,49,Male,Salaried,59379,769,"West Bengal"
CU001178,22,Male,"Self Employed",18385,483,"Uttar Pradesh"
CU003831,48,Male,Salaried,55463,686,"Andra Pradesh"
CU004487,51,Male,"Self Employed",36237,782,"Tamil Nadu"
CU003282,37,Male,Salaried,65800,715,Kerala
CU001550,35,Male,"Self Employed",12000,666,Kerala
CU003076,60,Male,"Self Employed",81381,722,Maharashtra
CU003786,36,Male,Salaried,59423,703,"Tamil Nadu"
CU001793,47,Male,"Self Employed",25259,699,"Andra Pradesh"
CU000127,41,Male,Salaried,40617,701,Delhi
CU002348,46,Male,"Self Employed",66148,672,delhi
CU003513,41,Female,Salaried,66502,690,"Uttar Pradesh"
CU003344,37,Female,"Self Employed",97957,720,Gujarat
CU000875,38,Female,Salaried,16888,591,Karnataka
CU002294,25,Female,"Self Employed",66949,574,"Andra Pradesh"
CU003242,36,Male,Salaried,62098,728,Maharashtra
CU001217,48,Male,Salaried,58832,679,Telangana
CU003663,47,Male,"Self Employed",24779,726,"Tamil Nadu"
CU004308,39,Female,Salaried,42377,649,"Andra Pradesh"
CU001670,33,Male,Salaried,59994,498,"Andra Pradesh"
CU003459,48,Female,Salaried,62221,778,Telangana
CU001963,40,Male,Salaried,31411,724,Telangana
CU003394,37,Male,Salaried,12000,707,Maharashtra
CU001726,51,Female,Salaried,12000,897,Kerala
CU003464,31,Male,"Self Employed",46260,727,Gujarat
CU001396,23,Female,"Self Employed",12000,679,Gujarat
CU003194,28,Female,"Self Employed",93367,677,"West Bengal"
CU003987,21,Male,"Self Employed",67401,379,Maharashtra
CU003660,29,Male,"Self Employed",45725,721,Gujarat
CU003656,21,Female,Salaried,58119,679,"Tamil Nadu"
CU004537,30,Male,"Self Employed",64820,863,"Tamil Nadu"
CU002882,22,Female,Salaried,33870,726,"Uttar Pradesh"
CU002983,34,Male,"Self Employed",46706,527,"Andra Pradesh"
CU002669,27,Female,"Self Employed",47056,820,Maharashtra
CU001104,26,Male,"Self Employed",42229,641,"Tamil Nadu"
CU002329,51,Female,Salaried,87974,726,"Andra Pradesh"
CU002874,49,Male,Salaried,33213,701,"Andra Pradesh"
CU003909,35,Male,Salaried,28917,498,Kerala
CU000651,40,Male,"Self Employed",70447,531,"West Bengal"
CU004189,26,Male,"Self Employed",99133,686,Kerala
CU003802,34,Male,Salaried,50549,773,Karnataka
CU002169,44,Male,"Self Employed",40309,636,Karnataka
CU002134,47,Male,"Self Employed",12000,661,Gujarat
CU002865,33,Male,Salaried,27948,734,"Andra Pradesh"
CU003534,55,Male,"Self Employed",44930,725,Maharashtra
CU002314,35,Male,Salaried,70997,615,Telangana
CU004229,58,Male,Salaried,36043,859,DELHI
CU000346,37,Male,Salaried,30308,607,"Tamil Nadu"
CU004428,34,Female,Salaried,43095,563,Kerala
CU001934,43,Male,Salaried,22536,864,"Uttar Pradesh"
CU001792,21,Male,Salaried,66122,750,Karnataka
CU004048,45,Male,Salaried,12000,763,Telangana
CU003155,56,Male,"Self Employed",26063,514,"West Bengal"
CU002158,45,Male,"Self Employed",71320,631,delhi
CU004098,31,Male,"Self Employed",32692,508,Kerala
CU001434,52,Female,Salaried,74502,662,"Uttar Pradesh"
CU002888,30,Male,Salaried,44941,608,"Tamil Nadu"
CU001065,24,Male,"Self Employed",53644,618,"Tamil Nadu"
CU002422,46,Male,Salaried,30975,767,Karnataka
CU004301,41,Male,"Self Employed",42610,622,"West Bengal"
CU001549,35,Male,"Self Employed",42451,689,Kerala
CU000269,54,Male,"Self Employed",33928,731,Telangana
CU003619,52,Male,"Self Employed",12000,757,Gujarat
CU000343,45,Male,"Self Employed",39373,686,Kerala
CU001298,38,Male,Salaried,58447,694,Kerala
CU001740,60,Male,Salaried,51539,604,Maharashtra
CU001750,36,Male,Salaried,64063,751,"Uttar Pradesh"
CU000317,41,Male,"Self Employed",79044,730,delhi
CU003815,39,Male,Salaried,20946,735,"West Bengal"
CU003926,28,Male,"Self Employed",21926,671,Telangana
CU002851,28,Female,"Self Employed",34023,742,"Tamil Nadu"
CU001095,21,Female,"Self Employed",85843,674,"Andra Pradesh"
CU002124,32,Male,Salaried,48964,709,Gujarat
CU000429,28,Female,"Self Employed",31924,487,"Tamil Nadu"
CU000966,26,Male,"Self Employed",47049,636,Karnataka
CU000696,56,Female,Salaried,90633,624,Telangana
CU001045,65,Male,"Self Employed",38887,491,
CU000182,28,Male,Salaried,44306,701,Maharashtra
CU000900,55,Male,"Self Employed",40138,680,"West Bengal"
CU004583,34,Male,Salaried,72914,584,Maharashtra
CU000314,40,Female,Salaried,54819,746,delhi
CU000502,52,Male,"Self Employed",46706,607,"Tamil Nadu"
CU000444,40,Male,"Self Employed",12000,696,"West Bengal"
CU003302,38,Female,Salaried,34251,749,Delhi
CU000871,21,Female,Salaried,45569,492,Telangana
CU000922,49,Male,Salaried,82376,717,Gujarat
CU000013,48,Female,Salaried,63625,604,Kerala
CU003433,51,Male,Salaried,12000,424,"Tamil Nadu"
CU002949,42,Male,Salaried,35036,640,"Uttar Pradesh"
CU003073,44,Female,Salaried,63388,672,Maharashtra
CU001848,50,Male,Salaried,95108,639,Telangana
CU001855,42,Male,"Self Employed",72663,737,"West Bengal"
CU003384,48,Female,Salaried,78255,797,Telangana
CU001218,32,Male,Salaried,25401,503,"Tamil Nadu"
CU002910,36,Female,Salaried,47635,712,Gujarat
CU002820,21,Male,"Self Employed",71933,713,Karnataka
CU000496,27,Female,"Self Employed",12000,708,"Andra Pradesh"
CU002156,37,Male,"Self Employed",57731,889,"West Bengal"
CU003678,44,Male,Salaried,12000,630,Karnataka
CU001269,21,Male,Salaried,46892,706,Kerala
CU002879,39,Male,Salaried,74213,747,"Uttar Pradesh"
CU001467,21,Male,"Self Employed",54216,774,"Uttar Pradesh"
CU001061,39,Male,Salaried,42169,618,delhi
CU003713,49,Male,Salaried,43418,638,DELHI
CU002116,38,Female,"Self Employed",29987,653,"West Bengal"
CU001579,29,Male,"Self Employed",32136,669,Maharashtra
CU002961,38,Male,"Self Employed",25977,830,Kerala
CU002226,26,Male,"Self Employed",27123,580,Gujarat
CU000055,43,Male,Salaried,62315,637,Maharashtra
CU002186,35,Female,Salaried,28434,690,Kerala
CU002457,34,Male,Salaried,38065,632,Telangana
CU002065,43,Male,Salaried,36295,545,"Tamil Nadu"
CU003327,32,Female,"Self Employed",98413,733,Karnataka
CU003295,52,Male,Salaried,16593,734,Telangana
CU002861,55,Male,Salaried,43772,708,"Andra Pradesh"
CU002403,31,Male,Salaried,56471,600,Kerala
CU000633,32,Male,Salaried,51590,642,Gujarat
CU000578,53,Female,"Self Employed",31843,756,Telangana
CU002102,21,Male,"Self Employed",43960,705,"Uttar Pradesh"
CU000247,41,Male,"Self Employed",53438,658,"Andra Pradesh"
CU000788,41,Female,"Self Employed",25283,654,Karnataka
CU002742,37,Male,Salaried,55666,648,Karnataka
CU003108,45,Male,"Self Employed",24116,756,Delhi
CU000234,25,Male,"Self Employed",13868,641,"Tamil Nadu"
CU004250,40,Male,Salaried,53107,577,Maharashtra
CU002321,52,Male,"Self Employed",27267,806,Karnataka
CU004370,21,Male,"Self Employed",42664,619,"Tamil Nadu"
CU003085,36,Female,Salaried,33666,748,
CU004284,45,Male,"Self Employed",26276,607,
CU002625,51,Male,Salaried,30733,836,Karnataka
CU001828,49,Male,"Self Employed",72047,467,"Andra Pradesh"
CU002780,47,Male,Salaried,68864,654,"Tamil Nadu"
CU001376,42,Male,Salaried,26417,577,Gujarat
CU003949,25,Male,"Self Employed",56585,744,Maharashtra
CU000786,38,Male,"Self Employed",29402,777,Maharashtra
CU003362,30,Female,Salaried,18283,846,delhi
CU000525,32,Male,"Self Employed",39566,563,Telangana
CU003587,21,Male,Salaried,40964,683,"Uttar Pradesh"
CU004491,46,Male,"Self Employed",39480,600,Kerala
CU002276,35,Male,"Self Employed",63313,786,Telangana
CU002852,42,Male,Salaried,53022,846,"West Bengal"
CU001180,39,Male,Salaried,16778,752,"Andra Pradesh"
CU002194,27,Male,Salaried,50473,821,Telangana
CU002248,42,Female,"Self Employed",29503,632,Kerala
CU003041,29,Male,Salaried,51980,900,Telangana
CU004108,32,Female,Salaried,24001,704,Karnataka
CU000858,45,Female,Salaried,69990,560,"West Bengal"
CU001044,21,Female,"Self Employed",12000,591,"Tamil Nadu"
CU002080,38,Male,"Self Employed",36391,860,"Uttar Pradesh"
CU001797,21,Female,Salaried,24495,780,"Tamil Nadu"
CU000557,22,Male,"Self Employed",12000,601,Delhi
CU003647,34,Male,"Self Employed",45102,587,Karnataka
CU003922,29,Female,"Self Employed",40372,677,delhi
CU000094,38,Male,Salaried,40020,767,Maharashtra
CU000672,56,Female,"Self Employed",49680,657,"West Bengal"
CU002066,50,Female,Salaried,35395,704,Telangana
CU000662,42,Male,Salaried,12000,620,Karnataka
CU003650,34,Female,Salaried,44555,678,Gujarat
CU000038,29,Male,"Self Employed",61441,850,Telangana
CU003314,28,Female,Salaried,39376,656,Delhi
CU001919,42,Female,Salaried,50349,703,"Uttar Pradesh"
CU003509,48,Male,"Self Employed",50002,520,Kerala
CU002604,42,Female,Salaried,85355,683,"Andra Pradesh"
CU000785,29,Male,"Self Employed",30617,864,delhi
CU002054,29,Male,Salaried,75850,552,"West Bengal"
CU001541,30,Male,Salaried,47342,645,"West Bengal"
CU000658,33,Female,Salaried,19256,554,Maharashtra
CU002041,25,Male,"Self Employed",24893,614,Delhi
CU002832,29,Male,Salaried,19371,673,Karnataka
CU004027,21,Female,Salaried,43479,747,Gujarat
CU001676,23,Male,Salaried,53897,756,Karnataka
CU003599,35,Male,"Self Employed",50057,736,"Andra Pradesh"
CU000188,44,Male,Salaried,75950,841,"Andra Pradesh"
CU004422,34,Female,Salaried,58469,766,
CU001857,31,Female,Salaried,44816,685,Delhi
CU003309,21,Male,"Self Employed",86841,578,
CU001074,34,Male,"Self Employed",78274,707,delhi
CU000390,39,Male,Salaried,32764,676,DELHI
CU001948,34,Male,"Self Employed",54208,667,Telangana
CU003297,56,Male,Salaried,48843,596,"Tamil Nadu"
CU004391,45,Male,Salaried,67175,720,"Tamil Nadu"
CU001605,55,Male,Salaried,35613,698,"Tamil Nadu"
CU002264,52,Male,Salaried,43733,672,"Andra Pradesh"
CU003582,34,Male,"Self Employed",14127,767,"Andra Pradesh"
CU002838,34,Male,"Self Employed",66568,590,Gujarat
CU000257,21,Male,Salaried,43033,696,"Andra Pradesh"
CU003061,46,Male,"Self Employed",55717,796,"Uttar Pradesh"
CU001413,43,Male,Salaried,31731,691,Gujarat
CU000007,31,Male,Salaried,39166,678,"Tamil Nadu"
CU001897,44,Male,"Self Employed",47929,652,Telangana
CU001916,44,Male,Salaried,27662,677,Gujarat
CU003782,25,Male,Salaried,54034,659,Delhi
CU000080,27,Male,Salaried,51454,605,Delhi
CU000225,41,Female,Salaried,57943,569,Gujarat
CU001959,41,Male,Salaried,67961,453,"Uttar Pradesh"
CU000614,31,Male,"Self Employed",81651,753,"West Bengal"
CU002646,41,Male,Salaried,37340,719,delhi
CU001837,44,Male,Salaried,89192,522,Karnataka
CU001238,37,Male,"Self Employed",43904,596,"Tamil Nadu"
CU000991,40,Female,Salaried,38932,586,"West Bengal"
CU001721,34,Male,Salaried,45044,655,"Andra Pradesh"
CU000020,32,Female,"Self Employed",63308,709,"Uttar Pradesh"
CU002282,49,Male,"Self Employed",67129,657,Delhi
CU003329,36,Female,"Self Employed",30487,723,Kerala
CU003536,39,Female,"Self Employed",44866,746,Karnataka
CU003264,64,Female,Salaried,51232,738,"Tamil Nadu"
CU003685,55,Male,Salaried,49683,719,"West Bengal"
CU001500,24,Female,"Self Employed",18001,639,Telangana
CU001774,54,Male,"Self Employed",54345,631,"Andra Pradesh"
CU002234,36,Male,"Self Employed",36468,668,Delhi
CU004438,31,Male,Salaried,23259,699,Karnataka
CU000315,44,Male,Salaried,68469,715,Telangana
CU001858,57,Male,"Self Employed",46625,786,Kerala
CU000835,26,Male,"Self Employed",54751,786,"Andra Pradesh"
CU004081,36,Female,Salaried,49402,670,
CU002661,24,Male,"Self Employed",54630,754,Delhi
CU002502,33,Male,Salaried,12000,580,Gujarat
CU003779,44,Female,"Self Employed",18734,811,Kerala
CU000792,45,Female,"Self Employed",38217,713,Karnataka
CU004253,57,Male,"Self Employed",45001,674,DELHI
CU004070,30,Male,Salaried,89166,508,Gujarat
CU003220,42,Male,Salaried,80935,719,"West Bengal"
CU003208,37,Male,Salaried,76791,804,"Tamil Nadu"
CU003708,55,Female,Salaried,62524,731,Delhi
CU004445,22,Male,"Self Employed",21461,733,"Uttar Pradesh"
CU003206,23,Female,Salaried,46086,748,Maharashtra
CU004355,30,Female,"Self Employed",30489,786,"Andra Pradesh"
CU001022,49,Male,"Self Employed",40373,628,Telangana
CU004431,33,Male,Salaried,29278,565,"Uttar Pradesh"
CU003522,38,Female,"Self Employed",71672,782,Maharashtra
CU002482,21,Female,"Self Employed",28313,617,Gujarat
CU000465,37,Female,Salaried,39742,573,Gujarat
CU001698,39,Male,Salaried,53559,835,"Andra Pradesh"
CU001043,21,Male,Salaried,60652,581,Karnataka
CU001616,21,Female,"Self Employed",60640,597,Telangana
CU003999,21,Male,Salaried,44885,515,Delhi
CU000795,45,Female,"Self Employed",36377,720,Kerala
CU003683,22,Female,Salaried,47143,709,Karnataka
CU001920,31,Male,"Self Employed",23371,710,Delhi
CU000941,42,Female,Salaried,52668,578,Telangana
CU002489,35,Male,Salaried,38159,381,"Uttar Pradesh"
CU000232,21,Male,Salaried,19106,784,Telangana
CU002257,24,Male,"Self Employed",80296,610,"Tamil Nadu"
CU000518,21,Male,Salaried,41882,630,"Tamil Nadu"
CU000647,29,Male,Salaried,32828,790,Kerala
CU001703,39,Female,Salaried,22005,737,Telangana
CU002243,40,Female,Salaried,19523,666,"Tamil Nadu"
CU003920,34,Male,Salaried,53687,691,Maharashtra
CU001114,38,Female,"Self Employed",65575,725,Telangana
CU000800,46,Male,Salaried,43706,686,"Tamil Nadu"
CU001525,25,Male,Salaried,33899,677,"Andra Pradesh"
CU003184,43,Male,Salaried,33490,595,Delhi
CU003385,27,Male,"Self Employed",43660,714,Gujarat
CU002713,41,Female,"Self Employed",40745,700,"West Bengal"
CU004399,43,Male,Salaried,66211,523,Gujarat
CU001239,38,Male,Salaried,15429,742,"Andra Pradesh"
CU003171,41,Female,Salaried,72220,786,Maharashtra
CU000774,22,Male,Salaried,12000,677,Karnataka
CU001442,38,Male,"Self Employed",43806,526,
CU004312,39,Male,Salaried,46474,770,Gujarat
CU003120,35,Male,Salaried,45543,624,Maharashtra
CU000417,43,Male,"Self Employed",39090,742,Maharashtra
CU004517,51,Male,Salaried,35922,824,Telangana
CU004408,36,Female,Salaried,35437,652,"West Bengal"
CU003807,36,Male,"Self Employed",46695,453,"Andra Pradesh"
CU003376,43,Female,Salaried,62439,625,Karnataka
CU000339,28,Female,"Self Employed",51035,670,"Uttar Pradesh"
CU000261,37,Female,Salaried,56049,691,Kerala
CU003947,40,Male,Salaried,37751,756,Karnataka
CU000720,49,Male,"Self Employed",49332,587,Telangana
CU003538,29,Male,Salaried,33919,696,Gujarat
CU001654,39,Female,Salaried,29890,670,Telangana
CU002040,50,Male,Salaried,44955,583,"Tamil Nadu"
CU002235,36,Male,"Self Employed",55105,646,"Andra Pradesh"
CU001925,34,Female,Salaried,47429,848,"Uttar Pradesh"
CU000606,22,Male,Salaried,39876,658,"Andra Pradesh"
CU001772,41,Female,Salaried,32399,613,Kerala
CU002824,41,Female,Salaried,21282,754,Gujarat
CU003890,38,Female,Salaried,20725,757,Telangana
CU001688,30,Female,"Self Employed",25878,888,Delhi
CU001514,37,Male,"Self Employed",73931,638,Karnataka
CU001148,26,Male,Salaried,12459,862,Karnataka
CU003192,40,Male,Salaried,12000,633,"Tamil Nadu"
CU004279,39,Male,"Self Employed",32742,541,Telangana
CU000954,44,Male,Salaried,12000,863,Kerala
CU000482,38,Female,Salaried,81086,662,"West Bengal"
CU003730,57,Male,"Self Employed",43657,605,Maharashtra
CU003408,27,Male,Salaried,69689,718,Maharashtra
CU004172,32,Male,Salaried,46641,609,Maharashtra
CU004569,29,Male,"Self Employed",59886,836,"Uttar Pradesh"
CU002184,32,Male,Salaried,38913,651,"West Bengal"
CU004079,39,Male,Salaried,40945,719,delhi
CU000710,48,Male,"Self Employed",27378,615,Delhi
CU003069,33,Female,Salaried,56193,615,"Uttar Pradesh"
CU000814,36,Male,Salaried,37588,558,Telangana
CU001759,23,Male,Salaried,49702,719,Maharashtra
CU001851,40,Female,Salaried,54592,596,Gujarat
CU001157,44,Male,Salaried,50575,757,Gujarat
CU003552,35,Male,"Self Employed",21890,448,Gujarat
CU000491,33,Female,Salaried,58726,857,Telangana
CU002607,51,Male,Salaried,52932,605,Karnataka
CU003687,47,Male,Salaried,62972,690,"West Bengal"
CU000352,30,Male,Salaried,47453,826,Karnataka
CU000187,52,Male,Salaried,33585,630,"Uttar Pradesh"
CU003684,41,Female,Salaried,54419,746,Kerala
CU001420,25,Male,Salaried,66307,656,Karnataka
CU000400,30,Male,Salaried,42374,686,"West Bengal"
CU003347,21,Male,Salaried,21941,647,"Uttar Pradesh"
CU001050,44,Male,Salaried,73546,642,"Tamil Nadu"
CU003212,61,Female,"Self Employed",52189,717,Gujarat
CU003783,36,Male,"Self Employed",60161,579,"West Bengal"
CU001741,54,Male,Salaried,86555,664,Telangana
CU002352,50,Female,Salaried,50801,683,Maharashtra
CU001520,40,Male,"Self Employed",48901,728,Karnataka
CU000422,45,Male,Salaried,86481,597,Maharashtra
CU003286,38,Male,"Self Employed",49158,738,DELHI
CU002606,21,Male,Salaried,28374,635,"Andra Pradesh"
CU000964,44,Male,Salaried,37983,480,"West Bengal"
CU003174,24,Male,Salaried,25898,650,Karnataka
CU003799,24,Female,Salaried,12000,703,"Tamil Nadu"
CU003873,28,Male,Salaried,42857,663,"West Bengal"
CU000488,51,Male,"Self Employed",12000,770,Delhi
CU003240,39,Male,Salaried,27692,678,Gujarat
CU001425,49,Male,Salaried,50661,681,Delhi
CU000256,40,Male,"Self Employed",29920,654,Telangana
CU001156,28,Male,"Self Employed",46591,748,"Uttar Pradesh"
CU000789,49,Male,Salaried,62892,501,delhi
CU003126,35,Male,Salaried,26298,777,Telangana
CU002609,29,Male,Salaried,45929,687,Karnataka
CU001013,43,Male,"Self Employed",20593,498,"Uttar Pradesh"
CU004078,47,Male,Salaried,44287,622,Gujarat
CU001106,35,Female,Salaried,44588,706,Gujarat
CU004503,24,Male,"Self Employed",34586,480,Kerala
CU000399,54,Male,Salaried,62936,486,Telangana
CU004212,35,Female,Salaried,25551,872,Telangana
CU001233,39,Female,Salaried,50969,867,Gujarat
CU003124,35,Male,Salaried,47698,444,"West Bengal"
CU004194,52,Male,Salaried,50498,698,Telangana
CU003637,44,Female,Salaried,28382,858,Maharashtra
CU002619,38,Male,"Self Employed",48609,646,Kerala
CU003720,40,Male,"Self Employed",32081,772,
CU000178,39,Male,"Self Employed",50341,760,"West Bengal"
CU001922,47,Male,"Self Employed",34080,558,Karnataka
CU003626,21,Male,Salaried,74558,843,Karnataka
CU003652,21,Male,"Self Employed",27286,702,Kerala
CU000526,46,Male,"Self Employed",61227,576,Maharashtra
CU003112,29,Female,Salaried,17339,491,Telangana
CU002032,38,Male,"Self Employed",45621,665,Karnataka
CU001991,32,Female,"Self Employed",42959,764,Karnataka
CU000322,38,Female,Salaried,29302,738,"Andra Pradesh"
CU000665,32,Male,Salaried,49484,784,"Tamil Nadu"
CU003467,30,Female,Salaried,33891,635,Gujarat
CU003217,39,Male,"Self Employed",24101,784,Karnataka
CU000333,50,Male,Salaried,56641,646,"Tamil Nadu"
CU004384,51,Male,"Self Employed",82471,599,"Uttar Pradesh"
CU004141,39,Male,Salaried,36643,733,Kerala
CU000599,21,Male,"Self Employed",39067,714,"Uttar Pradesh"
CU004196,31,Female,"Self Employed",76715,775,Telangana
CU000387,54,Male,"Self Employed",71298,686,Telangana
CU001724,50,Female,Salaried,26875,692,Kerala
CU003138,40,Male,Salaried,47059,623,"West Bengal"
CU004018,48,Male,Salaried,77113,601,Gujarat
CU004114,53,Male,"Self Employed",64350,652,Kerala
CU002049,43,Female,"Self Employed",36907,569,"West Bengal"
CU001029,42,Male,"Self Employed",52139,894,"Andra Pradesh"
CU004034,38,Male,Salaried,42254,663,Karnataka
CU000499,44,Female,"Self Employed",22024,524,"Uttar Pradesh"
CU000903,41,Male,Salaried,51233,714,"Tamil Nadu"
CU000702,45,Male,Salaried,72410,742,"Uttar Pradesh"
CU002739,43,Female,"Self Employed",57110,640,"Uttar Pradesh"
CU003822,63,Male,Salaried,53245,624,Telangana
CU003370,54,Male,"Self Employed",75787,719,Kerala
CU001860,38,Male,"Self Employed",37950,873,Telangana
CU002471,39,Female,Salaried,35866,804,Telangana
CU002404,28,Female,Salaried,48278,613,Telangana
CU002427,31,Male,Salaried,51849,673,Telangana
CU003403,27,Male,"Self Employed",15537,620,"Tamil Nadu"
CU004148,37,Male,Salaried,34012,613,"Tamil Nadu"
CU002481,24,Female,"Self Employed",53241,727,"West Bengal"
CU001684,38,Male,Salaried,99206,726,"Uttar Pradesh"
CU001329,43,Female,"Self Employed",14828,833,Telangana
CU002167,40,Male,Salaried,58941,715,"West Bengal"
CU003249,45,Male,Salaried,31965,630,"West Bengal"
CU000139,38,Male,Salaried,66883,665,Kerala
CU003470,25,Male,Salaried,89812,606,Maharashtra
CU003382,40,Male,Salaried,23594,751,Gujarat
CU001864,42,Female,Salaried,42102,716,Kerala
CU001943,38,Male,"Self Employed",25266,591,Delhi
CU000581,46,Female,"Self Employed",20349,617,"Uttar Pradesh"
CU003732,27,Male,"Self Employed",18575,768,"Andra Pradesh"
CU001186,26,Male,Salaried,63519,671,"Tamil Nadu"
CU003508,28,Female,Salaried,78701,498,Karnataka
CU003578,36,Male,Salaried,26236,712,"Uttar Pradesh"
CU004402,43,Male,"Self Employed",12764,694,Karnataka
CU003543,23,Female,Salaried,24056,682,Karnataka
CU002147,39,Male,"Self Employed",44404,714,"Andra Pradesh"
CU000111,53,Male,Salaried,55778,601,Karnataka
CU003201,33,Male,"Self Employed",29022,617,"Tamil Nadu"
CU001090,43,Male,Salaried,59228,900,Maharashtra
CU000930,35,Female,"Self Employed",50817,500,"Andra Pradesh"
CU002601,34,Male,Salaried,50223,751,"Uttar Pradesh"
CU001249,30,Female,"Self Employed",82974,687,
CU003420,47,Male,Salaried,68882,817,Maharashtra
CU003850,22,Male,"Self Employed",32898,629,Maharashtra
CU003318,45,Male,Salaried,52526,734,Maharashtra
CU003428,38,Male,Salaried,22224,621,Kerala
CU001785,21,Male,Salaried,69736,644,"West Bengal"
CU002561,44,Male,Salaried,74489,626,Maharashtra
CU002947,46,Male,Salaried,41790,658,"Uttar Pradesh"
CU000706,25,Male,Salaried,48694,764,"Andra Pradesh"
CU001198,48,Male,"Self Employed",46655,683,Telangana
CU001274,52,Male,Salaried,12000,741,Kerala
CU004056,46,Male,Salaried,57222,578,"Andra Pradesh"
CU003275,31,Male,Salaried,41027,590,"West Bengal"
CU002386,36,Male,Salaried,51992,692,Maharashtra
CU000384,40,Male,"Self Employed",64503,725,"West Bengal"
CU003510,43,Male,Salaried,18631,734,Telangana
CU003988,50,Male,"Self Employed",41588,716,Delhi
CU002913,32,Male,"Self Employed",30057,544,"West Bengal"
CU002765,36,Male,Salaried,47631,537,"Tamil Nadu"
CU002598,33,Male,"Self Employed",47678,624,"West Bengal"
CU000740,24,Male,"Self Employed",55111,814,Telangana
CU001866,42,Male,"Self Employed",12616,736,"West Bengal"
CU001353,21,Male,Salaried,84058,717,"Uttar Pradesh"
CU001691,44,Male,"Self Employed",68330,653,DELHI
CU003017,42,Female,Salaried,50489,571,Telangana
CU004232,28,Female,Salaried,18087,765,"Uttar Pradesh"
CU000004,21,Male,Salaried,24743,708,Maharashtra
CU004195,34,Male,Salaried,47970,590,"Andra Pradesh"
CU002550,23,Female,"Self Employed",12000,819,Gujarat
CU000008,27,Male,"Self Employed",61450,570,"Uttar Pradesh"
CU001815,39,Male,"Self Employed",41574,900,Gujarat
CU001322,38,Male,"Self Employed",61404,753,"Uttar Pradesh"
CU004317,46,Female,Salaried,54934,646,Maharashtra
CU000051,33,Male,Salaried,66779,615,Delhi
CU004597,63,Female,"Self Employed",44601,651,Maharashtra
CU000559,27,Male,"Self Employed",46713,599,"Andra Pradesh"
CU000727,53,Male,"Self Employed",56481,557,Maharashtra
CU003918,44,Female,"Self Employed",12000,677,
CU001900,36,Male,Salaried,13612,622,Delhi
CU003545,56,Female,Salaried,44572,577,Telangana
CU003715,29,Female,"Self Employed",48017,703,Kerala
CU003631,27,Male,Salaried,56668,880,Delhi
CU001072,26,Male,"Self Employed",34634,799,Gujarat
CU000717,34,Male,Salaried,40766,807,"Andra Pradesh"
CU004224,48,Male,"Self Employed",62048,715,delhi
CU004574,30,Male,Salaried,15363,694,"Uttar Pradesh"
CU002919,46,Female,"Self Employed",69522,537,"Tamil Nadu"
CU002622,40,Female,Salaried,55931,784,Karnataka
CU000319,36,Male,Salaried,20514,661,Gujarat
CU003750,54,Male,"Self Employed",59649,634,"West Bengal"
CU000428,37,Male,"Self Employed",12000,793,Delhi
CU001782,24,Male,"Self Employed",58646,765,Gujarat
CU000481,58,Male,"Self Employed",17736,718,Karnataka
CU001651,32,Male,"Self Employed",16421,787,Karnataka
CU000547,27,Male,Salaried,28491,558,"West Bengal"
CU003514,40,Male,Salaried,47882,751,Maharashtra
CU002877,29,Male,Salaried,29634,589,"West Bengal"
CU000667,35,Male,"Self Employed",29324,630,Delhi
CU000172,48,Male,"Self Employed",43596,530,Karnataka
CU001177,46,Female,Salaried,45463,801,Delhi
CU001078,50,Female,Salaried,64653,553,Karnataka
CU002351,21,Female,"Self Employed",35342,683,Maharashtra
CU003974,43,Female,Salaried,28676,693,Gujarat
CU004225,40,Male,"Self Employed",65857,585,"Uttar Pradesh"
CU003600,49,Male,Salaried,93508,672,"Uttar Pradesh"
CU004016,51,Male,Salaried,18863,838,Kerala
CU003696,52,Male,"Self Employed",44867,677,"Andra Pradesh"
CU001923,52,Female,"Self Employed",56842,616,Karnataka
CU003784,53,Male,Salaried,40062,539,"Andra Pradesh"
CU002464,24,Male,Salaried,63135,716,"West Bengal"
CU002577,26,Male,"Self Employed",61438,606,Gujarat
CU004119,57,Male,"Self Employed",98443,649,Karnataka
CU002912,42,Female,"Self Employed",60139,667,"Andra Pradesh"
CU003230,33,Female,Salaried,30300,598,"Andra Pradesh"
CU000782,44,Female,Salaried,91072,546,delhi
CU002180,33,Male,"Self Employed",23526,721,Telangana
CU000542,44,Male,Salaried,84850,611,"Uttar Pradesh"
CU000712,49,Male,Salaried,27433,645,Maharashtra
CU002658,28,Female,"Self Employed",50217,751,"Uttar Pradesh"
CU004021,39,Female,Salaried,49931,567,"West Bengal"
CU001496,30,Male,Salaried,45446,832,"West Bengal"
CU000255,43,Female,Salaried,62068,748,Karnataka
CU002641,36,Male,"Self Employed",85356,724,Kerala
CU002274,32,Female,Salaried,54734,697,Kerala
CU004336,61,Female,"Self Employed",60266,686,"Andra Pradesh"
CU002016,33,Male,"Self Employed",24979,772,"Andra Pradesh"
CU001926,30,Male,Salaried,41990,620,Maharashtra
CU003580,21,Female,"Self Employed",55355,619,Telangana
CU003879,38,Female,"Self Employed",78969,683,Karnataka
CU004590,39,Female,"Self Employed",12000,655,"Uttar Pradesh"
CU001172,23,Male,"Self Employed",35222,823,"Uttar Pradesh"
CU001725,41,Female,Salaried,15307,664,"Tamil Nadu"
CU001574,21,Male,Salaried,40917,900,Gujarat
CU001546,21,Male,Salaried,46061,757,delhi
CU000589,41,Male,"Self Employed",66819,702,Kerala
CU000791,22,Male,"Self Employed",32344,658,"Uttar Pradesh"
CU001145,45,Male,"Self Employed",58088,626,Kerala
CU004512,21,Female,Salaried,33590,636,Maharashtra
CU003564,24,Male,Salaried,12000,688,delhi
CU002720,35,Female,Salaried,75524,749,"Uttar Pradesh"
CU000076,32,Male,Salaried,49899,634,Maharashtra
CU001562,37,Male,Salaried,30152,669,Kerala
CU004273,42,Male,Salaried,84413,583,Delhi
CU001978,48,Female,"Self Employed",25187,649,DELHI
CU004205,58,Female,"Self Employed",12000,728,Telangana
CU003817,37,Male,"Self Employed",60362,652,Karnataka
CU003559,37,Male,Salaried,22247,704,Kerala
CU004367,55,Female,Salaried,38465,721,"Uttar Pradesh"
CU002445,65,Male,Salaried,75037,707,Telangana
CU001615,48,Female,Salaried,46948,885,"Uttar Pradesh"
CU001404,43,Female,Salaried,72056,638,Kerala
CU000946,43,Male,Salaried,63823,697,Telangana
CU003882,29,Male,"Self Employed",85444,727,"West Bengal"
CU003404,50,Female,"Self Employed",48590,846,"Uttar Pradesh"
CU002582,36,Male,"Self Employed",65659,562,Kerala
CU001675,52,Female,Salaried,41797,772,Telangana
CU003431,45,Female,Salaried,27549,757,Telangana
CU004084,44,Male,Salaried,23271,724,"Andra Pradesh"
CU004137,51,Male,Salaried,41365,655,Kerala
CU000969,24,Male,"Self Employed",49463,729,Kerala
CU004110,32,Male,"Self Employed",23432,723,
CU001282,28,Male,Salaried,49862,637,"Tamil Nadu"
CU000226,23,Female,Salaried,49489,774,Telangana
CU003253,65,Male,"Self Employed",42008,769,Maharashtra
CU003964,31,Female,"Self Employed",30330,599,Maharashtra
CU004055,42,Female,Salaried,46453,637,"Uttar Pradesh"
CU003049,42,Male,Salaried,43590,718,Kerala
CU004175,25,Male,"Self Employed",44167,641,Maharashtra
CU003269,46,Male,"Self Employed",38655,699,"Uttar Pradesh"
CU001737,37,Male,Salaried,82785,701,
CU001673,35,Female,"Self Employed",75845,635,"Uttar Pradesh"
CU004230,28,Male,"Self Employed",67391,636,Karnataka
CU003159,41,Female,Salaried,31319,592,Gujarat
CU000155,30,Male,Salaried,16830,564,"West Bengal"
CU000477,21,Male,"Self Employed",48694,662,Karnataka
CU003620,33,Male,Salaried,28720,625,Gujarat
CU000082,33,Male,"Self Employed",49481,681,Maharashtra
CU001908,39,Female,Salaried,37497,821,"Tamil Nadu"
CU002850,54,Female,"Self Employed",92968,727,Gujarat
CU000552,26,Male,"Self Employed",56110,597,Karnataka
CU001642,21,Male,Salaried,57197,676,Gujarat
CU003702,34,Male,Salaried,34526,745,Gujarat
CU001088,54,Male,Salaried,48851,895,Telangana
CU002813,39,Male,"Self Employed",32218,560,Maharashtra
CU000383,38,Male,"Self Employed",68237,596,Gujarat
CU001100,31,Male,"Self Employed",54981,527,"Andra Pradesh"
CU003484,44,Male,Salaried,34849,755,"Uttar Pradesh"
CU001563,56,Male,"Self Employed",42723,636,"Andra Pradesh"
CU003517,50,Male,Salaried,37275,685,"Tamil Nadu"
CU004551,35,Female,"Self Employed",19787,742,DELHI
CU000919,38,Male,Salaried,56166,847,"Andra Pradesh"
CU000985,26,Male,Salaried,66156,663,Maharashtra
CU002785,49,Male,Salaried,72235,696,Kerala
CU000474,40,Female,"Self Employed",76610,588,Telangana
CU002353,47,Male,Salaried,31783,622,Karnataka
CU001121,42,Male,"Self Employed",61876,715,"West Bengal"
CU002462,32,Male,"Self Employed",40058,578,"Tamil Nadu"
CU003403,27,Male,"Self Employed",15537,620,"Tamil Nadu"
CU000090,50,Male,Salaried,45104,684,"Tamil Nadu"
CU000851,42,Male,Salaried,52592,830,Karnataka
CU002012,54,Male,Salaried,49381,637,"Andra Pradesh"
CU000298,43,Male,Salaried,68931,665,"West Bengal"
CU000528,40,Female,Salaried,56029,710,Kerala
CU000443,35,Male,"Self Employed",12000,685,"Tamil Nadu"
CU000073,27,Male,"Self Employed",20716,736,"West Bengal"
CU001139,36,Female,"Self Employed",52986,706,delhi
CU002106,53,Male,"Self Employed",37049,555,"Tamil Nadu"
CU001414,21,Male,Salaried,65743,598,DELHI
CU001007,44,Male,"Self Employed",28222,809,"Andra Pradesh"
CU003864,24,Male,"Self Employed",50665,770,"Uttar Pradesh"
CU000084,47,Male,"Self Employed",62446,696,Kerala
CU003711,34,Female,"Self Employed",65651,593,"Tamil Nadu"
CU002151,38,Male,Salaried,40148,572,"Tamil Nadu"
CU003519,50,Male,"Self Employed",42806,756,"Tamil Nadu"
CU004373,29,Male,"Self Employed",24885,613,Delhi
CU002566,42,Male,"Self Employed",16377,673,"Andra Pradesh"
CU001940,46,Male,"Self Employed",23245,668,"West Bengal"
CU001803,34,Male,Salaried,72489,589,Maharashtra
CU000398,46,Female,"Self Employed",35338,693,"Uttar Pradesh"
CU004306,43,Male,Salaried,64939,634,"Tamil Nadu"
CU003407,30,Female,Salaried,42452,682,Gujarat
CU004528,50,Female,"Self Employed",60089,544,Gujarat
CU002602,32,Female,"Self Employed",32177,829,Gujarat
CU000987,33,Male,Salaried,66486,786,"Uttar Pradesh"
CU002797,38,Male,Salaried,55950,808,Karnataka
CU000485,46,Female,Salaried,35958,640,Telangana
CU003400,40,Female,Salaried,47152,625,Delhi
CU002578,39,Male,Salaried,53663,535,Maharashtra
CU004243,47,Male,"Self Employed",12000,561,"Andra Pradesh"
CU004077,21,Male,"Self Employed",52764,528,Gujarat
CU001105,34,Male,Salaried,65938,746,"Andra Pradesh"
CU004159,40,Male,"Self Employed",43185,649,"Uttar Pradesh"
CU002687,47,Female,Salaried,50489,572,"Tamil Nadu"
CU002020,21,Female,"Self Employed",45402,760,"Andra Pradesh"
CU002906,50,Female,Salaried,28431,612,"West Bengal"
CU000105,44,Male,Salaried,60150,655,"West Bengal"
CU003392,22,Female,Salaried,29756,472,Kerala
CU002047,44,Male,Salaried,81108,572,Delhi
CU002501,25,Female,Salaried,20482,646,Kerala
CU001853,33,Male,Salaried,24680,650,Kerala
CU000198,38,Male,Salaried,57909,874,"West Bengal"
CU001687,45,Female,Salaried,72838,752,"Tamil Nadu"
CU001534,26,Male,Salaried,17717,632,Karnataka
CU004003,28,Male,"Self Employed",79918,741,Telangana
CU000818,33,Male,Salaried,47068,863,Kerala
CU000565,50,Female,Salaried,35853,756,Maharashtra
CU001894,44,Female,"Self Employed",79886,739,Karnataka
CU004164,39,Female,Salaried,27877,688,Karnataka
CU000856,21,Male,Salaried,64206,721,Telangana
CU000310,47,Male,Salaried,75569,725,delhi
CU004490,55,Male,Salaried,38665,530,Karnataka
CU003331,26,Female,Salaried,14381,614,Kerala
CU001722,33,Male,Salaried,31217,722,"Andra Pradesh"
CU002331,43,Male,Salaried,30870,663,Gujarat
CU003845,47,Male,"Self Employed",29368,635,"Tamil Nadu"
CU003766,26,Male,"Self Employed",40178,704,Delhi
CU000721,49,Female,"Self Employed",66227,838,Gujarat
CU000292,34,Male,Salaried,48211,680,"Tamil Nadu"
CU002191,35,Male,"Self Employed",53674,640,Gujarat
CU000541,41,Female,Salaried,59431,559,"Andra Pradesh"
CU002390,42,Male,Salaried,60049,627,"Uttar Pradesh"
CU004263,35,Male,Salaried,45439,456,"Tamil Nadu"
CU002678,25,Male,"Self Employed",58122,749,"Andra Pradesh"
CU003263,40,Male,"Self Employed",44241,681,Telangana
CU000690,41,Female,Salaried,35818,617,"Uttar Pradesh"
CU000061,52,Male,"Self Employed",16282,591,Maharashtra
CU003910,43,Male,"Self Employed",31837,658,
CU001190,37,Male,Salaried,27987,631,"West Bengal"
CU002539,40,Male,"Self Employed",64718,704,Telangana
CU002611,40,Female,Salaried,15999,593,"Uttar Pradesh"
CU001620,28,Female,Salaried,29549,674,"Tamil Nadu"
CU000005,28,Male,"Self Employed",16753,686,Maharashtra
CU003583,47,Female,Salaried,59215,760,"Uttar Pradesh"
CU003190,26,Male,Salaried,56925,675,Maharashtra
CU000536,31,Male,Salaried,43656,615,"Uttar Pradesh"
CU003320,37,Male,"Self Employed",60812,764,Telangana
CU004414,30,Male,"Self Employed",38192,615,"Andra Pradesh"
CU002982,38,Male,Salaried,40709,757,delhi
CU004467,54,Male,"Self Employed",49327,767,"West Bengal"
CU000582,43,Male,"Self Employed",24828,503,"Andra Pradesh"
CU003692,32,Male,Salaried,48457,850,"West Bengal"
CU000196,39,Male,"Self Employed",52373,644,"Uttar Pradesh"
CU001264,34,Male,"Self Employed",49101,533,Delhi
CU000173,42,Male,Salaried,49153,582,"Andra Pradesh"
CU003097,26,Male,"Self Employed",40493,689,"West Bengal"
CU002909,21,Male,"Self Employed",30501,629,"Andra Pradesh"
CU003045,42,Male,"Self Employed",46622,769,"Andra Pradesh"
CU001410,31,Male,Salaried,21360,769,"Andra Pradesh"
CU004145,30,Male,Salaried,46413,759,Gujarat
CU001788,28,Female,"Self Employed",34867,701,Kerala
CU003053,35,Male,Salaried,40783,900,Delhi
CU003032,21,Male,Salaried,31481,799,Gujarat
CU001174,37,Male,"Self Employed",53632,746,"Tamil Nadu"
CU003535,47,Male,"Self Employed",29880,662,"Andra Pradesh"
CU001448,42,Male,"Self Employed",37132,611,Kerala
CU002341,21,Female,Salaried,41799,477,"Andra Pradesh"
CU001301,50,Male,Salaried,89629,680,Telangana
CU000643,41,Male,"Self Employed",22046,687,Gujarat
CU002460,25,Male,Salaried,38988,639,Maharashtra
CU002817,44,Male,Salaried,45845,836,Maharashtra
CU003308,46,Male,Salaried,28204,634,Karnataka
CU002339,33,Male,"Self Employed",15902,605,Kerala
CU002391,48,Male,Salaried,52640,643,"Andra Pradesh"
CU002463,33,Male,Salaried,22380,603,"Tamil Nadu"
CU003624,40,Male,Salaried,74109,874,
CU001240,45,Male,"Self Employed",12000,800,"Tamil Nadu"
CU003748,41,Male,Salaried,58176,659,Gujarat
CU004127,21,Male,Salaried,40001,571,Telangana
CU001994,34,Female,"Self Employed",70152,631,"West Bengal"
CU001165,30,Male,Salaried,35040,648,Gujarat
CU001939,36,Male,"Self Employed",53671,525,Karnataka
CU004221,46,Male,Salaried,56826,670,Maharashtra
CU001566,34,Male,"Self Employed",45860,741,Gujarat
CU003358,26,Female,"Self Employed",12000,579,"West Bengal"
CU000587,37,Female,Salaried,42310,777,Telangana
CU001886,45,Male,Salaried,43651,787,"Uttar Pradesh"
CU000813,46,Male,Salaried,28436,751,"Tamil Nadu"
CU001071,27,Female,"Self Employed",37534,635,Kerala
CU001168,21,Male,Salaried,57275,713,"Tamil Nadu"
CU001960,39,Male,Salaried,12000,613,"West Bengal"
CU002254,63,Male,Salaried,37775,691,Telangana
CU000720,49,Male,"Self Employed",49332,587,Telangana
CU004227,32,Female,"Self Employed",67529,692,Gujarat
CU001066,47,Male,Salaried,64875,803,"Tamil Nadu"
CU002948,33,Male,Salaried,47977,543,Karnataka
CU002446,32,Male,"Self Employed",43114,696,"Uttar Pradesh"
CU001310,44,Female,"Self Employed",25031,826,"Tamil Nadu"
CU001336,40,Male,Salaried,27092,775,Telangana
CU000306,28,Male,"Self Employed",24061,728,"West Bengal"
CU001505,30,Male,"Self Employed",34224,615,Karnataka
CU000912,41,Male,Salaried,36667,674,"Andra Pradesh"
CU000440,34,Female,"Self Employed",12000,699,"West Bengal"
CU000714,45,Male,Salaried,26674,801,DELHI
CU004259,34,Female,"Self Employed",50839,720,DELHI
CU003669,51,Male,Salaried,57416,614,Telangana
CU002166,40,Female,"Self Employed",27203,593,"Uttar Pradesh"
CU001502,21,Male,"Self Employed",30420,662,Gujarat
CU004036,29,Male,Salaried,48742,631,Maharashtra
CU001025,47,Male,"Self Employed",55537,725,"Andra Pradesh"
CU001555,39,Male,Salaried,71197,733,"West Bengal"
CU001083,34,Female,Salaried,24403,620,Karnataka
CU003906,36,Male,"Self Employed",33310,800,Telangana
CU001661,65,Female,Salaried,61889,779,Maharashtra
CU000735,37,Male,Salaried,21094,528,Kerala
CU002683,29,Female,"Self Employed",31381,729,"Andra Pradesh"
CU002979,39,Male,"Self Employed",49007,820,Maharashtra
CU001914,35,Male,Salaried,34718,760,"Tamil Nadu"
CU001075,43,Male,"Self Employed",73283,639,Gujarat
CU001811,29,Male,Salaried,35141,842,Delhi
CU004333,44,Male,"Self Employed",44372,736,Karnataka
CU001331,53,Male,"Self Employed",51404,671,Maharashtra
CU002480,36,Female,"Self Employed",57102,654,Maharashtra
CU002085,21,Male,"Self Employed",60063,582,DELHI
CU003868,47,Female,"Self Employed",78766,625,Delhi
CU000066,46,Male,"Self Employed",62991,707,Gujarat
CU002224,36,Male,Salaried,70493,763,Telangana
CU002362,31,Female,"Self Employed",27711,742,"Uttar Pradesh"
CU002611,40,Female,Salaried,15999,593,"Uttar Pradesh"
CU001220,48,Male,"Self Employed",68350,614,"West Bengal"
CU000358,50,Female,Salaried,54694,603,Maharashtra
CU004516,29,Male,Salaried,56826,594,Telangana
CU003975,26,Female,Salaried,12000,763,Karnataka
CU001588,37,Male,"Self Employed",66504,774,Delhi
CU001360,26,Female,Salaried,68985,677,Telangana
CU001094,45,Male,Salaried,46532,633,Maharashtra
CU003623,52,Female,"Self Employed",32446,546,Gujarat
CU004486,40,Female,"Self Employed",12000,666,"Uttar Pradesh"
CU002011,51,Female,Salaried,12000,607,Delhi
CU004488,34,Male,Salaried,23015,745,Kerala
CU001378,49,Male,"Self Employed",12000,768,Gujarat
CU003722,49,Male,Salaried,48443,693,"Andra Pradesh"
CU000397,21,Female,"Self Employed",13317,537,Gujarat
CU001278,36,Male,"Self Employed",22936,753,Karnataka
CU000986,28,Female,Salaried,51966,599,"Andra Pradesh"
CU000873,29,Female,Salaried,44375,556,"Uttar Pradesh"
CU000934,22,Male,Salaried,68187,767,Kerala
CU003698,38,Male,Salaried,22365,603,Gujarat
CU004204,41,Male,Salaried,55608,644,delhi
CU003332,48,Male,"Self Employed",69297,596,Karnataka
CU003912,35,Female,Salaried,20028,698,
CU001846,28,Male,"Self Employed",70333,592,"Andra Pradesh"
CU003191,44,Male,Salaried,39179,864,"Andra Pradesh"
CU002019,49,Male,Salaried,47129,697,Karnataka
CU001927,40,Male,Salaried,47651,706,"Tamil Nadu"
CU001498,56,Female,"Self Employed",83667,703,"Uttar Pradesh"
CU001802,45,Male,Salaried,27714,782,Kerala
CU003584,54,Male,"Self Employed",18834,694,"Andra Pradesh"
CU001289,44,Female,"Self Employed",14990,546,"Andra Pradesh"
CU003029,45,Male,Salaried,64185,721,"Andra Pradesh"
CU000974,44,Male,"Self Employed",68771,846,"Tamil Nadu"
CU000798,41,Male,"Self Employed",68854,566,Karnataka
CU003356,39,Female,"Self Employed",12000,712,Kerala
CU003570,28,Male,Salaried,36072,766,"Tamil Nadu"
CU002283,24,Male,"Self Employed",57243,658,Kerala
CU000616,46,Male,Salaried,43951,833,Kerala
CU002734,32,Female,Salaried,30936,541,Delhi
CU002795,34,Male,"Self Employed",49454,808,Telangana
CU003848,40,Female,Salaried,67063,677,Karnataka
CU001917,42,Female,"Self Employed",60346,687,"Tamil Nadu"
CU000221,58,Male,"Self Employed",31216,621,Maharashtra
CU003976,37,Male,Salaried,79939,628,DELHI
CU004483,44,Male,"Self Employed",57262,588,DELHI
CU000377,32,Male,"Self Employed",43189,743,Kerala
CU002859,32,Male,"Self Employed",25242,794,"Andra Pradesh"
CU004130,44,Female,Salaried,64166,564,"Andra Pradesh"
CU000415,43,Male,Salaried,45128,672,Kerala
CU000726,32,Male,Salaried,63275,540,"Andra Pradesh"
CU002280,49,Male,"Self Employed",55479,688,"Andra Pradesh"
CU003367,39,Male,"Self Employed",29484,666,"Uttar Pradesh"
CU000283,47,Female,"Self Employed",39194,619,"West Bengal"
CU001535,43,Male,"Self Employed",25353,538,"Andra Pradesh"
CU003709,57,Male,Salaried,54796,536,Maharashtra
CU001781,21,Female,Salaried,50943,684,"Tamil Nadu"
CU003278,45,Female,Salaried,25805,530,"Uttar Pradesh"
CU004252,38,Male,"Self Employed",12000,522,DELHI
CU001749,22,Male,Salaried,16928,661,Kerala
CU004485,49,Male,Salaried,39142,688,Kerala
CU001041,26,Male,"Self Employed",39944,681,Karnataka
CU000472,40,Female,"Self Employed",19796,624,Telangana
CU003500,28,Male,"Self Employed",78474,811,"Tamil Nadu"
CU001993,27,Male,"Self Employed",45891,779,"West Bengal"
CU004360,25,Male,"Self Employed",70791,608,"Tamil Nadu"
CU000012,21,Male,"Self Employed",31461,735,Kerala
CU003972,54,Male,"Self Employed",80678,679,"Uttar Pradesh"
CU002160,48,Male,Salaried,28312,658,"West Bengal"
CU001681,35,Female,Salaried,20285,694,Kerala
CU002584,42,Male,Salaried,40253,772,Maharashtra
CU000886,35,Male,"Self Employed",25981,708,"Tamil Nadu"
CU001974,54,Female,Salaried,72511,643,Gujarat
CU003021,28,Male,"Self Employed",40894,666,Karnataka
CU003065,59,Male,"Self Employed",24905,601,"Tamil Nadu"
CU004062,53,Male,Salaried,60430,679,Karnataka
CU001643,45,Male,"Self Employed",71982,681,"West Bengal"
CU000947,57,Male,Salaried,65502,675,Kerala
CU001728,42,Male,"Self Employed",67419,752,Maharashtra
CU002887,21,Male,"Self Employed",63421,524,"Tamil Nadu"
CU000544,21,Male,Salaried,35137,809,"West Bengal"
CU001638,35,Male,Salaried,64707,537,"Uttar Pradesh"
CU004082,40,Female,"Self Employed",48212,678,"Andra Pradesh"
CU004113,43,Male,"Self Employed",78254,769,Gujarat
CU000771,44,Male,Salaried,28751,709,Gujarat
CU002395,24,Male,Salaried,49828,709,"Uttar Pradesh"
CU003887,45,Male,"Self Employed",74852,761,Delhi
CU000181,53,Male,Salaried,34542,558,"Uttar Pradesh"
CU002907,42,Male,"Self Employed",92691,770,"West Bengal"
CU000731,42,Male,Salaried,46543,687,DELHI
CU000617,50,Male,"Self Employed",43759,526,Telangana
CU001784,47,Male,Salaried,89129,687,"Tamil Nadu"
CU001323,47,Male,"Self Employed",69369,689,"West Bengal"
CU001136,34,Female,Salaried,38384,634,Maharashtra
CU000035,40,Male,Salaried,51928,706,Gujarat
CU002534,31,Male,Salaried,74878,650,"Tamil Nadu"
CU000540,35,Male,Salaried,29280,555,Karnataka
CU002175,52,Male,Salaried,48829,787,Kerala
CU004246,35,Male,Salaried,17516,672,"Uttar Pradesh"
CU001399,34,Female,Salaried,55085,672,Karnataka
CU000290,50,Male,Salaried,40731,814,"Tamil Nadu"
CU001989,44,Male,"Self Employed",49643,653,"West Bengal"
CU001522,37,Male,Salaried,83240,784,Karnataka
CU003113,53,Male,"Self Employed",55228,746,Kerala
CU000976,42,Female,"Self Employed",51463,795,"Tamil Nadu"
CU000509,42,Female,Salaried,78489,581,Delhi
CU001232,41,Female,Salaried,30190,757,"Uttar Pradesh"
CU004076,41,Male,Salaried,75244,676,Telangana
CU000042,42,Female,"Self Employed",40530,744,"West Bengal"
CU004377,46,Female,Salaried,63049,765,"Andra Pradesh"
CU003670,50,Male,Salaried,51395,671,"Andra Pradesh"
CU000233,33,Female,Salaried,51930,686,Gujarat
CU002941,59,Male,"Self Employed",32503,809,"Tamil Nadu"
CU004429,30,Male,Salaried,12000,667,"Uttar Pradesh"
CU002709,28,Female,"Self Employed",14184,570,Delhi
CU002014,35,Male,Salaried,57221,611,Telangana
CU000883,47,Male,Salaried,36697,670,"West Bengal"
CU004264,32,Female,Salaried,62103,720,"Tamil Nadu"
CU002157,48,Female,"Self Employed",73280,615,"Andra Pradesh"
CU004167,48,Female,Salaried,50697,794,Gujarat
CU000877,33,Male,Salaried,58923,875,Karnataka
CU000336,22,Female,"Self Employed",55272,632,delhi
CU001392,33,Male,Salaried,67377,794,Karnataka
CU002802,26,Male,"Self Employed",88144,683,Karnataka
CU000507,44,Male,"Self Employed",53431,629,"Tamil Nadu"
CU004072,32,Male,Salaried,44106,645,Maharashtra
CU001587,37,Female,Salaried,60399,857,Gujarat
CU003629,37,Female,"Self Employed",31281,722,"Andra Pradesh"
CU000349,27,Male,"Self Employed",12000,719,"Tamil Nadu"
CU004188,42,Male,Salaried,66738,596,"West Bengal"
CU002089,39,Male,Salaried,35971,731,Kerala
CU003903,46,Male,Salaried,41786,671,"West Bengal"
CU001337,61,Male,"Self Employed",27784,773,"Tamil Nadu"
CU004222,39,Male,"Self Employed",54262,647,"West Bengal"
CU002858,23,Male,Salaried,12000,753,Kerala
CU004073,33,Male,Salaried,51410,888,Gujarat
CU001256,35,Female,Salaried,32437,688,Gujarat
CU001339,46,Male,"Self Employed",28260,669,Telangana
CU004024,51,Male,Salaried,46152,657,"Tamil Nadu"
CU000341,47,Male,"Self Employed",28936,678,"West Bengal"
CU004300,32,Female,"Self Employed",54566,683,Gujarat
CU002140,29,Male,"Self Employed",88310,774,Gujarat
CU002475,29,Female,"Self Employed",46949,659,Maharashtra
CU002663,24,Male,Salaried,44873,789,"Tamil Nadu"
CU000548,24,Female,"Self Employed",55977,657,"Uttar Pradesh"
CU002309,29,Male,"Self Employed",21281,696,"West Bengal"
CU003337,25,Male,Salaried,15679,832,Delhi
CU003861,31,Male,"Self Employed",12000,721,"Tamil Nadu"
CU002762,44,Female,"Self Employed",36998,675,"Andra Pradesh"
CU001504,37,Male,"Self Employed",20110,720,Gujarat
CU001611,24,Male,Salaried,38097,804,Karnataka
CU003661,24,Male,Salaried,44867,668,Telangana
CU002491,21,Male,Salaried,43863,663,Telangana
CU003977,21,Male,Salaried,12000,622,"Tamil Nadu"
CU000435,31,Male,"Self Employed",62247,765,Gujarat
CU000926,44,Male,Salaried,48285,877,"Tamil Nadu"
CU000857,26,Female,Salaried,48445,759,"Andra Pradesh"
CU004523,49,Male,"Self Employed",53029,656,Delhi
CU002521,47,Male,Salaried,39938,626,Telangana
CU003659,42,Male,Salaried,45190,821,"Tamil Nadu"
CU004390,23,Female,Salaried,56468,758,"Tamil Nadu"
CU001652,44,Female,Salaried,58250,605,"Andra Pradesh"
CU001036,42,Male,"Self Employed",47772,582,"Andra Pradesh"
CU002529,29,Male,Salaried,49515,739,Maharashtra
CU003689,42,Male,Salaried,33878,492,Karnataka
CU002815,25,Male,Salaried,60709,813,
CU003917,21,Male,Salaried,75886,659,Delhi
CU000152,34,Female,"Self Employed",37780,784,"Uttar Pradesh"
CU000461,29,Male,"Self Employed",67508,598,Maharashtra
CU003705,36,Male,Salaried,42027,776,Gujarat
CU000347,40,Male,Salaried,67972,718,Karnataka
CU001421,50,Male,Salaried,54828,569,Karnataka
CU000131,38,Female,"Self Employed",35446,773,"Uttar Pradesh"
CU000583,41,Male,"Self Employed",13703,741,Telangana
CU001671,41,Male,Salaried,39200,660,DELHI
CU004587,35,Female,Salaried,56985,617,Delhi
CU003854,40,Male,Salaried,59358,861,"Tamil Nadu"
CU004404,35,Male,"Self Employed",54734,561,Karnataka
CU002908,50,Male,Salaried,29383,636,Maharashtra
CU004324,49,Female,Salaried,70845,554,Maharashtra
CU002071,21,Male,"Self Employed",24603,768,"West Bengal"
CU001387,38,Female,Salaried,46513,574,"Uttar Pradesh"
CU003068,35,Male,Salaried,90251,634,Gujarat
CU001401,21,Male,"Self Employed",51629,564,Telangana
CU001018,29,Male,"Self Employed",33688,637,Maharashtra
CU000840,23,Female,Salaried,70921,580,"West Bengal"
CU002674,37,Male,"Self Employed",67240,630,Telangana
CU001883,45,Female,Salaried,21515,686,"Tamil Nadu"
CU001650,52,Male,Salaried,12000,677,"West Bengal"
CU000193,33,Male,Salaried,65883,732,Gujarat
CU002094,31,Male,"Self Employed",48643,760,Maharashtra
CU003747,33,Male,Salaried,80788,681,"Tamil Nadu"
CU002827,31,Male,"Self Employed",60775,778,Gujarat
CU002271,49,Female,Salaried,19995,708,"West Bengal"
CU004181,31,Female,Salaried,49844,510,Gujarat
CU000522,28,Male,"Self Employed",12000,596,Maharashtra
CU004371,21,Female,"Self Employed",30429,737,"West Bengal"
CU002193,47,Male,Salaried,38792,712,"Uttar Pradesh"
CU000601,37,Male,Salaried,35966,578,Maharashtra
CU003771,40,Female,Salaried,48205,712,Kerala
CU001464,36,Male,Salaried,40012,575,"Uttar Pradesh"
CU001202,53,Female,"Self Employed",48308,555,Kerala
CU001431,37,Male,"Self Employed",68136,654,Telangana
CU003316,21,Female,Salaried,42833,631,Maharashtra
CU004318,38,Male,Salaried,42365,626,Gujarat
CU003897,34,Male,Salaried,48847,669,Kerala
CU004238,38,Male,"Self Employed",61035,589,Kerala
CU003940,47,Female,Salaried,22013,772,DELHI
CU002951,24,Female,"Self Employed",57502,840,Gujarat
CU002628,33,Male,"Self Employed",66650,620,"Uttar Pradesh"
CU001143,27,Male,Salaried,39861,554,Delhi
CU000011,23,Female,Salaried,30603,710,Telangana
CU003082,24,Male,Salaried,58873,745,"Tamil Nadu"
CU002631,44,Female,Salaried,48235,711,Kerala
CU004191,38,Female,Salaried,26917,668,Kerala
CU003129,31,Female,Salaried,12000,775,"Tamil Nadu"
CU003008,35,Male,Salaried,63126,698,Gujarat
CU002944,45,Male,Salaried,50596,703,"Tamil Nadu"
CU002726,32,Female,"Self Employed",41307,575,"Tamil Nadu"
CU004296,57,Male,"Self Employed",39661,830,"Andra Pradesh"
CU003876,44,Male,"Self Employed",38471,718,"Tamil Nadu"
CU002031,51,Female,"Self Employed",40755,595,Telangana
CU004286,47,Male,Salaried,90570,660,Karnataka
CU000249,35,Female,Salaried,72514,664,"Tamil Nadu"
CU001876,40,Female,Salaried,57938,618,Kerala
CU002873,28,Female,Salaried,67956,738,"Tamil Nadu"
CU000624,39,Female,Salaried,22954,741,"Andra Pradesh"
CU001947,28,Female,Salaried,34071,575,Telangana
CU004389,46,Male,Salaried,12641,549,"Andra Pradesh"
CU001746,28,Male,Salaried,22161,685,"Andra Pradesh"
CU000570,26,Male,Salaried,56975,740,"Tamil Nadu"
CU004401,53,Male,Salaried,61627,689,Kerala
CU002444,21,Male,"Self Employed",62206,430,"Uttar Pradesh"
CU003736,36,Female,Salaried,31911,736,Kerala
CU000437,31,Female,"Self Employed",53638,787,"Tamil Nadu"
CU003491,31,Male,Salaried,62585,704,"Tamil Nadu"
CU001166,45,Male,"Self Employed",23923,718,"Tamil Nadu"
CU003835,34,Male,"Self Employed",65695,582,delhi
CU003330,40,Male,Salaried,63407,776,Karnataka
CU000229,31,Female,"Self Employed",52916,630,Kerala
CU001499,37,Male,"Self Employed",65613,632,"Tamil Nadu"
CU001674,43,Male,Salaried,53193,626,"Uttar Pradesh"
CU001658,37,Male,Salaried,28846,644,"West Bengal"
CU003044,46,Male,"Self Employed",31652,712,"Andra Pradesh"
CU003181,28,Male,Salaried,48300,790,Karnataka
CU002729,22,Male,Salaried,56042,648,"West Bengal"
CU000449,38,Male,Salaried,44813,650,"West Bengal"
CU003188,60,Male,Salaried,12000,882,"Tamil Nadu"
CU000803,62,Male,"Self Employed",50295,728,delhi
CU002384,50,Female,Salaried,29890,880,"Andra Pradesh"
CU003585,40,Male,"Self Employed",59180,869,Gujarat
CU001648,21,Male,Salaried,37831,569,Karnataka
CU002756,23,Female,"Self Employed",83585,670,Gujarat
CU002304,65,Male,Salaried,35256,480,delhi
CU003935,39,Female,Salaried,25682,666,Gujarat
CU002108,22,Female,Salaried,54694,652,"Tamil Nadu"
CU003588,49,Male,Salaried,46961,772,Gujarat
CU001738,29,Male,"Self Employed",51495,732,"Tamil Nadu"
CU002430,28,Male,Salaried,90379,696,"Uttar Pradesh"
CU004554,32,Male,Salaried,48456,489,"Andra Pradesh"
CU003829,32,Male,"Self Employed",70862,705,
CU004531,21,Female,"Self Employed",70343,793,"West Bengal"
CU000823,21,Female,"Self Employed",20431,493,"Tamil Nadu"
CU001626,26,Male,"Self Employed",38539,646,Delhi
CU001950,22,Female,Salaried,55673,814,"Tamil Nadu"
CU003020,34,Female,Salaried,47940,782,"Uttar Pradesh"
CU004100,21,Male,"Self Employed",22934,702,Karnataka
CU001040,44,Female,"Self Employed",25111,702,Kerala
CU002103,34,Female,Salaried,49540,669,Delhi
CU001678,35,Male,"Self Employed",30464,601,"West Bengal"
CU001150,29,Male,Salaried,66842,630,DELHI
CU003908,23,Female,"Self Employed",28679,603,Maharashtra
CU002583,21,Male,"Self Employed",40731,790,"West Bengal"
CU003694,47,Female,"Self Employed",51901,596,"West Bengal"
CU003901,35,Male,Salaried,12000,778,Karnataka
CU002537,41,Male,Salaried,44370,815,Kerala
CU002472,40,Male,Salaried,76085,803,"Andra Pradesh"
CU003529,31,Female,Salaried,59253,693,"West Bengal"
CU002922,35,Male,"Self Employed",33298,785,"Tamil Nadu"
CU004074,27,Male,"Self Employed",32940,561,Maharashtra
CU003962,31,Female,Salaried,56454,578,"Tamil Nadu"
CU004354,26,Male,Salaried,59549,481,"West Bengal"
CU000899,47,Male,Salaried,49152,600,Gujarat
CU002378,24,Female,"Self Employed",78846,656,"West Bengal"
CU001146,22,Female,"Self Employed",61387,718,"West Bengal"
CU001101,36,Female,"Self Employed",28743,493,delhi
CU002994,41,Female,"Self Employed",50438,675,"Andra Pradesh"
CU002227,23,Female,Salaried,47928,784,Karnataka
CU004228,41,Male,Salaried,68084,668,Telangana
CU003001,37,Male,Salaried,28179,744,Karnataka
CU000560,33,Male,Salaried,62169,658,Maharashtra
CU003961,38,Male,"Self Employed",50033,636,Telangana
CU002997,37,Male,Salaried,12000,614,delhi
CU003951,31,Male,Salaried,26531,696,Maharashtra
CU003804,31,Male,Salaried,45741,614,Telangana
CU004511,32,Male,Salaried,39515,718,Telangana
CU004129,23,Female,Salaried,38628,583,Telangana
CU003452,55,Male,"Self Employed",34399,643,"Uttar Pradesh"
CU000708,48,Female,Salaried,53826,614,Telangana
CU003231,55,Male,Salaried,64214,512,Maharashtra
CU000584,34,Female,Salaried,51701,708,Kerala
CU001209,51,Female,"Self Employed",49209,665,Karnataka
CU003474,34,Female,Salaried,25639,629,"West Bengal"
CU004120,30,Male,Salaried,88023,842,"West Bengal"
CU004440,37,Male,Salaried,27787,582,"Tamil Nadu"
CU001388,30,Male,Salaried,17924,746,Kerala
CU004509,38,Male,Salaried,24130,659,Maharashtra
CU002373,31,Female,Salaried,37512,596,"Tamil Nadu"
CU003595,36,Female,Salaried,53313,771,Maharashtra
CU003292,45,Male,Salaried,28715,628,Delhi
CU001567,21,Male,Salaried,87432,694,"West Bengal"
CU000689,27,Male,Salaried,12374,799,"Tamil Nadu"
CU004272,38,Male,"Self Employed",39210,833,"West Bengal"
CU003040,29,Male,"Self Employed",12000,632,"Andra Pradesh"
CU000228,46,Male,Salaried,74530,804,"Andra Pradesh"
CU003775,31,Male,Salaried,68949,687,"Andra Pradesh"
CU004007,32,Male,Salaried,51726,774,Delhi
CU002719,22,Male,Salaried,88684,703,"Tamil Nadu"
CU002960,29,Male,Salaried,39117,582,Telangana
CU002189,35,Male,Salaried,12000,692,Maharashtra
CU004222,39,Male,"Self Employed",54262,647,"West Bengal"
CU002587,41,Male,"Self Employed",54045,830,delhi
CU004069,31,Male,"Self Employed",41049,871,Karnataka
CU002731,46,Male,Salaried,43227,680,Telangana
CU004343,47,Female,"Self Employed",12000,620,Delhi
CU002118,49,Male,"Self Employed",72152,667,Telangana
CU001191,45,Male,Salaried,40562,708,"Uttar Pradesh"
CU003965,35,Male,"Self Employed",23227,712,Gujarat
CU004494,24,Male,Salaried,47823,531,Delhi
CU003325,35,Male,"Self Employed",36928,757,Kerala
CU001570,23,Male,"Self Employed",61265,604,Karnataka
CU002969,38,Male,Salaried,28648,900,Maharashtra
CU001046,36,Male,Salaried,42707,703,delhi
CU000087,47,Male,Salaried,33461,561,Gujarat
CU002528,39,Female,"Self Employed",34114,583,delhi
CU003355,35,Male,Salaried,20683,695,Gujarat
CU001809,31,Male,Salaried,39698,701,"Uttar Pradesh"
CU000826,29,Male,Salaried,48621,797,"Uttar Pradesh"
CU000345,45,Male,Salaried,19914,721,DELHI
CU000644,21,Male,"Self Employed",69119,749,Maharashtra
CU000433,44,Male,Salaried,48894,781,Telangana
CU000500,31,Male,"Self Employed",35711,721,"Andra Pradesh"
CU001637,40,Male,Salaried,35704,840,"Tamil Nadu"
CU004091,36,Male,Salaried,43421,609,Maharashtra
CU003925,47,Male,Salaried,32136,674,Delhi
CU003706,41,Male,"Self Employed",22776,649,"Andra Pradesh"
CU002926,47,Female,Salaried,12000,584,delhi
CU001317,39,Male,"Self Employed",66883,876,Telangana
CU004524,52,Male,Salaried,32709,775,Maharashtra
CU002895,51,Male,Salaried,46848,652,Telangana
CU004061,40,Male,"Self Employed",89224,645,"Uttar Pradesh"
CU000510,34,Female,"Self Employed",39120,673,Maharashtra
CU000147,30,Female,"Self Employed",47128,441,"West Bengal"
CU002337,21,Male,Salaried,22830,633,Gujarat
CU000872,34,Female,Salaried,77867,712,"Tamil Nadu"
CU003346,45,Male,Salaried,75318,551,Delhi
CU001537,42,Male,"Self Employed",14553,681,"Andra Pradesh"
CU004459,34,Female,Salaried,46323,671,"Uttar Pradesh"
CU003457,33,Male,Salaried,72415,746,"West Bengal"
CU001271,43,Female,"Self Employed",32012,706,Maharashtra
CU001197,36,Male,Salaried,77734,636,DELHI
CU004469,28,Female,"Self Employed",51950,546,Gujarat
CU002940,42,Male,Salaried,51992,698,Kerala
CU002159,36,Male,Salaried,46909,525,"West Bengal"
CU001790,47,Female,"Self Employed",63420,636,"Uttar Pradesh"
CU003627,23,Male,Salaried,70834,644,"West Bengal"
CU000205,40,Male,Salaried,33718,738,Kerala
CU000775,44,Male,Salaried,47461,700,Maharashtra
CU003270,40,Male,Salaried,69743,798,Kerala
CU001767,27,Male,Salaried,51779,782,"Uttar Pradesh"
CU001042,28,Female,"Self Employed",57911,681,Telangana
CU001841,47,Female,Salaried,37377,571,"Tamil Nadu"
CU004320,35,Female,Salaried,41629,715,"Uttar Pradesh"
CU002038,51,Male,"Self Employed",14883,675,Maharashtra
CU000603,46,Female,Salaried,32368,702,Maharashtra
CU002277,28,Male,Salaried,35182,641,Karnataka
CU001553,29,Male,Salaried,58744,636,"Tamil Nadu"
CU001503,39,Male,Salaried,28702,623,Maharashtra
CU003042,43,Male,"Self Employed",32402,711,"Andra Pradesh"
CU000305,34,Male,Salaried,48693,558,Telangana
CU001755,29,Male,"Self Employed",46806,683,Telangana
CU001216,37,Female,Salaried,45629,742,Karnataka
CU002474,44,Male,Salaried,71590,626,"Uttar Pradesh"
CU001816,24,Male,Salaried,37471,708,Kerala
CU004054,46,Male,"Self Employed",41855,764,Maharashtra
CU003272,47,Female,Salaried,30055,603,Gujarat
CU002127,34,Female,Salaried,76748,715,"Andra Pradesh"
CU004213,39,Male,Salaried,20533,897,"Tamil Nadu"
CU001904,35,Male,Salaried,62621,728,"West Bengal"
CU000980,32,Male,"Self Employed",52908,593,"Uttar Pradesh"
CU002301,33,Male,Salaried,77586,571,Gujarat
CU000550,29,Male,Salaried,52349,651,"Uttar Pradesh"
CU004444,50,Male,Salaried,35034,770,Gujarat
CU003228,34,Female,Salaried,12000,683,Telangana
CU003031,37,Male,Salaried,40476,546,Kerala
CU001426,29,Female,"Self Employed",56578,721,"Andra Pradesh"
CU000859,34,Female,Salaried,29548,626,"Andra Pradesh"
CU001272,35,Male,Salaried,68543,692,
CU002868,33,Male,"Self Employed",26875,797,Maharashtra
CU003091,42,Male,Salaried,55400,563,Karnataka
CU003605,43,Female,Salaried,65502,617,"Tamil Nadu"
CU001052,35,Male,"Self Employed",57552,654,"Uttar Pradesh"
CU002839,25,Male,Salaried,83526,523,Karnataka
CU002779,33,Male,Salaried,41302,884,"Uttar Pradesh"
CU000446,28,Female,"Self Employed",66204,900,Gujarat
CU001423,39,Male,"Self Employed",30925,436,Kerala
CU002411,31,Male,Salaried,12623,621,Telangana
CU000348,44,Male,"Self Employed",28448,687,DELHI
CU000342,30,Male,Salaried,12000,759,"Uttar Pradesh"
CU003398,52,Male,"Self Employed",12000,842,"Tamil Nadu"
CU000778,51,Female,"Self Employed",19598,705,DELHI
CU002704,36,Male,Salaried,60141,742,Maharashtra
CU002544,21,Male,Salaried,18496,869,Maharashtra
CU000304,30,Male,"Self Employed",85267,692,"Tamil Nadu"
CU000927,42,Male,"Self Employed",43849,698,Karnataka
CU002654,38,Male,Salaried,12000,631,
CU000676,42,Female,Salaried,65834,732,"Tamil Nadu"
CU002708,39,Male,Salaried,70681,664,"Tamil Nadu"
CU000242,57,Female,Salaried,62401,724,Karnataka
CU001863,50,Male,Salaried,55549,615,Karnataka
CU003978,42,Male,"Self Employed",54569,728,DELHI
CU003444,45,Male,Salaried,36914,606,Maharashtra
CU003386,46,Male,Salaried,38411,557,Delhi
CU003250,40,Female,"Self Employed",34967,658,Delhi
CU002291,33,Male,Salaried,47912,700,"Andra Pradesh"
CU003756,41,Female,Salaried,21433,581,Telangana
CU000897,53,Male,"Self Employed",14390,658,Kerala
CU001377,34,Male,Salaried,33284,766,"Uttar Pradesh"
CU003991,46,Female,Salaried,59475,575,Kerala
CU002988,23,Male,Salaried,55431,783,"West Bengal"
CU004276,55,Male,Salaried,61976,715,Gujarat
CU002823,47,Male,Salaried,59419,688,Telangana
CU000478,34,Female,Salaried,12000,818,Maharashtra
CU002723,35,Female,Salaried,42316,584,"Tamil Nadu"
CU000338,55,Male,"Self Employed",32955,722,"Andra Pradesh"
CU001896,33,Male,Salaried,67154,730,"Uttar Pradesh"
CU003820,26,Male,Salaried,15894,758,Gujarat
CU004239,36,Male,"Self Employed",43597,837,Kerala
CU000636,44,Male,Salaried,46961,796,Telangana
CU000621,32,Male,Salaried,28254,630,"Tamil Nadu"
CU002296,21,Female,Salaried,52086,761,"Uttar Pradesh"
CU002119,42,Male,Salaried,35066,763,"Uttar Pradesh"
CU003609,35,Female,Salaried,56259,687,"Uttar Pradesh"
CU004014,56,Female,Salaried,88439,648,"West Bengal"
CU003699,24,Male,"Self Employed",40348,631,"Tamil Nadu"
CU004540,25,Male,Salaried,12000,750,"Uttar Pradesh"
CU004441,28,Male,"Self Employed",53310,659,Telangana
CU003401,37,Male,Salaried,50471,558,
CU000682,34,Female,Salaried,12000,798,"Tamil Nadu"
CU003674,31,Male,"Self Employed",88297,798,"West Bengal"
CU003971,30,Female,Salaried,46493,589,"West Bengal"
CU004200,42,Male,"Self Employed",25614,755,"Andra Pradesh"
CU001951,34,Female,Salaried,74589,753,Karnataka
CU004085,43,Male,Salaried,38696,616,Kerala
CU003219,43,Male,Salaried,28739,617,"Uttar Pradesh"
CU000736,27,Male,Salaried,55119,614,"Uttar Pradesh"
CU002335,38,Male,Salaried,46425,737,Kerala
CU004173,48,Female,Salaried,47946,696,Maharashtra
CU001350,36,Female,Salaried,27320,691,"Tamil Nadu"
CU000867,43,Male,"Self Employed",73946,802,Maharashtra
CU004530,35,Female,"Self Employed",32198,570,"Uttar Pradesh"
CU000123,49,Male,"Self Employed",50088,636,Telangana
CU004293,35,Male,Salaried,24913,738,"West Bengal"
CU001768,26,Male,"Self Employed",38330,759,"Uttar Pradesh"
CU001608,41,Male,"Self Employed",38746,608,Gujarat
CU002096,58,Male,"Self Employed",39036,617,"Uttar Pradesh"
CU003490,49,Male,Salaried,69148,647,delhi
CU003617,31,Male,"Self Employed",26140,794,Maharashtra
CU004506,27,Male,Salaried,18865,802,"Tamil Nadu"
CU003681,44,Male,"Self Employed",28932,726,Delhi
CU002416,44,Male,"Self Employed",56231,662,"Tamil Nadu"
CU000672,56,Female,"Self Employed",49680,657,"West Bengal"
CU001194,35,Female,Salaried,66803,612,Maharashtra
CU001221,31,Male,Salaried,12000,786,Telangana
CU001195,21,Female,"Self Employed",44575,650,"Tamil Nadu"
CU003560,55,Male,Salaried,42828,772,"West Bengal"
CU001699,54,Male,"Self Employed",12000,693,Gujarat
CU004006,29,Female,Salaried,18616,665,"Andra Pradesh"
CU003193,38,Male,"Self Employed",81907,772,Karnataka
CU000371,26,Male,Salaried,68753,705,DELHI
CU003480,49,Male,Salaried,30450,570,"Andra Pradesh"
CU000521,41,Male,Salaried,44026,659,"West Bengal"
CU000572,45,Female,Salaried,53195,602,Karnataka
CU000948,22,Male,Salaried,12000,684,Maharashtra
CU004266,56,Female,"Self Employed",25408,607,Kerala
CU001490,56,Male,"Self Employed",59985,626,Gujarat
CU003772,33,Male,Salaried,25447,772,Telangana
CU002322,40,Male,Salaried,58552,679,"Andra Pradesh"
CU001097,27,Male,"Self Employed",36194,568,"Andra Pradesh"
CU002125,39,Male,"Self Employed",38965,743,"Andra Pradesh"
CU002535,62,Female,Salaried,52367,767,"Uttar Pradesh"
CU003867,39,Female,"Self Employed",50157,572,Gujarat
CU000511,22,Male,"Self Employed",37859,725,Maharashtra
CU003473,49,Female,Salaried,42006,592,Karnataka
CU003163,43,Female,"Self Employed",38559,695,"Andra Pradesh"
CU001360,26,Female,Salaried,68985,677,Telangana
CU001108,22,Female,"Self Employed",45825,773,DELHI
CU000534,51,Male,Salaried,34940,703,"Andra Pradesh"
CU002870,56,Male,"Self Employed",43367,647,Karnataka
CU001662,42,Male,Salaried,66458,603,"Uttar Pradesh"
CU003186,39,Male,"Self Employed",24244,812,Telangana
CU001731,51,Male,Salaried,86988,688,"West Bengal"
CU004157,47,Male,Salaried,17032,716,Delhi
CU001003,31,Male,Salaried,48924,679,"West Bengal"
CU003651,48,Male,Salaried,64227,822,Kerala
CU003451,46,Male,"Self Employed",45694,518,"Tamil Nadu"
CU003256,44,Male,Salaried,93719,559,"Uttar Pradesh"
CU000884,41,Male,Salaried,54205,697,delhi
CU001689,23,Male,"Self Employed",19037,587,"Tamil Nadu"
CU001348,28,Male,Salaried,47868,758,"Tamil Nadu"
CU002782,33,Female,"Self Employed",16339,877,"West Bengal"
CU001709,25,Male,Salaried,27280,864,Gujarat
CU004442,31,Male,Salaried,47701,764,"West Bengal"
CU003690,51,Female,"Self Employed",12000,656,"West Bengal"
CU001267,38,Male,Salaried,58959,721,Kerala
CU002677,39,Female,Salaried,65541,704,"Uttar Pradesh"
CU001552,28,Male,"Self Employed",80063,647,Delhi
CU004179,53,Male,"Self Employed",48411,725,Karnataka
CU004420,37,Male,Salaried,79433,655,"West Bengal"
CU003741,34,Male,Salaried,40279,777,Gujarat
CU004216,49,Male,Salaried,35757,684,"Tamil Nadu"
CU001366,42,Female,"Self Employed",12000,770,DELHI
CU004386,42,Male,"Self Employed",62861,693,"West Bengal"
CU002228,36,Male,Salaried,78714,621,DELHI
CU000364,63,Female,"Self Employed",48887,648,"Tamil Nadu"
CU003916,39,Female,"Self Employed",46114,739,Delhi
CU003777,45,Male,Salaried,49271,703,Kerala
CU000615,42,Male,Salaried,52374,654,"Uttar Pradesh"
CU000092,43,Male,"Self Employed",14317,794,"West Bengal"
CU001645,22,Male,"Self Employed",21916,798,"West Bengal"
CU003983,35,Female,Salaried,38438,715,"West Bengal"
CU001965,45,Female,"Self Employed",44850,716,Kerala
CU002681,47,Male,"Self Employed",70410,609,Karnataka
CU003439,37,Female,Salaried,64735,746,Kerala
CU003391,44,Male,Salaried,15487,780,"Uttar Pradesh"
CU002409,26,Male,Salaried,32547,794,"Tamil Nadu"
CU002698,44,Female,Salaried,50896,662,"Uttar Pradesh"
CU001662,42,Male,Salaried,66458,603,"Uttar Pradesh"
CU004472,36,Male,Salaried,29785,702,"Uttar Pradesh"
CU002568,31,Male,Salaried,22272,700,Gujarat
CU000259,28,Male,"Self Employed",40507,689,Maharashtra
CU001497,39,Female,Salaried,39146,605,Telangana
CU001603,41,Male,Salaried,40378,611,Karnataka
CU004206,39,Female,"Self Employed",56013,758,"Tamil Nadu"
CU003668,37,Male,Salaried,65890,693,Karnataka
CU000971,29,Female,Salaried,46997,635,Telangana
CU002822,31,Male,"Self Employed",67673,560,Kerala
CU001306,58,Male,Salaried,45697,556,"Tamil Nadu"
CU002857,38,Male,Salaried,45787,689,"Uttar Pradesh"
CU001783,44,Female,Salaried,36799,689,Maharashtra
CU001364,38,Male,Salaried,29880,712,DELHI
CU001469,41,Female,Salaried,12000,607,"Tamil Nadu"
CU003643,22,Male,Salaried,66107,702,Kerala
CU002324,37,Male,Salaried,15456,634,Maharashtra
CU000271,31,Male,Salaried,20521,701,"Andra Pradesh"
CU004593,38,Female,Salaried,28431,719,Kerala
CU001697,39,Male,Salaried,12000,608,Maharashtra
CU004565,45,Male,Salaried,73267,708,"Uttar Pradesh"
CU001912,35,Male,"Self Employed",58585,616,Karnataka
CU004521,52,Female,Salaried,76257,687,
CU001820,33,Male,"Self Employed",56372,714,Gujarat
CU000407,26,Male,"Self Employed",63383,805,Karnataka
CU001806,48,Male,"Self Employed",41255,772,DELHI
CU003827,32,Female,"Self Employed",61456,791,Telangana
CU002717,43,Male,Salaried,34400,758,Telangana
CU002938,51,Male,"Self Employed",57794,720,"Tamil Nadu"
CU004321,28,Male,Salaried,45640,601,"West Bengal"
CU001545,41,Male,"Self Employed",69869,652,"Tamil Nadu"
CU003860,29,Female,Salaried,55876,599,Gujarat
CU001224,35,Male,Salaried,47267,721,Gujarat
CU004257,43,Male,Salaried,53218,627,Karnataka
CU003416,33,Male,"Self Employed",45526,696,"West Bengal"
CU001092,34,Male,"Self Employed",65969,723,"West Bengal"
CU000692,33,Male,Salaried,18657,749,Kerala
CU000104,40,Female,"Self Employed",42753,660,DELHI
CU003437,52,Male,"Self Employed",63759,776,Telangana
CU001632,46,Male,Salaried,39712,610,Maharashtra
CU004393,44,Male,Salaried,54755,746,Kerala
CU000684,37,Male,Salaried,45826,719,Kerala
CU002580,41,Female,"Self Employed",82504,689,Gujarat
CU002942,41,Female,Salaried,56314,683,Kerala
CU003542,40,Male,Salaried,22347,794,Kerala
CU002449,40,Male,Salaried,43072,791,Maharashtra
CU003274,53,Female,"Self Employed",61399,765,Telangana
CU003759,55,Male,Salaried,27944,541,"Tamil Nadu"
CU000200,40,Male,"Self Employed",36071,697,Kerala
CU004147,34,Female,Salaried,27444,614,Karnataka
CU003139,26,Male,Salaried,69028,706,Kerala
CU002122,49,Male,Salaried,23486,710,Kerala
CU003187,31,Male,"Self Employed",75710,844,"Tamil Nadu"
CU000040,41,Female,"Self Employed",45260,810,Gujarat
CU000069,43,Female,Salaried,40956,754,Gujarat
CU002183,21,Female,"Self Employed",43337,725,"Uttar Pradesh"
CU002538,21,Female,"Self Employed",67939,674,Delhi
CU003717,25,Male,Salaried,51654,774,Telangana
CU003532,30,Male,"Self Employed",23047,725,Kerala
CU003809,24,Male,Salaried,24148,739,delhi
CU000366,49,Male,"Self Employed",12000,625,Delhi
CU000734,39,Female,"Self Employed",53009,691,"Uttar Pradesh"
CU000955,40,Female,"Self Employed",29470,619,Maharashtra
CU000288,43,Female,Salaried,46289,502,Kerala
CU002168,27,Female,"Self Employed",23586,609,Telangana
CU002755,21,Male,Salaried,53580,699,Telangana
CU001582,56,Female,Salaried,33311,900,"Uttar Pradesh"
CU002029,30,Female,"Self Employed",66490,806,Gujarat
CU002063,42,Male,Salaried,76523,488,"Andra Pradesh"
CU003301,35,Male,"Self Employed",13762,619,Karnataka
CU002773,31,Male,Salaried,18335,655,"Uttar Pradesh"
CU004339,29,Female,Salaried,60131,571,"Andra Pradesh"
CU002312,40,Male,"Self Employed",70627,509,"West Bengal"
CU002067,40,Female,Salaried,44099,596,"Uttar Pradesh"
CU003541,54,Male,Salaried,27587,808,"Andra Pradesh"
CU000794,37,Male,Salaried,50173,699,Kerala
CU002608,48,Female,"Self Employed",20946,590,Gujarat
CU003836,37,Male,Salaried,61719,769,"Tamil Nadu"
CU002933,65,Male,"Self Employed",71888,692,"Andra Pradesh"
CU001098,50,Female,"Self Employed",59620,728,Delhi
CU001294,48,Male,Salaried,41477,419,"Uttar Pradesh"
CU003405,42,Male,"Self Employed",12000,700,"Andra Pradesh"
CU002862,27,Male,Salaried,51994,457,delhi
CU003311,26,Female,"Self Employed",46607,878,Telangana
CU002426,52,Male,Salaried,68703,760,"Andra Pradesh"
CU002057,52,Male,Salaried,12000,645,Karnataka
CU004534,34,Male,Salaried,30914,730,DELHI
CU000829,28,Male,Salaried,24682,570,"West Bengal"
CU004356,26,Male,"Self Employed",65860,733,"Tamil Nadu"
CU004112,33,Male,"Self Employed",39475,807,Karnataka
CU004501,35,Male,"Self Employed",48611,733,Maharashtra
CU004532,25,Male,Salaried,50865,524,Maharashtra
CU001596,36,Female,Salaried,54492,743,Gujarat
CU004011,37,Female,Salaried,23935,643,"Uttar Pradesh"
CU004128,42,Male,Salaried,17924,736,Telangana
CU000765,43,Male,"Self Employed",34327,834,delhi
CU003566,52,Male,"Self Employed",45759,692,Telangana
CU001593,27,Male,Salaried,25554,700,Kerala
CU002890,38,Male,"Self Employed",26836,642,Gujarat
CU002346,51,Male,"Self Employed",13555,652,DELHI
CU000284,47,Male,Salaried,55730,599,"Andra Pradesh"
CU002574,25,Female,Salaried,39316,821,"Andra Pradesh"
CU003528,49,Female,Salaried,69168,610,"West Bengal"
CU002260,36,Female,Salaried,91982,765,"Uttar Pradesh"
CU002027,33,Male,"Self Employed",23036,639,Karnataka
CU004546,39,Male,Salaried,72557,860,"Uttar Pradesh"
CU001446,39,Male,"Self Employed",31909,495,Telangana
CU000982,48,Male,Salaried,25824,558,Telangana
CU001154,43,Male,"Self Employed",20662,802,Maharashtra
CU004307,30,Female,"Self Employed",75054,547,
CU000469,39,Female,Salaried,49879,535,Delhi
CU003857,30,Male,Salaried,50044,819,Karnataka
CU002526,50,Female,Salaried,12263,900,Telangana
CU003166,33,Male,"Self Employed",55081,693,Karnataka
CU001130,26,Male,Salaried,36707,590,"West Bengal"
CU000917,42,Male,Salaried,12000,656,"West Bengal"
CU000167,63,Male,"Self Employed",43078,676,"Tamil Nadu"
CU004325,48,Male,"Self Employed",61378,676,"Andra Pradesh"
CU001179,31,Male,"Self Employed",48233,689,"Tamil Nadu"
CU000057,59,Male,Salaried,65649,794,Kerala
CU002112,47,Male,Salaried,24061,741,"Uttar Pradesh"
CU001308,32,Male,"Self Employed",58717,486,"West Bengal"
CU003598,29,Female,Salaried,45405,542,Kerala
CU000426,42,Male,"Self Employed",51161,644,Telangana
CU000698,42,Female,"Self Employed",49445,795,"Andra Pradesh"
CU001266,29,Male,Salaried,54041,647,"Tamil Nadu"
CU002610,53,Male,"Self Employed",52701,436,Karnataka
CU002889,64,Male,Salaried,41624,632,Maharashtra
CU001594,21,Male,Salaried,26435,791,Gujarat
CU002302,42,Male,Salaried,41271,636,Karnataka
CU000493,36,Female,Salaried,63433,549,"West Bengal"
CU000962,46,Male,Salaried,55818,758,"Tamil Nadu"
CU001861,37,Female,Salaried,68260,763,Gujarat
CU002498,39,Female,Salaried,70738,668,Telangana
CU004144,33,Male,Salaried,30925,681,Maharashtra
CU000979,29,Male,Salaried,56067,717,DELHI
CU001827,47,Male,"Self Employed",48373,701,"Andra Pradesh"
CU002856,26,Male,"Self Employed",76167,618,Karnataka
CU001468,37,Male,"Self Employed",56365,777,Gujarat
CU003780,35,Female,"Self Employed",56813,553,Telangana
CU000622,46,Female,"Self Employed",22902,699,Telangana
CU002897,39,Male,Salaried,25884,786,Telangana
CU003071,51,Male,Salaried,19624,678,"Andra Pradesh"
CU001779,32,Male,"Self Employed",70277,637,Kerala
CU000337,26,Male,Salaried,12000,677,Karnataka
CU000391,33,Female,Salaried,31151,553,Gujarat
CU000738,32,Male,Salaried,62232,692,"Tamil Nadu"
CU001069,32,Male,Salaried,42519,528,DELHI
CU000938,30,Male,Salaried,25517,743,DELHI
CU001874,28,Male,Salaried,58874,822,Telangana
CU004290,38,Female,Salaried,37591,604,Karnataka
CU001016,35,Female,Salaried,45911,736,Gujarat
CU000258,51,Male,Salaried,25207,764,"Andra Pradesh"
CU002656,41,Female,Salaried,42908,554,Maharashtra
CU001340,39,Male,Salaried,75606,609,Gujarat
CU001153,30,Female,"Self Employed",46579,772,Karnataka
CU002265,49,Male,"Self Employed",45286,642,Maharashtra
CU000993,36,Male,"Self Employed",43852,805,Karnataka
CU002477,30,Male,"Self Employed",12000,580,Karnataka
CU001010,55,Female,Salaried,52125,793,Gujarat
CU002467,39,Male,Salaried,58513,711,"West Bengal"
CU000527,46,Male,Salaried,75758,771,Karnataka
CU000133,33,Male,"Self Employed",52546,758,Gujarat
CU000036,30,Male,Salaried,82315,722,"Tamil Nadu"
CU000065,35,Female,Salaried,35139,626,"Andra Pradesh"
CU001669,31,Female,"Self Employed",58256,587,"Andra Pradesh"
CU004058,35,Male,"Self Employed",43120,715,
CU002176,51,Male,Salaried,54915,737,"Andra Pradesh"
CU002559,37,Male,Salaried,42651,758,Maharashtra
CU001225,36,Male,Salaried,42928,660,Maharashtra
CU003243,41,Female,Salaried,62307,735,Delhi
CU003644,48,Female,Salaried,44436,677,Gujarat
CU001219,31,Male,Salaried,48867,851,"Andra Pradesh"
CU001599,37,Female,Salaried,12000,626,Telangana
CU003447,21,Male,Salaried,57457,652,Gujarat
CU000768,54,Male,Salaried,33364,574,Maharashtra
CU003728,28,Male,"Self Employed",48279,716,"Andra Pradesh"
CU001295,54,Male,"Self Employed",26972,793,Delhi
CU002718,34,Male,Salaried,12000,675,Karnataka
CU001660,41,Male,Salaried,28937,614,"Andra Pradesh"
CU001745,59,Male,Salaried,64556,516,"Tamil Nadu"
CU001279,39,Male,"Self Employed",36599,569,Telangana
CU002918,33,Female,"Self Employed",72602,730,"Andra Pradesh"
CU003808,38,Female,"Self Employed",12000,570,Kerala
CU000130,40,Male,Salaried,61606,602,"Tamil Nadu"
CU003832,44,Male,"Self Employed",47406,744,"West Bengal"
CU003389,21,Female,Salaried,22762,670,Gujarat
CU002452,27,Male,Salaried,44040,556,Karnataka
CU003753,33,Male,"Self Employed",34859,667,Telangana
CU003423,30,Male,Salaried,55870,781,Telangana
CU000453,41,Male,"Self Employed",42935,460,"West Bengal"
CU001235,21,Male,Salaried,72183,625,Telangana
CU004187,44,Male,Salaried,12000,636,Kerala
CU001720,45,Female,"Self Employed",40758,728,Karnataka
CU004433,38,Male,Salaried,55807,711,"West Bengal"
CU002596,37,Male,Salaried,42300,615,Maharashtra
CU000460,27,Male,Salaried,52528,598,"Uttar Pradesh"
CU003456,34,Male,Salaried,38993,573,"West Bengal"
CU000681,48,Male,Salaried,78108,724,"West Bengal"
CU002010,26,Male,Salaried,52669,590,Delhi
CU001748,53,Male,"Self Employed",38467,858,"Uttar Pradesh"
CU002573,23,Male,"Self Employed",49300,607,"Andra Pradesh"
CU003805,27,Male,"Self Employed",54582,803,Gujarat
CU000362,52,Female,Salaried,23752,718,delhi
CU004116,50,Male,Salaried,35102,564,"Andra Pradesh"
CU002642,45,Female,Salaried,38422,744,Kerala
CU000203,53,Male,Salaried,43684,549,Maharashtra
CU000935,30,Male,Salaried,49064,815,"Andra Pradesh"
CU002991,34,Female,Salaried,12000,765,"Tamil Nadu"
CU004385,37,Female,"Self Employed",36002,561,"West Bengal"
CU003476,37,Male,Salaried,47653,630,Karnataka
CU000125,46,Male,"Self Employed",38479,496,"Andra Pradesh"
CU004585,47,Male,"Self Employed",51228,642,Gujarat
CU001966,21,Male,Salaried,70565,674,"Tamil Nadu"
CU000447,41,Male,Salaried,34820,617,Gujarat
CU003455,55,Male,Salaried,13824,853,"Tamil Nadu"
CU003487,34,Female,Salaried,67145,865,"Andra Pradesh"
CU003397,37,Male,"Self Employed",12000,603,Telangana
CU003446,43,Male,Salaried,68852,572,Telangana
CU002806,23,Male,"Self Employed",55672,549,Delhi
CU003589,33,Male,Salaried,18355,723,Telangana
CU001589,46,Male,Salaried,44688,623,Telangana
CU000936,44,Male,"Self Employed",15318,661,"Tamil Nadu"
CU001451,28,Male,"Self Employed",80969,779,Delhi
CU001354,49,Female,Salaried,66659,583,Kerala
CU001189,44,Female,Salaried,32740,710,Kerala
CU000218,47,Male,"Self Employed",46192,621,Maharashtra
CU002495,21,Male,Salaried,24349,852,"Uttar Pradesh"
CU004041,34,Male,"Self Employed",55037,686,
CU000878,23,Male,"Self Employed",31427,651,"Tamil Nadu"
CU002801,27,Female,"Self Employed",33013,604,"Andra Pradesh"
CU002023,39,Female,"Self Employed",23739,728,"Andra Pradesh"
CU000067,46,Male,Salaried,57592,747,Karnataka
CU001482,38,Male,"Self Employed",58689,642,Delhi
CU004156,30,Male,Salaried,47614,728,DELHI
CU000737,59,Female,Salaried,68810,779,Maharashtra
CU001847,36,Male,Salaried,33894,728,"West Bengal"
CU000273,50,Female,"Self Employed",20807,830,Maharashtra
CU001491,23,Male,Salaried,44754,719,"Tamil Nadu"
CU003019,53,Male,"Self Employed",47032,840,"Andra Pradesh"
CU003632,34,Male,Salaried,79602,528,Karnataka
CU000661,33,Male,"Self Employed",68078,697,Gujarat
CU001447,41,Female,Salaried,74108,538,"West Bengal"
CU000289,28,Male,Salaried,42118,817,"Uttar Pradesh"
CU001358,39,Male,Salaried,64677,691,Gujarat
CU003205,43,Male,"Self Employed",12000,778,"Tamil Nadu"
CU002696,33,Female,"Self Employed",59998,528,"Tamil Nadu"
CU002749,45,Male,"Self Employed",53846,646,"Tamil Nadu"
CU004500,39,Male,Salaried,33927,708,Delhi
CU002618,28,Male,Salaried,38444,676,"Tamil Nadu"
CU000227,54,Male,"Self Employed",35822,664,Telangana
CU000761,28,Male,Salaried,13048,724,"Uttar Pradesh"
CU004111,31,Male,Salaried,64374,658,Gujarat
CU001606,38,Male,Salaried,54409,857,"West Bengal"
CU004527,41,Male,Salaried,58887,704,Maharashtra
CU003824,31,Female,Salaried,24439,686,Maharashtra
CU003489,38,Male,"Self Employed",46235,526,"Andra Pradesh"
CU000801,38,Male,"Self Employed",41995,579,Kerala
CU000769,36,Male,Salaried,86358,814,"Tamil Nadu"
CU003023,50,Male,Salaried,75829,740,Karnataka
CU003618,28,Male,Salaried,51702,712,"West Bengal"
CU002536,39,Male,Salaried,40807,734,Maharashtra
CU000613,37,Male,"Self Employed",28338,669,Karnataka
CU001871,63,Female,"Self Employed",53381,552,Maharashtra
CU000402,52,Male,Salaried,59164,700,Maharashtra
CU003356,39,Female,"Self Employed",12000,712,Kerala
CU000850,48,Female,"Self Employed",72869,743,Maharashtra
CU003280,50,Male,Salaried,22369,681,"Andra Pradesh"
CU001729,47,Female,"Self Employed",45177,552,Karnataka
CU003986,24,Female,Salaried,39743,812,Maharashtra
CU000538,42,Female,Salaried,54644,568,"Tamil Nadu"
CU004545,48,Male,"Self Employed",50929,672,delhi
CU003164,32,Male,Salaried,29187,654,Kerala
CU004080,38,Male,Salaried,59620,756,"West Bengal"
CU002928,40,Male,"Self Employed",32523,655,"Andra Pradesh"
CU000579,27,Female,"Self Employed",62804,574,Telangana
CU000693,27,Male,Salaried,29951,767,Telangana
CU001612,39,Female,Salaried,32397,731,"West Bengal"
CU004544,36,Male,"Self Employed",36385,731,Telangana
CU003679,53,Male,Salaried,50296,790,Telangana
CU000656,29,Male,Salaried,36727,849,"Tamil Nadu"
CU000445,56,Male,"Self Employed",69778,752,Telangana
CU001830,48,Male,Salaried,33435,706,"Uttar Pradesh"
CU002668,32,Male,Salaried,65098,644,Maharashtra
CU002985,47,Female,Salaried,66804,857,Gujarat
CU003034,34,Male,"Self Employed",12000,549,"Andra Pradesh"
CU000591,29,Male,Salaried,75647,713,Telangana
CU001576,44,Male,Salaried,49902,745,"Uttar Pradesh"
CU000479,23,Male,"Self Employed",39666,641,Telangana
CU004106,21,Male,"Self Employed",38852,791,Karnataka
CU003351,32,Male,Salaried,40609,744,"Tamil Nadu"
CU001872,55,Male,Salaried,35819,732,Gujarat
CU003477,51,Male,"Self Employed",68761,593,"Tamil Nadu"
CU000466,49,Female,"Self Employed",53769,681,"West Bengal"
CU003080,54,Male,Salaried,12000,653,delhi
CU000183,53,Male,"Self Employed",25032,768,delhi
CU000243,39,Male,Salaried,52299,698,delhi
CU001054,40,Female,Salaried,63470,585,Gujarat
CU003448,35,Female,Salaried,29945,812,"Andra Pradesh"
CU000654,44,Male,"Self Employed",25961,686,Karnataka
CU000149,23,Male,Salaried,29443,764,Karnataka
CU000709,40,Male,"Self Employed",12000,737,"West Bengal"
CU002962,42,Male,Salaried,46104,596,"West Bengal"
CU000024,29,Female,Salaried,82723,695,Maharashtra
CU001286,31,Male,Salaried,32289,698,"Uttar Pradesh"
CU001958,21,Male,Salaried,40947,768,Karnataka
CU002261,28,Male,Salaried,46999,569,Karnataka
CU001533,32,Male,"Self Employed",45652,707,Gujarat
CU001437,31,Male,Salaried,24842,654,Telangana
CU000920,33,Female,"Self Employed",51489,517,"Tamil Nadu"
CU002217,29,Male,"Self Employed",39683,649,Gujarat
CU000470,29,Male,Salaried,42934,532,"Uttar Pradesh"
CU004478,53,Male,Salaried,22297,601,"Andra Pradesh"
CU002901,32,Male,Salaried,61517,636,
CU004577,35,Male,"Self Employed",54556,647,"Uttar Pradesh"
CU003579,29,Female,"Self Employed",50420,613,Kerala
CU000351,38,Female,Salaried,30439,621,"Uttar Pradesh"
CU001510,25,Male,Salaried,80018,677,"Uttar Pradesh"
CU001261,43,Male,"Self Employed",38371,633,Karnataka
CU000049,34,Male,Salaried,60179,636,"Tamil Nadu"
CU004000,28,Male,Salaried,34009,672,"West Bengal"
CU000713,40,Male,Salaried,57929,759,
CU004586,51,Male,"Self Employed",29944,752,Gujarat
CU003923,31,Male,"Self Employed",63240,858,"Andra Pradesh"
CU003258,37,Male,Salaried,39400,690,Telangana
CU003675,47,Female,"Self Employed",17191,698,Gujarat
CU002512,41,Male,"Self Employed",20636,715,"Uttar Pradesh"
CU000901,48,Male,Salaried,70437,674,DELHI
CU002915,29,Female,Salaried,27660,648,Karnataka
CU004365,50,Male,Salaried,20207,664,Telangana
CU003493,35,Male,"Self Employed",54407,738,Karnataka
CU004376,31,Male,"Self Employed",69657,637,Maharashtra
CU004461,21,Male,"Self Employed",60409,624,"Uttar Pradesh"
CU002776,35,Female,"Self Employed",25770,675,Kerala
CU002699,43,Male,Salaried,25942,695,"West Bengal"
CU002255,38,Male,Salaried,30383,702,Gujarat
CU004198,47,Female,Salaried,34702,858,
CU000031,27,Male,Salaried,54471,609,Gujarat
CU002307,41,Female,Salaried,55002,724,Gujarat
CU001227,46,Female,Salaried,45753,739,"Andra Pradesh"
CU002808,39,Male,"Self Employed",48947,690,Delhi
CU002330,21,Female,Salaried,36570,794,DELHI
CU000174,48,Female,"Self Employed",44208,741,"Uttar Pradesh"
CU004277,45,Female,"Self Employed",45273,795,
CU000860,21,Female,Salaried,55752,718,Delhi
CU001918,44,Male,"Self Employed",39632,687,"Uttar Pradesh"
CU002777,44,Male,"Self Employed",64906,684,"Tamil Nadu"
CU003122,43,Female,"Self Employed",56430,804,"Andra Pradesh"
CU003196,59,Male,"Self Employed",49290,596,"Uttar Pradesh"
CU002492,50,Male,"Self Employed",44609,615,Delhi
CU004538,50,Male,Salaried,37796,862,Karnataka
CU000808,51,Male,Salaried,53481,683,Karnataka
CU002007,21,Female,Salaried,45390,686,Kerala
CU003884,21,Male,"Self Employed",47371,664,"Tamil Nadu"
CU002757,36,Female,Salaried,25692,773,Gujarat
CU000494,37,Male,Salaried,62737,642,Gujarat
CU001624,48,Male,Salaried,26806,748,Kerala
CU004103,47,Male,"Self Employed",57021,706,Telangana
CU002318,35,Male,Salaried,29245,700,
CU001952,28,Male,"Self Employed",57511,659,Gujarat
CU002884,52,Male,"Self Employed",65887,900,Gujarat
CU000973,50,Male,Salaried,50774,540,Maharashtra
CU001309,42,Male,Salaried,32228,828,Karnataka
CU003339,21,Male,Salaried,47047,473,Gujarat
CU002490,32,Female,Salaried,39626,711,Maharashtra
CU003840,54,Male,Salaried,52858,677,"West Bengal"
CU004497,42,Female,"Self Employed",47910,759,delhi
CU004262,42,Male,Salaried,69080,638,Telangana
CU004193,29,Male,"Self Employed",51306,479,"Tamil Nadu"
CU001664,34,Male,Salaried,12000,688,delhi
CU000017,37,Male,Salaried,76292,687,"Uttar Pradesh"
CU002812,39,Male,"Self Employed",52378,681,DELHI
CU000641,31,Male,Salaried,40409,769,"Uttar Pradesh"
CU002170,37,Male,Salaried,26748,743,Maharashtra
CU003697,32,Male,Salaried,77637,706,Karnataka
CU004374,27,Male,"Self Employed",64251,726,"Uttar Pradesh"
CU001187,36,Male,"Self Employed",58117,610,Maharashtra
CU003673,59,Male,Salaried,45288,684,"Uttar Pradesh"
CU004347,49,Male,Salaried,73188,744,"Uttar Pradesh"
CU001717,51,Male,"Self Employed",42588,559,Kerala
CU002470,32,Male,"Self Employed",35396,682,Kerala
CU001967,36,Male,"Self Employed",62935,718,"Uttar Pradesh"
CU001921,43,Male,Salaried,20098,636,delhi
CU004153,29,Male,"Self Employed",28993,691,Karnataka
CU004382,37,Male,Salaried,25825,843,"Andra Pradesh"
CU000586,44,Female,"Self Employed",24666,658,Telangana
CU000037,26,Female,Salaried,58131,784,"Tamil Nadu"
CU001073,46,Male,Salaried,48159,775,Kerala
CU000077,33,Male,"Self Employed",49640,549,Karnataka
CU002239,37,Male,Salaried,45184,627,DELHI
CU000998,38,Male,"Self Employed",33071,653,"Uttar Pradesh"
CU002931,25,Male,Salaried,68345,764,"Andra Pradesh"
CU002369,29,Male,Salaried,30424,757,"Uttar Pradesh"
CU003128,49,Female,"Self Employed",20681,657,"Andra Pradesh"
CU003847,39,Male,Salaried,49297,606,Karnataka
CU002050,29,Male,"Self Employed",47155,657,Telangana
CU001408,29,Male,Salaried,29679,638,Telangana
CU001906,40,Female,Salaried,64428,563,"Andra Pradesh"
CU000640,47,Male,"Self Employed",62520,812,Kerala
CU000376,28,Male,"Self Employed",12000,756,"Uttar Pradesh"
CU003133,25,Female,Salaried,68922,624,delhi
CU002171,46,Male,"Self Employed",57075,830,Kerala
CU003496,46,Male,Salaried,75307,748,Kerala
CU001328,35,Female,Salaried,62343,635,Maharashtra
CU000190,41,Male,Salaried,41461,608,Maharashtra
CU004463,37,Female,"Self Employed",13544,606,"Uttar Pradesh"
CU004285,41,Male,Salaried,63855,900,Telangana
CU002060,35,Male,"Self Employed",43075,703,"Andra Pradesh"
CU000354,22,Female,"Self Employed",62662,672,delhi
CU003503,30,Female,Salaried,43115,600,Telangana
CU002946,40,Female,"Self Employed",59356,801,Maharashtra
CU002249,56,Male,Salaried,41993,698,"Uttar Pradesh"
CU003306,33,Female,"Self Employed",56805,670,"Uttar Pradesh"
CU001384,24,Male,Salaried,42708,687,"Uttar Pradesh"
CU001629,21,Male,"Self Employed",48908,659,Gujarat
CU003267,26,Male,Salaried,38619,551,"West Bengal"
CU002701,31,Male,Salaried,37778,650,Karnataka
CU003571,29,Male,Salaried,60175,680,delhi
CU002327,21,Male,"Self Employed",39808,634,Telangana
CU001471,54,Male,Salaried,27322,735,Kerala
CU004025,43,Male,Salaried,27582,687,"Andra Pradesh"
CU001518,31,Male,Salaried,46890,842,delhi
CU002164,56,Male,Salaried,41140,519,"Andra Pradesh"
CU000677,36,Female,Salaried,56597,828,"West Bengal"
CU003959,24,Male,Salaried,46984,640,"Andra Pradesh"
CU004350,32,Male,"Self Employed",75767,668,Maharashtra
CU002727,43,Male,"Self Employed",24641,611,Gujarat
CU001383,32,Male,"Self Employed",57380,798,Telangana
CU001206,44,Male,Salaried,30081,620,"Tamil Nadu"
CU002455,45,Female,Salaried,60513,850,"Tamil Nadu"
CU002950,29,Male,"Self Employed",30501,743,Karnataka
CU001020,38,Female,"Self Employed",58046,533,Telangana
CU001817,43,Male,Salaried,70682,718,Gujarat
CU003505,44,Female,"Self Employed",14641,795,Kerala
CU003572,44,Male,Salaried,53341,496,Telangana
CU004097,39,Male,Salaried,20660,823,Telangana
CU003377,32,Male,"Self Employed",27406,777,Karnataka
CU002393,54,Female,"Self Employed",41425,671,"Andra Pradesh"
CU001484,33,Male,"Self Employed",40995,805,Telangana
CU002374,32,Male,Salaried,43349,526,Kerala
CU002368,21,Female,"Self Employed",18225,600,"Andra Pradesh"
CU003291,38,Male,Salaried,47762,479,"Uttar Pradesh"
CU002624,47,Male,Salaried,42513,672,"Tamil Nadu"
CU001293,37,Male,Salaried,12000,666,
CU000853,43,Male,Salaried,30264,770,"Tamil Nadu"
CU002772,43,Male,Salaried,55213,764,"Uttar Pradesh"
CU001618,48,Male,Salaried,38469,574,
CU002615,63,Female,Salaried,79246,632,Kerala
CU004314,57,Male,"Self Employed",62203,669,"Uttar Pradesh"
CU004248,21,Male,Salaried,58180,539,"Tamil Nadu"
CU004237,47,Male,Salaried,36255,615,Maharashtra
CU003507,38,Male,Salaried,59801,661,DELHI
CU002622,40,Female,Salaried,55931,784,Karnataka
CU001590,28,Male,"Self Employed",28507,584,Telangana
CU003530,31,Female,"Self Employed",37956,673,Delhi
CU003324,37,Male,Salaried,45576,652,"West Bengal"
CU004581,46,Female,"Self Employed",63054,413,Gujarat
CU000821,44,Male,"Self Employed",33941,609,"West Bengal"
CU003841,43,Male,Salaried,21799,684,"Uttar Pradesh"
CU003866,43,Male,Salaried,68785,800,"Uttar Pradesh"
CU002533,36,Male,Salaried,25576,613,Gujarat
CU001137,39,Male,Salaried,60415,784,Maharashtra
CU000230,31,Female,Salaried,44488,785,"Tamil Nadu"
CU001000,56,Male,"Self Employed",33672,754,Kerala
CU003158,45,Male,Salaried,21426,711,"Andra Pradesh"
CU001119,35,Male,"Self Employed",43607,655,"West Bengal"
CU002150,24,Male,"Self Employed",22810,834,Gujarat
CU000629,31,Male,Salaried,54153,632,Gujarat
CU001472,43,Male,"Self Employed",61234,709,Telangana
CU000262,33,Female,"Self Employed",45977,683,Karnataka
CU001389,21,Male,Salaried,40294,501,"West Bengal"
CU002554,55,Male,Salaried,37817,562,Maharashtra
CU002423,22,Female,Salaried,52895,712,Telangana
CU001696,33,Female,Salaried,18190,651,"Tamil Nadu"
CU000009,40,Male,Salaried,12000,746,"Tamil Nadu"
CU001607,42,Male,"Self Employed",57182,731,Karnataka
CU001067,29,Male,"Self Employed",54507,610,"Andra Pradesh"
CU001903,58,Female,"Self Employed",31123,671,Maharashtra
CU002412,39,Male,Salaried,21459,820,Gujarat
CU001714,35,Male,"Self Employed",47831,722,Gujarat
CU000401,35,Female,"Self Employed",31999,581,Karnataka
CU003881,41,Male,"Self Employed",57471,668,"West Bengal"
CU001540,37,Male,"Self Employed",75721,733,DELHI
CU004430,57,Female,"Self Employed",12134,647,Kerala
CU004117,54,Male,"Self Employed",67146,719,delhi
CU000039,35,Male,Salaried,29925,673,"Tamil Nadu"
CU002293,53,Female,Salaried,34470,533,"Uttar Pradesh"
CU002810,46,Male,"Self Employed",61553,755,"Tamil Nadu"
CU000865,41,Male,Salaried,12000,644,"Andra Pradesh"
CU004468,35,Male,Salaried,22196,562,delhi
CU003838,37,Male,Salaried,45872,692,Kerala
CU003102,52,Female,"Self Employed",63460,729,"Uttar Pradesh"
CU001435,40,Male,Salaried,70777,872,"Tamil Nadu"
CU002441,42,Male,"Self Employed",78544,740,Kerala
CU002434,39,Male,Salaried,60278,644,
CU002376,41,Male,Salaried,28994,678,"Uttar Pradesh"
CU003900,27,Female,"Self Employed",55040,526,Telangana
CU000208,52,Female,Salaried,51854,721,"Uttar Pradesh"
CU004059,26,Male,Salaried,65635,676,DELHI
CU001070,26,Female,"Self Employed",37162,588,Kerala
CU002920,40,Female,Salaried,63552,623,DELHI
CU000670,41,Male,"Self Employed",49505,742,Kerala
CU000852,28,Male,"Self Employed",71508,553,"Uttar Pradesh"
CU001655,52,Male,Salaried,31783,769,Gujarat
CU000699,28,Female,Salaried,31460,761,Karnataka
CU003814,22,Male,"Self Employed",35589,552,DELHI
CU000294,47,Male,"Self Employed",17662,659,"Tamil Nadu"
CU004423,38,Male,Salaried,17012,712,"Andra Pradesh"
CU000895,51,Female,Salaried,62723,653,"Tamil Nadu"
CU003604,33,Male,"Self Employed",56544,744,Karnataka
CU001326,53,Female,Salaried,97840,733,"Tamil Nadu"
CU002298,23,Male,"Self Employed",50480,656,delhi
CU000984,40,Male,"Self Employed",58155,673,"Andra Pradesh"
CU001113,36,Male,"Self Employed",38081,610,Maharashtra
CU000632,55,Female,Salaried,44089,641,Gujarat
CU004256,44,Male,Salaried,68289,665,"Tamil Nadu"
CU004541,47,Male,Salaried,54144,575,"Tamil Nadu"
CU001288,41,Male,Salaried,12000,805,"Tamil Nadu"
CU002377,37,Male,Salaried,34458,826,Maharashtra
CU000199,34,Female,Salaried,49383,671,Maharashtra
CU003348,35,Male,"Self Employed",60501,816,"Tamil Nadu"
CU003207,22,Female,Salaried,78038,758,Telangana
CU002667,41,Male,Salaried,55866,665,"West Bengal"
CU004568,21,Female,"Self Employed",60926,656,Gujarat
CU001443,29,Male,"Self Employed",48756,741,DELHI
CU002272,37,Female,"Self Employed",14666,648,Maharashtra
CU003028,24,Male,"Self Employed",33354,638,Gujarat
CU000524,27,Male,"Self Employed",30565,695,"Andra Pradesh"
CU004465,52,Male,Salaried,59414,861,
CU001935,43,Male,Salaried,51089,669,"West Bengal"
CU003516,62,Male,Salaried,38545,743,"Andra Pradesh"
CU004448,26,Female,Salaried,44862,780,"West Bengal"
CU003734,38,Male,"Self Employed",40263,744,Kerala
CU003858,52,Male,Salaried,74690,900,"West Bengal"
CU002632,34,Male,Salaried,54924,813,"West Bengal"
CU003383,57,Male,"Self Employed",52343,672,Maharashtra
CU003596,23,Female,Salaried,40195,763,Kerala
CU003810,40,Male,Salaried,51365,650,"Andra Pradesh"
CU003252,29,Female,Salaried,37832,509,delhi
CU003693,21,Female,Salaried,44303,651,Maharashtra
CU000822,30,Male,Salaried,12000,722,DELHI
CU003305,25,Male,Salaried,48219,815,"Tamil Nadu"
CU002447,24,Female,"Self Employed",45791,660,Telangana
CU001665,33,Male,"Self Employed",45154,511,"Andra Pradesh"
CU002440,37,Male,Salaried,54001,626,
CU004217,24,Male,"Self Employed",77519,758,Delhi
CU003472,44,Male,Salaried,72306,661,Maharashtra
CU003567,34,Male,"Self Employed",60437,654,"Uttar Pradesh"
CU002086,34,Male,"Self Employed",14348,704,Gujarat
CU002510,45,Male,"Self Employed",71326,418,Telangana
CU002308,46,Female,"Self Employed",68776,620,DELHI
CU003161,46,Male,Salaried,12000,732,Kerala
CU001646,37,Male,Salaried,14346,578,Telangana
CU003417,43,Male,Salaried,52716,553,"Andra Pradesh"
CU003363,41,Male,Salaried,54329,666,"Tamil Nadu"
CU004118,39,Male,Salaried,29154,642,Maharashtra
CU000751,36,Male,Salaried,28900,637,Telangana
CU002597,26,Female,"Self Employed",50191,731,Telangana
CU002571,21,Male,Salaried,29794,679,Gujarat
CU002075,39,Male,"Self Employed",41960,542,DELHI
CU000159,24,Male,"Self Employed",59865,681,"Tamil Nadu"
CU000295,26,Female,"Self Employed",12000,628,Maharashtra
CU003319,42,Female,Salaried,54055,900,
CU000978,45,Male,Salaried,21109,705,"Andra Pradesh"
CU000260,24,Male,Salaried,13140,719,Telangana
CU001762,64,Female,Salaried,68070,784,Karnataka
CU001169,39,Female,Salaried,68245,533,Karnataka
CU002315,47,Male,"Self Employed",81210,650,"Uttar Pradesh"
CU000414,40,Male,Salaried,35523,678,Telangana
CU003119,52,Male,Salaried,16064,575,Gujarat
CU001370,39,Female,Salaried,64343,724,"Uttar Pradesh"
CU003373,56,Female,Salaried,53442,657,"Andra Pradesh"
CU000905,38,Male,"Self Employed",30061,727,"West Bengal"
CU002531,34,Male,"Self Employed",45631,648,"Tamil Nadu"
CU000514,29,Male,"Self Employed",66198,735,Kerala
CU000068,44,Female,Salaried,70553,626,Gujarat
CU002586,54,Male,Salaried,43667,479,Kerala
CU003419,40,Male,"Self Employed",47331,747,"Uttar Pradesh"
CU003483,40,Female,Salaried,45375,726,"Tamil Nadu"
CU003241,32,Male,Salaried,37554,762,Karnataka
CU001727,52,Male,Salaried,39307,550,DELHI
CU002358,32,Male,"Self Employed",33778,657,Gujarat
CU004135,44,Male,Salaried,19569,675,Maharashtra
CU001791,33,Female,Salaried,88714,680,Gujarat
CU003265,42,Male,"Self Employed",39743,774,Maharashtra
CU003371,31,Male,Salaried,54411,653,Maharashtra
CU002174,34,Male,Salaried,25381,610,Maharashtra
CU001937,33,Male,Salaried,29687,730,"Andra Pradesh"
CU002117,38,Female,Salaried,17498,565,"Uttar Pradesh"
CU001398,25,Male,"Self Employed",51602,606,Karnataka
CU001245,38,Male,Salaried,12000,833,Gujarat
CU003333,41,Female,Salaried,81688,769,"Andra Pradesh"
CU000150,50,Male,"Self Employed",59433,578,Gujarat
CU002349,21,Female,"Self Employed",35895,656,Gujarat
CU001193,47,Male,Salaried,72989,586,"West Bengal"
CU000185,39,Male,Salaried,54849,622,Gujarat
CU000888,48,Male,"Self Employed",14248,666,Delhi
CU000921,21,Male,"Self Employed",61895,679,"Andra Pradesh"
CU001819,32,Male,"Self Employed",33145,560,"Tamil Nadu"
CU001488,23,Male,Salaried,16520,696,"West Bengal"
CU003738,43,Male,"Self Employed",47956,452,Delhi
CU002967,29,Male,Salaried,46112,761,Telangana
CU001873,40,Female,"Self Employed",41663,678,Gujarat
CU004287,38,Male,"Self Employed",25791,610,"Tamil Nadu"
CU000668,40,Male,Salaried,51349,650,"Tamil Nadu"
CU002900,48,Male,Salaried,48141,686,"Tamil Nadu"
CU000673,50,Male,Salaried,47807,663,Telangana
CU001909,30,Male,"Self Employed",58138,649,Karnataka
CU002109,63,Male,Salaried,40442,691,Telangana
CU001682,38,Male,Salaried,19288,534,"Andra Pradesh"
CU002232,30,Male,Salaried,58717,656,Gujarat
CU000265,31,Male,"Self Employed",50579,573,Telangana
CU001324,33,Female,Salaried,18099,602,Telangana
CU002505,50,Female,"Self Employed",43849,637,Gujarat
CU000597,34,Male,"Self Employed",51846,819,Telangana
CU000093,41,Male,"Self Employed",30030,786,Gujarat
CU001412,43,Male,Salaried,28005,636,Karnataka
CU004392,32,Female,Salaried,12000,522,Maharashtra
CU001692,42,Male,"Self Employed",65801,588,"Andra Pradesh"
CU003340,39,Male,Salaried,55437,654,Karnataka
CU002251,33,Male,Salaried,12000,735,Maharashtra
CU002396,49,Male,"Self Employed",21436,718,Telangana
CU003733,39,Male,Salaried,49299,766,"Tamil Nadu"
CU003360,45,Female,Salaried,61876,648,Gujarat
CU001085,53,Male,Salaried,43379,547,Karnataka
CU001110,27,Male,Salaried,64125,889,DELHI
CU000635,30,Male,Salaried,60158,664,delhi
CU002883,42,Male,Salaried,69423,775,Kerala
CU003036,54,Male,"Self Employed",12000,491,Maharashtra
CU002233,33,Female,Salaried,44342,733,"Andra Pradesh"
CU002163,25,Male,Salaried,12000,628,"West Bengal"
CU000810,36,Male,Salaried,41371,670,delhi
CU002876,62,Female,Salaried,62129,678,"Andra Pradesh"
CU004303,40,Male,"Self Employed",30319,821,Karnataka
CU003345,33,Male,Salaried,33772,683,Telangana
CU000052,44,Male,Salaried,45911,621,"West Bengal"
CU002354,43,Male,Salaried,42996,699,"Andra Pradesh"
CU004409,39,Male,Salaried,40433,741,Maharashtra
CU002129,26,Male,Salaried,51464,697,"West Bengal"
CU003515,31,Male,"Self Employed",78401,682,"Tamil Nadu"
CU001038,33,Female,Salaried,34304,706,"Uttar Pradesh"
CU004372,39,Male,"Self Employed",66703,645,"West Bengal"
CU002775,36,Male,"Self Employed",16052,557,"Tamil Nadu"
CU000370,33,Male,"Self Employed",26925,709,Karnataka
CU003941,41,Female,"Self Employed",29372,742,"Uttar Pradesh"
CU002714,44,Male,"Self Employed",50891,621,Telangana
CU001483,47,Male,Salaried,22357,672,"Tamil Nadu"
CU001363,36,Female,Salaried,12000,623,Kerala
CU001515,33,Female,Salaried,18977,796,Maharashtra
CU002153,40,Male,"Self Employed",22614,647,"West Bengal"
CU000113,31,Male,Salaried,35257,684,"Andra Pradesh"
CU000169,44,Male,Salaried,64451,614,"Tamil Nadu"
CU002323,46,Male,Salaried,63297,750,Gujarat
CU001600,42,Male,"Self Employed",35973,588,Delhi
CU004019,38,Female,"Self Employed",79216,790,"Uttar Pradesh"
CU003921,42,Female,"Self Employed",49280,523,Karnataka
CU003553,48,Male,"Self Employed",44925,648,Maharashtra
CU003895,59,Male,Salaried,12000,612,"West Bengal"
CU000161,42,Male,"Self Employed",12000,703,Delhi
CU001246,43,Female,"Self Employed",37002,612,Maharashtra
CU001355,31,Male,Salaried,64150,551,"West Bengal"
CU001290,54,Male,Salaried,12000,648,"Uttar Pradesh"
CU000140,33,Male,Salaried,24757,531,delhi
CU001158,43,Female,Salaried,42419,603,"Uttar Pradesh"
CU002895,51,Male,Salaried,46848,652,Telangana
CU001116,38,Male,Salaried,35387,900,"Tamil Nadu"
CU002484,30,Male,"Self Employed",32220,582,"West Bengal"
CU000854,29,Male,Salaried,43251,729,Karnataka
CU003077,49,Female,Salaried,12000,609,delhi
CU004123,35,Male,"Self Employed",35033,676,"Tamil Nadu"
CU002436,43,Female,"Self Employed",61508,524,Telangana
CU004240,24,Female,"Self Employed",57401,606,"Tamil Nadu"
CU002259,47,Male,Salaried,60829,664,Kerala
CU000054,39,Female,Salaried,29149,669,"West Bengal"
CU002706,29,Male,Salaried,76797,615,Karnataka
CU002435,33,Female,Salaried,24170,770,"Uttar Pradesh"
CU004177,30,Male,"Self Employed",67085,524,"West Bengal"
CU002178,39,Male,"Self Employed",65016,609,Telangana
CU002195,43,Male,Salaried,48513,749,Gujarat
CU003646,35,Male,Salaried,27728,635,Maharashtra
CU004203,38,Female,Salaried,37494,695,Kerala
CU000620,22,Male,"Self Employed",49335,581,Kerala
CU000996,55,Male,Salaried,60837,628,Telangana
CU003086,37,Male,Salaried,22420,895,Maharashtra
CU003427,49,Male,"Self Employed",24639,594,Gujarat
CU002842,37,Female,Salaried,55201,628,Delhi
CU003742,21,Male,"Self Employed",35019,521,Karnataka
CU001213,33,Male,Salaried,71561,664,"Uttar Pradesh"
CU003421,33,Male,Salaried,49732,613,Karnataka
CU000168,55,Male,Salaried,59155,629,"Andra Pradesh"
CU002002,21,Male,Salaried,49945,759,delhi
CU003995,24,Male,"Self Employed",34921,614,Karnataka
CU003290,48,Male,Salaried,40513,673,Telangana
CU004406,52,Male,Salaried,73408,771,"Tamil Nadu"
CU004547,53,Female,Salaried,18534,552,Delhi
CU004471,47,Female,Salaried,91776,755,Karnataka
CU002766,41,Male,"Self Employed",57952,724,Karnataka
CU002829,42,Male,"Self Employed",27928,703,Gujarat
CU003612,29,Female,"Self Employed",52896,632,"West Bengal"
CU000516,39,Male,Salaried,24412,558,"Andra Pradesh"
CU004244,46,Male,"Self Employed",67008,842,Karnataka
CU002710,46,Male,Salaried,38587,625,Karnataka
CU000357,47,Male,"Self Employed",31637,639,Gujarat
CU002867,32,Female,"Self Employed",53614,627,Delhi
CU003789,32,Male,"Self Employed",75922,628,Karnataka
CU003984,34,Male,"Self Employed",31900,547,Maharashtra
CU002711,30,Male,Salaried,46700,801,"West Bengal"
CU000530,37,Male,Salaried,56441,674,Telangana
CU003506,36,Male,Salaried,52582,632,delhi
CU000060,25,Male,Salaried,36199,691,"Tamil Nadu"
CU000949,35,Male,"Self Employed",12000,716,"Uttar Pradesh"
CU003226,36,Female,"Self Employed",45384,543,Maharashtra
CU004344,32,Male,Salaried,44764,676,Kerala
CU000282,46,Female,"Self Employed",46636,671,Kerala
CU001184,49,Male,Salaried,29716,758,Telangana
CU001630,40,Female,"Self Employed",33824,651,"Andra Pradesh"
CU002783,26,Female,"Self Employed",49402,523,Gujarat
CU003957,41,Male,Salaried,28919,620,Delhi
CU003892,30,Male,Salaried,37291,695,Telangana
CU004033,30,Male,"Self Employed",42143,691,Maharashtra
CU003837,42,Male,"Self Employed",37132,837,Telangana
CU003445,45,Female,"Self Employed",39273,550,"Uttar Pradesh"
CU000452,46,Female,"Self Employed",62017,667,Telangana
CU001327,38,Male,Salaried,59448,696,"Uttar Pradesh"
CU002733,27,Male,"Self Employed",71664,680,Kerala
CU004071,36,Female,Salaried,54525,615,"Tamil Nadu"
CU001277,36,Female,Salaried,45687,658,Kerala
CU001284,32,Male,Salaried,69868,790,"Andra Pradesh"
CU004359,41,Male,"Self Employed",25187,803,Gujarat
CU004068,23,Male,"Self Employed",55747,740,"Uttar Pradesh"
CU003106,38,Male,Salaried,12000,663,Delhi
CU000806,35,Male,"Self Employed",66303,810,"Andra Pradesh"
CU004401,53,Male,Salaried,61627,689,Kerala
CU001530,51,Male,"Self Employed",50827,682,"West Bengal"
CU002555,52,Female,Salaried,31086,634,"Tamil Nadu"
CU004107,41,Male,Salaried,51790,764,Gujarat
CU003300,35,Male,"Self Employed",54030,703,"West Bengal"
CU000050,38,Male,Salaried,58725,534,"Uttar Pradesh"
CU001571,21,Female,Salaried,48136,565,Kerala
CU002692,45,Female,"Self Employed",49157,675,"West Bengal"
CU001559,43,Male,"Self Employed",12000,741,"Andra Pradesh"
CU003055,32,Male,Salaried,83385,649,"Uttar Pradesh"
CU003790,35,Male,Salaried,47507,625,Delhi
CU000802,34,Female,Salaried,57061,603,"West Bengal"
CU004067,29,Male,"Self Employed",50669,663,DELHI
CU003608,25,Female,Salaried,45226,740,delhi
CU001311,57,Male,"Self Employed",52858,608,Karnataka
CU004005,36,Male,"Self Employed",63046,714,Gujarat
CU002898,40,Female,Salaried,79150,762,"Tamil Nadu"
CU000425,64,Male,"Self Employed",14940,702,Maharashtra
CU004462,33,Male,"Self Employed",55930,688,Gujarat
CU000001,42,Female,Salaried,42234,658,"Tamil Nadu"
CU003229,43,Male,Salaried,31770,614,"West Bengal"
CU004013,29,Male,Salaried,25905,607,Telangana
CU004102,38,Male,"Self Employed",19140,588,Gujarat
CU000977,50,Male,"Self Employed",55884,638,Karnataka
CU002035,21,Female,"Self Employed",54650,644,"Uttar Pradesh"
CU001270,39,Male,Salaried,106965,656,Gujarat
CU000177,50,Male,Salaried,27107,810,"Uttar Pradesh"
CU004158,27,Male,Salaried,50409,681,"Andra Pradesh"
CU003142,45,Male,Salaried,27921,782,Gujarat
CU000513,42,Male,Salaried,34479,636,
CU001287,41,Male,"Self Employed",26787,534,"West Bengal"
CU002968,45,Female,"Self Employed",35867,558,Kerala
CU001463,26,Female,"Self Employed",28523,787,Telangana
CU002410,34,Female,Salaried,74489,716,Kerala
CU001813,38,Female,Salaried,42501,693,Maharashtra
CU001140,32,Male,Salaried,80695,681,Karnataka
CU001856,54,Female,"Self Employed",38584,557,Telangana
CU004379,41,Male,Salaried,50666,545,Gujarat
CU002385,31,Male,"Self Employed",65521,619,"Tamil Nadu"
CU000767,50,Male,Salaried,12000,593,Delhi
CU001349,25,Male,"Self Employed",14349,782,Telangana
CU003525,42,Male,Salaried,38918,599,Telangana
CU001055,46,Male,Salaried,21273,732,"Andra Pradesh"
CU001318,39,Female,Salaried,49989,715,"West Bengal"
CU003985,47,Female,Salaried,45247,637,Maharashtra
CU003125,51,Female,"Self Employed",30725,709,DELHI
CU002579,23,Male,Salaried,45385,677,Gujarat
CU002456,38,Male,"Self Employed",87706,649,Kerala
CU001263,28,Male,"Self Employed",16903,689,"Uttar Pradesh"
CU002357,26,Female,Salaried,39433,630,"West Bengal"
CU002345,45,Male,Salaried,85128,759,"Uttar Pradesh"
CU000533,33,Female,Salaried,12868,837,"Uttar Pradesh"
CU004136,41,Male,Salaried,34174,659,Gujarat
CU000381,45,Male,Salaried,12673,765,"Uttar Pradesh"
CU001867,35,Male,Salaried,56137,617,"Andra Pradesh"
CU004199,45,Male,Salaried,80950,638,Delhi
CU003038,35,Female,"Self Employed",49156,644,"Uttar Pradesh"
CU002682,44,Male,"Self Employed",70902,716,"Tamil Nadu"
CU000931,26,Female,Salaried,63588,668,delhi
CU002627,54,Male,"Self Employed",50029,771,Maharashtra
CU002527,32,Male,Salaried,42590,580,Maharashtra
CU004600,43,Male,"Self Employed",39823,712,Maharashtra
CU002392,43,Female,Salaried,63884,697,Kerala
CU003199,39,Male,Salaried,88551,717,Kerala
CU000626,50,Female,Salaried,12000,627,Kerala
CU002088,45,Male,"Self Employed",70046,782,Gujarat
CU001060,39,Male,Salaried,62414,765,Maharashtra
CU001971,29,Male,"Self Employed",56468,763,Karnataka
CU000081,43,Female,Salaried,75654,742,"Uttar Pradesh"
CU004313,39,Male,Salaried,49531,616,Kerala
CU000074,44,Male,Salaried,46516,619,Karnataka
CU003178,26,Male,Salaried,40750,702,Delhi
CU002881,39,Male,"Self Employed",70137,691,Telangana
CU001253,30,Male,"Self Employed",32923,639,"West Bengal"
CU004280,44,Male,Salaried,29686,654,Telangana
CU003214,21,Male,"Self Employed",20664,604,Karnataka
CU003252,29,Female,Salaried,37832,509,delhi
CU003173,29,Male,"Self Employed",47810,634,DELHI
CU001895,40,Male,"Self Employed",53182,669,"Andra Pradesh"
CU002590,34,Male,"Self Employed",38370,687,"West Bengal"
CU001462,42,Male,"Self Employed",64941,781,Karnataka
CU000508,26,Male,"Self Employed",53790,750,Maharashtra
CU001182,41,Male,Salaried,55687,688,Delhi
CU000215,53,Male,Salaried,62547,698,"West Bengal"
CU000489,31,Male,Salaried,60812,570,DELHI
CU001125,45,Male,Salaried,51511,726,Telangana
CU003955,47,Female,"Self Employed",60676,691,Gujarat
CU001542,35,Male,Salaried,69116,595,Kerala
CU000389,39,Female,Salaried,56029,623,Kerala
CU003934,28,Male,Salaried,20918,584,"Uttar Pradesh"
CU003066,30,Female,Salaried,58397,595,Delhi
CU003296,56,Male,Salaried,57208,650,Telangana
CU002212,39,Male,"Self Employed",80398,761,DELHI
CU001291,35,Male,Salaried,59309,720,Maharashtra
CU002511,25,Male,Salaried,26687,706,Karnataka
CU002451,34,Male,Salaried,57410,638,Gujarat
CU002996,46,Male,"Self Employed",58967,780,Karnataka
CU000862,43,Male,Salaried,43141,658,Maharashtra
CU004434,56,Male,"Self Employed",48028,806,"Andra Pradesh"
CU003902,44,Female,Salaried,33921,745,"West Bengal"
CU002332,32,Male,Salaried,16376,506,Delhi
CU000816,39,Male,Salaried,12000,696,"Tamil Nadu"
CU001087,26,Male,"Self Employed",62741,730,"West Bengal"
CU002921,41,Male,"Self Employed",48353,712,Telangana
CU002639,45,Male,Salaried,48244,666,"Uttar Pradesh"
CU003680,39,Male,Salaried,85694,753,DELHI
CU001577,31,Female,"Self Employed",70727,656,Karnataka
CU002113,25,Male,"Self Employed",38379,720,Gujarat
CU003131,31,Female,Salaried,82157,621,Telangana
CU000612,64,Male,"Self Employed",43090,520,"Andra Pradesh"
CU001280,32,Male,"Self Employed",52166,572,"Uttar Pradesh"
CU000605,35,Male,Salaried,30068,664,Telangana
CU003374,46,Male,Salaried,44107,665,Gujarat
CU002778,42,Male,Salaried,15854,863,Gujarat
CU002223,46,Male,"Self Employed",12000,798,"Uttar Pradesh"
CU000353,41,Female,"Self Employed",39952,653,Delhi
CU003002,36,Male,"Self Employed",37801,657,Gujarat
CU000324,34,Female,Salaried,79539,644,"West Bengal"
CU004311,34,Female,Salaried,42611,635,DELHI
CU003852,35,Male,Salaried,12000,665,Kerala
CU003956,36,Male,Salaried,69206,646,Maharashtra
CU001656,40,Male,Salaried,54707,603,Maharashtra
CU002199,29,Female,"Self Employed",34074,730,Gujarat
CU002083,28,Male,"Self Employed",55336,646,Telangana
CU003328,44,Male,"Self Employed",52350,560,"Tamil Nadu"
CU001406,34,Male,Salaried,55106,727,"Uttar Pradesh"
CU003952,37,Male,"Self Employed",54153,784,Kerala
CU001700,34,Female,"Self Employed",33420,599,Kerala
CU001706,34,Male,Salaried,27169,686,Maharashtra
CU002914,47,Male,Salaried,41505,567,"Uttar Pradesh"
CU002068,25,Male,"Self Employed",46317,829,"Andra Pradesh"
CU000623,50,Male,Salaried,34736,786,Karnataka
CU002993,33,Male,Salaried,91240,730,Gujarat
CU003688,27,Female,Salaried,93976,649,Kerala
CU004223,43,Male,"Self Employed",31581,807,Maharashtra
CU002439,47,Male,Salaried,15963,802,Maharashtra
CU001832,47,Male,Salaried,57269,677,"Tamil Nadu"
CU001275,29,Male,Salaried,48523,683,Karnataka
CU002208,36,Male,Salaried,45684,603,"Uttar Pradesh"
CU003130,31,Male,"Self Employed",56134,735,"Tamil Nadu"
CU000164,30,Male,Salaried,26535,558,Maharashtra
CU001754,28,Female,"Self Employed",14939,769,Delhi
CU002048,33,Female,Salaried,44301,598,Telangana
CU002247,48,Male,Salaried,39490,692,Maharashtra
CU003942,32,Male,"Self Employed",12000,591,Telangana
CU000143,21,Female,Salaried,43914,846,"Uttar Pradesh"
CU000023,38,Male,"Self Employed",40308,649,Telangana
CU001771,22,Male,Salaried,42551,534,"Uttar Pradesh"
CU001006,35,Male,Salaried,38096,724,Karnataka
CU003279,43,Female,Salaried,79880,590,Karnataka
CU002655,21,Male,Salaried,38404,543,Maharashtra
CU001344,37,Female,Salaried,44668,741,"Andra Pradesh"
CU000385,39,Male,Salaried,65020,621,"Uttar Pradesh"
CU000889,33,Male,Salaried,47262,645,Telangana
CU003927,47,Male,"Self Employed",45348,813,"West Bengal"
CU001086,24,Male,"Self Employed",52792,480,"Tamil Nadu"
CU003973,63,Female,Salaried,47893,794,Gujarat
CU000532,36,Male,"Self Employed",42370,754,Karnataka
CU003288,33,Male,Salaried,66647,825,Kerala
CU001854,40,Male,"Self Employed",27360,550,Gujarat
CU001936,40,Male,Salaried,25467,694,Gujarat
CU003154,31,Male,Salaried,47829,668,"Uttar Pradesh"
CU001076,40,Male,Salaried,66930,482,Gujarat
CU004571,22,Female,Salaried,58226,845,Karnataka
CU002689,29,Female,"Self Employed",47861,467,Kerala
CU001933,41,Male,Salaried,42432,652,Gujarat
CU002768,22,Male,Salaried,12000,667,Karnataka
CU002439,47,Male,Salaried,15963,802,Maharashtra
CU002984,41,Female,Salaried,58923,812,"Uttar Pradesh"
CU002187,42,Female,"Self Employed",49193,520,Karnataka
CU001149,50,Female,"Self Employed",29419,787,"Tamil Nadu"
CU000787,24,Female,"Self Employed",36695,663,Gujarat
CU001586,35,Male,"Self Employed",23905,673,Gujarat
CU003167,41,Male,"Self Employed",68741,683,"Andra Pradesh"
CU000267,38,Male,Salaried,42059,629,"Andra Pradesh"
CU004520,43,Female,"Self Employed",46235,674,"Uttar Pradesh"
CU000361,58,Male,"Self Employed",23649,682,"Andra Pradesh"
CU001461,42,Male,Salaried,30941,658,Karnataka
CU000953,21,Male,Salaried,34079,769,"Andra Pradesh"
CU003361,38,Male,"Self Employed",32029,597,Karnataka
CU004560,51,Male,"Self Employed",44281,587,Kerala
CU003244,34,Male,"Self Employed",42877,637,"Tamil Nadu"
CU002700,21,Female,"Self Employed",43454,893,Kerala
CU003774,44,Male,Salaried,58036,721,"Uttar Pradesh"
CU001956,39,Male,Salaried,68344,822,"Uttar Pradesh"
CU003770,43,Female,Salaried,34055,841,"Tamil Nadu"
CU002177,31,Male,"Self Employed",38890,626,Gujarat
CU001314,25,Male,"Self Employed",22718,623,"West Bengal"
CU003931,49,Female,Salaried,54033,647,Maharashtra
CU001332,34,Male,Salaried,50285,676,Telangana
CU001843,42,Male,Salaried,33455,879,Gujarat
CU002209,33,Female,Salaried,16835,581,DELHI
CU003666,46,Male,Salaried,12000,547,Gujarat
CU003406,30,Male,Salaried,87854,809,Kerala
CU001379,29,Male,Salaried,62139,663,"Tamil Nadu"
CU004513,33,Female,Salaried,35419,680,"Uttar Pradesh"
CU000981,32,Male,Salaried,35827,607,DELHI
CU002101,39,Female,Salaried,75368,734,"Andra Pradesh"
CU000287,27,Male,Salaried,38895,685,Karnataka
CU003611,29,Male,"Self Employed",16142,590,Maharashtra
CU003089,50,Male,Salaried,33311,775,"West Bengal"
CU004176,25,Male,Salaried,53928,670,Kerala
CU004268,39,Male,Salaried,22126,642,Karnataka
CU001155,31,Male,"Self Employed",63208,545,Karnataka
CU001080,48,Male,Salaried,37286,719,
CU003009,29,Female,Salaried,54124,813,Karnataka
CU003870,34,Male,"Self Employed",67455,739,"Andra Pradesh"
CU003636,38,Female,"Self Employed",67184,625,Kerala
CU003372,21,Female,Salaried,63719,778,Kerala
CU002192,26,Male,Salaried,64757,721,"Andra Pradesh"
CU000212,31,Male,Salaried,35953,461,Maharashtra
CU004042,48,Male,"Self Employed",34665,659,Kerala
CU000275,43,Male,Salaried,26586,669,Maharashtra
CU003707,32,Male,"Self Employed",46058,672,Kerala
CU000089,21,Female,"Self Employed",72077,669,Delhi
CU002799,39,Male,"Self Employed",15641,764,delhi
CU002325,49,Female,Salaried,48556,605,Kerala
CU000299,37,Male,Salaried,26334,664,Maharashtra
CU002546,28,Male,Salaried,84038,687,"Uttar Pradesh"
CU000568,44,Male,Salaried,32513,663,Gujarat
CU004234,50,Male,"Self Employed",67245,584,Maharashtra
CU000316,31,Female,Salaried,69765,681,Karnataka
CU004154,32,Male,"Self Employed",49576,801,"Tamil Nadu"
CU002152,42,Male,"Self Employed",42194,649,Telangana
CU003289,41,Female,Salaried,29670,527,Kerala
CU003118,29,Male,Salaried,47865,611,Karnataka
CU003980,43,Female,"Self Employed",31990,792,Telangana
CU002975,54,Male,Salaried,47145,543,"Uttar Pradesh"
CU001276,40,Male,Salaried,33062,529,delhi
CU002414,37,Male,"Self Employed",12000,824,"Uttar Pradesh"
CU002753,54,Male,"Self Employed",56215,636,Telangana
CU000529,41,Male,"Self Employed",18470,659,"Tamil Nadu"
CU004484,29,Female,Salaried,36592,769,Telangana
CU000309,51,Male,Salaried,56124,622,Gujarat
CU001506,26,Male,Salaried,63936,684,"Tamil Nadu"
CU002497,32,Male,Salaried,14800,650,Karnataka
CU001375,52,Female,Salaried,38698,725,"Tamil Nadu"
CU002620,33,Female,Salaried,32069,756,
CU001135,43,Male,Salaried,33174,772,Gujarat
CU003221,39,Male,Salaried,84704,643,Kerala
CU001319,62,Male,"Self Employed",39497,651,"Uttar Pradesh"
CU002648,26,Female,"Self Employed",37948,743,"Uttar Pradesh"
CU000834,40,Female,Salaried,31597,785,"Andra Pradesh"
CU002990,44,Male,Salaried,60993,627,"West Bengal"
CU002111,43,Male,"Self Employed",45130,820,Gujarat
CU001683,41,Male,"Self Employed",48329,643,Gujarat
CU003035,45,Male,"Self Employed",85383,678,Karnataka
CU002288,45,Male,Salaried,54840,578,"Tamil Nadu"
CU002381,40,Female,"Self Employed",23593,741,Karnataka
CU004366,40,Female,Salaried,64201,706,Kerala
CU002005,28,Male,"Self Employed",36731,764,Telangana
CU003988,50,Male,"Self Employed",41588,716,Delhi
CU002617,42,Female,Salaried,21376,670,Kerala
CU001167,21,Female,Salaried,33773,655,"Andra Pradesh"
CU000630,51,Female,Salaried,47825,488,Maharashtra
CU004185,25,Male,Salaried,41971,692,"Uttar Pradesh"
CU000728,36,Male,Salaried,59121,658,Gujarat
CU004002,48,Male,"Self Employed",72814,651,DELHI
CU002141,48,Male,Salaried,68371,580,"Uttar Pradesh"
CU002872,29,Male,Salaried,33315,900,Telangana
CU001862,40,Female,Salaried,12000,681,"Uttar Pradesh"
CU001223,49,Female,Salaried,12000,716,Kerala
CU004101,27,Male,Salaried,30857,827,Maharashtra
CU002509,31,Female,Salaried,17109,652,DELHI
CU003425,41,Male,"Self Employed",34733,658,Maharashtra
CU002788,41,Male,Salaried,12000,672,Telangana
CU001983,21,Male,"Self Employed",16555,734,delhi
CU002104,34,Male,Salaried,48742,714,"West Bengal"
CU000372,35,Male,"Self Employed",62425,558,Karnataka
CU002971,21,Male,"Self Employed",28618,733,DELHI
CU002132,41,Male,"Self Employed",63676,725,Gujarat
CU004498,40,Male,"Self Employed",42231,597,Karnataka
CU002476,44,Female,Salaried,19206,792,Kerala
CU002745,25,Male,"Self Employed",22160,671,"Tamil Nadu"
CU000240,41,Male,Salaried,86767,667,Karnataka
CU001430,34,Male,Salaried,52824,732,"Andra Pradesh"
CU001979,45,Male,Salaried,53961,817,Maharashtra
CU002450,35,Male,"Self Employed",27810,741,"Andra Pradesh"
CU002203,44,Male,Salaried,12847,722,"West Bengal"
CU000619,57,Male,"Self Employed",77519,706,"West Bengal"
CU002382,34,Male,"Self Employed",12000,739,Gujarat
CU001091,46,Male,Salaried,28038,518,"Andra Pradesh"
CU000296,21,Male,Salaried,34075,715,Telangana
CU000431,43,Male,"Self Employed",57904,662,Gujarat
CU000280,24,Male,"Self Employed",12000,725,Gujarat
CU002630,40,Male,Salaried,32919,699,Gujarat
CU000950,45,Male,"Self Employed",56828,741,Gujarat
CU003352,33,Male,Salaried,29617,595,
CU000028,45,Male,"Self Employed",73055,553,Kerala
CU000117,30,Male,Salaried,12000,703,Karnataka
CU003015,40,Female,Salaried,78502,864,"West Bengal"
CU002767,48,Male,"Self Employed",49030,741,"Tamil Nadu"
CU003468,42,Male,"Self Employed",67241,830,"Andra Pradesh"
CU000723,34,Male,"Self Employed",53328,675,"Andra Pradesh"
CU000970,44,Male,"Self Employed",12000,611,"Uttar Pradesh"
CU003526,35,Male,Salaried,71855,655,Gujarat
CU002747,21,Male,Salaried,55107,605,Delhi
CU003025,28,Male,"Self Employed",48855,691,delhi
CU003152,39,Male,Salaried,31644,482,delhi
CU003387,41,Male,"Self Employed",82676,637,"Tamil Nadu"
CU004435,45,Male,Salaried,12000,519,"Uttar Pradesh"
CU000951,41,Female,Salaried,28507,626,"West Bengal"
CU001212,36,Male,Salaried,85717,722,Gujarat
CU001429,40,Male,Salaried,12000,687,"West Bengal"
CU000427,40,Male,"Self Employed",38136,713,Gujarat
CU004567,29,Male,"Self Employed",30460,612,"Tamil Nadu"
CU000176,33,Male,Salaried,49442,636,DELHI
CU001924,45,Male,Salaried,53704,613,Gujarat
CU004464,44,Female,Salaried,91928,739,Maharashtra
CU000594,52,Female,Salaried,84251,680,Gujarat
CU003396,49,Male,Salaried,12000,669,Kerala
CU003914,29,Female,Salaried,12000,591,Gujarat
CU000405,32,Male,Salaried,46856,793,Telangana
CU004258,34,Male,Salaried,68737,801,Kerala
CU003823,46,Male,"Self Employed",27665,789,"West Bengal"
CU000825,27,Male,"Self Employed",21555,708,"Tamil Nadu"
CU002543,46,Male,"Self Employed",34225,671,"Tamil Nadu"
CU002848,37,Male,Salaried,41938,717,Delhi
CU002168,27,Female,"Self Employed",23586,609,Telangana
CU000848,43,Male,Salaried,47860,756,"Tamil Nadu"
CU002791,42,Male,"Self Employed",79962,831,Maharashtra
CU003648,24,Male,Salaried,34627,726,Gujarat
CU004045,45,Female,"Self Employed",71475,668,Delhi
CU002936,38,Male,"Self Employed",37182,698,"Andra Pradesh"
CU004505,53,Male,Salaried,33769,667,"Andra Pradesh"
CU001712,57,Male,Salaried,101484,648,Gujarat
CU004275,27,Male,Salaried,36708,660,Gujarat
CU001789,52,Male,Salaried,12000,531,Gujarat
CU004201,46,Female,"Self Employed",92940,637,Karnataka
CU004017,42,Male,Salaried,28533,727,"Uttar Pradesh"
CU002292,37,Male,Salaried,67610,682,"Uttar Pradesh"
CU001371,34,Male,Salaried,59836,643,Maharashtra
CU003798,33,Male,Salaried,37420,752,DELHI
CU003299,27,Female,"Self Employed",47932,674,"Uttar Pradesh"
CU002146,58,Female,"Self Employed",55616,583,delhi
CU000410,49,Male,Salaried,22885,660,Maharashtra
CU002061,43,Male,"Self Employed",20008,809,"Andra Pradesh"
CU004432,46,Male,Salaried,44891,785,Telangana
CU003853,38,Male,Salaried,49838,539,Telangana
CU002453,41,Female,"Self Employed",72324,778,delhi
CU003247,51,Male,"Self Employed",34404,617,"West Bengal"
CU003268,65,Male,Salaried,67866,773,"Tamil Nadu"
CU004294,46,Male,Salaried,50018,712,"Andra Pradesh"
CU003381,40,Male,"Self Employed",47233,581,Maharashtra
CU001842,32,Female,"Self Employed",31832,626,"Tamil Nadu"
CU000952,58,Male,Salaried,31550,700,"Andra Pradesh"
CU001305,43,Female,Salaried,62162,639,"Tamil Nadu"
CU001210,63,Male,"Self Employed",23887,648,Telangana
CU002392,43,Female,Salaried,63884,697,Kerala
CU000475,29,Female,Salaried,19848,768,delhi
CU003502,49,Female,Salaried,54492,684,Gujarat
CU000216,21,Male,Salaried,24967,654,"West Bengal"
CU000657,43,Male,Salaried,18290,777,"West Bengal"
CU003236,33,Female,"Self Employed",44388,700,"West Bengal"
CU001584,31,Male,Salaried,62479,687,"West Bengal"
CU002286,35,Male,Salaried,69946,692,"West Bengal"
CU001635,45,Male,Salaried,46996,698,"Tamil Nadu"
CU002037,37,Male,"Self Employed",47786,650,Gujarat
CU000539,46,Male,Salaried,62745,741,"Andra Pradesh"
CU001131,43,Male,Salaried,81028,668,"Andra Pradesh"
CU003039,27,Male,"Self Employed",29308,735,"Uttar Pradesh"
CU003353,21,Female,"Self Employed",46389,628,"Andra Pradesh"
CU002064,38,Female,Salaried,47412,773,Kerala
CU003057,34,Female,Salaried,26706,515,Karnataka
CU000965,51,Male,"Self Employed",23278,598,Maharashtra
CU002923,27,Female,"Self Employed",25444,675,"Tamil Nadu"
CU000497,32,Male,"Self Employed",43369,619,
CU000312,21,Male,Salaried,40574,655,Gujarat
CU000132,32,Male,"Self Employed",39602,591,Delhi
CU000252,48,Male,Salaried,64635,650,Kerala
CU004029,25,Male,Salaried,44330,799,Gujarat
CU001315,28,Female,Salaried,34040,651,"Uttar Pradesh"
CU004297,37,Male,"Self Employed",51633,683,Karnataka
CU002185,44,Male,Salaried,84713,691,"Andra Pradesh"
CU000648,35,Male,"Self Employed",12000,704,Maharashtra
CU000595,48,Male,Salaried,71829,790,Delhi
CU000909,33,Female,Salaried,25675,679,"West Bengal"
CU002633,45,Male,"Self Employed",61190,706,"West Bengal"
CU000811,47,Male,Salaried,79063,624,"Andra Pradesh"
CU000248,47,Male,"Self Employed",56948,743,"Uttar Pradesh"
CU000279,39,Female,"Self Employed",41950,609,Kerala
CU002408,30,Male,Salaried,33561,753,"West Bengal"
CU000030,32,Male,Salaried,13986,686,Telangana
CU001120,37,Male,"Self Employed",47991,688,Gujarat
CU003364,48,Female,"Self Employed",36323,697,"West Bengal"
CU001732,34,Female,Salaried,29397,746,"Uttar Pradesh"
CU003475,40,Female,"Self Employed",55232,536,"Tamil Nadu"
CU003312,44,Female,"Self Employed",47518,725,"West Bengal"
CU002399,36,Male,"Self Employed",29466,664,Kerala
CU003478,38,Female,"Self Employed",41993,625,Karnataka
CU003726,38,Male,"Self Employed",21090,736,Telangana
CU002793,21,Male,"Self Employed",77140,659,"Uttar Pradesh"
CU003170,22,Male,Salaried,15201,566,Telangana
CU002076,32,Female,"Self Employed",61402,637,"Andra Pradesh"
CU001878,49,Male,Salaried,70493,577,Karnataka
CU000148,48,Male,"Self Employed",38146,646,Maharashtra
CU000660,21,Female,Salaried,69005,638,delhi
CU003896,56,Male,Salaried,68375,684,"Andra Pradesh"
CU001975,58,Male,Salaried,84841,742,"Uttar Pradesh"
CU003744,44,Male,Salaried,54093,729,Karnataka
CU000571,30,Female,Salaried,46639,743,Karnataka
CU003574,48,Female,"Self Employed",25831,628,Telangana
CU000047,24,Female,"Self Employed",26243,726,"Tamil Nadu"
CU000650,39,Male,"Self Employed",55869,697,Kerala
CU001887,34,Female,"Self Employed",63041,718,Gujarat
CU000869,43,Male,Salaried,34035,853,"West Bengal"
CU003540,65,Male,Salaried,73241,637,Kerala
CU000891,51,Female,Salaried,40513,757,"Uttar Pradesh"
CU001321,21,Male,"Self Employed",36503,551,"Andra Pradesh"
CU003537,42,Male,Salaried,14836,844,"Tamil Nadu"
CU003100,43,Female,Salaried,68259,666,Delhi
CU004109,38,Male,"Self Employed",44946,633,"Tamil Nadu"
CU000828,34,Female,"Self Employed",41713,699,"West Bengal"
CU003070,56,Male,"Self Employed",33226,633,Kerala
CU003819,30,Male,Salaried,33426,742,"Tamil Nadu"
CU003518,45,Male,Salaried,41466,751,Karnataka
CU004315,34,Male,"Self Employed",34088,729,"West Bengal"
CU001663,47,Male,"Self Employed",59086,581,Maharashtra
CU002024,21,Female,"Self Employed",61603,713,Maharashtra
CU000034,45,Male,Salaried,55438,706,Maharashtra
CU001844,24,Female,"Self Employed",38564,677,Delhi
CU001417,35,Female,Salaried,16860,689,"West Bengal"
CU001058,36,Male,"Self Employed",12000,632,"West Bengal"
CU000598,46,Female,"Self Employed",45870,730,"Uttar Pradesh"
CU003059,49,Male,Salaried,55037,633,"West Bengal"
CU000861,35,Male,"Self Employed",19419,876,Kerala
CU000010,39,Male,Salaried,42687,652,"West Bengal"
CU002139,43,Female,"Self Employed",31937,588,"West Bengal"
CU003994,30,Female,Salaried,26968,610,Karnataka
CU001985,50,Female,"Self Employed",85271,542,"Uttar Pradesh"
CU000790,38,Male,"Self Employed",28313,748,Kerala
CU002311,35,Male,"Self Employed",67444,696,Karnataka
CU002760,33,Male,Salaried,72187,557,Kerala
CU002880,24,Female,"Self Employed",106931,682,"Uttar Pradesh"
CU003224,32,Female,Salaried,55905,759,"Andra Pradesh"
CU002197,36,Male,"Self Employed",76982,643,"Andra Pradesh"
CU000849,44,Male,Salaried,56651,644,Karnataka
CU001244,23,Male,"Self Employed",19637,664,Kerala
CU003954,31,Female,"Self Employed",32662,756,Kerala
CU004446,25,Female,Salaried,38500,787,Telangana
CU002407,52,Male,"Self Employed",12000,754,Maharashtra
CU003046,45,Male,"Self Employed",39912,746,Karnataka
CU004357,39,Male,Salaried,33906,727,"Andra Pradesh"
CU003461,28,Female,"Self Employed",51469,628,Maharashtra
CU000235,53,Male,Salaried,62004,651,Maharashtra
CU003691,26,Male,"Self Employed",27312,593,Gujarat
CU002372,43,Female,Salaried,14789,618,"West Bengal"
CU000003,33,Male,Salaried,55851,701,Delhi
CU003079,21,Male,"Self Employed",52720,728,"Andra Pradesh"
CU004522,21,Female,Salaried,30004,870,Kerala
CU000634,26,Female,Salaried,34293,712,Telangana
CU001756,34,Male,"Self Employed",32632,608,Kerala
CU001477,41,Male,"Self Employed",54840,753,"West Bengal"
CU003322,46,Female,Salaried,31766,577,"Andra Pradesh"
CU002864,50,Male,"Self Employed",41945,723,Telangana
CU001241,62,Male,Salaried,45920,561,Maharashtra
CU001419,47,Male,Salaried,68637,790,Kerala
CU000939,24,Female,"Self Employed",13042,623,Gujarat
CU000396,37,Female,Salaried,30831,543,"Tamil Nadu"
CU004396,36,Male,"Self Employed",12000,787,DELHI
CU000715,49,Female,Salaried,47685,602,"Andra Pradesh"
CU002552,37,Male,"Self Employed",67815,706,Kerala
CU001758,51,Female,"Self Employed",34421,749,Gujarat
CU004591,35,Female,Salaried,58385,582,"Andra Pradesh"
CU002432,41,Male,Salaried,58223,725,Gujarat
CU001619,40,Male,Salaried,13860,721,"Uttar Pradesh"
CU003954,31,Female,"Self Employed",32662,756,Kerala
CU001941,26,Male,Salaried,57857,589,"Tamil Nadu"
CU002569,31,Male,"Self Employed",67232,540,Delhi
CU003794,44,Male,"Self Employed",17800,716,DELHI
CU001780,49,Male,Salaried,60140,657,Gujarat
CU004121,45,Female,Salaried,25787,760,Karnataka
CU003435,42,Male,Salaried,51264,554,"Uttar Pradesh"
CU001230,36,Male,Salaried,26200,722,"Tamil Nadu"
CU004022,31,Male,Salaried,63063,498,DELHI
CU002725,45,Male,Salaried,47469,689,Maharashtra
CU000760,32,Male,"Self Employed",75603,739,Telangana
CU001812,54,Female,Salaried,41798,658,Kerala
CU004394,44,Male,Salaried,36495,755,Gujarat
CU001368,21,Male,"Self Employed",24931,650,"Tamil Nadu"
CU002238,37,Male,"Self Employed",47429,708,"Uttar Pradesh"
CU001734,49,Male,"Self Employed",31904,634,"Tamil Nadu"
CU003566,52,Male,"Self Employed",45759,692,Telangana
CU000664,39,Male,Salaried,57204,694,"West Bengal"
CU003064,28,Female,Salaried,75130,614,"West Bengal"
CU004342,52,Male,Salaried,68551,762,Gujarat
CU002623,47,Male,Salaried,54825,553,Maharashtra
CU001394,38,Male,Salaried,86156,550,Delhi
CU002364,24,Male,"Self Employed",42007,559,Maharashtra
CU000743,44,Male,Salaried,47523,619,Maharashtra
CU003933,50,Male,Salaried,32259,712,"Andra Pradesh"
CU004496,30,Male,Salaried,86563,631,delhi
CU004298,33,Male,Salaried,14045,711,"West Bengal"
CU002835,51,Male,"Self Employed",12000,672,"West Bengal"
CU001513,37,Female,Salaried,23506,702,Gujarat
CU002406,46,Male,"Self Employed",41268,875,Kerala
CU003010,21,Female,"Self Employed",47221,523,"Uttar Pradesh"
CU000027,36,Male,Salaried,51030,782,DELHI
CU000763,36,Male,"Self Employed",37866,684,Gujarat
CU003349,33,Female,Salaried,59740,538,Delhi
CU004479,40,Female,"Self Employed",12000,518,"West Bengal"
CU002305,29,Male,"Self Employed",19654,715,Karnataka
CU004086,36,Male,Salaried,38842,742,"West Bengal"
CU003169,46,Male,"Self Employed",63303,659,Kerala
CU003438,39,Female,"Self Employed",42570,602,"Andra Pradesh"
CU003261,45,Female,"Self Employed",29907,674,Maharashtra
CU003262,32,Male,Salaried,57578,668,"Andra Pradesh"
CU000967,21,Male,"Self Employed",12000,630,DELHI
CU001601,29,Male,Salaried,19247,597,Delhi
CU001973,34,Male,Salaried,21907,670,Maharashtra
CU003315,49,Male,"Self Employed",58905,584,Telangana
CU003442,35,Male,Salaried,28923,732,"Tamil Nadu"
CU000683,38,Male,"Self Employed",36770,671,"West Bengal"
CU002737,31,Female,"Self Employed",29836,659,Maharashtra
CU004375,30,Male,Salaried,46522,580,"Uttar Pradesh"
CU000864,45,Male,Salaried,32835,712,Delhi
CU002547,49,Male,Salaried,55139,652,Maharashtra
CU002090,34,Male,Salaried,48804,645,Telangana
CU000992,57,Male,Salaried,52404,732,"Uttar Pradesh"
CU000915,21,Male,"Self Employed",56423,701,DELHI
CU004261,50,Male,Salaried,55682,531,Gujarat
CU000186,32,Male,Salaried,32252,787,"Andra Pradesh"
CU001765,37,Male,"Self Employed",61375,593,Gujarat
CU000923,40,Male,Salaried,45171,625,Telangana
CU004043,52,Male,Salaried,39417,743,"Andra Pradesh"
CU000075,47,Male,Salaried,42058,717,"Uttar Pradesh"
CU003557,42,Male,Salaried,36872,816,"Andra Pradesh"
CU001620,28,Female,Salaried,29549,674,"Tamil Nadu"
CU001831,37,Male,Salaried,46858,705,DELHI
CU003323,41,Male,"Self Employed",43456,728,"West Bengal"
CU002485,41,Male,Salaried,56422,610,Gujarat
CU003149,35,Male,"Self Employed",22291,781,"Andra Pradesh"
CU000741,60,Female,"Self Employed",36912,697,"Andra Pradesh"
CU004105,30,Male,Salaried,42716,742,"Andra Pradesh"
CU000972,33,Male,Salaried,67993,706,"Tamil Nadu"
CU002565,21,Male,"Self Employed",59542,732,Telangana
CU000820,46,Male,"Self Employed",25492,797,Karnataka
CU003869,36,Male,Salaried,51533,724,"Uttar Pradesh"
CU001117,37,Male,Salaried,16915,830,Maharashtra
CU001710,39,Male,Salaried,35822,588,Maharashtra
CU000157,32,Female,Salaried,52982,690,"Andra Pradesh"
CU002804,55,Male,Salaried,21620,516,Karnataka
CU002468,41,Female,"Self Employed",16500,592,Kerala
CU000832,38,Male,Salaried,37343,668,"Uttar Pradesh"
CU001359,33,Male,Salaried,18908,681,"Tamil Nadu"
CU002826,22,Male,Salaried,65497,590,Telangana
CU000503,29,Female,Salaried,55450,738,delhi
CU002365,37,Male,"Self Employed",38433,675,"West Bengal"
CU002599,33,Male,Salaried,46477,624,Maharashtra
CU003141,37,Female,"Self Employed",19061,619,"Andra Pradesh"
CU000990,29,Male,"Self Employed",59849,622,Maharashtra
CU000924,43,Male,Salaried,73701,648,
CU002398,30,Male,Salaried,49133,668,"West Bengal"
CU002045,32,Male,"Self Employed",57798,744,"Tamil Nadu"
CU001981,48,Female,Salaried,38529,825,DELHI
CU000250,38,Male,Salaried,76890,603,Kerala
CU001057,51,Male,Salaried,31926,741,Kerala
CU002684,56,Male,"Self Employed",28228,562,Telangana
CU001347,45,Male,Salaried,53969,665,"Tamil Nadu"
CU004249,48,Female,Salaried,36816,602,DELHI
CU002367,50,Female,"Self Employed",50638,807,"Uttar Pradesh"
CU003871,32,Male,Salaried,26511,774,Kerala
CU002592,30,Male,Salaried,26746,654,Delhi
CU003654,36,Male,"Self Employed",27416,667,"West Bengal"
CU000356,49,Female,"Self Employed",47265,550,Maharashtra
CU000745,46,Male,Salaried,49156,625,"Andra Pradesh"
CU003098,36,Male,Salaried,18432,694,Gujarat
CU002542,32,Male,"Self Employed",47028,612,Kerala
CU003013,57,Male,"Self Employed",46109,654,"West Bengal"
CU000845,27,Female,Salaried,15461,765,Maharashtra
CU000724,28,Male,Salaried,48922,598,Gujarat
CU002229,33,Male,"Self Employed",55313,825,Kerala
CU001977,25,Male,Salaried,20409,649,"Tamil Nadu"
CU002956,45,Male,"Self Employed",34506,748,Telangana
CU002215,45,Male,Salaried,57377,565,Gujarat
CU000393,34,Female,Salaried,29956,511,Gujarat
CU001747,21,Male,Salaried,46658,642,"West Bengal"
CU003293,49,Male,Salaried,48932,711,"Uttar Pradesh"
CU003752,54,Male,Salaried,65026,671,Kerala
CU001259,37,Male,"Self Employed",25471,675,Kerala
CU002989,23,Female,Salaried,52039,574,Telangana
CU003107,44,Male,"Self Employed",51795,723,"West Bengal"
CU000086,32,Male,Salaried,51835,848,Kerala
CU000747,40,Female,"Self Employed",72690,721,Kerala
CU001181,40,Male,"Self Employed",59661,509,Gujarat
CU003885,56,Male,Salaried,59141,695,"West Bengal"
CU001316,22,Male,"Self Employed",43825,720,Gujarat
CU002091,46,Male,Salaried,75492,551,Kerala
CU001102,37,Male,"Self Employed",59581,711,"Uttar Pradesh"
CU000913,41,Male,Salaried,50271,465,"Uttar Pradesh"
CU003436,39,Male,"Self Employed",27150,764,Maharashtra
CU000963,31,Male,Salaried,43778,698,Kerala
CU000555,35,Male,Salaried,38830,556,DELHI
CU000266,41,Female,"Self Employed",41294,668,Delhi
CU003030,43,Male,"Self Employed",45400,583,"West Bengal"
CU002429,33,Male,Salaried,41613,799,"Tamil Nadu"
CU003052,44,Male,"Self Employed",48818,689,Kerala
CU004535,36,Male,Salaried,57777,730,"Andra Pradesh"
CU003087,45,Male,Salaried,48772,785,"West Bengal"
CU002558,57,Male,"Self Employed",20489,692,"West Bengal"
CU003140,32,Male,"Self Employed",50232,702,"Tamil Nadu"
CU000107,43,Male,Salaried,51225,668,"West Bengal"
CU003603,49,Male,"Self Employed",81346,589,Maharashtra
CU002008,36,Male,"Self Employed",55727,529,"Andra Pradesh"
CU000438,45,Female,Salaried,44469,600,DELHI
CU001801,32,Male,Salaried,37228,900,Maharashtra
CU002236,34,Male,"Self Employed",29787,731,Maharashtra
CU003544,36,Female,Salaried,58364,778,"West Bengal"
CU003063,30,Male,"Self Employed",25791,607,"Tamil Nadu"
CU002213,44,Male,Salaried,52128,672,Maharashtra
CU002442,43,Female,"Self Employed",67089,668,Delhi
CU004519,22,Female,Salaried,53498,785,Gujarat
CU000171,39,Female,"Self Employed",18293,730,Karnataka
CU004096,45,Female,"Self Employed",33524,858,DELHI
CU004381,46,Male,Salaried,53961,727,Maharashtra
CU001986,32,Female,Salaried,32779,751,"Tamil Nadu"
CU002123,33,Male,"Self Employed",65934,668,Karnataka
CU003402,48,Female,"Self Employed",38860,732,Gujarat
CU001677,46,Female,Salaried,22734,611,Maharashtra
CU003731,46,Male,"Self Employed",56325,633,Karnataka
CU001128,21,Male,Salaried,60892,767,"West Bengal"
CU004456,34,Female,Salaried,31747,665,Karnataka
CU004134,27,Male,Salaried,12000,577,"Uttar Pradesh"
CU002059,45,Male,"Self Employed",30354,774,"Uttar Pradesh"
CU003712,36,Male,Salaried,18765,724,Gujarat
CU002905,51,Female,Salaried,45359,467,"Uttar Pradesh"
CU000827,43,Male,"Self Employed",36751,680,Telangana
CU004169,42,Male,"Self Employed",64922,603,Karnataka
CU004599,34,Male,"Self Employed",85610,595,"West Bengal"
CU000285,38,Male,"Self Employed",44817,677,"Uttar Pradesh"
CU000096,21,Male,Salaried,39611,744,Telangana
CU004436,29,Male,Salaried,39251,653,Karnataka
CU002665,43,Male,"Self Employed",41547,625,Telangana
CU003443,51,Male,"Self Employed",20461,592,Kerala
CU003830,49,Male,Salaried,54100,844,"Uttar Pradesh"
CU004562,47,Female,Salaried,77103,751,Delhi
CU002650,35,Male,"Self Employed",59004,594,Karnataka
CU003198,29,Male,"Self Employed",61555,752,Kerala
CU002932,33,Male,"Self Employed",46248,710,Gujarat
CU003929,46,Female,Salaried,27538,820,Maharashtra
CU003764,37,Male,Salaried,65822,738,
CU002281,33,Male,Salaried,25936,590,Karnataka
CU003763,24,Male,"Self Employed",42518,596,Telangana
CU001441,32,Male,Salaried,32843,563,"Andra Pradesh"
CU002522,41,Female,Salaried,69320,615,Telangana
CU003863,50,Female,Salaried,51216,790,Telangana
CU003614,36,Female,Salaried,12000,550,Gujarat
CU002188,44,Male,Salaried,22910,719,"Uttar Pradesh"
CU003891,43,Male,Salaried,41581,680,Delhi
CU001285,34,Male,Salaried,12000,620,Gujarat
CU003546,31,Male,"Self Employed",20836,545,Telangana
CU003238,28,Male,"Self Employed",70674,684,
CU002004,43,Female,Salaried,69130,704,"West Bengal"
CU002154,35,Male,Salaried,36131,655,DELHI
CU003765,62,Female,"Self Employed",68849,661,"Uttar Pradesh"
CU002240,30,Male,Salaried,27405,664,"Uttar Pradesh"
CU003379,54,Male,Salaried,12000,553,"Uttar Pradesh"
CU003880,36,Male,Salaried,48925,798,"West Bengal"
CU001257,41,Male,Salaried,25148,520,Karnataka
CU000483,45,Male,Salaried,19134,813,"West Bengal"
CU000044,22,Female,Salaried,49281,567,Kerala
CU003556,40,Female,"Self Employed",20969,559,Delhi
CU004251,25,Female,Salaried,49964,709,"Andra Pradesh"
CU003768,40,Female,Salaried,65620,798,Delhi
CU001822,21,Female,"Self Employed",41314,661,Telangana
CU001544,58,Male,"Self Employed",56174,665,"Uttar Pradesh"
CU001342,32,Male,"Self Employed",28956,576,Gujarat
CU002135,32,Female,Salaried,30960,668,Karnataka
CU002803,56,Male,Salaried,21592,787,"Tamil Nadu"
CU003090,34,Female,Salaried,24144,698,Telangana
CU002479,42,Male,Salaried,44455,661,DELHI
CU002258,35,Male,"Self Employed",47868,731,Karnataka
CU004245,29,Male,"Self Employed",12000,739,"Tamil Nadu"
CU001438,40,Male,Salaried,76883,689,"Tamil Nadu"
CU004171,33,Female,"Self Employed",52695,891,Kerala
CU002443,44,Male,Salaried,37338,673,"Andra Pradesh"
CU002256,25,Male,Salaried,24686,728,"Andra Pradesh"
CU000238,38,Male,Salaried,59652,672,"Uttar Pradesh"
CU001798,40,Female,Salaried,34627,834,"Andra Pradesh"
CU001810,29,Female,"Self Employed",41245,755,"Andra Pradesh"
CU001004,39,Female,Salaried,53435,797,"West Bengal"
CU004493,30,Male,"Self Employed",36797,819,Maharashtra
CU002394,45,Male,Salaried,33106,641,Karnataka
CU003011,62,Male,"Self Employed",35637,607,Telangana
CU003989,44,Female,"Self Employed",62856,753,Telangana
CU001077,53,Female,Salaried,67447,680,Telangana
CU004035,37,Female,Salaried,63870,838,"Uttar Pradesh"
CU003413,21,Female,Salaried,44226,860,Maharashtra
CU003856,47,Female,Salaried,57419,900,Maharashtra
CU001200,34,Female,Salaried,37424,867,Karnataka
CU004361,38,Male,Salaried,12000,519,"Andra Pradesh"
CU000301,31,Male,Salaried,65798,741,"West Bengal"
CU004064,36,Male,Salaried,33111,576,"Tamil Nadu"
CU002508,34,Male,"Self Employed",65168,688,Karnataka
CU000943,50,Female,Salaried,23466,626,Kerala
CU003992,48,Female,Salaried,14571,838,Kerala
CU002371,38,Female,"Self Employed",54466,677,"Tamil Nadu"
CU004247,45,Male,Salaried,42020,678,"Tamil Nadu"
CU002523,36,Female,Salaried,54226,729,"Uttar Pradesh"
CU003877,49,Female,"Self Employed",42095,672,Telangana
CU000464,28,Male,Salaried,93252,750,"Tamil Nadu"
CU000006,23,Male,Salaried,21980,713,
CU000842,36,Male,Salaried,44859,660,Kerala
CU001869,37,Female,Salaried,41038,640,Karnataka
CU000327,32,Male,Salaried,48691,865,"Uttar Pradesh"
CU003970,35,Male,Salaried,68002,548,"Andra Pradesh"
CU004020,34,Male,Salaried,47103,623,"West Bengal"
CU003209,31,Female,"Self Employed",12000,660,"Tamil Nadu"
CU004492,38,Male,"Self Employed",24303,537,Kerala
CU001465,33,Male,"Self Employed",45647,776,Maharashtra
CU000893,36,Male,"Self Employed",49431,733,"Andra Pradesh"
CU003132,28,Male,"Self Employed",29212,550,"Uttar Pradesh"
CU002062,21,Female,"Self Employed",31303,671,DELHI
CU003202,43,Female,"Self Employed",30055,733,Telangana
CU000695,30,Male,Salaried,71611,760,"Tamil Nadu"
CU000388,21,Male,Salaried,88418,664,Karnataka
CU002572,38,Male,Salaried,46444,629,
CU003104,44,Male,"Self Employed",19999,707,Gujarat
CU004186,30,Male,Salaried,14336,523,"West Bengal"
CU002388,36,Male,Salaried,57704,587,"Andra Pradesh"
CU003334,28,Male,Salaried,47082,762,Gujarat
CU000604,46,Male,Salaried,34671,662,Delhi
CU000843,34,Female,Salaried,30430,708,"West Bengal"
CU000323,36,Male,Salaried,53390,745,"West Bengal"
CU002748,65,Male,"Self Employed",45400,747,Maharashtra
CU001868,35,Male,Salaried,83717,692,Kerala
CU000866,26,Male,"Self Employed",52113,697,
CU003062,30,Male,Salaried,38720,675,"Uttar Pradesh"
CU004008,39,Male,Salaried,72578,706,Maharashtra
CU004271,43,Male,"Self Employed",25911,572,"Andra Pradesh"
CU002614,34,Female,"Self Employed",46547,760,"Uttar Pradesh"
CU004214,29,Male,Salaried,54985,633,"Uttar Pradesh"
CU004388,27,Female,Salaried,30863,606,Gujarat
CU002564,45,Male,Salaried,45147,582,delhi
CU003368,49,Female,Salaried,29620,690,Kerala
CU002603,47,Female,Salaried,60813,750,delhi
CU001281,23,Male,"Self Employed",12000,900,"Tamil Nadu"
CU003633,40,Male,Salaried,86745,624,"Andra Pradesh"
CU000831,44,Male,Salaried,61215,602,Maharashtra
CU003150,50,Male,Salaried,43965,601,Delhi
CU003800,46,Male,Salaried,58077,558,"Uttar Pradesh"
CU001905,44,Female,"Self Employed",37489,635,Delhi
CU000456,50,Male,"Self Employed",45010,734,Kerala
CU002121,43,Male,Salaried,58019,618,Kerala
CU002306,34,Male,Salaried,43376,755,Kerala
CU002263,48,Male,"Self Employed",37814,637,"Andra Pradesh"
CU002051,40,Male,"Self Employed",50604,758,Maharashtra
CU001303,21,Male,Salaried,15104,692,"Andra Pradesh"
CU001705,35,Male,Salaried,37765,739,Gujarat
CU003938,49,Male,"Self Employed",30676,697,Karnataka
CU004596,33,Male,"Self Employed",49169,478,"Andra Pradesh"
CU004480,28,Male,"Self Employed",46593,667,"West Bengal"
CU001719,49,Male,"Self Employed",43577,749,"Andra Pradesh"
CU002613,41,Male,Salaried,89739,452,Karnataka
CU004168,24,Male,Salaried,46968,659,Maharashtra
CU000480,43,Female,Salaried,13037,721,Telangana
CU003630,35,Male,Salaried,85720,642,"Uttar Pradesh"
CU001176,32,Male,Salaried,26824,831,Kerala
CU002958,30,Female,"Self Employed",46018,695,Karnataka
CU003658,27,Male,Salaried,17978,604,Gujarat
CU000118,28,Male,Salaried,43678,571,Karnataka
CU001558,21,Male,Salaried,51194,722,Telangana
CU002863,48,Male,Salaried,35110,677,"Tamil Nadu"
CU003755,32,Male,Salaried,41338,868,"West Bengal"
CU000880,46,Male,"Self Employed",21976,424,Karnataka
CU001030,49,Male,Salaried,59456,690,Kerala
CU003283,36,Male,Salaried,63561,593,"West Bengal"
CU000467,44,Male,Salaried,56836,689,Gujarat
CU002266,48,Male,Salaried,68099,697,Delhi
CU004190,40,Female,Salaried,15358,694,"Tamil Nadu"
CU004140,21,Female,Salaried,40098,580,Maharashtra
CU001161,22,Female,Salaried,40589,700,Karnataka
CU003084,29,Male,"Self Employed",12000,711,"Tamil Nadu"
CU001970,38,Male,"Self Employed",54127,646,Karnataka
CU001357,60,Male,Salaried,82349,644,"Uttar Pradesh"
CU001902,23,Female,Salaried,47622,759,"Andra Pradesh"
CU001976,34,Male,Salaried,69328,693,DELHI
CU000777,40,Female,Salaried,66486,653,"Andra Pradesh"
CU002653,31,Female,Salaried,43282,673,"Uttar Pradesh"
CU000569,31,Female,"Self Employed",12000,738,"Uttar Pradesh"
CU001787,27,Male,"Self Employed",51863,609,Karnataka
CU004499,37,Female,Salaried,49825,716,Kerala
CU004010,26,Female,Salaried,48510,758,Delhi
CU000026,37,Male,Salaried,46204,900,"West Bengal"
CU003127,36,Female,Salaried,34562,811,Telangana
CU001258,41,Female,"Self Employed",37322,698,"West Bengal"
CU001999,27,Male,"Self Employed",14405,456,"Tamil Nadu"
CU000085,59,Male,Salaried,28834,488,Maharashtra
CU001666,58,Male,"Self Employed",67074,645,Maharashtra
CU003488,27,Male,"Self Employed",50840,900,Delhi
CU004405,29,Male,"Self Employed",40141,776,Telangana
CU002686,35,Female,"Self Employed",12000,642,"West Bengal"
CU002790,47,Male,"Self Employed",25471,767,"Uttar Pradesh"
CU000756,35,Male,Salaried,46045,584,"Andra Pradesh"
CU002144,44,Male,Salaried,58735,622,"Andra Pradesh"
CU002200,36,Female,Salaried,31070,847,"Uttar Pradesh"
CU003904,25,Female,"Self Employed",52340,705,Telangana
CU002126,21,Male,Salaried,16504,660,"Uttar Pradesh"
CU002437,36,Male,Salaried,39397,648,"Uttar Pradesh"
CU003210,35,Female,"Self Employed",40004,727,"Tamil Nadu"
CU000732,21,Male,"Self Employed",21933,528,"West Bengal"
CU002221,53,Male,Salaried,14848,652,"Tamil Nadu"
CU004087,50,Female,"Self Employed",34054,789,"West Bengal"
CU000531,49,Male,"Self Employed",38318,677,Maharashtra
CU004525,24,Male,"Self Employed",21036,631,"West Bengal"
CU001480,38,Male,Salaried,23062,753,Telangana
CU002784,34,Male,"Self Employed",56736,655,Telangana
CU002003,23,Female,"Self Employed",26514,789,Maharashtra
CU001362,41,Male,"Self Employed",50824,647,Telangana
CU004507,21,Male,"Self Employed",72402,792,"West Bengal"
CU003667,51,Female,"Self Employed",45324,685,Karnataka
CU004236,35,Male,Salaried,61357,701,Gujarat
CU000180,52,Male,"Self Employed",36089,810,Maharashtra
CU004022,31,Male,Salaried,63063,498,DELHI
CU002758,46,Male,"Self Employed",15996,661,"Tamil Nadu"
CU002986,31,Male,"Self Employed",27960,706,"West Bengal"
CU002860,41,Male,"Self Employed",98592,625,Maharashtra
CU001185,30,Male,Salaried,57891,628,Gujarat
CU001715,49,Male,"Self Employed",12000,694,Karnataka
CU003123,26,Male,"Self Employed",35536,838,Karnataka
CU003185,35,Female,Salaried,75233,878,Maharashtra
CU002056,35,Male,"Self Employed",25556,687,Maharashtra
CU002719,22,Male,Salaried,88684,703,"Tamil Nadu"
CU002081,23,Male,Salaried,59679,651,Kerala
CU001794,37,Female,"Self Employed",41522,800,"Andra Pradesh"
CU000239,38,Male,Salaried,12000,762,"Andra Pradesh"
CU000128,45,Male,"Self Employed",15428,782,"Uttar Pradesh"
CU000355,36,Male,"Self Employed",108862,641,"West Bengal"
CU000165,28,Male,Salaried,66072,724,"West Bengal"
CU001511,40,Female,Salaried,32383,718,Maharashtra
CU004104,42,Male,"Self Employed",58905,781,"West Bengal"
CU002320,40,Male,Salaried,27988,810,Karnataka
CU003200,31,Male,"Self Employed",36995,850,Gujarat
CU001891,43,Male,Salaried,42608,676,Maharashtra
CU001320,39,Male,"Self Employed",12000,627,Delhi
CU004220,34,Female,Salaried,42398,760,"Andra Pradesh"
CU002541,52,Male,"Self Employed",66850,600,"West Bengal"
CU000473,34,Male,"Self Employed",38645,579,Gujarat
CU003022,40,Male,Salaried,47252,684,"Uttar Pradesh"
CU001998,54,Male,Salaried,57361,711,Kerala
CU002957,22,Male,Salaried,36644,520,Karnataka
CU002043,48,Female,Salaried,61167,660,Maharashtra
CU004162,26,Female,Salaried,15276,724,Gujarat
CU002138,33,Male,Salaried,12000,625,DELHI
CU001026,50,Male,"Self Employed",25142,549,Telangana
CU000098,37,Male,"Self Employed",12000,671,Karnataka
CU004170,36,Female,Salaried,52763,864,Telangana
CU001840,53,Male,Salaried,54167,580,Gujarat
CU003115,39,Male,Salaried,37078,733,Karnataka
CU001024,28,Male,Salaried,43345,701,Gujarat
CU003649,41,Female,Salaried,55417,685,Karnataka
CU002015,28,Male,Salaried,58469,840,DELHI
CU002836,32,Male,"Self Employed",45234,727,Maharashtra
CU003162,44,Male,"Self Employed",60933,744,"Tamil Nadu"
CU004026,36,Male,Salaried,48170,785,"Tamil Nadu"
CU003793,31,Male,Salaried,53821,624,"Tamil Nadu"
CU000450,39,Female,Salaried,61501,601,"Uttar Pradesh"
CU000551,47,Female,"Self Employed",54653,865,"Andra Pradesh"
CU001333,45,Male,"Self Employed",46870,665,Gujarat
CU000277,27,Male,"Self Employed",38671,789,"West Bengal"
CU002267,38,Male,Salaried,48558,680,Gujarat
CU003745,36,Female,Salaried,33565,484,"Tamil Nadu"
CU000179,38,Female,"Self Employed",66309,633,Telangana
CU000434,47,Male,Salaried,25566,555,"Uttar Pradesh"
CU003655,46,Female,Salaried,57874,604,Karnataka
CU001341,49,Male,Salaried,74961,707,DELHI
CU004510,39,Male,Salaried,55208,711,"Uttar Pradesh"
CU003549,33,Female,"Self Employed",62040,820,Telangana
CU004132,41,Male,Salaried,61465,793,Kerala
CU003521,47,Male,"Self Employed",20764,754,Kerala
CU002616,23,Female,"Self Employed",36876,594,
CU001592,41,Male,Salaried,65432,809,"West Bengal"
CU001644,28,Male,Salaried,51842,852,Karnataka
CU004452,40,Male,"Self Employed",20307,600,Gujarat
CU001517,34,Male,Salaried,59050,548,Karnataka
CU003458,31,Male,Salaried,31631,900,Kerala
CU003354,47,Male,Salaried,81258,595,"Uttar Pradesh"
CU000868,54,Male,Salaried,49857,492,delhi
CU001770,43,Female,Salaried,50623,844,"Uttar Pradesh"
CU004309,41,Male,"Self Employed",48791,717,Kerala
CU000484,41,Male,Salaried,19991,734,delhi
CU004362,35,Male,Salaried,65225,747,Kerala
CU002811,41,Male,Salaried,12000,587,Gujarat
CU002022,28,Male,Salaried,29803,616,"Andra Pradesh"
CU002899,43,Male,"Self Employed",59511,731,Kerala
CU004594,53,Female,Salaried,19151,642,"Tamil Nadu"
CU004092,29,Female,Salaried,60515,582,"Uttar Pradesh"
CU002486,53,Female,Salaried,32157,497,Maharashtra
CU000781,31,Male,"Self Employed",26637,776,"West Bengal"
CU000549,36,Male,Salaried,51557,659,Telangana
CU002902,21,Male,"Self Employed",33233,761,Maharashtra
CU001964,26,Female,Salaried,45660,801,"Uttar Pradesh"
CU000078,23,Female,"Self Employed",30631,660,"Andra Pradesh"
CU000783,50,Female,"Self Employed",67928,592,"Tamil Nadu"
CU003007,31,Male,Salaried,66964,753,Karnataka
CU002594,48,Male,"Self Employed",12000,592,Maharashtra
CU001890,39,Female,Salaried,55210,698,Delhi
CU001008,32,Male,Salaried,46117,652,"Uttar Pradesh"
CU004151,49,Male,Salaried,25522,648,"West Bengal"
CU004291,34,Male,Salaried,49845,687,"Tamil Nadu"
CU003653,48,Female,"Self Employed",28416,583,Karnataka
CU004149,31,Female,Salaried,55066,671,Telangana
CU000674,41,Female,Salaried,12000,692,
CU002204,21,Male,Salaried,51486,586,"Andra Pradesh"
CU000687,30,Female,"Self Employed",30756,670,Telangana
CU000876,39,Male,Salaried,43418,627,DELHI
CU000459,44,Male,"Self Employed",22223,740,"Uttar Pradesh"
CU002866,36,Female,Salaried,42722,681,Karnataka
CU001990,33,Female,"Self Employed",72956,787,"West Bengal"
CU001911,49,Male,Salaried,21706,736,"Andra Pradesh"
CU001268,58,Female,Salaried,42860,854,Karnataka
CU000753,48,Male,Salaried,37473,832,DELHI
CU000122,31,Female,Salaried,46731,665,Telangana
CU003638,29,Male,Salaried,46595,709,"West Bengal"
CU000700,42,Male,"Self Employed",78344,817,Telangana
CU002925,58,Male,Salaried,54189,731,Gujarat
CU004124,37,Male,Salaried,25332,594,Karnataka
CU001493,47,Male,Salaried,12000,622,"Tamil Nadu"
CU004580,37,Male,"Self Employed",30435,581,"Tamil Nadu"
CU001949,40,Male,Salaried,40430,740,"West Bengal"
CU003366,34,Male,"Self Employed",72878,606,Maharashtra
CU000032,34,Female,"Self Employed",61270,569,Delhi
CU002155,54,Male,"Self Employed",63932,579,Kerala
CU002759,35,Female,Salaried,65975,787,"Tamil Nadu"
CU000070,46,Male,"Self Employed",71109,681,Maharashtra
CU003176,35,Female,Salaried,30548,719,"Tamil Nadu"
CU003628,32,Male,Salaried,59959,569,
CU003878,44,Male,Salaried,27417,507,Karnataka
CU003960,40,Male,"Self Employed",58537,670,"Uttar Pradesh"
CU004415,36,Female,"Self Employed",28661,703,Maharashtra
CU003222,46,Male,"Self Employed",64959,643,"West Bengal"
CU003147,30,Male,Salaried,65875,810,Telangana
CU001532,29,Male,"Self Employed",85974,533,Gujarat
CU002433,40,Female,Salaried,63668,647,"Tamil Nadu"
CU003575,30,Female,Salaried,12000,771,Maharashtra
CU003183,21,Male,Salaried,53994,709,Telangana
CU001913,21,Female,"Self Employed",36521,685,"Andra Pradesh"
CU000505,57,Male,"Self Employed",107198,728,"West Bengal"
CU000340,35,Male,Salaried,40470,713,delhi
CU004358,22,Male,Salaried,20326,702,"Andra Pradesh"
CU000799,45,Female,Salaried,56808,772,"Andra Pradesh"
CU004542,28,Female,Salaried,66208,531,Telangana
CU004466,32,Male,Salaried,40649,589,Maharashtra
CU000062,42,Male,"Self Employed",46396,645,"Tamil Nadu"
CU001776,27,Male,"Self Employed",42165,759,Telangana
CU002846,53,Male,"Self Employed",44085,640,Gujarat
CU004579,37,Female,"Self Employed",33153,596,Telangana
CU002461,40,Male,Salaried,45705,590,Maharashtra
CU001568,38,Female,"Self Employed",43362,769,"Andra Pradesh"
CU002849,43,Female,"Self Employed",88409,685,
CU001690,44,Male,"Self Employed",96976,524,Karnataka
CU002987,45,Male,Salaried,63235,618,Telangana
CU002420,42,Male,"Self Employed",66859,767,Telangana
CU001569,45,Male,"Self Employed",50957,839,"Uttar Pradesh"
CU003966,51,Male,"Self Employed",61349,724,"Andra Pradesh"
CU002340,34,Male,"Self Employed",41365,595,"Tamil Nadu"
CU002095,25,Male,Salaried,31401,602,Gujarat
CU002042,41,Male,"Self Employed",29085,837,"Andra Pradesh"
CU002201,31,Male,Salaried,46783,720,Gujarat
CU000382,55,Female,Salaried,42911,664,Kerala
CU003865,32,Male,Salaried,64083,590,Telangana
CU002413,46,Male,"Self Employed",79610,799,"Tamil Nadu"
CU003913,31,Male,Salaried,50811,452,Kerala
CU001391,51,Male,Salaried,80746,606,Kerala
CU004233,32,Male,Salaried,44855,673,"Andra Pradesh"
CU003915,39,Female,"Self Employed",46697,710,
CU001953,34,Female,Salaried,72381,659,"Tamil Nadu"
CU002916,21,Male,Salaried,40501,623,Gujarat
CU000246,30,Female,Salaried,43717,709,"Tamil Nadu"
CU001440,26,Male,"Self Employed",12000,799,"West Bengal"
CU001023,52,Male,Salaried,31010,608,Kerala
CU003234,53,Male,"Self Employed",57663,620,Karnataka
CU002262,33,Male,"Self Employed",12000,789,Telangana
CU001063,39,Male,"Self Employed",34557,900,"Tamil Nadu"
CU003562,45,Female,Salaried,26983,651,"West Bengal"
CU004578,38,Male,Salaried,38010,585,"Uttar Pradesh"
CU004588,42,Male,Salaried,36758,746,Maharashtra
CU000115,32,Male,"Self Employed",60107,688,Kerala
CU002303,41,Male,Salaried,39627,582,"Andra Pradesh"
CU002478,21,Female,Salaried,56699,685,"Uttar Pradesh"
CU003251,23,Female,"Self Employed",67659,796,Kerala
CU000119,31,Male,Salaried,45947,770,Telangana
CU001982,45,Female,Salaried,43336,803,Karnataka
CU002181,30,Male,"Self Employed",80890,802,Maharashtra
CU000163,31,Male,"Self Employed",45521,696,Kerala
CU000264,31,Female,Salaried,39101,792,Kerala
CU000652,28,Male,"Self Employed",42545,688,Karnataka
CU004470,37,Male,Salaried,54581,574,Karnataka
CU001171,38,Male,Salaried,26448,662,Telangana
CU004283,41,Male,Salaried,54322,787,Telangana
CU003012,28,Female,Salaried,76713,766,Telangana
CU004598,32,Male,"Self Employed",64012,596,"West Bengal"
CU003875,41,Female,Salaried,20421,811,Telangana
CU004592,40,Male,"Self Employed",95272,787,"Uttar Pradesh"
CU001369,52,Female,Salaried,60464,625,"West Bengal"
CU000898,21,Male,Salaried,32847,667,Telangana
CU000929,37,Male,"Self Employed",27244,748,Telangana
CU000015,26,Female,"Self Employed",21075,673,Maharashtra
CU002549,32,Male,Salaried,24727,718,Maharashtra
CU004267,41,Male,Salaried,34502,709,Karnataka
CU001255,36,Male,"Self Employed",45860,628,Maharashtra
CU002649,48,Male,Salaried,61293,481,Telangana
CU004355,30,Female,"Self Employed",30489,786,"Andra Pradesh"
CU001640,33,Male,Salaried,70216,735,"Uttar Pradesh"
CU001134,40,Male,Salaried,32291,676,"West Bengal"
CU004348,24,Male,Salaried,70188,745,Telangana
CU003520,32,Male,Salaried,32763,606,
CU001879,43,Male,Salaried,32678,825,"Andra Pradesh"
CU000272,22,Female,"Self Employed",12000,713,Karnataka
CU001474,34,Male,Salaried,24973,597,"Andra Pradesh"
CU001548,21,Male,Salaried,27450,553,"Andra Pradesh"
CU004334,37,Male,"Self Employed",50647,597,"Uttar Pradesh"
CU002196,53,Male,Salaried,12000,591,Karnataka
CU001836,51,Male,Salaried,48761,603,"West Bengal"
CU000413,47,Male,Salaried,77311,677,"Tamil Nadu"
CU001713,32,Female,Salaried,51541,561,"Tamil Nadu"
CU002796,34,Female,Salaried,56082,624,
CU002222,42,Male,"Self Employed",12000,593,"West Bengal"
CU000378,33,Male,"Self Employed",59776,735,"Tamil Nadu"
CU001492,30,Male,Salaried,52719,574,Telangana
CU000739,22,Male,Salaried,28943,857,Maharashtra
CU003378,51,Male,Salaried,45332,759,Kerala
CU003616,24,Female,Salaried,21056,830,Karnataka
CU000053,59,Female,"Self Employed",57678,497,Gujarat
CU004115,29,Male,Salaried,37955,654,Kerala
CU002270,43,Male,"Self Employed",44195,634,"Tamil Nadu"
CU003095,42,Male,"Self Employed",41440,504,Maharashtra
CU001390,23,Male,"Self Employed",34748,741,Delhi
CU003479,26,Female,Salaried,44169,739,"Andra Pradesh"
CU003434,24,Male,"Self Employed",76462,819,Maharashtra
CU004192,58,Male,Salaried,14054,571,Kerala
CU002310,21,Male,"Self Employed",67692,619,Maharashtra
CU002591,38,Male,Salaried,60223,663,Telangana
CU003175,51,Male,"Self Employed",12721,576,Delhi
CU002977,24,Female,Salaried,57196,800,Gujarat
CU000468,53,Male,Salaried,48295,684,"Tamil Nadu"
CU004437,46,Male,Salaried,39695,772,"West Bengal"
CU000904,37,Male,Salaried,43791,781,Maharashtra
CU004419,45,Male,Salaried,60752,645,Kerala
CU000072,36,Female,Salaried,28635,868,"Tamil Nadu"
CU003218,36,Male,Salaried,65336,736,"Tamil Nadu"
CU001899,65,Male,"Self Employed",63135,639,"Tamil Nadu"
CU003996,39,Male,Salaried,41749,710,"West Bengal"
CU001208,38,Male,Salaried,70841,612,
CU001591,30,Male,Salaried,67429,638,Gujarat
CU002845,29,Male,"Self Employed",35288,559,Maharashtra
CU002206,21,Male,"Self Employed",41426,747,Maharashtra
CU002981,55,Female,Salaried,75927,840,
CU000659,32,Male,Salaried,65767,543,"Andra Pradesh"
CU000064,21,Female,Salaried,50619,623,
CU001839,26,Male,"Self Employed",59643,602,DELHI
CU003037,51,Male,Salaried,44058,612,Telangana
CU000455,38,Male,Salaried,48946,735,Delhi
CU000403,47,Female,Salaried,50742,577,Karnataka
CU001473,65,Female,"Self Employed",24441,526,Kerala
CU000678,48,Male,Salaried,19137,731,Maharashtra
CU003357,49,Female,Salaried,67989,740,"Andra Pradesh"
CU001252,35,Male,Salaried,36322,834,Maharashtra
CU001984,38,Male,"Self Employed",56409,769,"West Bengal"
CU003426,43,Male,Salaried,42244,604,"Uttar Pradesh"
CU003844,21,Male,"Self Employed",41285,579,Karnataka
CU001034,47,Male,"Self Employed",29182,683,Gujarat
CU000175,38,Male,"Self Employed",45595,688,Karnataka
CU000940,45,Male,Salaried,45887,522,"Tamil Nadu"
CU003103,26,Male,"Self Employed",79019,646,Karnataka
CU002588,36,Male,"Self Employed",37871,542,"Uttar Pradesh"
CU000335,39,Male,"Self Employed",12000,638,Gujarat
CU000874,43,Male,Salaried,35234,736,Maharashtra
CU002854,30,Male,Salaried,69165,637,"West Bengal"
CU000297,23,Male,Salaried,48667,678,"Tamil Nadu"
CU004450,49,Male,"Self Employed",44777,806,DELHI
CU003761,27,Male,Salaried,45752,751,Maharashtra
CU000379,28,Male,Salaried,66719,713,"Tamil Nadu"
CU003111,41,Female,"Self Employed",37401,714,Karnataka
CU003919,45,Male,Salaried,64890,624,"Tamil Nadu"
CU004139,23,Female,Salaried,13191,758,"Uttar Pradesh"
CU002211,40,Male,Salaried,42958,816,DELHI
CU002173,33,Male,"Self Employed",34925,572,"Tamil Nadu"
CU002600,29,Male,Salaried,37014,761,"Andra Pradesh"
CU002053,21,Female,Salaried,85536,757,Gujarat
CU000916,27,Male,Salaried,47210,623,Karnataka
CU000657,43,Male,Salaried,18290,777,"West Bengal"
CU004447,26,Male,Salaried,74538,646,Telangana
CU002336,30,Male,Salaried,36298,546,DELHI
CU003821,32,Male,Salaried,48768,748,
CU000957,31,Female,Salaried,16346,726,"Uttar Pradesh"
CU001888,21,Male,"Self Employed",12000,754,Telangana
CU000955,40,Female,"Self Employed",29470,619,Maharashtra
CU003718,59,Male,"Self Employed",38203,696,"Andra Pradesh"
CU004028,43,Female,Salaried,14397,523,Delhi
CU001183,29,Male,Salaried,45125,661,"West Bengal"
CU002474,44,Male,Salaried,71590,626,"Uttar Pradesh"
CU001424,41,Male,Salaried,37627,752,"Tamil Nadu"
CU002572,38,Male,Salaried,46444,629,
CU002893,34,Male,"Self Employed",48336,658,Kerala
CU003597,42,Male,"Self Employed",64117,607,Delhi
CU001723,51,Male,"Self Employed",68422,566,"West Bengal"
CU001668,21,Male,"Self Employed",72445,692,"West Bengal"
CU002885,39,Female,Salaried,18765,535,"Uttar Pradesh"
CU002995,53,Male,"Self Employed",18746,771,"West Bengal"
CU004057,22,Male,"Self Employed",46261,748,Gujarat
CU004443,41,Male,Salaried,60110,715,"West Bengal"
CU000154,25,Male,"Self Employed",34545,774,Kerala
CU000722,37,Male,Salaried,86720,588,Kerala
CU000374,39,Female,"Self Employed",57694,779,"Uttar Pradesh"
CU000313,41,Male,"Self Employed",61314,664,Maharashtra
CU001850,29,Female,Salaried,45061,732,"Andra Pradesh"
CU000418,34,Male,"Self Employed",42853,720,Maharashtra
CU004549,47,Female,Salaried,34818,764,Karnataka
CU004337,28,Female,"Self Employed",63094,835,Karnataka
CU000705,27,Male,Salaried,83228,770,"Uttar Pradesh"
CU000733,21,Male,Salaried,17891,632,Delhi
CU000945,45,Male,"Self Employed",48988,530,"Andra Pradesh"
CU003615,36,Female,Salaried,76027,700,Karnataka
CU001807,52,Male,Salaried,35400,754,"Uttar Pradesh"
CU001019,45,Female,Salaried,41845,602,"West Bengal"
CU000908,35,Male,"Self Employed",14143,665,delhi
CU001694,64,Male,"Self Employed",47123,622,Karnataka
CU002792,34,Male,Salaried,25746,622,"West Bengal"
CU000520,24,Female,Salaried,25724,593,Telangana
CU000819,40,Male,"Self Employed",44554,606,Karnataka
CU003450,30,Male,Salaried,25182,625,
CU001523,51,Female,Salaried,45488,820,"Tamil Nadu"
CU001639,39,Male,Salaried,54024,771,"Uttar Pradesh"
CU003558,50,Male,Salaried,62000,734,Karnataka
CU004378,41,Male,"Self Employed",79270,534,Gujarat
CU003527,55,Male,Salaried,73632,675,"Tamil Nadu"
CU003735,45,Female,Salaried,60951,779,delhi
CU003047,39,Male,"Self Employed",32136,759,"Tamil Nadu"
CU000380,56,Male,Salaried,44611,652,Karnataka
CU003776,45,Male,"Self Employed",67402,697,Karnataka
CU002252,31,Female,"Self Employed",60623,660,Kerala
CU002149,34,Male,"Self Employed",72816,850,Gujarat
CU003727,35,Male,Salaried,48424,639,"Tamil Nadu"
CU002145,32,Male,Salaried,56833,730,"West Bengal"
CU002567,34,Male,"Self Employed",28154,672,"Uttar Pradesh"
CU001804,47,Male,Salaried,32328,508,
CU003622,54,Female,"Self Employed",52326,726,Kerala
CU003968,36,Female,Salaried,79194,749,"Andra Pradesh"
CU001595,41,Male,Salaried,12000,737,"Tamil Nadu"
CU004329,42,Male,Salaried,47784,641,"Uttar Pradesh"
CU001707,31,Male,"Self Employed",38467,712,Telangana
CU004564,43,Male,"Self Employed",18175,653,"West Bengal"
CU003791,39,Male,Salaried,49876,799,"Tamil Nadu"
CU001821,54,Male,Salaried,49720,702,Telangana
CU002563,38,Male,Salaried,61359,673,Gujarat
CU002560,44,Male,Salaried,50995,530,Telangana
CU004209,23,Female,Salaried,34217,693,"West Bengal"
CU001583,57,Female,Salaried,45237,666,"Uttar Pradesh"
CU002548,51,Male,Salaried,74677,637,"Andra Pradesh"
CU000320,29,Female,Salaried,78398,715,"Tamil Nadu"
CU004322,47,Male,Salaried,60950,660,"Tamil Nadu"
CU003365,29,Male,Salaried,69330,651,"Tamil Nadu"
CU001764,31,Male,Salaried,21851,501,"Uttar Pradesh"
CU002844,31,Male,"Self Employed",59037,800,"West Bengal"
CU002142,51,Male,Salaried,36380,658,"Uttar Pradesh"
CU003498,29,Male,"Self Employed",59069,769,Gujarat
CU004133,32,Male,Salaried,22339,562,Kerala
CU000106,21,Male,Salaried,77899,657,Telangana
CU003806,35,Female,"Self Employed",38944,739,Karnataka
CU002807,36,Male,Salaried,50827,709,Telangana
CU001466,52,Female,Salaried,73686,705,"Uttar Pradesh"
CU002954,34,Male,Salaried,32122,780,"Andra Pradesh"
CU000566,21,Female,Salaried,32865,699,delhi
CU001684,38,Male,Salaried,99206,726,"Uttar Pradesh"
CU004346,42,Male,Salaried,12000,652,Maharashtra
CU002525,43,Female,Salaried,21764,889,Karnataka
CU001475,28,Male,Salaried,55364,760,"Tamil Nadu"
CU003237,51,Female,"Self Employed",54463,698,Telangana
CU002830,40,Female,Salaried,40432,700,Telangana
CU002503,31,Female,Salaried,69150,606,Telangana
CU000318,21,Male,"Self Employed",70795,740,"Andra Pradesh"
CU001201,42,Male,Salaried,19486,482,Kerala
CU002279,35,Male,Salaried,30824,606,Telangana
CU000653,26,Male,"Self Employed",93233,816,Maharashtra
CU000071,44,Male,Salaried,38794,709,delhi
CU002659,45,Male,"Self Employed",55130,620,Delhi
CU001175,63,Female,"Self Employed",12000,734,Telangana
CU001089,21,Male,Salaried,58664,669,"West Bengal"
CU000943,50,Female,Salaried,23466,626,Kerala
CU000411,34,Male,Salaried,60593,797,Delhi
CU004548,26,Male,Salaried,33223,806,Karnataka
CU002387,21,Male,Salaried,19687,706,"West Bengal"
CU002092,42,Female,Salaried,35015,511,"West Bengal"
CU000602,44,Female,"Self Employed",57590,607,"Andra Pradesh"
CU003014,27,Male,Salaried,53838,695,Karnataka
CU002220,38,Female,Salaried,44987,787,Delhi
CU000838,34,Male,Salaried,64577,556,Telangana
CU000625,42,Male,Salaried,38843,728,Karnataka
CU001628,50,Male,Salaried,43093,835,Maharashtra
CU000807,28,Female,Salaried,28261,632,Gujarat
CU003116,40,Female,Salaried,17322,626,Karnataka
CU000638,40,Female,Salaried,76562,768,"Tamil Nadu"
CU000424,57,Male,Salaried,35693,670,Kerala
CU001997,21,Male,Salaried,52833,671,Kerala
CU002487,42,Male,Salaried,49970,676,delhi
CU003110,39,Male,Salaried,54172,761,"Tamil Nadu"
CU001581,48,Female,Salaried,64336,744,"Andra Pradesh"
CU003003,38,Male,Salaried,22144,596,"Tamil Nadu"
CU003797,42,Female,Salaried,52541,750,"Andra Pradesh"
CU003482,34,Male,"Self Employed",26348,847,Telangana
CU000144,49,Male,"Self Employed",39622,580,"Tamil Nadu"
CU002575,44,Male,"Self Employed",59079,690,"Tamil Nadu"
CU004015,38,Male,Salaried,41243,779,
CU001881,21,Female,Salaried,40588,702,Gujarat
CU003453,40,Male,Salaried,57501,754,Karnataka
CU003606,28,Female,"Self Employed",55642,789,Maharashtra
CU003343,31,Male,"Self Employed",12000,640,Kerala
CU004457,34,Male,Salaried,76353,690,Telangana
CU002172,28,Female,"Self Employed",24746,521,"West Bengal"
CU002781,41,Male,"Self Employed",44701,693,
CU002833,28,Male,Salaried,60812,605,Delhi
CU004549,47,Female,Salaried,34818,764,Karnataka
CU002231,32,Female,"Self Employed",64887,727,"Tamil Nadu"
CU000618,28,Male,"Self Employed",40132,653,"West Bengal"
CU001325,51,Female,Salaried,65400,710,"Tamil Nadu"
CU000691,26,Male,Salaried,12000,671,Gujarat
CU002289,28,Male,Salaried,45004,694,Gujarat
CU003303,41,Male,"Self Employed",70919,524,"Tamil Nadu"
CU001351,34,Male,"Self Employed",18590,665,Gujarat
CU002730,46,Male,Salaried,54714,869,
CU001188,21,Male,Salaried,47141,648,"Andra Pradesh"
CU001192,23,Male,"Self Employed",79091,580,Gujarat
CU000146,36,Male,"Self Employed",44344,631,"Uttar Pradesh"
CU003573,32,Male,Salaried,43913,704,Karnataka
CU001763,42,Female,Salaried,48329,464,"Tamil Nadu"
CU003801,46,Male,Salaried,42769,803,Telangana
CU001835,39,Female,Salaried,48899,608,Telangana
CU004550,32,Male,"Self Employed",18373,660,"West Bengal"
CU001112,30,Female,Salaried,17160,833,Delhi
CU002128,39,Male,"Self Employed",35846,776,Karnataka
CU002500,52,Male,"Self Employed",68422,689,"Andra Pradesh"
CU001825,54,Male,Salaried,52406,715,Gujarat
CU002789,49,Male,"Self Employed",17722,646,"Tamil Nadu"
CU004197,34,Male,"Self Employed",14179,619,"Tamil Nadu"
CU004387,50,Male,Salaried,14555,439,"Andra Pradesh"
CU003828,41,Female,Salaried,75776,762,"Uttar Pradesh"
CU002493,32,Male,Salaried,53547,645,DELHI
CU000879,30,Female,"Self Employed",39803,823,Kerala
CU001456,28,Male,Salaried,52714,743,Gujarat
CU000392,37,Male,Salaried,46648,548,Kerala
CU004183,38,Male,Salaried,48301,672,Telangana
CU002284,47,Male,Salaried,24837,687,Kerala
CU002715,31,Male,Salaried,16205,608,"Uttar Pradesh"
CU002959,21,Male,"Self Employed",37548,733,Telangana
CU000476,37,Male,Salaried,28297,868,"Uttar Pradesh"
CU001695,37,Male,Salaried,67555,596,Telangana
CU001296,42,Male,Salaried,60957,511,"Andra Pradesh"
CU002093,33,Male,"Self Employed",53136,772,"Uttar Pradesh"
CU003051,25,Male,Salaried,21586,653,DELHI
CU001138,32,Male,Salaried,47143,582,"West Bengal"
CU002073,35,Male,Salaried,36906,765,Kerala
CU000833,34,Female,Salaried,21319,644,Telangana
CU000592,21,Male,"Self Employed",57510,759,"Andra Pradesh"
CU003593,33,Male,"Self Employed",12000,682,Gujarat
CU000110,46,Female,"Self Employed",46547,602,Maharashtra
CU004319,49,Male,Salaried,16754,519,"Uttar Pradesh"
CU001053,36,Male,Salaried,41322,674,Telangana
CU001312,38,Male,"Self Employed",55755,707,delhi
CU000669,37,Male,"Self Employed",34413,543,"West Bengal"
CU000254,21,Male,Salaried,72685,730,Maharashtra
CU002691,34,Male,Salaried,38447,614,Maharashtra
CU000844,54,Female,Salaried,17195,694,"Tamil Nadu"
CU004160,32,Male,Salaried,56105,799,"West Bengal"
CU003375,30,Male,Salaried,55749,732,
CU003395,21,Male,"Self Employed",39210,744,"Uttar Pradesh"
CU000885,27,Male,"Self Employed",49127,766,"Andra Pradesh"
CU001880,30,Male,"Self Employed",50043,502,Gujarat
CU001486,28,Male,Salaried,27720,668,Gujarat
CU002418,21,Male,"Self Employed",41143,559,Kerala
CU002268,36,Male,"Self Employed",62098,680,delhi
CU004174,47,Male,Salaried,60466,641,Karnataka
CU003369,26,Female,Salaried,31749,689,Kerala
CU002809,40,Male,Salaried,46446,480,"Andra Pradesh"
CU000870,30,Male,Salaried,12000,747,Maharashtra
CU002469,40,Male,Salaried,30512,672,Maharashtra
CU003894,21,Male,Salaried,30441,648,"West Bengal"
CU000451,31,Male,Salaried,38925,637,"Tamil Nadu"
CU001980,42,Male,"Self Employed",81962,728,"Uttar Pradesh"
CU000697,22,Male,Salaried,12000,646,Gujarat
CU001742,45,Male,"Self Employed",47034,814,"West Bengal"
CU003719,51,Male,Salaried,44105,726,Telangana
CU000812,43,Female,"Self Employed",21006,471,"Tamil Nadu"
CU003285,57,Female,Salaried,26251,822,Kerala
CU002190,40,Male,Salaried,17706,675,"Uttar Pradesh"
CU000506,46,Female,Salaried,49601,724,Gujarat
CU000406,29,Male,"Self Employed",32075,839,Kerala
CU003641,49,Male,Salaried,68204,840,"Uttar Pradesh"
CU004555,44,Male,Salaried,87569,423,Karnataka
CU001877,24,Female,Salaried,39229,816,"West Bengal"
CU000610,28,Female,Salaried,44371,603,Telangana
CU002675,22,Female,Salaried,47924,600,Telangana
CU002034,34,Female,"Self Employed",24856,695,"Uttar Pradesh"
CU003982,31,Male,"Self Employed",35175,740,Karnataka
CU001969,36,Male,Salaried,42700,670,Delhi
CU000021,32,Female,Salaried,55265,616,Maharashtra
CU002219,50,Female,"Self Employed",51140,724,Delhi
CU002225,31,Male,Salaried,46735,765,Telangana
CU000328,50,Male,"Self Employed",60567,630,Maharashtra
CU003271,29,Male,Salaried,41924,685,Gujarat
CU002519,39,Male,Salaried,22141,776,Kerala
CU001875,30,Female,Salaried,58856,771,"West Bengal"
CU004363,31,Male,Salaried,13229,725,"Tamil Nadu"
CU001757,21,Female,Salaried,48080,712,"West Bengal"
CU002179,29,Female,"Self Employed",61371,561,Karnataka
CU003411,36,Male,"Self Employed",94260,652,DELHI
CU004552,30,Male,Salaried,31717,599,Kerala
CU000490,45,Male,"Self Employed",45285,594,Maharashtra
CU000607,37,Male,"Self Employed",54588,571,
CU002465,37,Male,"Self Employed",29050,714,Kerala
CU001739,50,Male,"Self Employed",44514,616,Kerala
CU000153,27,Male,"Self Employed",57318,709,"Uttar Pradesh"
CU000890,34,Male,"Self Employed",78573,507,delhi
CU003083,51,Female,"Self Employed",24600,719,"Andra Pradesh"
CU000270,54,Male,Salaried,33366,588,"Uttar Pradesh"
CU000097,53,Male,"Self Employed",46481,526,"Andra Pradesh"
CU003825,21,Male,"Self Employed",23241,714,"Uttar Pradesh"
CU003886,37,Male,"Self Employed",33521,680,"Tamil Nadu"
CU001800,27,Female,Salaried,15466,775,
CU001573,38,Female,Salaried,56275,579,"Tamil Nadu"
CU001068,54,Female,"Self Employed",28558,570,Karnataka
CU002761,53,Female,Salaried,52642,801,delhi
CU000716,38,Male,Salaried,13770,815,Maharashtra
CU004060,41,Female,"Self Employed",33198,546,Karnataka
CU004477,42,Male,Salaried,50260,726,"Uttar Pradesh"
CU004566,27,Male,Salaried,44440,687,Gujarat
CU001799,36,Male,Salaried,43273,755,Kerala
CU002945,23,Male,"Self Employed",70725,718,Karnataka
CU001796,44,Female,"Self Employed",36813,584,Karnataka
CU001870,48,Male,Salaried,37316,611,"Tamil Nadu"
CU001346,40,Male,"Self Employed",29539,601,"Tamil Nadu"
CU001215,38,Female,Salaried,65977,585,"West Bengal"
CU001373,25,Female,"Self Employed",46134,762,"Andra Pradesh"
CU000244,48,Male,"Self Employed",67110,786,"Andra Pradesh"
CU004040,45,Male,Salaried,29645,810,Gujarat
CU002800,31,Male,Salaried,54927,582,delhi
CU001680,41,Male,"Self Employed",30718,786,DELHI
CU003851,26,Female,Salaried,59991,680,Karnataka
CU001313,28,Male,"Self Employed",55375,783,"West Bengal"
CU000649,21,Male,Salaried,43627,762,Maharashtra
CU003239,21,Male,"Self Employed",12000,719,Telangana
CU002644,37,Male,"Self Employed",62974,625,
CU000156,55,Male,Salaried,49220,671,Gujarat
CU003429,25,Male,"Self Employed",17846,692,Gujarat
CU003454,45,Female,Salaried,63685,555,Telangana
CU001304,38,Male,Salaried,30668,752,"Andra Pradesh"
CU001151,24,Male,Salaried,59482,572,Gujarat
CU003048,41,Female,Salaried,71300,628,"West Bengal"
CU001047,36,Male,Salaried,19719,723,Gujarat
CU001641,38,Male,Salaried,36194,641,Kerala
CU001307,51,Female,"Self Employed",47518,710,Gujarat
CU001928,39,Male,Salaried,54427,794,Maharashtra
CU003440,35,Male,"Self Employed",75190,719,Karnataka
CU004122,35,Male,Salaried,28161,607,"Andra Pradesh"
CU002245,32,Female,Salaried,61218,790,"West Bengal"
CU003137,36,Male,"Self Employed",39639,810,Gujarat
CU000016,48,Male,"Self Employed",52227,818,Maharashtra
CU003539,52,Female,Salaried,54119,607,"Tamil Nadu"
CU002670,65,Male,"Self Employed",54057,656,Delhi
CU001361,37,Male,"Self Employed",82597,551,Gujarat
CU001845,57,Male,"Self Employed",18503,717,delhi
CU003099,51,Male,Salaried,39379,605,"Uttar Pradesh"
CU001613,36,Male,Salaried,41318,646,"Tamil Nadu"
CU000498,38,Female,Salaried,23255,582,Maharashtra
CU002841,36,Female,Salaried,91881,752,Gujarat
CU000917,42,Male,Salaried,12000,656,"West Bengal"
CU003634,40,Male,Salaried,71616,649,Kerala
CU001479,59,Male,"Self Employed",50640,677,"West Bengal"
CU001096,30,Male,Salaried,90541,568,delhi
CU000543,32,Male,Salaried,62191,682,"Uttar Pradesh"
CU004075,39,Male,Salaried,74067,770,DELHI
CU000432,36,Female,Salaried,56871,415,"Uttar Pradesh"
CU000729,27,Male,Salaried,69600,654,DELHI
CU004413,36,Male,"Self Employed",42907,711,Maharashtra
CU001338,25,Male,"Self Employed",40860,587,Gujarat
CU003607,42,Male,"Self Employed",45416,578,Maharashtra
CU002878,23,Male,"Self Employed",60719,732,Telangana
CU004416,55,Female,Salaried,49591,658,Gujarat
CU001032,21,Male,"Self Employed",76853,681,"Uttar Pradesh"
CU001111,37,Male,Salaried,55100,516,"Andra Pradesh"
CU001889,46,Male,Salaried,51543,863,Gujarat
CU003551,38,Female,"Self Employed",12000,594,Karnataka
CU001528,41,Male,Salaried,60703,520,"West Bengal"
CU003050,31,Female,Salaried,26259,560,Maharashtra
CU000563,41,Female,Salaried,52783,778,"Tamil Nadu"
CU003563,33,Male,Salaried,42988,900,Maharashtra
CU000253,21,Male,Salaried,90818,554,"Tamil Nadu"
CU002517,49,Male,"Self Employed",67695,718,Karnataka
CU002963,21,Female,"Self Employed",71990,625,Maharashtra
CU004454,53,Male,Salaried,57937,872,"Andra Pradesh"
CU001203,33,Male,Salaried,61835,659,Delhi
CU003463,57,Male,Salaried,74762,660,Delhi
CU002798,30,Female,"Self Employed",34087,723,Delhi
CU004226,30,Male,Salaried,57002,678,Maharashtra
CU002896,35,Male,Salaried,36416,687,Gujarat
CU002764,34,Male,Salaried,55044,533,Delhi
CU000906,33,Male,Salaried,45256,723,"West Bengal"
CU003981,32,Male,Salaried,34107,655,Kerala
