loan_id,customer_id,disbursal_date,loan_amount,tenure_months,interest_rate,emi_amount,vehicle_type,branch,disbursal_date_raw
LN001555,CU002818,2021-08-16,108069,48,15.15,3015.86,"Two wheeler",kozhikode,"16 Aug 2021"
LN002279,CU000016,2022-09-08,87272,36,18.15,3161.66,"Two wheeler",kochi,08/09/2022
LN003733,CU003811,2024-02-14,178347,24,14.01,8563.8,"Two wheeler",thrissur,14/02/2024
LN004137,CU000363,2023-12-27,66550,60,11.7,1470.3,"Commercial Vehicle",chennai,2023-12-27
LN003296,CU000011,2022-01-12,203808,36,18.4,7409.11,"Commercial Vehicle",bangalore,12/01/2022
LN003885,CU001202,2023-08-20,247674,24,16.66,12205.14,"Two wheeler",hyderabad,"20 Aug 2023"
LN000863,CU004507,2023-01-09,150775,24,13.71,7218.5,Car,chennai,09/01/2023
LN002235,CU004436,2021-12-31,40000,36,10.48,1299.72,"Two wheeler",delhi,2021-12-31
LN003062,CU004334,2022-04-18,138221,48,15.5,3881.92,Car,kochi,"18 Apr 2022"
LN002056,CU001831,2021-03-21,142507,36,10.09,4604.32,Car,bangalore,03/21/2021
LN000596,CU001259,2021-03-25,58935,60,13.52,1356.69,"Commercial Vehicle",bangalore,"25 Mar 2021"
LN001832,CU001636,2022-10-14,115614,24,13.32,5513.89,"Two wheeler",hyderabad,10/14/2022
LN004197,CU001095,2023-05-24,158099,24,15.96,7738,"Two wheeler",mumbai,05/24/2023
LN000465,CU002015,2022-03-14,76306,60,14.95,1813.31,"Two wheeler",coimbatore,2022-03-14
LN003891,CU002107,2024-06-13,155984,36,18.19,5654.07,"Commercial Vehicle",pune,"13 Jun 2024"
LN001724,CU001828,2022-07-28,53345,24,15.23,2592.35,"Two wheeler",thrissur,2022-07-28
LN004352,CU003270,2021-07-14,118393,36,13.57,4021.71,"Commercial Vehicle",bangalore,2021-07-14
LN001500,CU003343,2023-10-13,79465,36,12.13,2644.31,"Two wheeler",mumbai,2023-10-13
LN004487,CU001646,2021-06-12,127203,36,13.49,4316.06,"Commercial Vehicle",ahmedabad,2021-06-12
LN004438,CU001945,2022-11-12,105705,36,12.96,3559.58,Car,kochi,2022-11-12
LN003552,CU001111,2023-08-28,146147,60,17.45,3667.59,Car,coimbatore,2023-08-28
LN004499,CU004521,2022-02-08,92012,24,16.41,4523.24,Car,kolkata,08/02/2022
LN001461,CU004360,2021-02-20,120730,60,15.26,2888.66,Car,pune,2021-02-20
LN000890,CU002348,2023-04-22,66426,36,16.9,2364.96,"Commercial Vehicle",delhi,04/22/2023
LN001602,CU003618,2023-02-15,161454,12,13.92,14490.41,"Two wheeler",ahmedabad,2023-02-15
LN001098,CU001033,2022-09-23,114660,48,13.23,3089.15,"Two wheeler",thrissur,23/09/2022
LN004657,CU001560,2022-08-06,233458,24,10.46,10822.54,"Two wheeler",hyderabad,"06 Aug 2022"
LN002496,CU002794,2023-06-16,59940,48,16.01,1699.02,"Two wheeler",delhi,2023-06-16
LN004277,CU002811,2024-05-23,112349,36,17.7,4044.8,Car,ahmedabad,2024-05-23
LN000318,CU000170,2023-10-28,101820,24,17.04,5036.17,Car,delhi,10/28/2023
LN000550,CU003657,2022-11-23,96286,48,18.36,2846.55,"Commercial Vehicle",delhi,2022-11-23
LN003395,CU003947,2024-01-27,110618,36,16.9,3938.33,Car,mumbai,2024-01-27
LN003951,CU001530,2021-07-29,200814,12,16.48,18265.67,"Two wheeler",coimbatore,07/29/2021
LN002822,CU001855,2021-05-31,152442,48,9.87,3856.81,"Two wheeler",thrissur,31/05/2021
LN004591,CU000333,2023-02-11,137541,36,10.36,4461.34,"Commercial Vehicle",kolkata,11/02/2023
LN002724,CU000375,2022-12-19,53111,12,11.92,4716.86,Car,coimbatore,"19 Dec 2022"
LN004810,CU002474,2022-11-16,168226,48,11.66,4402,"Two wheeler",pune,11/16/2022
LN000563,CU000344,2021-05-11,161177,60,15.69,3893.01,"Two wheeler",ahmedabad,"11 May 2021"
LN004660,CU000054,2022-10-09,148759,60,11.09,3241.06,"Two wheeler",ahmedabad,"09 Oct 2022"
LN000329,CU004401,2022-07-19,230186,48,17.26,6673.03,"Two wheeler",delhi,19/07/2022
LN000965,CU000708,2023-10-12,226826,60,18.47,5818.04,Car,thrissur,2023-10-12
LN003523,CU000621,2021-03-20,191429,48,9.76,4833.1,Car,delhi,"20 Mar 2021"
LN003912,CU002477,2024-01-29,373654,36,15.72,13084.97,"Two wheeler",delhi,29/01/2024
LN003423,CU001115,2021-09-28,153386,48,12.98,4113.44,Car,kozhikode,"28 Sep 2021"
LN000073,CU002741,2021-03-25,98748,12,13.75,8854.69,Tractor,kozhikode,03/25/2021
LN001807,CU004303,2022-04-16,50705,12,14.43,4562.92,Car,kochi,16/04/2022
LN004483,CU000443,2024-02-22,88607,48,13.8,2412.44,Car,kolkata,"22 Feb 2024"
LN003598,CU003267,2023-09-29,138929,36,17.86,5012.86,Car,kochi,09/29/2023
LN002278,CU001749,2022-09-11,137984,36,10.51,4485.47,"Commercial Vehicle",ahmedabad,11/09/2022
LN002164,CU002641,2022-07-12,133197,24,17.55,6620.82,"Commercial Vehicle",coimbatore,12/07/2022
LN002003,CU000550,2022-03-06,102783,36,12.68,3447.34,"Two wheeler",kochi,06/03/2022
LN003174,CU001827,2023-10-15,175520,60,12.42,3941.7,"Two wheeler",pune,"15 Oct 2023"
LN001108,CU001816,2021-10-23,170106,60,17.48,4271.6,"Two wheeler",kolkata,23/10/2021
LN004855,CU003251,2024-03-28,239609,24,13.76,11477.17,"Commercial Vehicle",kolkata,2024-03-28
LN002055,CU000443,2021-05-09,146433,24,13.98,7029.29,"Two wheeler",pune,2021-05-09
LN000281,CU000585,2023-08-24,73880,36,13.58,2510,"Two wheeler",coimbatore,24/08/2023
LN002464,CU003174,2024-03-26,276475,60,11.74,6113.77,Car,bangalore,26/03/2024
LN002778,CU003210,2022-03-16,74421,48,17.86,2180.68,Car,kochi,03/16/2022
LN002670,CU003758,2021-11-19,416138,36,15.59,14546.08,Car,kochi,2021-11-19
LN000381,CU002307,2022-08-08,110540,48,17.1,3195.36,"Two wheeler",pune,08/08/2022
LN002922,CU003200,2023-06-21,60731,36,11.72,2009.03,Car,kochi,06/21/2023
LN003835,CU001910,2022-04-15,176859,36,17.63,6361.1,"Two wheeler",kozhikode,"15 Apr 2022"
LN004888,CU000323,2023-07-07,76520,24,15.62,3732.78,Car,ahmedabad,2023-07-07
LN004568,CU003012,2023-04-22,62704,48,14.36,1724.82,"Two wheeler",thrissur,2023-04-22
LN003848,CU001796,2023-06-20,264059,36,9.77,8491.96,Car,thrissur,20/06/2023
LN001446,CU004217,2023-11-21,149597,48,17.19,4331.35,Car,kochi,2023-11-21
LN004828,CU002128,2021-06-24,88673,24,18.29,4439.35,"Commercial Vehicle",kozhikode,06/24/2021
LN001586,CU002750,2021-08-03,90967,48,17.78,2661.71,"Two wheeler",kozhikode,03/08/2021
LN000990,CU000545,2023-04-13,92742,24,16.84,4578.25,"Two wheeler",delhi,13/04/2023
LN003925,CU002340,2022-12-18,56408,36,16.22,1989.27,Car,ahmedabad,2022-12-18
LN001796,CU003961,2022-01-21,143096,36,11.05,4688.17,"Commercial Vehicle",pune,01/21/2022
LN003988,CU000778,2024-04-29,231028,24,10.24,10686.38,Car,bangalore,29/04/2024
LN000055,CU003501,2021-04-13,54960,12,17.82,5034.03,"Two wheeler",mumbai,04/13/2021
LN004476,CU002756,2024-02-13,156440,48,15.25,4373.69,"Two wheeler",bangalore,"13 Feb 2024"
LN000883,CU001660,2023-03-07,50001,36,13.98,1708.43,"Two wheeler",ahmedabad,2023-03-07
LN002476,CU003069,2023-08-18,274854,24,13.11,13081.27,"Two wheeler",kochi,"18 Aug 2023"
LN001092,CU002647,2021-01-19,136547,36,14.08,4672.16,Car,delhi,2021-01-19
LN003319,CU001853,2022-04-06,186511,48,10.58,4782.52,"Commercial Vehicle",hyderabad,"06 Apr 2022"
LN002224,CU003240,2021-01-06,313036,24,14.58,15115.68,"Two wheeler",ahmedabad,2021-01-06
LN000885,CU002776,2023-08-31,112561,36,10.09,3636.78,Car,thrissur,08/31/2023
LN004719,CU000919,2024-04-29,148967,24,17.17,7377.44,Car,chennai,2024-04-29
LN002468,CU002113,2023-02-18,177078,12,14.71,15958.54,"Two wheeler",delhi,"18 Feb 2023"
LN002240,CU002616,2024-04-07,160410,48,12.58,4270.04,"Two wheeler",kochi,07/04/2024
LN000378,CU002636,2022-06-12,54186,36,13.38,1835.67,"Two wheeler",mumbai,2022-06-12
LN003645,CU001159,2023-05-02,88099,48,10.37,2250.11,"Commercial Vehicle",delhi,02/05/2023
LN003176,CU003100,2023-09-04,183026,36,17.9,6607.65,"Two wheeler",delhi,"04 Sep 2023"
LN000744,CU002365,2022-05-10,93003,36,10.25,3011.87,"Two wheeler",bangalore,10/05/2022
LN000956,CU002697,2022-09-12,200755,60,11.35,4400.02,"Two wheeler",delhi,"12 Sep 2022"
LN004550,CU003982,2024-02-17,194619,24,12.24,9183.22,"Two wheeler",mumbai,"17 Feb 2024"
LN003546,CU003231,2022-04-10,286820,24,17.74,14283.22,"Two wheeler",thrissur,10/04/2022
LN000979,CU001537,2024-05-24,218520,24,10.26,10109.83,Tractor,thrissur,2024-05-24
LN004943,CU000789,2024-06-04,157031,48,15.69,4425.41,"Two wheeler",hyderabad,04/06/2024
LN000983,CU002346,2021-12-13,114398,36,12.29,3815.52,Car,bangalore,2021-12-13
LN003367,CU004570,2023-06-14,70943,36,13.44,2405.41,Car,bangalore,"14 Jun 2023"
LN003278,CU003605,2021-11-15,93879,36,15.6,3282,Car,kozhikode,2021-11-15
LN004644,CU003624,2024-04-06,321093,36,12.41,10727.87,"Commercial Vehicle",mumbai,"06 Apr 2024"
LN004202,CU003285,2023-03-25,133960,24,13.95,6428.64,"Commercial Vehicle",kochi,2023-03-25
LN004177,CU000963,2021-11-25,178999,36,17.03,6384.48,Car,chennai,2021-11-25
LN001173,CU004417,2022-12-30,95190,12,15.35,8607.42,Car,kolkata,30/12/2022
LN002392,CU000435,2021-09-10,113512,36,18.29,4120.26,Car,delhi,2021-09-10
LN002625,CU000105,2021-01-24,208645,48,12.72,5568.47,"Two wheeler",coimbatore,2021-01-24
LN004199,CU001619,2021-01-23,112245,36,14.16,3845,"Commercial Vehicle",mumbai,"23 Jan 2021"
LN001268,CU000293,2022-08-09,327001,36,16.24,11535.17,Car,mumbai,2022-08-09
LN003466,CU003189,2021-10-06,117791,24,14.48,5682.23,Car,hyderabad,"06 Oct 2021"
LN003210,CU002246,2023-08-21,140927,36,13.6,4789.22,"Two wheeler",hyderabad,21/08/2023
LN003843,CU004403,2023-11-20,138231,60,12.43,3104.99,"Two wheeler",bangalore,2023-11-20
LN004251,CU000152,2022-10-01,271283,60,17.24,6777.14,Tractor,coimbatore,2022-10-01
LN000678,CU003623,2022-04-29,289545,12,9.78,25425.99,Car,kozhikode,2022-04-29
LN001243,CU000925,2021-05-18,98446,48,16.99,2840.15,Car,chennai,2021-05-18
LN001306,CU004172,2021-12-01,132364,48,10.66,3399.2,"Two wheeler",mumbai,2021-12-01
LN004712,CU003160,2023-11-04,180462,48,12.91,4833.29,Car,chennai,"04 Nov 2023"
LN000239,CU000094,2022-11-06,107869,36,13.44,3657.44,Car,kolkata,"06 Nov 2022"
LN002837,CU002145,2021-06-10,182125,48,13.47,4928.55,"Two wheeler",mumbai,2021-06-10
LN000684,CU000767,2023-12-11,112804,24,11.17,5266.46,"Two wheeler",ahmedabad,2023-12-11
LN004208,CU000751,2021-08-19,195835,36,12.8,6579.61,"Two wheeler",delhi,2021-08-19
LN000794,CU001622,2021-01-11,122973,24,13.42,5870.65,Car,pune,11/01/2021
LN004554,CU004267,2022-01-11,188251,24,13.12,8960.41,Car,ahmedabad,11/01/2022
LN002810,CU004562,2023-02-21,63078,36,11.4,2077.06,Car,bangalore,21/02/2023
LN000812,CU000852,2021-01-31,171532,24,12.62,8124.36,Tractor,ahmedabad,31/01/2021
LN002220,CU003165,2022-09-01,60356,60,16.77,1492.55,Car,hyderabad,01/09/2022
LN004051,CU000333,2023-09-25,177810,48,15.79,5020.08,Car,mumbai,"25 Sep 2023"
LN004640,CU003036,2022-07-13,405368,24,16.85,20013.11,"Commercial Vehicle",delhi,07/13/2022
LN000314,CU001940,2022-12-03,143386,36,12.83,4819.51,Tractor,kozhikode,"03 Dec 2022"
LN004347,CU003854,2022-11-16,65927,36,13.06,2223.25,Tractor,hyderabad,2022-11-16
LN001093,CU002311,2022-01-13,146782,12,17.2,13401.15,Car,bangalore,2022-01-13
LN001318,CU003523,2024-04-28,60266,24,16.19,2956.28,"Two wheeler",delhi,2024-04-28
LN001212,CU003431,2022-11-01,276121,24,12.45,13056.08,"Two wheeler",hyderabad,2022-11-01
LN001354,CU002307,2021-10-11,168263,36,14.71,5809.02,Car,coimbatore,2021-10-11
LN003784,CU003870,2021-01-20,193673,48,17.85,5673.98,Car,kozhikode,"20 Jan 2021"
LN004619,CU003262,2021-03-30,161774,36,12.29,5395.65,"Two wheeler",chennai,03/30/2021
LN000522,CU003958,2021-04-29,118168,36,16.07,4158.52,"Commercial Vehicle",pune,2021-04-29
LN003537,CU001967,2023-03-04,126490,12,14.84,11407.23,Car,chennai,"04 Mar 2023"
LN002533,CU000055,2023-08-23,175443,48,11.47,4574.56,"Two wheeler",kochi,"23 Aug 2023"
LN000342,CU003636,2021-11-05,277889,48,17.99,8161.54,"Commercial Vehicle",mumbai,05/11/2021
LN000323,CU000963,2024-12-05,160488,48,12.46,4262.6,"Commercial Vehicle",kozhikode,05/12/2024
LN002329,CU001487,2023-05-01,273298,24,13.13,13009.78,Car,bangalore,"01 May 2023"
LN002127,CU000127,2022-03-15,240463,36,11.66,7947.82,"Two wheeler",delhi,2022-03-15
LN000650,CU002160,2024-02-02,151593,48,14.27,4163.06,"Two wheeler",delhi,02/02/2024
LN004639,CU001882,2022-04-19,131819,48,12.21,3484.91,"Two wheeler",kochi,19/04/2022
LN003401,CU001483,2023-05-18,40000,36,13.63,1359.93,"Two wheeler",ahmedabad,18/05/2023
LN004995,CU003237,2021-01-04,125567,24,18.21,6281.57,"Commercial Vehicle",thrissur,04/01/2021
LN003332,CU002368,2024-03-03,40000,24,17.17,1980.96,Tractor,ahmedabad,03/03/2024
LN001206,CU002405,2024-04-20,240981,36,11.29,7922.54,Car,hyderabad,20/04/2024
LN000122,CU002940,2024-03-04,104957,48,14.95,2918.37,"Two wheeler",kolkata,04/03/2024
LN000623,CU002964,2022-11-28,111117,24,12.24,5243.13,"Two wheeler",kolkata,28/11/2022
LN002593,CU001408,2022-06-13,89760,60,16.46,2204.79,"Commercial Vehicle",mumbai,2022-06-13
LN000219,CU001415,2021-04-11,101469,48,10.62,2603.83,Car,delhi,2021-04-11
LN000804,CU004329,2023-02-05,180738,36,16.52,6400.71,"Two wheeler",delhi,05/02/2023
LN000627,CU001094,2023-01-08,133746,12,16.89,12191.29,Tractor,kozhikode,08/01/2023
LN001035,CU000949,2022-04-13,155746,48,14.92,4328.21,Car,pune,04/13/2022
LN001720,CU001860,2021-06-11,89635,36,17.84,3233.33,Car,pune,2021-06-11
LN000036,CU001609,2023-10-24,126471,12,16.45,11501.77,Car,hyderabad,24/10/2023
LN002086,CU002220,2023-10-14,104724,24,11.86,4922.88,Car,kolkata,2023-10-14
LN001331,CU000950,2021-09-05,267978,36,17.13,9571.49,"Commercial Vehicle",delhi,2021-09-05
LN004156,CU003923,2021-07-18,148461,24,16.67,7316.73,"Two wheeler",thrissur,18/07/2021
LN001957,CU002906,2021-06-14,184931,12,11.84,16417.06,Car,mumbai,14/06/2021
LN004836,CU002751,2022-07-07,123598,24,16.49,6080.72,"Two wheeler",thrissur,07/07/2022
LN000747,CU003150,2022-01-19,160343,24,14.06,7703.08,Car,thrissur,"19 Jan 2022"
LN003729,CU001330,2023-05-16,134562,60,13.73,3112.22,Tractor,mumbai,05/16/2023
LN002926,CU002617,2023-08-06,122445,60,12.23,2737.97,Car,kolkata,2023-08-06
LN003660,CU003529,2023-09-10,293877,12,12.6,26193.17,"Commercial Vehicle",kozhikode,10/09/2023
LN004763,CU001891,2024-03-14,115422,12,9.87,10140.45,"Two wheeler",chennai,"14 Mar 2024"
LN003797,CU003358,2022-12-13,97274,12,10.65,8581.36,"Two wheeler",kochi,13/12/2022
LN003468,CU003861,2021-10-22,344393,24,13.76,16496.28,"Two wheeler",delhi,2021-10-22
LN001800,CU003855,2022-01-29,129176,36,14.33,4435.66,"Commercial Vehicle",hyderabad,29/01/2022
LN000120,CU001945,2022-01-11,106901,24,14.25,5145.26,"Commercial Vehicle",mumbai,11/01/2022
LN002918,CU003926,2023-03-06,76115,60,17.84,1926.2,Car,delhi,"06 Mar 2023"
LN003102,CU000383,2021-08-07,173464,36,18.23,6291.17,Car,thrissur,"07 Aug 2021"
LN004908,CU001917,2024-04-04,249395,36,17.47,8950.06,Car,delhi,2024-04-04
LN004007,CU004432,2021-01-15,125395,24,16.54,6172.13,"Two wheeler",hyderabad,2021-01-15
LN000130,CU002277,2022-05-18,271903,24,17.31,13484.04,"Two wheeler",kochi,2022-05-18
LN002317,CU002539,2021-12-04,119978,48,10.58,3076.48,Car,ahmedabad,2021-12-04
LN002742,CU003781,2021-06-12,213562,24,17.38,10598.02,Car,mumbai,12/06/2021
LN001593,CU002528,2023-10-26,106264,36,13.96,3629.79,"Two wheeler",pune,10/26/2023
LN000376,CU001090,2023-08-08,94346,36,18.43,3431.22,Car,pune,08/08/2023
LN000583,CU003094,2023-10-05,53404,24,15.32,2597.51,Car,mumbai,2023-10-05
LN004176,CU000369,2022-08-03,122909,48,16.46,3512.3,"Commercial Vehicle",bangalore,03/08/2022
LN000320,CU000349,2023-11-02,193446,36,12.6,6480.75,Tractor,kozhikode,"02 Nov 2023"
LN001987,CU000001,2022-07-29,91636,24,10.52,4250.56,"Two wheeler",kozhikode,29/07/2022
LN002551,CU003263,2021-04-24,120260,60,11.78,2661.77,"Two wheeler",ahmedabad,2021-04-24
LN000897,CU004476,2021-08-06,82813,36,18.09,2997.63,"Two wheeler",hyderabad,06/08/2021
LN002353,CU001773,2023-06-30,40000,24,11.27,1869.33,Car,kozhikode,06/30/2023
LN004867,CU004444,2021-10-28,192064,24,12.54,9089.63,"Two wheeler",ahmedabad,2021-10-28
LN001885,CU003608,2021-06-18,217821,24,10.26,10077.49,"Two wheeler",thrissur,2021-06-18
LN001745,CU003545,2021-06-07,106778,36,9.52,3421.41,"Two wheeler",ahmedabad,"07 Jun 2021"
LN000028,CU000709,2023-10-10,46372,48,17.42,1348.16,Car,kolkata,2023-10-10
LN001806,CU002215,2021-07-12,75457,36,10.07,2437.27,Car,kozhikode,2021-07-12
LN002226,CU003937,2022-12-05,120577,24,18.39,6042.44,"Two wheeler",thrissur,05/12/2022
LN003279,CU002106,2022-12-03,45721,24,14.68,2209.91,Tractor,chennai,"03 Dec 2022"
LN003738,CU004583,2022-01-08,141969,36,9.79,4566.96,"Commercial Vehicle",thrissur,08/01/2022
LN002119,CU003121,2022-12-13,97437,36,13.52,3307.5,"Commercial Vehicle",hyderabad,"13 Dec 2022"
LN003968,CU004119,2021-05-24,162187,12,11.09,14341.17,"Two wheeler",coimbatore,2021-05-24
LN003203,CU001991,2023-01-02,97831,36,9.99,3156.27,"Two wheeler",pune,2023-01-02
LN000490,CU003373,2021-05-26,109693,24,16.58,5401.36,"Two wheeler",mumbai,05/26/2021
LN003897,CU003850,2021-04-30,184997,36,13.76,6301.22,Car,delhi,04/30/2021
LN000506,CU004490,2024-04-14,338058,12,9.72,29676.66,"Commercial Vehicle",kozhikode,14/04/2024
LN001081,CU001179,2023-06-29,200779,60,10.19,4284.75,Car,hyderabad,2023-06-29
LN003679,CU004231,2024-05-29,93974,60,17.73,2372.54,Tractor,chennai,05/29/2024
LN004026,CU004137,2024-05-24,46183,48,17.5,1344.59,Tractor,thrissur,05/24/2024
LN002144,CU004332,2023-04-28,260367,36,14.71,8988.78,"Two wheeler",pune,28/04/2023
LN001849,CU001539,2022-07-08,232301,12,16.22,21101.06,"Two wheeler",hyderabad,2022-07-08
LN001502,CU004039,2022-03-03,316255,48,14.48,8718.48,Car,pune,03/03/2022
LN001154,CU000106,2021-08-31,132176,36,18.1,4785.11,"Commercial Vehicle",kolkata,2021-08-31
LN001776,CU002802,2021-08-05,74387,36,11.69,2459.71,"Commercial Vehicle",ahmedabad,"05 Aug 2021"
LN003601,CU001784,2024-01-28,92944,36,14.14,3182.93,"Two wheeler",kolkata,28/01/2024
LN000977,CU004179,2023-01-25,166725,60,13.76,3858.69,Car,ahmedabad,25/01/2023
LN001712,CU002566,2023-12-02,154702,36,12.78,5196.14,"Commercial Vehicle",delhi,02/12/2023
LN000089,CU004163,2023-05-11,366001,48,13.15,9846.16,Car,hyderabad,11/05/2023
LN004761,CU001614,2022-08-18,140896,48,10.43,3602.65,"Two wheeler",kozhikode,18/08/2022
LN002765,CU002320,2024-01-27,160489,48,11,4147.92,Car,ahmedabad,01/27/2024
LN001424,CU004494,2022-03-11,136850,36,17.6,4920.04,Car,coimbatore,2022-03-11
LN000271,CU001556,2022-09-03,54971,60,11.93,1220.86,"Two wheeler",kozhikode,2022-09-03
LN000538,CU003418,2021-06-21,54355,12,14.01,4880.63,Car,hyderabad,"21 Jun 2021"
LN002418,CU000386,2021-07-01,84836,48,14.65,2346.03,Tractor,chennai,"01 Jul 2021"
LN004168,CU004348,2023-12-09,253656,36,15.8,8892.77,"Two wheeler",delhi,"09 Dec 2023"
LN001112,CU004406,2021-10-13,125540,24,11.7,5892.03,"Two wheeler",delhi,"13 Oct 2021"
LN004044,CU000095,2024-04-24,135884,48,11.65,3555.04,Tractor,coimbatore,24/04/2024
LN000587,CU000155,2022-11-21,89175,48,18.1,2624.18,"Two wheeler",kolkata,2022-11-21
LN004186,CU004067,2022-08-06,116044,48,15.38,3251.99,"Two wheeler",kochi,06/08/2022
LN003491,CU001827,2024-03-31,86194,60,11.57,1898.66,Tractor,ahmedabad,2024-03-31
LN001282,CU000902,2023-09-25,127729,36,16.63,4530.4,"Two wheeler",ahmedabad,2023-09-25
LN003941,CU004163,2022-10-16,178688,48,12.1,4714.32,Car,kolkata,10/16/2022
LN001836,CU001430,2022-05-11,206462,36,15.22,7179.34,"Two wheeler",ahmedabad,11/05/2022
LN002117,CU004032,2023-12-24,243953,36,12.26,8133.06,Car,delhi,24/12/2023
LN004392,CU001353,2022-05-19,140620,36,11.88,4662.54,"Commercial Vehicle",pune,19/05/2022
LN003921,CU000191,2024-12-05,78986,48,13.79,2150.1,"Two wheeler",bangalore,05/12/2024
LN002714,CU001774,2024-05-13,234742,36,12.28,7828.22,"Commercial Vehicle",chennai,05/13/2024
LN004479,CU001535,2021-09-09,150971,48,12.26,3994.95,Tractor,hyderabad,09/09/2021
LN001827,CU000319,2022-10-18,229898,36,16.16,8100.7,Car,mumbai,2022-10-18
LN003428,CU003103,2021-03-13,191638,24,18.25,9590.52,"Commercial Vehicle",chennai,13/03/2021
LN004238,CU000107,2023-10-01,83121,12,11.13,7351.41,Car,hyderabad,2023-10-01
LN000525,CU003150,2021-06-07,190868,36,12.41,6376.99,Car,kozhikode,2021-06-07
LN001519,CU001997,2021-11-22,176435,36,11.11,5785.45,Car,coimbatore,2021-11-22
LN001508,CU001628,2022-03-07,160283,48,16.53,4586.09,Car,delhi,07/03/2022
LN001130,CU000063,2022-01-14,103245,36,12.35,3446.5,Tractor,chennai,"14 Jan 2022"
LN001365,CU000568,2023-03-24,88233,48,11.44,2299.33,"Two wheeler",kozhikode,2023-03-24
LN001838,CU003469,2024-05-13,92425,48,10.59,2370.41,"Two wheeler",chennai,05/13/2024
LN003141,CU001862,2021-01-15,210254,12,13.66,18844.48,Tractor,coimbatore,"15 Jan 2021"
LN001916,CU003157,2022-02-06,174461,36,14.61,6014.48,Car,pune,"06 Feb 2022"
LN001862,CU002204,2022-02-23,78950,48,14.68,2184.45,"Two wheeler",pune,2022-02-23
LN001421,CU000031,2022-12-13,135768,36,15.18,4718.42,"Two wheeler",kozhikode,2022-12-13
LN000199,CU000604,2021-09-22,160088,24,11.34,7486.65,"Two wheeler",pune,22/09/2021
LN002188,CU002301,2024-01-14,306324,36,11.95,10167.03,"Commercial Vehicle",kozhikode,"14 Jan 2024"
LN002999,CU000458,2023-03-07,158976,12,16.99,14498.61,"Two wheeler",kozhikode,07/03/2023
LN002497,CU003210,2022-10-24,65324,24,17.61,3248.95,"Commercial Vehicle",chennai,2022-10-24
LN003272,CU002120,2023-02-05,108035,36,10.98,3535.9,Car,kozhikode,05/02/2023
LN002809,CU003981,2024-11-06,70000,24,18.36,3506.88,Car,kochi,06/11/2024
LN003810,CU003254,2024-06-06,41682,24,11.81,1958.42,"Commercial Vehicle",bangalore,2024-06-06
LN002585,CU002450,2024-02-24,113846,24,11.65,5340.54,Tractor,ahmedabad,2024-02-24
LN001471,CU004306,2023-05-28,345631,12,14.55,31122.73,Car,kochi,05/28/2023
LN000019,CU003801,2023-08-21,45036,36,10.63,1466.54,"Two wheeler",coimbatore,08/21/2023
LN002325,CU001871,2023-01-16,135665,48,12.6,3612.68,Car,coimbatore,01/16/2023
LN000499,CU002311,2024-05-08,167159,24,16.57,8230.22,Car,kozhikode,"08 May 2024"
LN002090,CU001061,2021-09-29,221644,36,17.6,7968.56,Car,delhi,09/29/2021
LN002072,CU000844,2021-02-16,121799,48,16.26,3468.06,"Two wheeler",hyderabad,16/02/2021
LN003894,CU002625,2022-09-08,231340,12,10.81,20425.72,Car,hyderabad,08/09/2022
LN004345,CU000260,2022-01-16,121726,60,10.32,2605.53,"Two wheeler",ahmedabad,2022-01-16
LN003592,CU000959,2024-03-18,96121,24,14.83,4652.83,"Commercial Vehicle",thrissur,2024-03-18
LN002860,CU004303,2023-07-11,270491,36,17.1,9657.21,"Commercial Vehicle",kochi,2023-07-11
LN002192,CU004260,2022-06-05,228666,60,15.96,5555.85,Car,hyderabad,2022-06-05
LN003592,CU000959,2024-03-18,96121,24,14.83,4652.83,"Commercial Vehicle",thrissur,2024-03-18
LN001558,CU001577,2024-02-09,84856,24,12.55,4016.3,"Two wheeler",kozhikode,2024-02-09
LN001291,CU003189,2023-05-19,73415,36,10.44,2384.09,"Two wheeler",delhi,05/19/2023
LN002058,CU000085,2023-07-11,116005,36,9.89,3737.17,"Two wheeler",ahmedabad,11/07/2023
LN003157,CU001944,2023-10-14,134300,36,17.8,4841.8,Car,kolkata,"14 Oct 2023"
LN003868,CU003050,2021-02-16,49353,36,16.27,1741.69,Car,bangalore,2021-02-16
LN004239,CU000942,2023-01-15,76522,60,17.48,1921.57,"Two wheeler",kochi,01/15/2023
LN004539,CU003104,2024-09-04,104432,24,15.81,5103.84,"Two wheeler",kochi,04/09/2024
LN001994,CU000556,2022-07-20,134257,12,16.31,12200.96,"Two wheeler",kozhikode,2022-07-20
LN001388,CU001053,2022-08-18,75502,24,16.16,3702.59,Tractor,kochi,"18 Aug 2022"
LN001608,CU004271,2022-02-20,108733,60,15.63,2622.85,"Two wheeler",coimbatore,02/20/2022
LN000500,CU001701,2021-10-20,133330,60,17.91,3379.18,Car,hyderabad,"20 Oct 2021"
LN000339,CU002282,2022-08-30,92372,36,18.47,3361.29,Tractor,ahmedabad,2022-08-30
LN000069,CU000275,2021-05-03,130219,36,9.56,4174.95,Car,chennai,"03 May 2021"
LN004609,CU001147,2021-08-11,145691,36,17.38,5221.88,"Two wheeler",hyderabad,"11 Aug 2021"
LN001403,CU004312,2024-05-03,202881,36,13.16,6851.51,"Commercial Vehicle",kolkata,2024-05-03
LN002019,CU002541,2023-10-15,134615,36,13.58,4573.41,"Commercial Vehicle",ahmedabad,2023-10-15
LN002555,CU004159,2023-10-08,89676,36,10.77,2926.12,Car,chennai,2023-10-08
LN004191,CU001141,2021-11-28,135670,24,18.06,6777.14,Tractor,delhi,2021-11-28
LN003268,CU001235,2021-11-22,88998,24,17.82,4435.41,"Two wheeler",kozhikode,"22 Nov 2021"
LN000893,CU000215,2023-04-26,147072,24,16.97,7269.45,"Two wheeler",thrissur,"26 Apr 2023"
LN002651,CU000502,2023-06-06,251382,36,16.53,8903.76,"Two wheeler",ahmedabad,06/06/2023
LN002928,CU000995,2023-07-03,79302,48,16.71,2276.38,Car,chennai,03/07/2023
LN003815,CU000271,2023-04-08,159489,48,14.18,4372.69,"Two wheeler",mumbai,08/04/2023
LN001248,CU001677,2022-12-03,82555,12,15.12,7455.95,"Two wheeler",hyderabad,03/12/2022
LN002780,CU004311,2022-03-27,95242,60,15.97,2314.58,Car,coimbatore,03/27/2022
LN004120,CU002842,2021-09-19,73276,36,18.26,2658.67,"Two wheeler",hyderabad,09/19/2021
LN001083,CU004589,2021-05-22,101272,36,18.29,3675.98,"Two wheeler",mumbai,05/22/2021
LN000187,CU000649,2023-12-28,121858,24,16.41,5990.45,Car,ahmedabad,"28 Dec 2023"
LN002213,CU001258,2023-10-24,116550,60,10.89,2527.69,Car,pune,24/10/2023
LN004465,CU001383,2023-07-12,143294,36,12.59,4799.89,"Commercial Vehicle",hyderabad,2023-07-12
LN003940,CU000356,2024-05-26,165800,12,15.44,14999.27,"Commercial Vehicle",hyderabad,26/05/2024
LN000046,CU000100,2021-01-07,209960,24,17.77,10458.75,"Two wheeler",kolkata,"07 Jan 2021"
LN002234,CU000822,2023-05-30,220310,12,14.76,19859.87,Car,mumbai,05/30/2023
LN000605,CU000031,2023-10-23,113088,12,15.18,10216.74,Car,delhi,23/10/2023
LN004454,CU000316,2021-02-04,116419,12,16.71,10601.95,"Two wheeler",ahmedabad,"04 Feb 2021"
LN003190,CU002786,2021-09-24,127712,24,12.9,6065.66,"Two wheeler",delhi,24/09/2021
LN000185,CU002908,2022-04-01,113642,36,16.17,4004.86,"Commercial Vehicle",kozhikode,2022-04-01
LN003104,CU002660,2022-10-17,96236,36,15.14,3342.65,"Two wheeler",delhi,17/10/2022
LN003191,CU002729,2021-03-30,114941,48,17.55,3349.42,"Two wheeler",kozhikode,2021-03-30
LN000386,CU002850,2022-12-19,161554,12,11.07,14283.69,Tractor,delhi,2022-12-19
LN004698,CU000532,2021-09-06,137741,36,13.43,4669.62,Car,delhi,06/09/2021
LN000626,CU003444,2021-09-11,126123,36,14.52,4342.51,"Commercial Vehicle",bangalore,11/09/2021
LN001605,CU002714,2022-08-23,132178,36,18.25,4795.14,Car,kolkata,23/08/2022
LN000771,CU002517,2021-10-14,221329,36,12.07,7358.69,Car,hyderabad,2021-10-14
LN000744,CU002365,2022-05-10,93003,36,10.25,3011.87,"Two wheeler",bangalore,10/05/2022
LN000937,CU001765,2023-03-09,51562,48,9.51,1295.65,"Commercial Vehicle",coimbatore,09/03/2023
LN003230,CU001122,2023-09-27,178416,24,15.86,8723.87,"Two wheeler",hyderabad,2023-09-27
LN004808,CU000758,2023-04-24,172750,48,11.9,4540.69,Tractor,mumbai,"24 Apr 2023"
LN002734,CU002882,2023-11-05,64841,24,17.64,3225.86,"Commercial Vehicle",mumbai,05/11/2023
LN000193,CU004242,2023-01-27,104483,24,11.85,4911.06,"Commercial Vehicle",mumbai,2023-01-27
LN001596,CU003026,2024-05-29,216891,48,14.38,5968.29,"Commercial Vehicle",bangalore,"29 May 2024"
LN002404,CU000206,2024-02-02,75248,36,11.55,2483.17,Car,kozhikode,02/02/2024
LN002843,CU000949,2023-07-01,78943,24,17.05,3905.02,"Two wheeler",kolkata,2023-07-01
LN003080,CU002714,2024-02-06,114291,12,15.23,10328.12,"Two wheeler",kochi,06/02/2024
LN004667,CU000088,2022-07-07,147134,48,12.85,3936.29,Tractor,ahmedabad,"07 Jul 2022"
LN000131,CU001202,2021-06-04,178425,12,10.32,15712.96,"Two wheeler",ahmedabad,04/06/2021
LN001065,CU000113,2022-10-16,68031,36,17.8,2452.66,Car,pune,10/16/2022
LN003503,CU001461,2021-05-25,145215,48,12.87,3886.39,"Two wheeler",kozhikode,"25 May 2021"
LN002806,CU001473,2022-03-22,131470,48,18.33,3884.64,"Two wheeler",kolkata,2022-03-22
LN004441,CU001724,2023-01-25,270547,48,13.07,7267.5,"Two wheeler",pune,"25 Jan 2023"
LN001003,CU002792,2023-06-06,236510,48,11.45,6164.54,Car,ahmedabad,"06 Jun 2023"
LN001607,CU002120,2022-02-02,91271,24,13.67,4367.97,Car,thrissur,02/02/2022
LN000955,CU002113,2023-10-25,41361,24,17.21,2049.16,"Commercial Vehicle",kozhikode,10/25/2023
LN004677,CU001940,2024-02-27,158625,36,10.44,5151.21,Car,bangalore,"27 Feb 2024"
LN001380,CU003174,2022-08-04,97756,24,9.93,4507.79,Car,coimbatore,"04 Aug 2022"
LN002785,CU000146,2023-10-05,91491,24,17.24,4534.08,Car,kozhikode,2023-10-05
LN000722,CU002084,2024-01-06,82508,60,18.1,2099.65,Car,bangalore,06/01/2024
LN002284,CU002012,2022-08-19,120750,24,14.42,5821.54,Car,thrissur,2022-08-19
LN001578,CU004188,2023-06-25,523657,36,10.9,17119.07,"Two wheeler",hyderabad,2023-06-25
LN002955,CU002482,2023-02-08,103051,48,12.82,2755.4,"Two wheeler",kolkata,2023-02-08
LN001673,CU004593,2023-01-18,206780,36,9.57,6630.54,Car,kochi,"18 Jan 2023"
LN004914,CU004500,2023-05-24,111539,12,16.29,10135.34,"Two wheeler",delhi,24/05/2023
LN004997,CU001633,2021-09-07,87290,36,14.35,2998.23,"Two wheeler",bangalore,2021-09-07
LN003905,CU001523,2021-12-15,105086,36,12.33,3506.95,Car,kozhikode,12/15/2021
LN002876,CU003183,2022-08-15,85477,12,13.82,7667.5,Car,kochi,2022-08-15
LN002364,CU000094,2022-02-05,94241,48,13.8,2565.83,"Two wheeler",kochi,2022-02-05
LN002935,CU002685,2023-01-09,119827,24,14.77,5796.92,"Two wheeler",ahmedabad,"09 Jan 2023"
LN003287,CU000434,2023-06-08,141933,48,11.39,3695.27,"Two wheeler",thrissur,"08 Jun 2023"
LN004684,CU004093,2021-02-27,98530,48,13.79,2682.11,"Two wheeler",delhi,27/02/2021
LN004029,CU003315,2024-01-27,294970,24,18.03,14730.39,Car,kochi,01/27/2024
LN002230,CU001255,2024-03-18,82963,36,15.21,2884.48,"Two wheeler",coimbatore,"18 Mar 2024"
LN004987,CU003918,2021-01-23,92362,36,15.3,3215.34,Car,bangalore,2021-01-23
LN004142,CU003872,2022-04-10,40000,48,17.57,1166.03,"Two wheeler",bangalore,10/04/2022
LN003216,CU003320,2021-07-31,83069,24,17.4,4123.1,Car,chennai,"31 Jul 2021"
LN002064,CU003333,2023-06-05,149293,48,15.76,4212.68,"Two wheeler",bangalore,2023-06-05
LN000832,CU000845,2022-10-08,140264,36,15.45,4893.26,"Two wheeler",thrissur,2022-10-08
LN001020,CU000484,2022-07-11,108803,48,17.96,3193.81,"Two wheeler",thrissur,"11 Jul 2022"
LN002174,CU002742,2022-04-04,148556,60,16.71,3668.87,"Two wheeler",mumbai,"04 Apr 2022"
LN004759,CU001015,2021-08-21,166557,24,9.84,7673.47,"Two wheeler",chennai,"21 Aug 2021"
LN000936,CU001898,2022-07-12,154175,24,13.2,7344.25,Car,mumbai,2022-07-12
LN001258,CU000426,2021-08-21,256032,48,15.72,7219.36,"Commercial Vehicle",bangalore,2021-08-21
LN003586,CU002502,2024-02-22,131948,36,15.34,4596.02,"Two wheeler",kochi,02/22/2024
LN002719,CU000939,2023-03-02,101818,48,18.23,3003.15,Car,bangalore,2023-03-02
LN000375,CU004370,2023-06-01,120147,36,16.44,4250.16,"Commercial Vehicle",kochi,01/06/2023
LN001143,CU004212,2023-01-25,210324,12,15.74,19057.01,"Two wheeler",pune,01/25/2023
LN004913,CU001571,2021-12-07,81186,60,15.42,1949.35,Car,ahmedabad,"07 Dec 2021"
LN002147,CU004382,2022-01-16,66083,24,10.16,3054.28,Car,chennai,"16 Jan 2022"
LN001865,CU004285,2024-06-26,159354,24,10.05,7357.06,"Commercial Vehicle",pune,06/26/2024
LN002255,CU001009,2022-11-14,281990,48,12.15,7446.66,Car,coimbatore,2022-11-14
LN000092,CU003173,2023-08-23,40000,36,10.56,1301.23,Car,bangalore,2023-08-23
LN004834,CU002765,2023-06-13,55324,36,15.65,1935.48,"Two wheeler",mumbai,13/06/2023
LN001742,CU002916,2023-11-25,162296,36,11.77,5372.74,"Two wheeler",kozhikode,25/11/2023
LN003597,CU001242,2022-04-24,130238,36,16.34,4600.67,Car,hyderabad,04/24/2022
LN000419,CU000655,2023-12-11,77062,36,13.55,2616.99,"Commercial Vehicle",coimbatore,"11 Dec 2023"
LN002545,CU003325,2023-05-01,174042,12,9.97,15298.63,"Commercial Vehicle",chennai,01/05/2023
LN004786,CU000823,2023-04-14,202019,36,15.14,7016.91,"Two wheeler",delhi,2023-04-14
LN003715,CU002912,2022-06-07,111220,24,16.35,5464.3,"Two wheeler",mumbai,"07 Jun 2022"
LN001396,CU004060,2021-08-23,75935,24,10.57,3524.03,"Commercial Vehicle",hyderabad,"23 Aug 2021"
LN002467,CU000086,2024-05-31,197807,24,15.52,9639.94,Tractor,delhi,"31 May 2024"
LN002782,CU000652,2022-08-20,126166,36,13.42,4276.6,Tractor,bangalore,20/08/2022
LN000492,CU003979,2024-04-15,117419,24,12.46,5552.58,Tractor,bangalore,2024-04-15
LN002137,CU002937,2021-07-10,160616,12,11.72,14249.51,"Two wheeler",kozhikode,"10 Jul 2021"
LN000825,CU001516,2023-10-26,87797,48,16.15,2494.94,Car,hyderabad,26/10/2023
LN001117,CU000813,2023-09-22,89181,36,11.17,2926.86,Car,mumbai,22/09/2023
LN000745,CU000235,2021-11-07,81702,36,11.17,2681.4,"Two wheeler",hyderabad,07/11/2021
LN003380,CU003719,2022-02-11,113906,24,17.99,5686.1,Car,coimbatore,2022-02-11
LN002677,CU002657,2023-12-31,107004,24,11.9,5032.05,Car,ahmedabad,2023-12-31
LN000259,CU000595,2022-02-02,185301,36,10.38,6012.26,"Commercial Vehicle",ahmedabad,02/02/2022
LN000016,CU000813,2023-08-03,77573,48,14.38,2134.61,"Two wheeler",pune,03/08/2023
LN004755,CU002716,2021-12-31,69937,24,17.36,3469.95,"Commercial Vehicle",hyderabad,2021-12-31
LN000138,CU000844,2023-02-17,142234,12,18.33,13062.36,Car,coimbatore,"17 Feb 2023"
LN000031,CU002352,2024-02-22,127213,24,12.14,5996.68,Car,bangalore,22/02/2024
LN004938,CU001404,2021-11-30,290441,36,11.05,9515.54,Car,pune,30/11/2021
LN002485,CU000267,2023-04-14,84518,36,18.29,3067.84,"Two wheeler",delhi,2023-04-14
LN000564,CU000163,2022-05-18,101695,48,13.82,2769.79,"Commercial Vehicle",hyderabad,2022-05-18
LN004385,CU003046,2023-06-12,160488,36,16.9,5713.85,Car,kochi,12/06/2023
LN000498,CU002581,2022-10-05,320469,12,15.79,29044.59,"Commercial Vehicle",kochi,05/10/2022
LN000080,CU004172,2022-05-19,78408,60,17.65,1976.15,Car,bangalore,2022-05-19
LN001304,CU003028,2022-05-21,129814,36,11.77,4297.44,Car,pune,"21 May 2022"
LN004226,CU003275,2023-03-08,225594,60,13.52,5193.21,Car,hyderabad,08/03/2023
LN004822,CU000407,2021-04-14,123244,60,11.98,2740.25,Car,hyderabad,2021-04-14
LN000496,CU002111,2024-05-11,165092,60,16.58,4065.77,"Two wheeler",kozhikode,2024-05-11
LN002111,CU004118,2024-04-11,159034,36,15.49,5551.2,"Two wheeler",delhi,11/04/2024
LN002430,CU002078,2023-02-22,195499,48,17.01,5642.14,"Two wheeler",kochi,"22 Feb 2023"
LN002336,CU001364,2022-10-23,347050,36,10.09,11213,"Commercial Vehicle",chennai,2022-10-23
LN001616,CU001037,2023-03-10,110684,36,18.03,4003.16,"Two wheeler",pune,2023-03-10
LN003470,CU001993,2021-11-03,182459,24,11.02,8505.71,Tractor,kochi,"03 Nov 2021"
LN004851,CU002215,2023-10-29,79418,24,15.03,3851.84,"Two wheeler",thrissur,10/29/2023
LN004655,CU000269,2022-10-10,193292,24,11.35,9040.36,"Two wheeler",thrissur,2022-10-10
LN001080,CU000680,2023-03-29,107052,60,15.37,2567.6,Tractor,pune,2023-03-29
LN002414,CU002552,2022-11-24,299534,60,12.33,6713.03,Car,mumbai,11/24/2022
LN001778,CU001510,2022-10-23,136543,36,14.73,4715.27,Car,delhi,2022-10-23
LN004993,CU003370,2023-01-10,300213,48,10.99,7757.7,"Commercial Vehicle",thrissur,10/01/2023
LN002522,CU001080,2024-01-11,306064,48,16.69,8782.48,"Two wheeler",ahmedabad,"11 Jan 2024"
LN001222,CU002468,2023-06-15,102101,48,14.26,2803.4,"Two wheeler",coimbatore,06/15/2023
LN003101,CU001626,2024-05-05,121261,48,17.61,3537.38,Car,pune,"05 May 2024"
LN003194,CU001603,2021-11-21,106612,36,13.36,3610.69,Car,ahmedabad,2021-11-21
LN002016,CU001851,2023-10-31,81013,36,14.45,2786.57,Car,ahmedabad,2023-10-31
LN003529,CU001358,2023-11-14,128115,24,10.08,5916.59,"Commercial Vehicle",ahmedabad,"14 Nov 2023"
LN001714,CU003958,2021-02-14,70905,24,12.53,3355.32,Car,bangalore,14/02/2021
LN003326,CU000005,2021-04-15,78683,60,9.59,1655.95,"Commercial Vehicle",coimbatore,"15 Apr 2021"
LN002848,CU003713,2021-07-24,113709,36,13.69,3869.21,"Two wheeler",mumbai,07/24/2021
LN004459,CU000865,2023-06-13,40000,60,14.45,940.09,Car,hyderabad,13/06/2023
LN002731,CU000015,2024-02-09,147871,48,14.57,4083.2,"Commercial Vehicle",thrissur,"09 Feb 2024"
LN001793,CU004411,2023-08-10,123082,12,16.07,11171.41,Car,chennai,10/08/2023
LN004616,CU003633,2022-08-01,61383,36,17.28,2197.03,"Commercial Vehicle",bangalore,2022-08-01
LN004974,CU004174,2021-02-08,202531,36,16.49,7169.48,"Two wheeler",bangalore,08/02/2021
LN001292,CU003461,2021-08-20,149533,24,11.19,6982.61,Car,thrissur,"20 Aug 2021"
LN002492,CU000226,2023-02-13,196457,24,12.63,9305.82,"Two wheeler",kolkata,13/02/2023
LN000279,CU000043,2023-08-22,131500,48,13.3,3547.43,"Two wheeler",hyderabad,"22 Aug 2023"
LN000214,CU004217,2023-08-09,214569,24,11.03,10003.59,"Two wheeler",kozhikode,"09 Aug 2023"
LN003820,CU003275,2023-09-08,70606,24,13.9,3386.66,Car,pune,08/09/2023
LN004788,CU004267,2024-01-05,231123,36,10.69,7532.79,"Two wheeler",pune,2024-01-05
LN002888,CU003937,2022-10-04,71187,24,16.28,3495.07,"Two wheeler",kolkata,2022-10-04
LN004724,CU004348,2024-02-06,169720,24,17.96,8469.84,"Two wheeler",chennai,06/02/2024
LN000935,CU000667,2022-02-03,214407,60,12.6,4834.63,Car,bangalore,2022-02-03
LN001517,CU004297,2023-08-23,112844,24,14.52,5445.73,Tractor,kochi,23/08/2023
LN001452,CU003800,2022-08-20,116703,24,11.85,5485.44,"Two wheeler",kolkata,2022-08-20
LN000659,CU004424,2023-08-12,132035,36,13.74,4495.99,"Two wheeler",coimbatore,12/08/2023
LN001960,CU002598,2023-08-23,194140,36,17.25,6945.8,"Two wheeler",bangalore,08/23/2023
LN000186,CU003481,2022-06-08,224456,24,17.89,11193.84,"Two wheeler",delhi,"08 Jun 2022"
LN000552,CU002386,2021-04-28,133433,36,17.72,4805.2,"Commercial Vehicle",pune,04/28/2021
LN000516,CU001324,2022-11-30,52772,48,10.16,1342.49,"Commercial Vehicle",hyderabad,30/11/2022
LN001194,CU000773,2021-07-21,84961,48,14.22,2331.07,"Commercial Vehicle",mumbai,2021-07-21
LN002312,CU002213,2021-06-24,129295,36,16.51,4578.25,Car,bangalore,"24 Jun 2021"
LN000398,CU003678,2021-12-11,345461,36,16.62,12251.39,"Two wheeler",hyderabad,11/12/2021
LN003134,CU000953,2022-02-25,126541,12,11.13,11191.58,"Two wheeler",bangalore,2022-02-25
LN003800,CU002595,2023-06-24,51011,24,15.54,2486.46,"Two wheeler",chennai,24/06/2023
LN003716,CU003172,2023-05-27,84846,24,17.63,4220.71,"Commercial Vehicle",kolkata,05/27/2023
LN004965,CU003467,2022-05-16,99937,36,12.3,3333.68,"Two wheeler",ahmedabad,2022-05-16
LN003120,CU002889,2024-02-29,169979,36,16.58,6024.74,"Two wheeler",hyderabad,2024-02-29
LN003844,CU004370,2022-07-30,244049,48,10.85,6289.81,"Two wheeler",pune,2022-07-30
LN000008,CU001638,2022-07-10,133745,24,18.49,6708.81,Tractor,hyderabad,"10 Jul 2022"
LN002910,CU003913,2023-07-24,177866,60,16.7,4391.79,"Two wheeler",bangalore,2023-07-24
LN000823,CU003312,2021-03-10,162540,48,9.63,4093.61,"Two wheeler",kochi,2021-03-10
LN003876,CU000302,2023-04-06,114361,60,16.51,2812.12,"Two wheeler",coimbatore,2023-04-06
LN000231,CU000969,2021-02-04,58919,24,11.69,2765,"Two wheeler",bangalore,2021-02-04
LN001618,CU001325,2023-11-09,215327,36,13.23,7279.1,"Two wheeler",thrissur,2023-11-09
LN000119,CU001921,2021-06-28,96065,36,12.51,3214.18,"Commercial Vehicle",coimbatore,"28 Jun 2021"
LN001168,CU004482,2023-06-24,113428,12,13.07,10134.81,Tractor,kochi,2023-06-24
LN003419,CU003921,2024-05-22,191078,24,12.39,9029.54,Car,bangalore,2024-05-22
LN004016,CU000394,2021-10-05,202633,24,10.06,9356.1,"Two wheeler",delhi,05/10/2021
LN001059,CU004582,2021-02-21,156512,60,13.68,3615.85,"Two wheeler",coimbatore,2021-02-21
LN002905,CU001919,2023-01-08,161723,60,17.67,4077.72,"Two wheeler",bangalore,2023-01-08
LN001560,CU002804,2021-06-14,268445,48,11.15,6957.67,"Commercial Vehicle",mumbai,06/14/2021
LN003119,CU000371,2022-10-30,229233,24,10.42,10622.43,Tractor,kozhikode,2022-10-30
LN000278,CU001848,2022-10-08,306982,48,17.16,8883.41,"Two wheeler",thrissur,08/10/2022
LN003726,CU001509,2022-04-25,134856,24,13.32,6431.59,"Commercial Vehicle",pune,25/04/2022
LN000295,CU004030,2023-08-27,184008,48,16.03,5217.67,Car,kochi,08/27/2023
LN004391,CU001794,2021-02-13,158203,48,16.26,4504.61,Car,kolkata,"13 Feb 2021"
LN003082,CU000779,2023-10-01,103269,36,14.07,3533,"Two wheeler",hyderabad,2023-10-01
LN003932,CU000246,2022-11-11,255062,12,12.1,22673.88,"Commercial Vehicle",hyderabad,11/11/2022
LN001967,CU002380,2022-06-24,207956,24,14.71,10054.46,Tractor,pune,24/06/2022
LN004367,CU004350,2022-07-05,156783,24,18.26,7846.96,"Two wheeler",delhi,2022-07-05
LN003138,CU003757,2023-06-06,103694,24,13.78,4967.88,"Two wheeler",coimbatore,"06 Jun 2023"
LN004945,CU000816,2021-02-23,124416,36,16.1,4380.24,Car,kolkata,23/02/2021
LN002609,CU003433,2022-12-27,178692,48,12.7,4767.29,Car,ahmedabad,27/12/2022
LN001240,CU001615,2023-04-14,232599,36,11.66,7687.9,Car,coimbatore,14/04/2023
LN002120,CU001947,2021-06-01,298866,24,10.03,13795.29,"Commercial Vehicle",bangalore,"01 Jun 2021"
LN004741,CU000658,2024-06-06,92581,24,11.74,4346.88,"Two wheeler",bangalore,06/06/2024
LN002635,CU000163,2021-12-12,204620,24,18.12,10227.34,"Two wheeler",chennai,2021-12-12
LN000260,CU002587,2023-04-09,78343,36,15.86,2748.9,Car,thrissur,2023-04-09
LN002530,CU000941,2023-05-25,118765,36,11.84,3935.63,"Commercial Vehicle",kochi,05/25/2023
LN001152,CU003088,2022-08-17,153264,24,10.12,7080.85,"Two wheeler",ahmedabad,2022-08-17
LN002162,CU001893,2023-01-02,157926,24,12.57,7476.23,"Commercial Vehicle",coimbatore,"02 Jan 2023"
LN004827,CU002764,2021-10-01,158374,24,16.15,7765.84,Car,thrissur,2021-10-01
LN003142,CU004062,2022-07-30,141934,36,12.33,4736.64,Car,hyderabad,"30 Jul 2022"
LN004274,CU003329,2023-08-11,79661,48,11.38,2073.61,Car,delhi,11/08/2023
LN003388,CU003968,2024-01-28,129025,36,12.97,4345.5,"Two wheeler",thrissur,01/28/2024
LN001323,CU002457,2023-05-24,55041,48,13.82,1499.11,"Two wheeler",thrissur,"24 May 2023"
LN000280,CU002633,2021-06-06,137389,36,10.7,4478.45,Car,kolkata,06/06/2021
LN000664,CU000971,2021-04-07,110373,36,13.17,3727.95,Tractor,ahmedabad,2021-04-07
LN003416,CU004227,2024-05-19,127970,24,10.06,5908.71,"Two wheeler",kochi,19/05/2024
LN000123,CU003429,2023-07-10,117505,36,16.65,4168.93,Car,kochi,10/07/2023
LN000290,CU002838,2024-01-21,250167,36,15.63,8749.5,Car,kozhikode,2024-01-21
LN000929,CU000909,2021-03-09,343871,36,15.66,12031.84,Tractor,thrissur,2021-03-09
LN003467,CU004437,2022-11-24,102633,36,11.34,3376.62,"Two wheeler",chennai,24/11/2022
LN002842,CU001897,2021-11-17,53821,24,10.56,2497.5,"Commercial Vehicle",pune,17/11/2021
LN004348,CU003854,2021-04-05,100435,60,14.46,2360.97,Car,ahmedabad,05/04/2021
LN000886,CU001284,2023-07-27,223556,24,10.08,10324.23,"Two wheeler",coimbatore,27/07/2023
LN000251,CU000023,2023-07-08,189078,48,13.12,5083.76,"Two wheeler",kolkata,08/07/2023
LN002541,CU003003,2022-07-11,71889,36,16.87,2558.39,Car,thrissur,"11 Jul 2022"
LN002471,CU001491,2023-04-16,67793,24,15.38,3299.31,"Two wheeler",thrissur,2023-04-16
LN000750,CU001009,2024-05-13,234811,36,16.77,8344.8,"Two wheeler",kozhikode,05/13/2024
LN003126,CU002503,2022-11-10,87753,24,16.73,4327.33,"Two wheeler",ahmedabad,10/11/2022
LN003802,CU002953,2022-07-20,126823,36,16.09,4464.36,"Two wheeler",thrissur,20/07/2022
LN003149,CU003980,2024-01-13,301152,36,17.45,10804.46,Car,delhi,"13 Jan 2024"
LN000208,CU003344,2021-12-29,99140,24,10.58,4601.39,"Commercial Vehicle",bangalore,2021-12-29
LN004136,CU003111,2023-02-15,78781,36,11.51,2598.26,"Two wheeler",kozhikode,2023-02-15
LN004999,CU003730,2024-03-15,106040,48,17.17,3069.12,"Commercial Vehicle",mumbai,"15 Mar 2024"
LN004961,CU001885,2022-12-25,78462,24,16.89,3875.19,"Two wheeler",mumbai,"25 Dec 2022"
LN003471,CU004144,2023-09-17,237869,12,10.93,21015.49,"Two wheeler",ahmedabad,17/09/2023
LN002052,CU003290,2021-06-30,197694,36,17.88,7135.22,Car,bangalore,2021-06-30
LN004699,CU003573,2023-11-16,98871,36,12.34,3300.01,"Two wheeler",kochi,2023-11-16
LN003500,CU004219,2022-06-26,135479,48,12.22,3582.33,"Two wheeler",kozhikode,06/26/2022
LN004249,CU004298,2023-03-18,93761,36,17.28,3355.92,"Two wheeler",thrissur,18/03/2023
LN001615,CU000940,2023-08-16,257789,48,13.75,7012.18,Car,kolkata,08/16/2023
LN000888,CU004482,2022-04-05,170797,36,14.78,5902.35,Car,pune,2022-04-05
LN003654,CU001578,2021-10-25,136735,48,11.2,3547.28,"Two wheeler",bangalore,10/25/2021
LN000429,CU001990,2023-07-09,81262,48,12.72,2168.78,"Two wheeler",ahmedabad,09/07/2023
LN000126,CU004413,2023-06-19,151384,36,10.89,4948.24,Car,bangalore,2023-06-19
LN001735,CU004266,2022-06-01,210006,24,13.86,10069.11,"Commercial Vehicle",kolkata,2022-06-01
LN003907,CU003703,2022-03-07,142486,24,11.53,6676.08,Car,kolkata,07/03/2022
LN002726,CU002737,2023-03-31,101265,36,10.19,3276.58,Car,delhi,03/31/2023
LN001400,CU001645,2021-01-27,40000,12,16.82,3644.77,"Two wheeler",thrissur,2021-01-27
LN004166,CU004447,2022-12-30,60685,12,16.88,5531.31,"Two wheeler",delhi,12/30/2022
LN000104,CU003202,2022-02-26,94682,60,14.18,2211.93,"Commercial Vehicle",chennai,2022-02-26
LN002859,CU002116,2024-06-20,99138,12,9.94,8713.04,"Two wheeler",coimbatore,2024-06-20
LN001904,CU003561,2021-05-28,76287,60,17.66,1923.11,"Two wheeler",ahmedabad,2021-05-28
LN004665,CU003694,2023-07-09,118025,48,17.67,3446.67,Car,kochi,2023-07-09
LN003408,CU000568,2022-04-28,86779,12,17.94,7953.42,Car,mumbai,"28 Apr 2022"
LN002357,CU003130,2021-10-03,96155,48,13.3,2593.94,"Two wheeler",chennai,"03 Oct 2021"
LN000802,CU003568,2023-05-21,183646,24,14.94,8899.14,"Commercial Vehicle",thrissur,2023-05-21
LN004736,CU002729,2024-02-01,216187,36,17.51,7762.64,"Two wheeler",mumbai,"01 Feb 2024"
LN004622,CU002784,2023-11-11,198230,12,14.01,17799.43,"Two wheeler",kochi,11/11/2023
LN000620,CU004339,2021-07-04,246666,60,17.32,6172.81,"Two wheeler",ahmedabad,"04 Jul 2021"
LN002979,CU001869,2022-03-01,148465,36,11.71,4910.62,Car,pune,01/03/2022
LN001177,CU003393,2022-03-28,105053,36,9.93,3386.31,"Two wheeler",ahmedabad,2022-03-28
LN002694,CU003541,2022-04-18,145296,36,12.25,4843.27,Car,chennai,04/18/2022
LN001929,CU003461,2022-03-18,130452,36,17.36,4674.38,"Two wheeler",mumbai,2022-03-18
LN002294,CU000256,2021-03-22,125266,48,16.48,3580.94,"Two wheeler",thrissur,2021-03-22
LN003340,CU002633,2024-05-03,45087,36,14.24,1546.23,"Two wheeler",kozhikode,"03 May 2024"
LN004268,CU000059,2021-08-31,158821,24,15.32,7724.87,Car,thrissur,08/31/2021
LN000306,CU003046,2024-01-20,147016,48,13.95,4013.74,Car,delhi,01/20/2024
LN004682,CU000604,2023-09-27,71183,24,10.41,3298.22,"Two wheeler",kolkata,09/27/2023
LN002518,CU000616,2023-09-12,94730,24,11.08,4418.68,Car,kochi,12/09/2023
LN001687,CU000953,2023-10-24,104742,48,14.64,2895.97,"Two wheeler",delhi,"24 Oct 2023"
LN002319,CU003541,2023-10-04,40000,24,14.78,1935.29,"Two wheeler",coimbatore,04/10/2023
LN004846,CU002697,2021-12-30,211406,36,11.17,6938.19,"Commercial Vehicle",kozhikode,2021-12-30
LN002775,CU003754,2022-05-01,55378,24,15.11,2687.99,"Two wheeler",delhi,2022-05-01
LN002340,CU002508,2023-03-19,278480,24,12.65,13193.71,"Two wheeler",pune,2023-03-19
LN004547,CU004590,2023-10-02,216325,24,9.53,9935.44,Car,chennai,"02 Oct 2023"
LN004535,CU002680,2022-11-08,61186,24,12.05,2881.67,Tractor,hyderabad,2022-11-08
LN000209,CU002825,2023-02-12,181403,12,13.59,16252.68,Car,kolkata,2023-02-12
LN001734,CU002742,2023-07-07,263138,36,12.3,8777.7,Car,delhi,07/07/2023
LN002700,CU003544,2022-05-02,98362,12,17.78,9007.53,Car,pune,02/05/2022
LN001657,CU002963,2022-04-29,225160,36,18.29,8172.87,Tractor,chennai,29/04/2022
LN000369,CU002149,2022-11-26,102078,24,16.16,5005.86,"Two wheeler",chennai,26/11/2022
LN002676,CU000736,2023-01-19,154834,24,11.88,7279.9,Tractor,pune,19/01/2023
LN003237,CU000143,2022-12-01,318629,36,13.62,10831.27,"Two wheeler",coimbatore,01/12/2022
LN003936,CU003682,2023-06-26,172599,24,10.92,8038.06,Car,thrissur,"26 Jun 2023"
LN000455,CU004053,2021-05-25,100201,12,13.58,8976.97,"Two wheeler",kolkata,"25 May 2021"
LN003055,CU004406,2022-06-09,46225,36,15.18,1606.48,"Commercial Vehicle",kozhikode,09/06/2022
LN001872,CU000368,2022-06-14,159572,36,11.1,5231.74,Car,ahmedabad,2022-06-14
LN004442,CU004165,2023-11-13,140262,60,15.1,3344.19,Car,thrissur,2023-11-13
LN003532,CU003016,2023-08-06,176305,24,9.71,8112,"Commercial Vehicle",kozhikode,2023-08-06
LN003792,CU001922,2022-07-14,119478,36,18.28,4336.22,Car,delhi,"14 Jul 2022"
LN002047,CU001984,2021-04-17,125983,24,15.6,6144.47,"Two wheeler",kolkata,2021-04-17
LN002345,CU000626,2021-08-13,113300,36,13.37,3837.75,Car,delhi,08/13/2021
LN004567,CU001357,2023-08-15,187651,24,13.48,8963.64,Car,kochi,2023-08-15
LN002604,CU002432,2021-09-14,143567,60,13,3266.59,"Commercial Vehicle",mumbai,09/14/2021
LN003683,CU002116,2021-12-26,42988,24,17.18,2129.14,"Commercial Vehicle",kozhikode,26/12/2021
LN003408,CU000568,2022-04-28,86779,12,17.94,7953.42,Car,mumbai,"28 Apr 2022"
LN000930,CU003192,2021-09-08,91561,24,14.54,4419.5,"Two wheeler",chennai,08/09/2021
LN003302,CU003289,2023-02-14,110148,24,9.51,5057.9,"Two wheeler",mumbai,"14 Feb 2023"
LN001136,CU000695,2024-05-21,188413,48,11.57,4921.95,"Commercial Vehicle",kochi,21/05/2024
LN002239,CU003559,2022-12-19,151635,48,12.44,4025.97,"Two wheeler",hyderabad,2022-12-19
LN001626,CU003966,2021-08-22,131872,48,16.87,3796.31,Car,kochi,08/22/2021
LN002740,CU002092,2022-12-11,142657,12,14.49,12841.67,"Two wheeler",mumbai,"11 Dec 2022"
LN004797,CU000875,2023-12-11,96532,12,13.93,8664.15,"Two wheeler",thrissur,11/12/2023
LN000922,CU000900,2022-01-07,236883,36,10.89,7742.91,"Two wheeler",coimbatore,2022-01-07
LN000200,CU002543,2024-07-03,120875,36,11.08,3961.87,Car,ahmedabad,03/07/2024
LN002437,CU003308,2023-07-26,112345,36,9.64,3606.1,"Two wheeler",ahmedabad,07/26/2023
LN001699,CU002474,2022-09-01,99056,24,14.41,4775.17,Car,hyderabad,2022-09-01
LN001264,CU000899,2023-01-09,142349,48,18.48,4217.29,Car,pune,09/01/2023
LN003670,CU000909,2022-07-06,149694,36,11.21,4915.69,Car,mumbai,2022-07-06
LN001610,CU003052,2022-04-06,152599,60,15.37,3660.02,"Two wheeler",thrissur,06/04/2022
LN003365,CU002093,2022-06-28,89230,60,13.22,2040.32,Car,pune,"28 Jun 2022"
LN002855,CU003870,2024-05-13,140813,48,12.13,3717.14,"Commercial Vehicle",mumbai,2024-05-13
LN000392,CU000429,2022-10-07,97317,48,17.37,2826.75,"Commercial Vehicle",kozhikode,2022-10-07
LN003976,CU000003,2021-02-23,136895,60,11.57,3015.49,"Commercial Vehicle",chennai,02/23/2021
LN004583,CU000718,2022-06-23,92103,24,13.42,4396.94,"Two wheeler",bangalore,2022-06-23
LN001920,CU004500,2024-03-29,102814,36,16.8,3655.37,"Two wheeler",hyderabad,2024-03-29
LN000242,CU001902,2021-03-05,195217,36,9.88,6288.11,Car,kolkata,05/03/2021
LN003397,CU002149,2023-05-31,94582,36,12.72,3174.1,Car,thrissur,05/31/2023
LN003722,CU000920,2023-04-30,156504,60,11.78,3463.97,Car,kozhikode,2023-04-30
LN001609,CU002451,2022-05-25,166605,48,9.65,4197.58,Car,hyderabad,2022-05-25
LN001817,CU000060,2024-05-15,171405,24,18.08,8563.87,"Two wheeler",mumbai,2024-05-15
LN000822,CU001469,2022-02-06,66287,24,11.12,3093.19,"Commercial Vehicle",kochi,"06 Feb 2022"
LN003304,CU000526,2021-10-23,130691,24,12.03,6153.91,"Commercial Vehicle",ahmedabad,2021-10-23
LN004235,CU004460,2022-09-02,98406,24,18.25,4924.73,Car,chennai,"02 Sep 2022"
LN002844,CU000019,2022-09-27,158586,36,13.1,5351.03,"Two wheeler",mumbai,"27 Sep 2022"
LN001919,CU000651,2021-10-17,59016,48,12.72,1575.06,"Two wheeler",ahmedabad,2021-10-17
LN001590,CU000819,2021-12-21,169055,36,14.94,5855.38,Car,bangalore,2021-12-21
LN001178,CU000687,2021-06-20,506198,60,15.67,12221.17,"Commercial Vehicle",mumbai,20/06/2021
LN004881,CU001028,2021-10-30,207027,36,16.06,7284.59,"Commercial Vehicle",kozhikode,2021-10-30
LN004401,CU004575,2022-10-31,137147,36,13.71,4668.07,"Two wheeler",kochi,2022-10-31
LN002710,CU000345,2024-04-29,62434,12,17.37,5705.25,"Two wheeler",kochi,29/04/2024
LN000577,CU002758,2021-11-10,263125,36,10.04,8495.25,"Two wheeler",delhi,2021-11-10
LN002881,CU004251,2024-04-25,126681,36,17.17,4527.25,Car,mumbai,04/25/2024
LN001561,CU003534,2021-03-25,124375,60,9.7,2624.28,Car,kolkata,"25 Mar 2021"
LN001383,CU001137,2023-04-15,242180,12,15.35,21898.78,"Two wheeler",hyderabad,04/15/2023
LN002874,CU000776,2021-12-06,121798,60,9.73,2571.7,"Two wheeler",pune,2021-12-06
LN004291,CU000642,2022-12-16,121515,48,18.03,3571.41,Car,pune,2022-12-16
LN002268,CU002573,2021-11-07,56517,36,11.9,1874.47,"Two wheeler",bangalore,07/11/2021
LN001858,CU002329,2022-05-26,178914,60,10.73,3865.98,"Commercial Vehicle",kozhikode,05/26/2022
LN000021,CU003905,2023-05-11,167804,48,10.61,4305.27,"Two wheeler",kochi,11/05/2023
LN002803,CU000099,2022-11-21,184419,48,10.77,4745.83,"Two wheeler",thrissur,2022-11-21
LN003952,CU002914,2023-03-08,75372,12,13.98,6766.73,Car,kochi,"08 Mar 2023"
LN000476,CU002745,2024-12-06,200093,36,15.79,7013.95,Car,pune,06/12/2024
LN001694,CU001700,2023-07-29,434706,24,10.58,20176.05,"Two wheeler",thrissur,2023-07-29
LN001598,CU000379,2021-10-24,61780,12,14.88,5572.66,"Two wheeler",delhi,"24 Oct 2021"
LN001850,CU001568,2022-02-17,201704,24,15.49,9826.97,"Two wheeler",mumbai,2022-02-17
LN001641,CU003249,2021-04-07,114690,60,13.11,2616.01,"Commercial Vehicle",bangalore,"07 Apr 2021"
LN004019,CU001816,2022-02-05,282404,60,16.65,6965.43,"Two wheeler",kochi,2022-02-05
LN000604,CU004282,2021-11-22,261529,36,14.2,8963.87,Car,bangalore,2021-11-22
LN000022,CU003457,2022-03-03,141847,60,15.21,3390.19,"Two wheeler",mumbai,2022-03-03
LN004426,CU000337,2022-05-15,149427,12,15.75,13539.97,Car,kochi,"15 May 2022"
LN002156,CU004057,2023-10-26,63908,24,13.28,3046.71,Car,kochi,26/10/2023
LN003688,CU001626,2022-08-18,266435,36,13.88,9090.6,"Two wheeler",coimbatore,"18 Aug 2022"
LN001924,CU004012,2023-07-31,135744,48,15.86,3837.3,Car,pune,07/31/2023
LN004574,CU002049,2023-07-23,131069,48,14.29,3600.75,Tractor,kozhikode,07/23/2023
LN001399,CU003448,2022-03-21,387850,36,15.64,13566.82,"Two wheeler",hyderabad,2022-03-21
LN004779,CU000260,2024-04-18,61931,24,14.2,2979.34,Car,chennai,"18 Apr 2024"
LN001381,CU001967,2021-11-16,201675,12,16.55,18350.68,Tractor,kochi,11/16/2021
LN004423,CU002992,2023-08-15,180946,48,16.54,5178.24,"Two wheeler",coimbatore,15/08/2023
LN001368,CU001103,2023-04-02,52243,60,12.43,1173.5,"Two wheeler",pune,2023-04-02
LN002039,CU001806,2022-09-30,152540,24,10.77,7093.28,Car,delhi,30/09/2022
LN000276,CU000211,2023-06-29,103029,48,11.76,2701.02,"Commercial Vehicle",kozhikode,29/06/2023
LN000065,CU003311,2024-02-08,190234,48,9.63,4791.09,"Commercial Vehicle",thrissur,2024-02-08
LN001837,CU003132,2023-02-21,45045,12,10.99,3980.94,Car,hyderabad,"21 Feb 2023"
LN002701,CU001077,2021-01-19,147454,12,15.92,13373.05,"Commercial Vehicle",kochi,01/19/2021
LN000370,CU001639,2023-08-01,275609,36,14.81,9528.45,"Commercial Vehicle",pune,2023-08-01
LN002129,CU000994,2022-06-10,134306,36,13.35,4547.97,"Two wheeler",delhi,2022-06-10
LN004233,CU002835,2022-03-27,80374,12,12.45,7158.06,"Two wheeler",delhi,"27 Mar 2022"
LN002359,CU004279,2022-05-15,210745,24,13.58,10076.71,"Two wheeler",bangalore,05/15/2022
LN000995,CU002977,2022-08-03,125427,12,13.64,11240.49,Car,ahmedabad,2022-08-03
LN001064,CU003298,2024-05-06,107938,36,9.89,3477.28,Tractor,kolkata,2024-05-06
LN001727,CU000772,2021-06-17,74852,24,17.6,3722.47,"Commercial Vehicle",delhi,06/17/2021
LN001707,CU002421,2023-11-14,140340,12,13.52,12569.05,"Commercial Vehicle",bangalore,2023-11-14
LN001511,CU004482,2023-05-29,93194,24,17.78,4642.73,"Commercial Vehicle",coimbatore,2023-05-29
LN001611,CU000313,2021-11-18,161307,60,13.39,3702.51,"Two wheeler",coimbatore,2021-11-18
LN004862,CU000424,2024-06-22,143298,24,16.11,7023.85,"Two wheeler",delhi,2024-06-22
LN003765,CU004072,2023-09-16,148510,36,9.68,4769.72,"Two wheeler",mumbai,"16 Sep 2023"
LN004356,CU004268,2022-09-02,177794,48,17.63,5188.39,Car,coimbatore,2022-09-02
LN004336,CU003781,2023-09-02,42547,36,16.38,1503.82,Car,kolkata,"02 Sep 2023"
LN000749,CU003090,2023-07-16,130244,36,13.95,4448.27,"Two wheeler",ahmedabad,2023-07-16
LN000266,CU001470,2021-04-03,126991,36,17.64,4568.13,Car,chennai,2021-04-03
LN003384,CU002836,2024-06-15,169211,24,13.77,8105.93,Car,ahmedabad,"15 Jun 2024"
LN003596,CU001695,2021-07-12,93273,48,15.3,2610.06,"Two wheeler",ahmedabad,2021-07-12
LN002342,CU002236,2023-02-13,70401,48,18.08,2070.97,Tractor,pune,13/02/2023
LN001347,CU002867,2023-03-28,240356,48,14.37,6612.78,Car,hyderabad,28/03/2023
LN003292,CU000503,2024-05-11,177530,24,18.11,8872.46,Tractor,chennai,"11 May 2024"
LN000843,CU000226,2021-07-15,157003,36,16.62,5567.94,"Commercial Vehicle",coimbatore,"15 Jul 2021"
LN001427,CU003669,2024-06-21,63054,12,12.1,5605.22,"Two wheeler",delhi,06/21/2024
LN000743,CU001028,2024-01-03,106367,36,10.7,3467.23,"Two wheeler",hyderabad,03/01/2024
LN003866,CU003840,2023-11-27,130084,12,12.67,11598.62,"Commercial Vehicle",bangalore,2023-11-27
LN001183,CU004407,2024-03-02,125103,36,16.64,4437.88,Tractor,kozhikode,2024-03-02
LN000777,CU002744,2022-12-31,68242,48,17.91,2001.4,Car,kolkata,2022-12-31
LN001741,CU003353,2022-11-19,270053,12,14.7,24336.32,"Two wheeler",hyderabad,"19 Nov 2022"
LN000216,CU001535,2023-02-02,68476,36,10.96,2240.52,"Two wheeler",hyderabad,02/02/2023
LN001026,CU001879,2021-10-20,61126,24,10.31,2829.41,Car,delhi,10/20/2021
LN000964,CU002654,2023-09-12,100484,24,17,4968.16,"Commercial Vehicle",thrissur,"12 Sep 2023"
LN003906,CU001676,2022-08-07,157662,24,17.13,7805.02,"Commercial Vehicle",delhi,2022-08-07
LN002254,CU000418,2021-04-08,356700,36,17.56,12816.96,"Two wheeler",thrissur,2021-04-08
LN004147,CU000781,2021-03-12,90209,24,18.04,4505.35,Tractor,ahmedabad,2021-03-12
LN004758,CU002078,2023-09-11,119951,48,10.02,3043.42,"Two wheeler",delhi,2023-09-11
LN000739,CU000480,2024-04-24,97306,24,18.43,4878.16,Car,mumbai,2024-04-24
LN003391,CU004423,2022-07-28,191643,36,12.59,6419.43,"Two wheeler",ahmedabad,2022-07-28
LN002891,CU004324,2021-07-31,57113,24,17.03,2824.62,"Two wheeler",thrissur,2021-07-31
LN000597,CU000790,2024-02-29,90264,24,13.57,4315.52,"Two wheeler",kozhikode,2024-02-29
LN001774,CU001785,2024-05-21,149737,48,12.6,3987.41,"Two wheeler",coimbatore,21/05/2024
LN003982,CU003071,2024-02-19,138998,36,16.69,4934.24,"Commercial Vehicle",kochi,02/19/2024
LN001203,CU003214,2022-10-06,221052,36,10.12,7145.19,"Commercial Vehicle",hyderabad,2022-10-06
LN000900,CU003225,2023-11-22,92152,48,15.48,2587.14,Car,coimbatore,"22 Nov 2023"
LN004289,CU002125,2024-04-09,167124,48,16.95,4818.05,"Two wheeler",coimbatore,2024-04-09
LN000361,CU004350,2021-06-29,129710,48,17.34,3765.64,Car,coimbatore,2021-06-29
LN004240,CU000272,2021-07-12,129557,24,18.03,6469.9,"Two wheeler",thrissur,12/07/2021
LN002664,CU001706,2021-04-14,189756,48,11.99,4996.07,Car,chennai,2021-04-14
LN002668,CU000178,2024-03-13,155820,24,9.57,7159.42,Car,delhi,2024-03-13
LN001797,CU000762,2023-05-08,142988,36,12.44,4779.35,"Two wheeler",hyderabad,2023-05-08
LN000396,CU004439,2023-05-17,140600,24,14.12,6758.58,Car,kochi,17/05/2023
LN001779,CU000547,2022-06-05,91012,48,11.27,2364.2,Car,ahmedabad,"05 Jun 2022"
LN000701,CU003493,2023-11-16,63776,36,16.2,2248.48,"Commercial Vehicle",mumbai,2023-11-16
LN000232,CU004232,2024-03-23,229928,36,14.12,7871.8,Car,ahmedabad,2024-03-23
LN000435,CU001982,2022-03-21,114002,24,15.89,5575.9,Car,bangalore,"21 Mar 2022"
LN002953,CU000385,2024-02-13,71908,48,15.56,2021.73,"Commercial Vehicle",delhi,2024-02-13
LN004905,CU003579,2023-12-26,123345,24,12.92,5859.41,"Two wheeler",kolkata,12/26/2023
LN001704,CU003409,2021-07-18,140353,24,11.95,6603.63,Car,coimbatore,2021-07-18
LN004325,CU000306,2022-05-23,288964,24,14.93,14001.29,Car,bangalore,05/23/2022
LN002408,CU001631,2023-01-24,81004,24,11.5,3794.25,Car,delhi,"24 Jan 2023"
LN001717,CU002280,2024-01-14,61361,24,17.37,3044.75,Car,bangalore,2024-01-14
LN000982,CU000911,2023-02-16,232151,24,14.95,11250.71,"Two wheeler",thrissur,2023-02-16
LN004549,CU003832,2022-03-02,130520,24,11.24,6097.81,"Two wheeler",bangalore,2022-03-02
LN001522,CU001998,2023-06-01,135691,36,17.67,4883.12,Car,kolkata,2023-06-01
LN004343,CU001724,2022-12-01,72181,36,15.81,2530.9,"Commercial Vehicle",kochi,"01 Dec 2022"
LN001989,CU003276,2023-02-25,160916,36,13.51,5461.51,"Two wheeler",delhi,"25 Feb 2023"
LN000800,CU002640,2022-08-08,179357,24,14.36,8641.98,"Two wheeler",bangalore,2022-08-08
LN001146,CU001169,2022-04-10,126892,36,10.65,4133.28,"Two wheeler",kochi,2022-04-10
LN003548,CU001516,2021-07-09,104128,24,10.08,4808.82,Car,mumbai,"09 Jul 2021"
LN002141,CU003227,2023-10-08,154557,60,17.75,3903.74,"Two wheeler",kochi,08/10/2023
LN002189,CU001762,2022-09-18,89595,24,15.16,4350.98,Car,coimbatore,09/18/2022
LN000194,CU003278,2023-04-22,253257,60,15.04,6030.29,Car,chennai,04/22/2023
LN003004,CU002183,2023-03-11,138472,36,11.43,4561.64,Car,bangalore,2023-03-11
LN002097,CU004559,2023-08-07,185707,36,17.54,6670.98,"Two wheeler",thrissur,2023-08-07
LN003789,CU003561,2024-04-02,118872,60,15.13,2836.07,Car,bangalore,02/04/2024
LN004515,CU002237,2021-04-10,150881,48,13.95,4119.26,"Two wheeler",kozhikode,10/04/2021
LN004178,CU001526,2022-04-15,279904,24,9.72,12880.01,"Commercial Vehicle",kolkata,2022-04-15
LN002871,CU000297,2021-06-16,245944,48,16.17,6991.55,"Commercial Vehicle",kochi,2021-06-16
LN004323,CU003499,2022-06-30,209823,24,15.73,10246.54,Car,kozhikode,2022-06-30
LN000810,CU003549,2023-09-13,168389,36,12.63,5643.73,"Two wheeler",delhi,"13 Sep 2023"
LN003507,CU000087,2023-05-17,152545,36,18.45,5549.36,"Commercial Vehicle",chennai,2023-05-17
LN001476,CU004598,2023-10-04,118561,36,11.58,3914.18,Car,pune,"04 Oct 2023"
LN001005,CU002996,2023-01-16,712626,36,12.47,23829.67,"Two wheeler",delhi,2023-01-16
LN004520,CU002393,2023-09-12,217104,24,17.21,10756.03,"Commercial Vehicle",mumbai,2023-09-12
LN003152,CU004196,2023-03-24,213307,48,12.29,5647.61,"Two wheeler",delhi,"24 Mar 2023"
LN002101,CU004193,2021-02-17,94392,36,14.5,3249.06,"Two wheeler",kozhikode,02/17/2021
LN003105,CU003567,2022-01-07,108951,48,9.69,2747.09,"Two wheeler",ahmedabad,2022-01-07
LN000910,CU001704,2021-08-30,170363,36,9.69,5472.37,"Commercial Vehicle",chennai,08/30/2021
LN004414,CU004305,2021-11-04,77488,48,10.95,2000.84,"Two wheeler",mumbai,2021-11-04
LN000523,CU004479,2022-08-18,164567,36,13.78,5606.94,Tractor,thrissur,18/08/2022
LN001329,CU001368,2023-09-18,172700,48,17.8,5055.03,Car,ahmedabad,2023-09-18
LN002153,CU004213,2022-04-12,122727,24,17.85,6118.14,"Commercial Vehicle",hyderabad,12/04/2022
LN000672,CU002591,2021-01-04,192175,48,12.37,5095.69,Car,hyderabad,04/01/2021
LN002629,CU004322,2022-07-13,159281,24,11.45,7457.06,"Commercial Vehicle",ahmedabad,2022-07-13
LN004260,CU001485,2023-05-06,52667,48,18.28,1554.81,"Two wheeler",mumbai,06/05/2023
LN002308,CU004319,2024-05-02,79495,24,17.76,3959.5,Car,hyderabad,"02 May 2024"
LN000004,CU002306,2022-03-24,168493,24,15.53,8212.15,"Two wheeler",kozhikode,2022-03-24
LN003027,CU001314,2022-02-25,122537,36,14.5,4217.84,Car,bangalore,"25 Feb 2022"
LN003492,CU003754,2021-03-21,316752,12,15.27,28629.87,Tractor,mumbai,21/03/2021
LN004648,CU003244,2022-06-27,111159,36,12.94,3742.17,"Two wheeler",hyderabad,2022-06-27
LN003146,CU001038,2023-08-14,130102,60,17.67,3280.42,Car,thrissur,2023-08-14
LN002688,CU002829,2021-02-13,264301,24,12.32,12481.1,"Two wheeler",pune,"13 Feb 2021"
LN004900,CU000599,2021-02-08,143273,12,10.43,12624.64,"Two wheeler",kozhikode,2021-02-08
LN000172,CU001464,2021-01-23,101997,36,13.84,3478.09,Car,kozhikode,"23 Jan 2021"
LN001582,CU003535,2022-05-08,120970,36,14.28,4150.94,"Commercial Vehicle",kochi,2022-05-08
LN004542,CU003199,2023-05-07,77815,24,13.22,3707.51,"Commercial Vehicle",coimbatore,"07 May 2023"
LN002657,CU001501,2022-12-12,225624,48,17.1,6522.07,Car,chennai,2022-12-12
LN002997,CU002736,2022-10-12,128263,48,17.75,3750.99,"Two wheeler",kozhikode,12/10/2022
LN003613,CU001258,2023-01-04,83230,36,15.75,2915.86,Car,kozhikode,2023-01-04
LN002793,CU001272,2023-07-16,72424,24,11.62,3396.41,Car,pune,2023-07-16
LN004835,CU000704,2023-12-19,90878,36,10.6,2958.04,Car,kozhikode,2023-12-19
LN001147,CU002341,2022-06-12,106522,36,18.03,3852.63,Car,kozhikode,12/06/2022
LN000222,CU004325,2022-01-24,224187,36,18.06,8111.65,"Two wheeler",kolkata,"24 Jan 2022"
LN001765,CU002699,2022-07-03,94248,24,16.65,4644,Car,kolkata,2022-07-03
LN001528,CU003285,2023-08-08,92222,36,14.45,3172.12,"Two wheeler",chennai,2023-08-08
LN002246,CU004036,2021-07-28,186331,36,12.1,6197.76,"Commercial Vehicle",pune,28/07/2021
LN000829,CU000783,2021-07-16,148924,24,15.91,7285.38,Car,mumbai,07/16/2021
LN000559,CU001178,2022-02-18,70769,36,17.64,2545.71,"Two wheeler",bangalore,"18 Feb 2022"
LN004263,CU003595,2021-11-21,184711,24,10.76,8588.41,"Commercial Vehicle",mumbai,21/11/2021
LN003273,CU003434,2023-01-19,252871,36,10.63,8234.43,"Two wheeler",delhi,"19 Jan 2023"
LN003301,CU000087,2022-02-17,57518,36,12.01,1910.7,Tractor,thrissur,2022-02-17
LN001151,CU000619,2022-08-07,152644,36,17.59,5487.1,"Two wheeler",pune,"07 Aug 2022"
LN002831,CU001017,2021-07-28,198269,48,9.58,4988.72,"Two wheeler",kolkata,2021-07-28
LN001560,CU002804,2021-06-14,268445,48,11.15,6957.67,"Commercial Vehicle",mumbai,06/14/2021
LN001353,CU003004,2021-11-08,148130,48,17.94,4346.68,"Two wheeler",chennai,2021-11-08
LN004704,CU003829,2021-04-11,99728,24,11.77,4683.84,"Two wheeler",kochi,2021-04-11
LN003093,CU001333,2021-09-30,542136,24,15.02,26291.51,Car,coimbatore,2021-09-30
LN003627,CU002012,2021-10-08,213110,12,18.08,19546.04,Car,bangalore,2021-10-08
LN001305,CU001962,2022-05-22,134505,36,9.74,4323.7,"Commercial Vehicle",kolkata,"22 May 2022"
LN004649,CU004329,2022-11-16,208235,48,15.03,5798.5,"Two wheeler",coimbatore,"16 Nov 2022"
LN002482,CU001953,2023-03-01,192973,36,12.34,6440.85,Tractor,thrissur,01/03/2023
LN002967,CU001748,2021-06-17,131984,36,14.38,4535.3,"Commercial Vehicle",delhi,2021-06-17
LN001692,CU004456,2022-03-25,86212,24,14.05,4141.32,"Two wheeler",kochi,"25 Mar 2022"
LN004460,CU001087,2022-02-09,97101,48,14.84,2694.52,Car,coimbatore,09/02/2022
LN001946,CU004063,2022-06-27,102678,12,14.58,9247.21,"Two wheeler",ahmedabad,2022-06-27
LN003919,CU002289,2021-07-07,292141,36,14.6,10070.03,Tractor,ahmedabad,"07 Jul 2021"
LN001279,CU000345,2021-01-25,269076,24,10.02,12418.98,"Two wheeler",thrissur,2021-01-25
LN002543,CU004082,2024-06-22,162637,60,16.25,3976.65,Car,chennai,"22 Jun 2024"
LN003306,CU001428,2022-06-22,56260,48,12.06,1483.2,"Two wheeler",chennai,2022-06-22
LN001397,CU001663,2021-04-27,148898,48,13.36,4021.22,"Two wheeler",coimbatore,2021-04-27
LN002290,CU001005,2023-08-04,138637,24,13.55,6626.93,"Two wheeler",kochi,04/08/2023
LN000111,CU001261,2023-05-08,259137,36,13.99,8855.43,"Two wheeler",kozhikode,2023-05-08
LN004817,CU000033,2023-10-01,118940,12,13.53,10652.99,Car,thrissur,01/10/2023
LN002207,CU001115,2021-04-09,256943,24,16.97,12700.14,"Two wheeler",coimbatore,2021-04-09
LN002028,CU004320,2024-07-01,192883,48,14.58,5327.1,"Two wheeler",pune,01/07/2024
LN004517,CU002450,2023-11-16,98040,24,14.29,4720.63,Car,kozhikode,11/16/2023
LN001831,CU000579,2021-02-25,41876,60,13.12,955.38,"Two wheeler",coimbatore,02/25/2021
LN003369,CU001995,2022-10-12,63585,48,15.76,1794.21,"Two wheeler",chennai,12/10/2022
LN003324,CU000440,2022-02-11,157959,48,16.1,4484.7,Car,thrissur,11/02/2022
LN003671,CU000652,2023-01-28,133338,36,17.88,4812.47,"Two wheeler",ahmedabad,28/01/2023
LN004598,CU000172,2022-11-15,130729,48,16.97,3770.16,"Commercial Vehicle",chennai,2022-11-15
LN003034,CU003821,2022-03-04,120027,48,17.08,3468.35,"Two wheeler",chennai,04/03/2022
LN001665,CU003817,2023-11-12,99714,24,16.72,4916.68,"Two wheeler",kolkata,2023-11-12
LN003562,CU000181,2024-03-25,54512,48,9.72,1375.25,"Two wheeler",mumbai,25/03/2024
LN000827,CU000155,2022-10-31,403412,48,11.15,10455.8,"Two wheeler",chennai,2022-10-31
LN003445,CU002898,2023-06-06,57103,48,17.41,1659.85,"Two wheeler",pune,06/06/2023
LN003260,CU004186,2022-04-23,54011,36,10.82,1763.65,"Two wheeler",coimbatore,2022-04-23
LN002534,CU000159,2022-10-26,119821,48,18.4,3544.84,Car,thrissur,2022-10-26
LN004180,CU000336,2023-06-19,111715,12,14.33,10047.92,Car,kochi,06/19/2023
LN004117,CU003566,2022-03-21,167890,60,13.69,3879.58,"Two wheeler",coimbatore,03/21/2022
LN000939,CU001681,2022-07-15,92675,36,14.72,3199.92,"Two wheeler",delhi,"15 Jul 2022"
LN004807,CU003027,2023-03-22,198697,48,13.06,5336.46,"Two wheeler",kochi,03/22/2023
LN002107,CU002462,2023-05-09,155525,12,15.45,14070.47,"Two wheeler",mumbai,09/05/2023
LN000706,CU001786,2021-10-03,111540,36,17.2,3987.82,Tractor,kolkata,"03 Oct 2021"
LN003771,CU001285,2021-06-27,163721,24,15.7,7992.84,Car,coimbatore,2021-06-27
LN002889,CU002540,2024-05-04,155635,36,13.33,5268.73,"Two wheeler",bangalore,"04 May 2024"
LN000082,CU003605,2022-03-09,207298,24,12.92,9847.54,Car,kochi,"09 Mar 2022"
LN002184,CU000309,2021-06-25,146305,24,18.2,7318.29,"Two wheeler",kozhikode,25/06/2021
LN004918,CU001893,2021-06-11,103711,12,11.82,9205.87,"Commercial Vehicle",delhi,2021-06-11
LN002925,CU000830,2023-06-09,148924,48,14.57,4112.28,"Two wheeler",bangalore,09/06/2023
LN002692,CU004074,2022-06-10,135816,48,17.1,3926.01,Car,pune,10/06/2022
LN002833,CU001172,2022-09-15,62016,48,12.37,1644.41,Car,kozhikode,09/15/2022
LN004607,CU000329,2023-05-27,113681,36,15.58,3973.15,"Two wheeler",thrissur,27/05/2023
LN002065,CU002503,2022-10-29,118343,60,14.5,2784.41,"Two wheeler",mumbai,10/29/2022
LN001816,CU002290,2022-05-17,40000,36,13.56,1358.57,Car,pune,"17 May 2022"
LN003791,CU000288,2024-03-14,163185,36,9.58,5233.4,"Commercial Vehicle",delhi,"14 Mar 2024"
LN004652,CU000283,2022-09-16,212797,36,11.83,7050.64,Tractor,thrissur,2022-09-16
LN001577,CU002110,2023-12-13,115842,60,15.59,2791.88,"Two wheeler",thrissur,12/13/2023
LN001915,CU003336,2024-02-20,73587,36,10.64,2396.62,"Two wheeler",kochi,02/20/2024
LN003806,CU002868,2021-01-08,78524,36,16.46,2778.54,"Two wheeler",kochi,08/01/2021
LN004143,CU000592,2022-03-17,206923,24,17.43,10273.55,"Two wheeler",kozhikode,2022-03-17
LN000969,CU002486,2023-08-09,220616,36,16.64,7826.09,"Two wheeler",coimbatore,2023-08-09
LN004174,CU003581,2022-03-26,81361,60,9.55,1710.72,"Two wheeler",delhi,26/03/2022
LN002564,CU000817,2024-06-25,185684,12,16.91,16927.33,"Commercial Vehicle",coimbatore,"25 Jun 2024"
LN003003,CU000803,2021-11-08,146544,36,12.5,4902.43,"Two wheeler",kochi,2021-11-08
LN000685,CU001824,2023-11-24,68602,12,12.73,6118.66,"Two wheeler",mumbai,11/24/2023
LN002168,CU003747,2022-07-21,98688,36,18.07,3571.27,"Two wheeler",thrissur,2022-07-21
LN002415,CU003092,2024-03-21,457486,48,17.31,13274.27,Car,bangalore,"21 Mar 2024"
LN003570,CU001939,2021-11-12,183454,36,17.72,6606.56,"Two wheeler",pune,2021-11-12
LN003443,CU004184,2022-11-10,168755,24,12.44,7978.6,"Commercial Vehicle",delhi,2022-11-10
LN000029,CU001547,2021-12-20,129453,48,13.47,3503.17,Tractor,mumbai,12/20/2021
LN001462,CU000241,2021-05-29,255448,12,17.86,23402.45,"Two wheeler",kozhikode,29/05/2021
LN002818,CU003219,2022-01-27,390555,36,14.06,13359.63,Car,kozhikode,01/27/2022
LN003942,CU001756,2023-10-28,57578,48,15.14,1606.53,Car,kochi,"28 Oct 2023"
LN004167,CU003387,2021-05-21,90587,36,11.81,3000.57,Car,kozhikode,2021-05-21
LN001322,CU001031,2023-11-27,129862,48,13.91,3542.81,"Two wheeler",pune,27/11/2023
LN004481,CU003056,2023-09-18,71650,36,12.36,2392.14,Car,kozhikode,2023-09-18
LN000460,CU003187,2021-04-28,189981,60,18.32,4857.4,Tractor,ahmedabad,28/04/2021
LN002777,CU002539,2023-02-13,46958,36,10.28,1521.38,"Two wheeler",thrissur,"13 Feb 2023"
LN001131,CU000370,2023-05-07,178838,36,17.33,6405.47,Car,thrissur,"07 May 2023"
LN002041,CU000337,2021-04-24,110389,36,15.34,3845.08,Car,bangalore,"24 Apr 2021"
LN002150,CU004317,2022-03-24,162279,48,10.82,4180.01,"Two wheeler",chennai,2022-03-24
LN001576,CU003476,2021-02-28,349710,36,17.94,12632.33,"Two wheeler",delhi,2021-02-28
LN002712,CU002331,2023-05-06,72357,24,17.55,3596.65,"Commercial Vehicle",kozhikode,06/05/2023
LN003790,CU001346,2021-03-16,162698,24,11.44,7616.28,Car,ahmedabad,03/16/2021
LN000539,CU003284,2021-09-29,108282,36,11.16,3553.22,"Two wheeler",kochi,2021-09-29
LN000254,CU002730,2023-09-11,127064,60,15.62,3064.35,"Two wheeler",chennai,"11 Sep 2023"
LN000400,CU001612,2022-12-25,100085,12,12.97,8937.91,"Commercial Vehicle",thrissur,12/25/2022
LN003829,CU004365,2022-12-28,226768,36,13.6,7706.41,"Two wheeler",kozhikode,"28 Dec 2022"
LN002161,CU002743,2021-10-28,185934,36,13.87,6343.05,"Two wheeler",thrissur,28/10/2021
LN001549,CU001958,2022-12-24,126937,36,9.54,4068.54,Car,kolkata,24/12/2022
LN002121,CU003190,2021-04-18,173680,60,15.54,4181.23,Car,hyderabad,2021-04-18
LN000003,CU003572,2021-09-23,42586,36,12.41,1422.82,"Two wheeler",hyderabad,09/23/2021
LN004474,CU004067,2021-12-04,163728,12,13.03,14626.04,"Two wheeler",kochi,04/12/2021
LN001494,CU002127,2024-03-21,88517,36,10.48,2876.18,"Commercial Vehicle",ahmedabad,21/03/2024
LN003253,CU000595,2024-06-05,336338,36,13.52,11416.98,"Two wheeler",chennai,05/06/2024
LN001581,CU001918,2021-06-21,294018,60,11.17,6417.62,"Two wheeler",kolkata,"21 Jun 2021"
LN003961,CU002263,2023-07-31,133802,48,9.89,3386.5,Car,hyderabad,"31 Jul 2023"
LN000958,CU001717,2022-10-16,98056,60,17.18,2446.44,Car,bangalore,16/10/2022
LN001874,CU001650,2021-01-10,102543,36,16.57,3634.03,Car,kochi,2021-01-10
LN003381,CU002253,2023-12-26,175074,48,14.94,4867.12,Car,kochi,26/12/2023
LN001573,CU002601,2023-09-02,88843,60,17.95,2253.61,"Two wheeler",pune,"02 Sep 2023"
LN003143,CU000867,2021-08-28,88279,60,17.49,2217.29,Car,kozhikode,"28 Aug 2021"
LN003221,CU002890,2022-05-24,94267,24,12.04,4439.24,"Two wheeler",coimbatore,2022-05-24
LN002977,CU001998,2021-10-29,396707,60,12.26,8876.74,"Two wheeler",bangalore,2021-10-29
LN001955,CU002173,2021-04-11,82631,24,14.32,3979.86,Car,kochi,11/04/2021
LN001344,CU003500,2021-09-04,83030,12,13.76,7445.65,"Two wheeler",coimbatore,04/09/2021
LN004205,CU001658,2022-06-01,64173,60,17.38,1608.01,"Two wheeler",coimbatore,01/06/2022
LN000477,CU001389,2023-10-29,96869,48,16.44,2767.17,Car,mumbai,10/29/2023
LN003285,CU002234,2023-05-04,87210,12,13.29,7801.23,"Commercial Vehicle",pune,2023-05-04
LN000600,CU003771,2023-01-13,77733,36,10.48,2525.78,Car,kolkata,"13 Jan 2023"
LN003450,CU001404,2023-12-08,192158,48,17.86,5630.59,"Two wheeler",kozhikode,2023-12-08
LN001761,CU001407,2021-08-24,40000,36,16.1,1408.26,"Commercial Vehicle",hyderabad,"24 Aug 2021"
LN003486,CU002822,2023-07-07,216052,60,11.09,4707.2,"Two wheeler",kochi,07/07/2023
LN004903,CU002266,2022-01-10,151021,48,13.95,4123.08,Car,hyderabad,2022-01-10
LN003617,CU000214,2022-02-06,111112,48,16.41,3172.33,"Two wheeler",coimbatore,2022-02-06
LN001975,CU002012,2022-09-23,97266,48,15.97,2755.05,Car,kolkata,23/09/2022
LN003859,CU001192,2023-07-12,198421,12,17.27,18122.37,"Two wheeler",bangalore,2023-07-12
LN004048,CU003264,2023-06-05,74192,60,11.44,1629.44,"Two wheeler",kolkata,2023-06-05
LN004088,CU003199,2021-05-09,97216,12,14.24,8739.73,"Two wheeler",ahmedabad,09/05/2021
LN000274,CU004506,2024-06-01,190467,36,9.78,6126.18,"Two wheeler",kochi,2024-06-01
LN003959,CU000481,2022-11-03,160249,36,15.92,5627.55,Car,ahmedabad,03/11/2022
LN003175,CU003414,2024-02-05,87847,36,9.58,2817.28,Car,thrissur,05/02/2024
LN002217,CU000161,2023-10-16,53363,48,13.37,1441.41,Car,ahmedabad,"16 Oct 2023"
LN004877,CU000839,2023-06-01,100413,36,10.34,3256.1,Car,hyderabad,01/06/2023
LN004416,CU004312,2021-08-03,61769,36,11,2022.24,"Commercial Vehicle",pune,"03 Aug 2021"
LN003465,CU003626,2023-09-12,76981,36,17.64,2769.17,Tractor,delhi,2023-09-12
LN002781,CU000487,2021-02-26,89195,36,16.72,3167.63,"Two wheeler",kochi,"26 Feb 2021"
LN001993,CU003072,2021-02-04,93965,24,13.21,4476.54,Car,delhi,2021-02-04
LN004431,CU000847,2022-11-25,116629,24,12.68,5527.24,"Two wheeler",kochi,"25 Nov 2022"
LN004879,CU002375,2022-10-01,110081,24,12.03,5183.44,"Two wheeler",delhi,01/10/2022
LN003281,CU003712,2024-02-01,107789,24,15.47,5250.43,"Two wheeler",ahmedabad,"01 Feb 2024"
LN004910,CU004552,2021-07-31,203468,60,11.45,4469.69,Car,delhi,2021-07-31
LN004608,CU000089,2024-05-04,188485,48,10.9,4862.34,"Commercial Vehicle",chennai,2024-05-04
LN003812,CU003187,2022-06-08,98478,48,10.23,2508.55,Tractor,pune,2022-06-08
LN001554,CU003116,2022-01-11,50720,24,16.36,2492.14,"Commercial Vehicle",coimbatore,2022-01-11
LN003309,CU003268,2021-06-02,188653,36,10.26,6110.36,"Commercial Vehicle",thrissur,02/06/2021
LN003447,CU000236,2021-12-05,123900,48,14.77,3433.8,Car,coimbatore,"05 Dec 2021"
LN002644,CU002554,2022-09-09,63876,60,18.21,1629.34,"Two wheeler",chennai,2022-09-09
LN002491,CU003106,2021-02-16,258584,48,15.75,7295.28,"Two wheeler",hyderabad,2021-02-16
LN002756,CU000266,2021-10-03,187146,24,12.31,8836.73,"Two wheeler",pune,03/10/2021
LN001101,CU002684,2023-12-31,269149,48,14.36,7403.59,Car,pune,31/12/2023
LN000751,CU003093,2023-05-01,287587,36,18.07,10407.06,"Commercial Vehicle",hyderabad,"01 May 2023"
LN000896,CU001937,2024-06-15,106808,48,17.33,3100.21,Car,kolkata,2024-06-15
LN000740,CU001667,2023-09-25,81628,48,14.12,2235.52,"Commercial Vehicle",ahmedabad,"25 Sep 2023"
LN004887,CU004399,2023-05-19,156104,24,10.7,7253.95,Car,ahmedabad,05/19/2023
LN001429,CU004569,2024-04-12,135569,48,14.71,3753.09,"Two wheeler",thrissur,12/04/2024
LN002185,CU002682,2024-03-24,106573,24,9.7,4903.06,"Two wheeler",ahmedabad,2024-03-24
LN001216,CU004033,2022-03-01,188087,36,18.01,6800.74,"Two wheeler",kolkata,01/03/2022
LN003254,CU003096,2024-02-06,151189,36,14.81,5226.96,"Commercial Vehicle",chennai,06/02/2024
LN000308,CU000173,2023-06-30,135479,36,16.75,4813.36,"Commercial Vehicle",delhi,2023-06-30
LN002720,CU004546,2023-08-12,76632,36,18.29,2781.59,Car,thrissur,12/08/2023
LN002988,CU002469,2023-12-02,112037,24,13.77,5367.05,Car,mumbai,02/12/2023
LN003917,CU001620,2023-08-19,149426,12,14.5,13451.71,"Commercial Vehicle",delhi,"19 Aug 2023"
LN004575,CU000818,2023-01-26,129169,36,15.17,4488.45,Car,chennai,26/01/2023
LN002885,CU000208,2021-04-20,198860,36,10.22,6437.21,"Two wheeler",ahmedabad,04/20/2021
LN003099,CU002508,2023-10-15,88554,48,17.6,2582.8,"Commercial Vehicle",hyderabad,2023-10-15
LN000096,CU000198,2022-07-10,212545,24,16.16,10423.12,Car,coimbatore,10/07/2022
LN002751,CU002994,2023-04-04,237290,24,16.48,11672.95,Car,bangalore,04/04/2023
LN003484,CU001031,2023-08-05,192959,48,15.35,5404.49,"Two wheeler",bangalore,"05 Aug 2023"
LN003769,CU001205,2022-11-29,143571,36,11.07,4705.09,"Commercial Vehicle",bangalore,29/11/2022
LN004405,CU000320,2023-02-27,69040,12,15.07,6233.71,"Commercial Vehicle",delhi,02/27/2023
LN000380,CU002342,2024-02-15,145238,36,13.68,4941.35,"Two wheeler",kolkata,"15 Feb 2024"
LN002221,CU002129,2022-03-22,156873,24,18.23,7849.19,"Two wheeler",kolkata,03/22/2022
LN004848,CU001395,2021-06-25,79105,60,12.95,1797.86,Car,kolkata,2021-06-25
LN002579,CU003048,2022-10-23,100052,24,12.17,4717.74,Car,thrissur,23/10/2022
LN004346,CU000238,2023-04-07,85459,36,13.55,2902.14,"Two wheeler",delhi,"07 Apr 2023"
LN000698,CU003657,2024-07-01,62555,24,11.97,2943.8,Car,kochi,01/07/2024
LN003529,CU001358,2023-11-14,128115,24,10.08,5916.59,"Commercial Vehicle",ahmedabad,"14 Nov 2023"
LN000433,CU001344,2021-02-22,86779,48,17.61,2531.48,Car,kolkata,02/22/2021
LN002656,CU002271,2022-10-17,74091,36,12.81,2489.64,"Two wheeler",bangalore,2022-10-17
LN004252,CU000734,2022-12-03,165114,48,15.43,4631.32,Car,ahmedabad,2022-12-03
LN001307,CU001305,2023-06-03,132950,24,12.5,6289.51,Car,hyderabad,03/06/2023
LN001070,CU000006,2023-05-09,85883,36,12.49,2872.69,Car,kolkata,09/05/2023
LN004393,CU003274,2022-12-24,423630,36,13.06,14286.01,"Commercial Vehicle",mumbai,12/24/2022
LN002402,CU001152,2021-12-23,252914,24,18.32,12665.64,Tractor,thrissur,2021-12-23
LN004744,CU001219,2023-02-21,76675,60,17.81,1939.12,Car,ahmedabad,02/21/2023
LN002393,CU000567,2023-02-05,146057,48,14.74,4045.65,"Two wheeler",delhi,2023-02-05
LN001126,CU002908,2021-09-03,100384,24,9.73,4619.71,"Commercial Vehicle",bangalore,03/09/2021
LN000061,CU003074,2021-06-18,144554,48,10.27,3685.04,"Two wheeler",delhi,2021-06-18
LN000132,CU004414,2021-08-17,131476,24,11.77,6174.92,"Two wheeler",hyderabad,2021-08-17
LN002526,CU002538,2024-03-08,71854,36,13.25,2429.71,Tractor,pune,"08 Mar 2024"
LN001395,CU002293,2022-03-03,72706,36,16.21,2563.67,Tractor,chennai,03/03/2022
LN004654,CU002497,2024-01-20,97247,12,11.52,8618.46,"Commercial Vehicle",delhi,01/20/2024
LN002965,CU004345,2024-01-26,163004,24,10.92,7591.21,Car,chennai,"26 Jan 2024"
LN003250,CU000606,2024-02-03,69250,60,11.37,1518.47,Tractor,coimbatore,2024-02-03
LN003041,CU001507,2021-01-06,119140,48,11.3,3096.62,Car,ahmedabad,2021-01-06
LN000817,CU002709,2023-07-20,245022,36,16.95,8729.61,Car,kochi,20/07/2023
LN000647,CU002479,2023-01-27,88908,24,9.65,4088.31,Car,delhi,"27 Jan 2023"
LN003697,CU003864,2022-07-01,181886,24,17.65,9049.77,"Two wheeler",coimbatore,2022-07-01
LN003349,CU001538,2022-05-04,102079,36,16.04,3590.81,"Two wheeler",ahmedabad,04/05/2022
LN003315,CU000842,2023-01-22,339124,36,15.29,11804.06,"Commercial Vehicle",chennai,"22 Jan 2023"
LN003747,CU001135,2023-04-30,226250,48,12.63,6028.25,"Two wheeler",pune,"30 Apr 2023"
LN003018,CU003699,2022-07-06,71410,24,14.08,3431.3,Car,coimbatore,"06 Jul 2022"
LN003990,CU000668,2023-10-25,183488,36,16.74,6518.13,"Two wheeler",hyderabad,"25 Oct 2023"
LN004843,CU003599,2024-06-08,85170,36,14.57,2934.54,Car,thrissur,2024-06-08
LN003226,CU002727,2023-05-28,83854,36,16.27,2959.25,"Two wheeler",kochi,2023-05-28
LN004832,CU003272,2021-05-18,121462,36,12.17,4044.15,"Two wheeler",hyderabad,2021-05-18
LN004122,CU004282,2023-12-28,200119,36,14.56,6894.15,Tractor,chennai,2023-12-28
LN001072,CU000401,2022-09-03,268237,48,11.76,7032.14,Car,pune,03/09/2022
LN003166,CU002906,2024-09-03,169727,48,16.52,4855.43,"Two wheeler",thrissur,03/09/2024
LN004170,CU003306,2021-04-20,137624,36,14.26,4721.06,Car,kozhikode,2021-04-20
LN003528,CU001060,2023-11-07,103568,12,15.16,9355.69,"Two wheeler",ahmedabad,07/11/2023
LN001497,CU002676,2023-11-10,141212,24,13.39,6739.37,"Commercial Vehicle",kozhikode,10/11/2023
LN001113,CU003170,2022-09-04,99542,12,15.06,8987.31,"Two wheeler",kochi,04/09/2022
LN003030,CU002042,2021-03-07,165389,48,14.74,4581.13,"Commercial Vehicle",kozhikode,"07 Mar 2021"
LN001191,CU004071,2023-04-26,206906,36,16.07,7281.35,"Commercial Vehicle",pune,04/26/2023
LN003707,CU003374,2022-06-16,236867,24,17.51,11769.37,"Two wheeler",kochi,2022-06-16
LN002177,CU003571,2022-09-29,110569,24,10.58,5131.85,"Two wheeler",thrissur,09/29/2022
LN001390,CU001158,2021-02-12,97692,48,12.4,2591.83,"Commercial Vehicle",delhi,12/02/2021
LN002074,CU003118,2024-06-15,63216,36,17.21,2260.44,"Commercial Vehicle",thrissur,15/06/2024
LN000869,CU003196,2021-11-19,142497,60,10.24,3044.5,"Two wheeler",pune,11/19/2021
LN000689,CU000626,2022-09-30,355136,24,15.75,17346.17,"Commercial Vehicle",thrissur,09/30/2022
LN002792,CU001285,2021-10-25,98213,36,14.38,3374.84,"Commercial Vehicle",pune,"25 Oct 2021"
LN003446,CU002429,2021-06-13,102321,36,11.58,3378.03,Car,delhi,"13 Jun 2021"
LN002684,CU000718,2021-09-27,84378,48,11.24,2190.64,"Commercial Vehicle",pune,2021-09-27
LN001947,CU003067,2024-06-09,319697,48,14.69,8847.25,Car,mumbai,2024-06-09
LN001261,CU001763,2023-06-02,102807,24,12.79,4877.5,Car,kochi,02/06/2023
LN000483,CU004148,2021-09-12,154839,24,14.64,7481.17,"Commercial Vehicle",hyderabad,12/09/2021
LN003583,CU000708,2022-02-22,85685,36,10.9,2801.16,Car,delhi,02/22/2022
LN002005,CU000723,2023-12-26,122817,48,12.8,3282.69,"Two wheeler",hyderabad,"26 Dec 2023"
LN001431,CU003459,2024-05-26,85068,36,15.97,2989.48,Car,bangalore,2024-05-26
LN000118,CU001690,2024-04-26,183859,60,16.53,4523.03,"Two wheeler",delhi,2024-04-26
LN002012,CU002478,2021-09-20,167873,60,12.51,3777.65,Car,kochi,"20 Sep 2021"
LN004562,CU002764,2021-05-18,158070,36,14.15,5413.98,Tractor,kozhikode,"18 May 2021"
LN000335,CU003726,2021-11-22,129622,24,14.45,6251.12,"Two wheeler",chennai,"22 Nov 2021"
LN004952,CU004025,2022-05-02,102878,24,12.61,4872.18,"Two wheeler",ahmedabad,2022-05-02
LN002076,CU004313,2021-09-29,162642,60,13.47,3739.85,"Two wheeler",chennai,2021-09-29
LN004555,CU004108,2022-05-16,66433,24,11.94,3125.37,"Two wheeler",kochi,2022-05-16
LN000364,CU000090,2022-03-20,83240,24,17.44,4133.19,Car,kolkata,03/20/2022
LN000495,CU002276,2024-05-10,40318,12,10.7,3557.73,Car,thrissur,10/05/2024
LN002236,CU002004,2023-11-26,216757,24,11.79,10182.26,"Two wheeler",coimbatore,"26 Nov 2023"
LN001912,CU004213,2021-05-27,294719,24,13.84,14128.04,"Two wheeler",coimbatore,27/05/2021
LN001407,CU000368,2021-12-22,60849,36,13.66,2069.64,"Two wheeler",delhi,2021-12-22
LN001088,CU003265,2024-06-15,320167,36,12.41,10696.93,"Two wheeler",kolkata,2024-06-15
LN004439,CU003635,2023-04-26,164900,36,11.34,5425.2,"Two wheeler",kolkata,2023-04-26
LN001227,CU004037,2024-03-07,154565,36,12.03,5135.98,Car,ahmedabad,"07 Mar 2024"
LN003656,CU002115,2022-04-28,107434,24,16.95,5309.2,Car,hyderabad,2022-04-28
LN001753,CU001786,2023-09-27,123926,12,18.04,11363.89,"Commercial Vehicle",delhi,09/27/2023
LN000005,CU004307,2022-12-26,105823,36,10.29,3429.04,"Two wheeler",kochi,2022-12-26
LN001737,CU003677,2024-05-14,158221,36,14.16,5419.92,"Commercial Vehicle",kochi,2024-05-14
LN003568,CU003920,2024-05-29,158567,36,10.6,5161.3,Car,mumbai,2024-05-29
LN001661,CU003368,2022-04-01,69246,12,17.38,6328.06,"Two wheeler",hyderabad,01/04/2022
LN001124,CU001720,2023-08-31,147367,48,18.34,4355.13,"Commercial Vehicle",kochi,2023-08-31
LN001023,CU003340,2021-12-12,164939,36,11.93,5472.82,Car,bangalore,2021-12-12
LN001180,CU001578,2021-02-14,204968,36,10.66,6677.44,"Two wheeler",kochi,2021-02-14
LN003964,CU000949,2022-11-24,130941,48,11.5,3416.12,Car,kochi,11/24/2022
LN001584,CU002753,2021-06-01,102150,36,10.98,3343.29,"Commercial Vehicle",hyderabad,"01 Jun 2021"
LN001600,CU002018,2022-06-07,148651,60,15.72,3592.83,Car,chennai,2022-06-07
LN003842,CU001611,2021-09-11,107865,24,13.84,5170.76,"Two wheeler",coimbatore,11/09/2021
LN001544,CU001141,2023-08-09,102094,36,14.69,3523.64,"Two wheeler",kolkata,2023-08-09
LN000241,CU001497,2022-04-24,105616,36,16.16,3721.49,"Two wheeler",pune,24/04/2022
LN001913,CU003370,2022-05-26,72296,48,17.48,2104.1,Car,delhi,2022-05-26
LN001334,CU004129,2023-10-03,229390,36,11.2,7531.68,Car,bangalore,03/10/2023
LN002650,CU004037,2024-11-05,105467,36,18.32,3829.84,"Commercial Vehicle",chennai,05/11/2024
LN001495,CU002978,2022-05-05,80716,36,12.97,2718.47,"Two wheeler",ahmedabad,05/05/2022
LN000736,CU002349,2021-07-22,101506,36,13.63,3451.02,"Two wheeler",bangalore,22/07/2021
LN001855,CU003574,2024-07-06,173249,48,17.5,5044.04,"Two wheeler",mumbai,06/07/2024
LN001501,CU000408,2023-02-19,117662,36,12.43,3932.27,"Two wheeler",delhi,2023-02-19
LN004433,CU002308,2024-04-13,58308,24,14.35,2809.19,"Commercial Vehicle",kozhikode,2024-04-13
LN002549,CU003665,2022-06-02,82340,60,12.09,1835.35,"Two wheeler",mumbai,02/06/2022
LN003969,CU000364,2021-03-28,112307,36,16.49,3975.6,Car,mumbai,2021-03-28
LN002706,CU003441,2024-05-04,316186,24,11.63,14829.4,"Two wheeler",ahmedabad,2024-05-04
LN000622,CU002416,2021-10-28,274281,48,17.5,7985.52,"Two wheeler",hyderabad,2021-10-28
LN004721,CU000985,2022-02-24,116619,36,10.83,3808.57,"Two wheeler",pune,2022-02-24
LN003870,CU004177,2023-02-06,374573,36,12.52,12534.42,Car,kolkata,2023-02-06
LN004065,CU002405,2023-02-08,147813,36,16.8,5255.24,Car,delhi,2023-02-08
LN000515,CU002460,2021-12-20,121149,36,14.55,4173.02,Car,coimbatore,20/12/2021
LN002776,CU004178,2023-07-09,92049,12,10.49,8113.56,"Commercial Vehicle",chennai,09/07/2023
LN000365,CU000359,2024-04-28,75181,48,11.77,1971.32,"Two wheeler",thrissur,2024-04-28
LN003425,CU000232,2023-05-08,146268,36,14.03,5001.23,Tractor,pune,2023-05-08
LN002396,CU003206,2023-08-10,83132,36,15.69,2909.97,"Two wheeler",kochi,"10 Aug 2023"
LN004357,CU000840,2022-01-03,59014,48,13.21,1589.36,Car,bangalore,03/01/2022
LN001523,CU002763,2024-01-02,74035,12,12.68,6601.49,Car,kochi,02/01/2024
LN001037,CU002843,2021-03-02,167959,36,15.88,5894.99,"Two wheeler",pune,2021-03-02
LN003092,CU001310,2022-05-16,125562,36,12.64,4208.94,Car,kozhikode,2022-05-16
LN000858,CU003523,2023-05-30,106262,24,10.64,4934.9,Car,bangalore,05/30/2023
LN003637,CU004379,2023-10-03,105272,12,16.8,9591.32,"Two wheeler",mumbai,2023-10-03
LN000614,CU003441,2023-09-12,116774,48,18.1,3436.34,"Two wheeler",mumbai,2023-09-12
LN004017,CU000671,2021-09-06,273989,24,13.28,13062,"Two wheeler",coimbatore,06/09/2021
LN002661,CU000808,2022-03-30,138040,12,17.61,12629.9,Car,bangalore,2022-03-30
LN004131,CU002756,2023-01-19,150253,24,15.28,7305.27,Tractor,bangalore,01/19/2023
LN000905,CU003863,2021-12-07,122695,36,13.04,4136.44,Tractor,kochi,2021-12-07
LN001332,CU002397,2021-10-15,200881,36,14.02,6867.59,"Two wheeler",pune,10/15/2021
LN001644,CU003763,2022-12-14,252198,60,14.84,5978.61,"Commercial Vehicle",mumbai,2022-12-14
LN000811,CU003380,2021-12-16,116776,24,10.69,5425.89,"Two wheeler",coimbatore,16/12/2021
LN001999,CU002342,2021-02-05,62164,12,10.64,5483.72,"Two wheeler",pune,05/02/2021
LN004775,CU002616,2022-02-27,108614,36,9.95,3502.12,"Two wheeler",pune,2022-02-27
LN001163,CU002631,2023-09-04,93110,36,11.88,3087.25,"Commercial Vehicle",delhi,2023-09-04
LN004260,CU001485,2023-05-06,52667,48,18.28,1554.81,"Two wheeler",mumbai,06/05/2023
LN002314,CU001589,2024-06-07,109857,48,13.48,2973.43,"Commercial Vehicle",kochi,2024-06-07
LN004432,CU002410,2023-11-16,179140,12,13.78,16065.93,"Two wheeler",delhi,"16 Nov 2023"
LN000302,CU000668,2024-01-11,248702,60,15,5916.6,"Commercial Vehicle",kochi,2024-01-11
LN000503,CU001823,2024-04-24,212064,60,12.71,4793.68,Car,mumbai,2024-04-24
LN002139,CU000462,2024-03-01,125308,48,13.2,3374.15,"Two wheeler",pune,"01 Mar 2024"
LN000202,CU000414,2022-10-06,142449,24,15.66,6951.63,Car,chennai,06/10/2022
LN001303,CU003603,2021-11-04,247774,48,13.98,6768.3,Tractor,delhi,"04 Nov 2021"
LN003043,CU003680,2021-02-16,158687,48,9.88,4015.57,Car,delhi,02/16/2021
LN004880,CU002054,2021-01-26,108261,36,16.05,3808.81,"Two wheeler",kozhikode,2021-01-26
LN004153,CU003129,2022-09-19,200910,36,11.09,6586.1,"Commercial Vehicle",pune,09/19/2022
LN000205,CU001056,2021-01-23,398195,48,18.1,11717.8,"Commercial Vehicle",hyderabad,23/01/2021
LN004464,CU001811,2022-12-05,177712,60,18.21,4533.04,"Two wheeler",kochi,"05 Dec 2022"
LN001740,CU000905,2022-07-26,262160,24,11.9,12328.54,Tractor,delhi,2022-07-26
LN002050,CU003869,2022-01-31,95679,24,14.77,4628.71,Car,mumbai,01/31/2022
LN002275,CU000363,2021-11-15,184267,48,10.64,4730.33,"Commercial Vehicle",delhi,15/11/2021
LN002191,CU003361,2024-08-02,97608,60,16.27,2387.66,Car,kochi,02/08/2024
LN000772,CU000431,2021-08-14,214835,60,17.72,5422.73,"Two wheeler",delhi,08/14/2021
LN002445,CU003697,2022-11-14,128565,48,15.25,3594.37,Car,ahmedabad,2022-11-14
LN004169,CU000757,2023-09-03,144824,36,13.16,4890.86,"Two wheeler",delhi,2023-09-03
LN002289,CU003055,2023-04-05,94873,36,13.07,3199.85,"Two wheeler",kochi,2023-04-05
LN000967,CU000801,2024-08-04,169673,48,13.58,4600.9,Car,coimbatore,04/08/2024
LN002181,CU001693,2022-12-20,147939,36,11.57,4883.36,Car,kozhikode,2022-12-20
LN000264,CU002865,2021-08-05,137380,12,18.23,12610.04,"Two wheeler",bangalore,05/08/2021
LN002798,CU003132,2023-08-17,126729,36,13.19,4281.61,Tractor,ahmedabad,08/17/2023
LN004705,CU001609,2021-10-06,144288,36,12.4,4820.04,"Two wheeler",ahmedabad,2021-10-06
LN000640,CU002572,2022-10-05,107866,36,9.81,3470.92,"Two wheeler",bangalore,"05 Oct 2022"
LN004959,CU004227,2021-06-14,81592,48,14.17,2236.59,Car,ahmedabad,"14 Jun 2021"
LN000875,CU003039,2021-11-23,461083,36,16.87,16409.05,"Commercial Vehicle",mumbai,2021-11-23
LN001299,CU004394,2022-03-01,155305,24,16.99,7677.88,"Two wheeler",pune,01/03/2022
LN000949,CU001234,2023-12-21,154166,24,10.56,7153.89,"Commercial Vehicle",delhi,2023-12-21
LN004991,CU001679,2022-09-21,193629,60,17.04,4816.34,Car,mumbai,21/09/2022
LN001835,CU001438,2021-03-14,148303,24,16.77,7316.06,Car,coimbatore,2021-03-14
LN001498,CU000754,2022-07-22,50915,36,10.47,1654.14,"Two wheeler",mumbai,22/07/2022
LN001140,CU003087,2021-10-27,40000,36,10.31,1296.52,Car,chennai,"27 Oct 2021"
LN002521,CU003398,2022-03-04,144246,48,11.05,3731.62,"Two wheeler",kolkata,2022-03-04
LN001448,CU003253,2021-06-25,147831,48,16.72,4244.28,Car,hyderabad,25/06/2021
LN000287,CU002096,2021-03-17,120458,36,12.11,4007.26,"Two wheeler",kolkata,2021-03-17
LN003269,CU004248,2021-02-22,157726,60,16.58,3884.37,"Two wheeler",thrissur,02/22/2021
LN002733,CU001583,2023-07-28,493115,12,11.12,43609.93,"Commercial Vehicle",bangalore,2023-07-28
LN004632,CU000342,2023-05-23,113053,36,16.64,4010.42,"Commercial Vehicle",kolkata,05/23/2023
LN003682,CU002209,2023-02-16,154453,24,11.44,7230.31,"Two wheeler",pune,"16 Feb 2023"
LN001479,CU001608,2021-06-02,168845,24,16.82,8333.48,Car,thrissur,02/06/2021
LN004689,CU003020,2023-08-15,305112,24,17.47,15154.42,Tractor,kochi,08/15/2023
LN003702,CU002662,2023-07-13,149195,48,16.96,4301.94,"Two wheeler",kochi,13/07/2023
LN001078,CU001914,2023-07-16,153083,48,16.49,4376.93,Car,mumbai,"16 Jul 2023"
LN002417,CU001335,2021-06-16,246025,12,12.75,21945.44,Car,mumbai,"16 Jun 2021"
LN003858,CU000247,2022-10-24,125915,48,17.13,3641.76,"Two wheeler",bangalore,10/24/2022
LN001379,CU001987,2023-01-11,101813,24,18.48,5106.57,"Commercial Vehicle",hyderabad,11/01/2023
LN004303,CU003949,2023-12-12,155159,48,15.09,4325.27,"Commercial Vehicle",kochi,2023-12-12
LN003531,CU002997,2024-05-30,84887,36,12.66,2846.3,"Two wheeler",hyderabad,2024-05-30
LN004709,CU004022,2023-10-13,154061,24,16.1,7550.67,"Commercial Vehicle",kochi,"13 Oct 2023"
LN002638,CU001936,2023-04-05,87220,24,12.41,4122.47,Car,pune,2023-04-05
LN003571,CU002478,2023-04-13,40000,24,12.59,1893.98,Car,kochi,04/13/2023
LN002385,CU000683,2023-04-02,210383,24,17.22,10424.06,"Two wheeler",kochi,2023-04-02
LN004946,CU003365,2023-10-17,222257,36,15.16,7722.04,"Commercial Vehicle",mumbai,2023-10-17
LN001886,CU000216,2022-03-17,158525,12,17.08,14464.25,"Two wheeler",delhi,03/17/2022
LN003215,CU000244,2023-06-16,266336,36,16.38,9413.63,Car,kozhikode,06/16/2023
LN000820,CU001622,2022-05-16,416801,24,14.88,20185.53,"Two wheeler",kozhikode,05/16/2022
LN004400,CU002927,2022-03-17,114168,36,13.3,3863.29,"Two wheeler",thrissur,2022-03-17
LN000849,CU004236,2023-02-15,98061,24,10.46,4545.87,Car,thrissur,2023-02-15
LN003023,CU002910,2023-03-16,218369,24,15.12,10600.44,"Two wheeler",coimbatore,2023-03-16
LN004457,CU004485,2022-09-28,115871,36,17.76,4175.08,"Two wheeler",kolkata,"28 Sep 2022"
LN003521,CU003476,2024-01-31,151764,48,15.18,4237.57,"Two wheeler",kolkata,2024-01-31
LN003068,CU000917,2023-05-02,70923,24,13.35,3383.48,"Two wheeler",kozhikode,02/05/2023
LN000142,CU003677,2021-04-05,92629,12,17.54,8471.96,"Two wheeler",thrissur,2021-04-05
LN001394,CU000198,2024-02-20,118008,36,11.43,3887.51,Car,pune,2024-02-20
LN002878,CU002381,2023-12-04,127299,60,17.04,3166.45,Car,hyderabad,2023-12-04
LN000637,CU003659,2024-04-04,325309,48,10.72,8363.62,"Commercial Vehicle",pune,2024-04-04
LN001723,CU000473,2023-02-25,89946,36,16.08,3165.79,Car,pune,2023-02-25
LN001055,CU001436,2021-06-24,167321,12,18.36,15368.67,"Commercial Vehicle",coimbatore,2021-06-24
LN000249,CU000698,2023-08-29,112283,60,15.76,2716.21,Car,coimbatore,"29 Aug 2023"
LN002610,CU001869,2023-09-06,108081,36,16.84,3844.78,"Two wheeler",hyderabad,"06 Sep 2023"
LN001057,CU001830,2021-02-16,214349,12,17.04,19553.72,"Two wheeler",hyderabad,2021-02-16
LN002725,CU000289,2024-04-25,160090,48,16.86,4607.82,"Two wheeler",hyderabad,2024-04-25
LN004254,CU000220,2023-02-21,208617,36,14.37,7167.58,"Commercial Vehicle",ahmedabad,2023-02-21
LN004824,CU004305,2021-06-07,293317,36,13.45,9946.7,"Two wheeler",kochi,07/06/2021
LN002591,CU003849,2023-07-10,112077,48,16.35,3196.42,"Two wheeler",bangalore,2023-07-10
LN001063,CU003643,2022-05-29,40000,48,14.62,1105.54,"Commercial Vehicle",bangalore,05/29/2022
LN001882,CU003348,2021-07-08,181185,36,14.37,6225.08,"Commercial Vehicle",ahmedabad,08/07/2021
LN000298,CU002552,2022-10-16,231494,24,13.7,11081.91,"Commercial Vehicle",mumbai,16/10/2022
LN002727,CU004394,2021-11-25,71601,48,13.9,1953.01,"Two wheeler",hyderabad,11/25/2021
LN004301,CU001942,2023-06-23,280857,48,11.96,7390.53,"Two wheeler",pune,"23 Jun 2023"
LN001551,CU003286,2023-01-04,107583,48,16.84,3095.41,"Two wheeler",chennai,"04 Jan 2023"
LN004403,CU001643,2021-06-10,230081,24,11.21,10746.02,Car,coimbatore,2021-06-10
LN003830,CU003279,2021-11-23,90872,36,12.58,3043.49,Car,delhi,2021-11-23
LN003410,CU001116,2024-04-05,157014,36,16.19,5534.89,"Two wheeler",kozhikode,"05 Apr 2024"
LN001545,CU002170,2022-04-22,104565,24,13.22,4982.02,"Two wheeler",bangalore,22/04/2022
LN002013,CU001540,2022-11-02,69237,36,12.62,2320.22,"Commercial Vehicle",kolkata,02/11/2022
LN003857,CU001289,2023-06-11,198380,24,10.88,9235.01,Car,mumbai,2023-06-11
LN000957,CU002140,2021-11-16,120072,24,9.83,5531.3,"Two wheeler",kochi,2021-11-16
LN001668,CU000351,2021-02-17,192572,60,17.37,4824.31,Car,pune,17/02/2021
LN000994,CU000017,2021-12-10,88365,36,15.03,3064.5,Car,coimbatore,10/12/2021
LN000452,CU001548,2022-04-12,97645,48,13.61,2649.23,"Commercial Vehicle",chennai,2022-04-12
LN002978,CU000555,2024-03-16,146937,36,12.61,4923.33,"Two wheeler",kozhikode,"16 Mar 2024"
LN004134,CU000059,2022-06-21,194637,36,17.2,6958.73,"Commercial Vehicle",ahmedabad,"21 Jun 2022"
LN003610,CU004254,2023-08-31,151984,36,13.41,5151.01,"Two wheeler",hyderabad,"31 Aug 2023"
LN003979,CU000256,2021-05-21,173566,48,17.05,5012.75,Car,chennai,"21 May 2021"
LN004849,CU000952,2021-07-30,88504,24,11.41,4141.85,"Two wheeler",coimbatore,2021-07-30
LN000481,CU004064,2022-07-08,67177,60,15.26,1607.32,"Two wheeler",kochi,"08 Jul 2022"
LN004573,CU004179,2023-03-06,293688,48,11.28,7630.52,Car,ahmedabad,06/03/2023
LN004602,CU002376,2022-03-18,160613,24,9.64,7384.82,"Two wheeler",pune,"18 Mar 2022"
LN004821,CU002790,2022-06-15,152588,12,12.78,13613,"Two wheeler",ahmedabad,2022-06-15
LN004453,CU003953,2024-05-05,423630,24,15.97,20736.17,"Two wheeler",ahmedabad,05/05/2024
LN000526,CU001638,2022-06-08,232009,36,13.39,7860.95,Car,kolkata,08/06/2022
LN004710,CU000694,2022-07-23,100139,36,15.22,3482.15,Car,coimbatore,"23 Jul 2022"
LN003846,CU002950,2023-09-25,40000,24,18.28,2002.38,"Two wheeler",delhi,2023-09-25
LN000474,CU004576,2023-11-01,94164,48,16.73,2703.97,"Two wheeler",kochi,01/11/2023
LN002875,CU001851,2023-03-23,134956,12,11.53,11961.02,"Two wheeler",kochi,23/03/2023
LN002313,CU001889,2022-12-09,127251,24,18.26,6368.89,Car,thrissur,09/12/2022
LN001839,CU001376,2024-03-13,130911,36,13.65,4452.01,"Two wheeler",pune,13/03/2024
LN003939,CU002012,2022-06-25,173906,60,17.57,4375.49,Car,pune,06/25/2022
LN001081,CU001179,2023-06-29,200779,60,10.19,4284.75,Car,hyderabad,2023-06-29
LN004783,CU003057,2023-07-13,40000,24,13.29,1907.13,"Two wheeler",coimbatore,07/13/2023
LN000725,CU002390,2023-02-27,218060,24,17.12,10793.96,Car,ahmedabad,2023-02-27
LN000351,CU003149,2021-05-31,193592,36,10.44,6286.74,"Commercial Vehicle",kozhikode,"31 May 2021"
LN000766,CU000986,2022-07-16,101679,48,12.67,2711.17,"Two wheeler",mumbai,"16 Jul 2022"
LN000189,CU000134,2022-05-13,104912,24,12.27,4951.81,Car,hyderabad,13/05/2022
LN004514,CU003542,2023-04-08,128432,24,16.01,6289.04,"Commercial Vehicle",bangalore,"08 Apr 2023"
LN003840,CU003652,2021-01-23,176573,36,17.67,6354.34,Car,mumbai,2021-01-23
LN002333,CU000850,2021-07-01,186096,36,11.64,6149.1,Car,chennai,2021-07-01
LN004522,CU002252,2021-03-03,156061,24,13.95,7489.25,Tractor,mumbai,2021-03-03
LN004376,CU003701,2024-09-02,280657,12,16.04,25469.56,Car,delhi,02/09/2024
LN004248,CU000105,2021-06-28,207435,48,12.1,5472.75,"Commercial Vehicle",kochi,06/28/2021
LN002296,CU003769,2024-03-19,109911,24,13.17,5234.15,"Two wheeler",coimbatore,03/19/2024
LN000418,CU003771,2021-09-10,52174,36,9.54,1672.26,Tractor,kolkata,2021-09-10
LN003461,CU000747,2021-10-12,55406,24,17.05,2740.73,"Two wheeler",bangalore,12/10/2021
LN003775,CU000495,2024-12-06,226236,36,9.61,7258.65,Car,hyderabad,06/12/2024
LN002247,CU003364,2024-02-29,71550,36,14.52,2463.52,"Two wheeler",chennai,2024-02-29
LN002547,CU000147,2021-07-20,148495,48,12.81,3969.76,Car,pune,20/07/2021
LN002126,CU002270,2023-07-05,403379,36,10.67,13143.16,"Commercial Vehicle",thrissur,2023-07-05
LN004542,CU003199,2023-05-07,77815,24,13.22,3707.51,"Commercial Vehicle",coimbatore,"07 May 2023"
LN001710,CU003406,2022-06-21,236240,24,16.1,11578.34,Car,ahmedabad,2022-06-21
LN002768,CU000472,2021-10-11,126492,48,10.58,3243.51,"Two wheeler",pune,"11 Oct 2021"
LN001716,CU001896,2021-01-07,180399,36,15.81,6325.38,"Commercial Vehicle",kochi,07/01/2021
LN003364,CU000370,2022-12-30,135005,24,14.37,6505.6,Car,ahmedabad,30/12/2022
LN003526,CU002296,2022-02-09,162320,36,10.53,5278.09,"Two wheeler",pune,2022-02-09
LN003328,CU004067,2024-02-12,212085,36,11.96,7040.21,Car,kozhikode,2024-02-12
LN004996,CU000099,2022-08-22,148720,60,11.45,3267.01,"Two wheeler",thrissur,2022-08-22
LN003313,CU000971,2023-08-24,192132,60,11.9,4264.17,"Two wheeler",kochi,"24 Aug 2023"
LN002658,CU004206,2023-08-19,113902,24,14.52,5496.79,"Two wheeler",delhi,19/08/2023
LN001755,CU001731,2023-12-13,40000,12,17.05,3649.14,Car,kozhikode,2023-12-13
LN003933,CU003578,2022-12-08,121933,36,11.92,4045.26,"Two wheeler",thrissur,2022-12-08
LN002669,CU003067,2022-01-26,108875,60,12.82,2467.22,Car,kozhikode,"26 Jan 2022"
LN004466,CU003660,2022-06-24,199367,60,13.46,4583.3,Tractor,kolkata,2022-06-24
LN002613,CU001134,2021-09-15,275844,24,18.02,13773.93,"Commercial Vehicle",pune,09/15/2021
LN002537,CU000650,2021-11-04,101664,24,14,4881.18,"Commercial Vehicle",kochi,2021-11-04
LN001441,CU002929,2021-02-20,207236,24,15.43,10090.57,Tractor,thrissur,20/02/2021
LN002772,CU004156,2021-03-16,253934,24,11.09,11845.93,Car,coimbatore,2021-03-16
LN001382,CU001702,2021-07-07,83620,12,10.6,7374.88,"Commercial Vehicle",ahmedabad,07/07/2021
LN002311,CU004375,2024-01-08,106058,60,10.63,2286.44,"Two wheeler",bangalore,"08 Jan 2024"
LN002940,CU003257,2024-04-09,113928,36,15.2,3960.52,"Two wheeler",chennai,2024-04-09
LN003525,CU001790,2022-02-28,149982,36,10.58,4880.44,"Two wheeler",ahmedabad,02/28/2022
LN002554,CU000110,2024-03-19,277656,36,12.02,9224.8,Tractor,pune,2024-03-19
LN000086,CU003362,2023-09-01,192938,12,15.46,17456.17,"Commercial Vehicle",kolkata,2023-09-01
LN001520,CU003347,2024-03-06,51104,36,16.18,1801.21,Car,delhi,06/03/2024
LN003098,CU002221,2021-04-28,58108,12,14.9,5241.99,Car,kozhikode,2021-04-28
LN004121,CU001747,2022-09-08,280813,36,17.21,10041.12,Car,delhi,2022-09-08
LN002584,CU000907,2022-09-27,80701,48,12.53,2146.23,"Two wheeler",chennai,27/09/2022
LN003346,CU002329,2021-08-20,99848,48,14.16,2736.51,"Two wheeler",pune,"20 Aug 2021"
LN004206,CU002168,2022-02-26,162886,24,16.54,8017.5,Car,pune,02/26/2022
LN002807,CU001042,2023-09-27,99177,36,15.85,3479.43,"Two wheeler",delhi,27/09/2023
LN003429,CU001070,2023-07-10,118752,12,16.66,10811.59,"Two wheeler",coimbatore,10/07/2023
LN001829,CU000765,2021-04-25,70391,48,15.59,1980.15,"Two wheeler",delhi,"25 Apr 2021"
LN002804,CU003382,2023-05-04,106086,36,17.32,3799.17,Car,hyderabad,04/05/2023
LN004743,CU003489,2024-03-29,88984,36,15.95,3126.22,Tractor,thrissur,2024-03-29
LN002131,CU001381,2024-03-12,221699,24,18.44,11115.31,"Two wheeler",mumbai,2024-03-12
LN004671,CU003856,2021-07-09,233651,48,13.29,6301.95,Car,ahmedabad,"09 Jul 2021"
LN000141,CU002692,2021-04-01,341316,24,13.78,16352.11,Car,bangalore,01/04/2021
LN003029,CU000352,2023-01-11,312803,36,12.43,10453.9,Tractor,hyderabad,11/01/2023
LN003847,CU000104,2022-07-06,136292,24,16,6673.28,"Two wheeler",ahmedabad,06/07/2022
LN000083,CU003315,2023-08-23,126159,36,14.74,4357.3,"Commercial Vehicle",kozhikode,"23 Aug 2023"
LN005000,CU001091,2021-04-07,345238,36,11.33,11356.68,"Two wheeler",kozhikode,2021-04-07
LN004958,CU004465,2021-08-18,116313,60,12.38,2609.71,Car,chennai,2021-08-18
LN002405,CU004179,2023-07-22,93159,36,11.6,3076.44,"Two wheeler",pune,"22 Jul 2023"
LN004982,CU001104,2023-11-27,97620,60,15.82,2364.6,"Two wheeler",mumbai,27/11/2023
LN000085,CU001500,2022-11-01,110296,36,16.17,3886.94,"Two wheeler",hyderabad,01/11/2022
LN000062,CU003698,2022-12-21,134602,36,15.44,4695.08,"Commercial Vehicle",hyderabad,2022-12-21
LN000908,CU000157,2024-02-13,88075,36,14.13,3015.76,"Commercial Vehicle",chennai,2024-02-13
LN003689,CU002234,2022-07-10,59456,48,10.89,1533.5,"Two wheeler",mumbai,10/07/2022
LN000458,CU002631,2021-06-22,80377,48,14.95,2234.92,"Two wheeler",pune,06/22/2021
LN002288,CU001776,2023-10-20,70814,36,17.96,2558.68,"Two wheeler",mumbai,2023-10-20
LN002698,CU003363,2021-10-02,363921,60,13.08,8295.23,Tractor,thrissur,02/10/2021
LN001369,CU004592,2024-03-17,230053,48,11.02,5948.07,"Two wheeler",kozhikode,"17 Mar 2024"
LN004337,CU003845,2022-02-19,66036,12,13.23,5905.28,Car,delhi,2022-02-19
LN001636,CU004592,2023-10-10,138911,48,17.31,4030.6,"Two wheeler",delhi,2023-10-10
LN002578,CU000845,2022-12-05,65002,24,11.62,3048.35,"Two wheeler",delhi,2022-12-05
LN002863,CU002367,2021-07-02,154422,24,12.39,7297.34,"Two wheeler",chennai,2021-07-02
LN004984,CU004507,2023-08-22,299837,24,13.87,14377.63,"Commercial Vehicle",delhi,22/08/2023
LN002421,CU003012,2023-11-18,217620,36,18.25,7894.8,"Commercial Vehicle",coimbatore,2023-11-18
LN001460,CU004564,2023-01-27,111924,36,17.55,4021.1,Tractor,kozhikode,01/27/2023
LN002229,CU003070,2023-01-29,132704,60,12.55,2988.94,"Two wheeler",thrissur,29/01/2023
LN002195,CU000067,2022-02-22,162771,12,13.45,14572.65,"Two wheeler",bangalore,02/22/2022
LN003949,CU002058,2023-12-19,88498,48,10.13,2250.07,Car,hyderabad,2023-12-19
LN002368,CU003456,2023-09-17,186701,12,10.14,16426.14,"Two wheeler",hyderabad,"17 Sep 2023"
LN000660,CU003171,2021-07-21,46665,24,13.26,2224.24,"Two wheeler",delhi,"21 Jul 2021"
LN002451,CU000760,2022-07-12,108012,48,16.33,3079.38,"Two wheeler",hyderabad,12/07/2022
LN001901,CU001879,2023-09-20,249537,48,15.16,6965.06,"Two wheeler",pune,20/09/2023
LN002600,CU002519,2022-02-04,270884,36,13.91,9246.34,Tractor,delhi,04/02/2022
LN001366,CU001241,2023-05-09,227456,12,17.55,20804.48,Car,kochi,2023-05-09
LN002622,CU001494,2023-03-23,119170,36,15.43,4156.21,"Commercial Vehicle",mumbai,03/23/2023
LN000528,CU003831,2024-03-23,163886,24,10.73,7617.84,Car,kolkata,23/03/2024
LN001062,CU001818,2024-06-24,102960,48,17.09,2975.71,Car,kozhikode,2024-06-24
LN002080,CU001032,2021-11-08,96288,36,15.88,3379.5,Car,coimbatore,08/11/2021
LN003196,CU002712,2021-09-01,74846,48,16.71,2148.47,Tractor,mumbai,01/09/2021
LN004002,CU000339,2021-04-17,78633,60,14.04,1831.28,"Two wheeler",bangalore,2021-04-17
LN001193,CU004291,2021-10-13,40000,48,15.17,1116.68,Car,kochi,"13 Oct 2021"
LN001428,CU002378,2021-10-13,287931,36,14.52,9913.68,"Two wheeler",thrissur,"13 Oct 2021"
LN001917,CU004196,2022-12-20,183386,24,14.86,8879.58,Car,bangalore,20/12/2022
LN000582,CU003802,2022-02-24,224742,12,16.39,20432.53,"Commercial Vehicle",pune,2022-02-24
LN004708,CU004292,2023-08-04,144893,36,10.46,4706.64,"Two wheeler",ahmedabad,2023-08-04
LN004871,CU003411,2022-10-02,124329,12,16.11,11286.95,Tractor,mumbai,2022-10-02
LN001472,CU000460,2023-01-10,160615,24,16.61,7911.1,"Two wheeler",kochi,2023-01-10
LN000656,CU000939,2024-05-19,148052,24,17.59,7362.07,"Commercial Vehicle",kochi,2024-05-19
LN003762,CU001413,2022-09-11,65180,24,18.21,3260.67,"Two wheeler",ahmedabad,"11 Sep 2022"
LN002691,CU003854,2021-08-14,281575,60,11.44,6184.09,"Commercial Vehicle",pune,08/14/2021
LN004501,CU003027,2022-02-24,166917,36,15.13,5796.86,Car,chennai,24/02/2022
LN003831,CU001892,2023-12-08,127254,36,16.77,4522.4,"Two wheeler",chennai,08/12/2023
LN004061,CU001600,2021-04-02,144058,24,11.12,6722.26,"Two wheeler",thrissur,2021-04-02
LN004091,CU000068,2023-08-01,162226,36,17.91,5857.54,"Two wheeler",kozhikode,01/08/2023
LN001219,CU001766,2022-06-12,288518,36,12.66,9674.13,"Two wheeler",coimbatore,"12 Jun 2022"
LN002205,CU003584,2023-09-20,160348,36,10.96,5246.55,"Commercial Vehicle",mumbai,2023-09-20
LN000675,CU004249,2022-04-07,247518,36,13.6,8411.57,"Two wheeler",bangalore,07/04/2022
LN004957,CU001414,2022-03-20,112740,12,12.44,10040.03,Car,coimbatore,2022-03-20
LN001252,CU004086,2021-06-25,160054,48,12.36,4243.18,Car,kozhikode,2021-06-25
LN003602,CU000756,2024-06-20,231535,24,12.7,10975,"Two wheeler",thrissur,20/06/2024
LN004518,CU000760,2022-01-16,73324,24,10.12,3387.59,"Two wheeler",mumbai,2022-01-16
LN001639,CU001394,2024-05-02,162550,60,16.98,4038.04,"Commercial Vehicle",pune,2024-05-02
LN001952,CU001967,2023-09-03,128320,36,15.81,4499.32,Tractor,hyderabad,2023-09-03
LN002480,CU001506,2023-06-29,170092,48,15.9,4811.75,"Commercial Vehicle",thrissur,2023-06-29
LN002823,CU004367,2021-03-06,144858,12,15.61,13116.37,Car,kozhikode,2021-03-06
LN004364,CU000335,2023-10-13,106164,36,18.04,3840.21,"Commercial Vehicle",kochi,10/13/2023
LN000363,CU004465,2024-04-18,82198,36,11.7,2718.39,"Two wheeler",thrissur,04/18/2024
LN001145,CU003683,2024-04-01,61636,60,15.44,1480.59,"Commercial Vehicle",kolkata,2024-04-01
LN003046,CU000569,2023-06-14,149669,48,17.24,4337.31,Car,coimbatore,2023-06-14
LN004339,CU003499,2021-06-28,337336,24,13.9,16180.54,"Commercial Vehicle",mumbai,28/06/2021
LN001135,CU004010,2024-05-22,84408,36,12.11,2807.99,"Commercial Vehicle",ahmedabad,22/05/2024
LN004536,CU003305,2022-09-29,132995,12,13.5,11909.97,"Two wheeler",coimbatore,"29 Sep 2022"
LN000782,CU004486,2022-10-25,141847,48,10.95,3662.67,Car,kochi,2022-10-25
LN001948,CU002350,2022-05-06,40000,12,18.27,3672.34,Car,mumbai,06/05/2022
LN000328,CU000822,2021-07-17,82088,24,11.41,3841.59,Car,pune,2021-07-17
LN000953,CU000325,2022-05-20,165988,36,10.73,5413.04,Car,mumbai,2022-05-20
LN004860,CU000251,2021-08-10,108037,36,15.93,3794.53,Car,ahmedabad,2021-08-10
LN000912,CU001610,2024-04-27,212727,36,15.86,7464.16,Car,mumbai,"27 Apr 2024"
LN000128,CU004346,2021-11-29,111482,24,12.28,5262.43,"Commercial Vehicle",mumbai,"29 Nov 2021"
LN000044,CU004225,2023-06-08,85050,48,15.61,2393.39,Tractor,kozhikode,2023-06-08
LN003923,CU002398,2023-01-20,216504,60,15.93,5256.91,"Two wheeler",coimbatore,2023-01-20
LN002811,CU003411,2021-06-19,58678,36,11.33,1930.23,Car,pune,"19 Jun 2021"
LN003861,CU002971,2024-06-17,100254,36,13.11,3383.27,Car,bangalore,2024-06-17
LN003687,CU000734,2022-07-01,120653,48,13.55,3269.85,"Two wheeler",kochi,"01 Jul 2022"
LN003497,CU003771,2022-04-22,63151,48,15.75,1781.64,"Two wheeler",delhi,22/04/2022
LN001841,CU003144,2021-11-07,104555,24,13.34,4987.45,"Two wheeler",kolkata,07/11/2021
LN003551,CU000492,2022-02-23,161914,36,10.52,5264.13,Car,kochi,2022-02-23
LN001591,CU002298,2022-04-15,232252,36,12.72,7794.2,"Two wheeler",delhi,2022-04-15
LN003158,CU002332,2024-06-14,145927,60,16.25,3568.07,Car,kolkata,2024-06-14
LN000471,CU000277,2023-03-27,142885,24,15.11,6935.48,Car,hyderabad,03/27/2023
LN000305,CU000327,2022-04-05,126143,48,15.24,3526.02,"Two wheeler",delhi,05/04/2022
LN004113,CU000894,2021-01-02,78164,48,13.15,2102.77,"Commercial Vehicle",kochi,02/01/2021
LN000453,CU004230,2022-07-26,188199,48,15.31,5267.34,Car,mumbai,"26 Jul 2022"
LN003928,CU002089,2023-10-09,117094,36,16.24,4130.57,"Commercial Vehicle",bangalore,"09 Oct 2023"
LN000854,CU004101,2023-03-30,99434,60,10.56,2140.18,"Two wheeler",mumbai,03/30/2023
LN002214,CU000349,2021-12-16,92146,60,13.83,2135.96,Car,thrissur,2021-12-16
LN001979,CU003270,2022-10-06,164538,12,12.66,14669.85,Car,thrissur,06/10/2022
LN004863,CU002480,2022-09-22,173681,24,13.4,8289.78,"Commercial Vehicle",hyderabad,2022-09-22
LN000063,CU002101,2023-04-29,211216,36,10.64,6878.99,"Two wheeler",ahmedabad,29/04/2023
LN000058,CU003733,2023-11-01,149304,60,16.58,3676.95,"Two wheeler",delhi,2023-11-01
LN002597,CU001350,2024-05-21,71886,48,14.56,1984.64,Car,hyderabad,21/05/2024
LN003686,CU001897,2023-10-21,218310,24,11.73,10249.11,Car,ahmedabad,2023-10-21
LN000595,CU003840,2022-01-27,137983,24,16.53,6791.07,"Commercial Vehicle",mumbai,27/01/2022
LN000598,CU003605,2023-07-31,83958,24,15.8,4102.83,"Commercial Vehicle",ahmedabad,07/31/2023
LN000959,CU000612,2023-05-22,125130,24,15.26,6082.6,"Two wheeler",kochi,05/22/2023
LN000850,CU001759,2021-11-21,70059,60,14.96,1665.23,Car,bangalore,11/21/2021
LN001613,CU000879,2022-10-19,151925,24,13.93,7289.33,"Two wheeler",kochi,"19 Oct 2022"
LN000876,CU003618,2022-07-09,136093,24,12.97,6468.19,Car,hyderabad,"09 Jul 2022"
LN004348,CU003854,2021-04-05,100435,60,14.46,2360.97,Car,ahmedabad,05/04/2021
LN001795,CU001441,2021-08-09,115291,12,17.52,10543.56,"Two wheeler",ahmedabad,09/08/2021
LN004365,CU003728,2023-12-17,71885,24,17.21,3561.41,Car,bangalore,12/17/2023
LN004296,CU003627,2023-10-12,148741,12,10.84,13134.88,"Two wheeler",chennai,12/10/2023
LN002633,CU003404,2023-09-13,165922,12,11.6,14710.94,"Two wheeler",ahmedabad,13/09/2023
LN004930,CU003273,2022-10-02,310866,60,17.22,7762.64,Car,pune,02/10/2022
LN002265,CU003997,2022-09-25,197369,24,10.21,9126.72,Car,thrissur,"25 Sep 2022"
LN002671,CU001981,2022-04-17,127058,36,12.42,4245.68,Car,pune,2022-04-17
LN003963,CU000665,2022-01-17,68723,24,13.36,3278.85,Tractor,chennai,2022-01-17
LN004894,CU000425,2024-01-10,237326,60,18.1,6039.44,"Commercial Vehicle",kozhikode,"10 Jan 2024"
LN004081,CU001083,2022-02-27,128378,36,13.46,4354.06,Tractor,thrissur,2022-02-27
LN002125,CU000075,2022-07-27,64285,36,14.92,2225.94,"Two wheeler",ahmedabad,"27 Jul 2022"
LN000478,CU001109,2022-08-13,80513,12,16.43,7321.41,"Two wheeler",thrissur,08/13/2022
LN001709,CU004358,2023-05-14,147271,24,10.28,6814.86,Car,bangalore,2023-05-14
LN003974,CU000823,2022-03-04,99120,24,14.64,4789.06,"Commercial Vehicle",delhi,04/03/2022
LN003543,CU003007,2021-10-21,98684,36,11.56,3257.02,Tractor,kochi,21/10/2021
LN004245,CU001629,2023-04-26,127920,36,16.79,4547.34,Car,mumbai,"26 Apr 2023"
LN002498,CU002503,2021-05-07,171214,12,16.28,15557.09,Car,chennai,07/05/2021
LN004335,CU002450,2023-11-27,47584,36,14.41,1635.8,Car,mumbai,2023-11-27
LN004739,CU003848,2021-09-12,132831,48,13.79,3615.83,Tractor,chennai,"12 Sep 2021"
LN004173,CU002091,2022-03-22,158009,60,10.01,3358,Car,ahmedabad,2022-03-22
LN002730,CU001279,2023-09-27,166921,12,16.19,15159.9,"Two wheeler",chennai,27/09/2023
LN004842,CU002618,2024-02-05,304245,24,16.14,14917.14,Tractor,thrissur,2024-02-05
LN004074,CU004493,2024-05-02,200460,48,15.17,5596.24,"Two wheeler",coimbatore,2024-05-02
LN001624,CU000619,2022-10-22,114378,60,12.51,2573.85,Tractor,ahmedabad,22/10/2022
LN004673,CU004336,2021-08-11,178964,24,14.44,8629.82,Car,ahmedabad,2021-08-11
LN002927,CU001027,2021-08-31,147120,60,13.28,3368.56,"Two wheeler",kozhikode,2021-08-31
LN001488,CU001728,2021-09-01,149314,36,16.54,5289.33,"Commercial Vehicle",coimbatore,"01 Sep 2021"
LN002489,CU001767,2024-06-17,56022,60,13.08,1276.97,"Two wheeler",kolkata,2024-06-17
LN000612,CU004495,2023-02-11,77013,36,17.98,2783.43,Car,kozhikode,2023-02-11
LN000160,CU000921,2024-05-13,109220,24,9.89,5034.41,"Two wheeler",hyderabad,"13 May 2024"
LN000927,CU004512,2022-04-05,40368,24,14.54,1948.5,Car,bangalore,"05 Apr 2022"
LN003343,CU003143,2024-06-14,469917,36,11.36,15464.72,Car,kozhikode,"14 Jun 2024"
LN001401,CU000477,2021-04-27,107428,48,17.91,3150.65,"Commercial Vehicle",kozhikode,04/27/2021
LN003995,CU002996,2021-02-05,267561,24,14.08,12856.49,"Commercial Vehicle",ahmedabad,"05 Feb 2021"
LN003360,CU000646,2022-07-18,253787,48,18.12,7470.92,"Two wheeler",mumbai,"18 Jul 2022"
LN000708,CU004085,2023-11-03,163772,36,11.98,5438.01,"Two wheeler",coimbatore,2023-11-03
LN001681,CU003872,2021-10-18,225967,24,18.23,11306.33,"Two wheeler",kolkata,10/18/2021
LN002249,CU002177,2024-08-06,299059,24,13.06,14226.24,Car,kochi,06/08/2024
LN004286,CU003226,2022-06-25,99243,12,15.37,8974.84,"Commercial Vehicle",kozhikode,25/06/2022
LN000765,CU002494,2022-07-20,166036,24,17.76,8269.96,Car,hyderabad,2022-07-20
LN004246,CU004092,2024-06-20,186849,36,10.5,6073.05,"Two wheeler",chennai,06/20/2024
LN003307,CU004561,2023-01-10,431655,60,17.33,10804.48,"Commercial Vehicle",bangalore,"10 Jan 2023"
LN002620,CU001981,2021-08-11,71761,36,15.19,2494.3,"Two wheeler",kozhikode,2021-08-11
LN001285,CU001268,2023-08-06,129585,36,11.59,4278.74,Car,coimbatore,2023-08-06
LN001620,CU000684,2021-04-20,103686,24,11.21,4842.7,Car,kozhikode,2021-04-20
LN001759,CU000630,2023-05-23,62762,48,13.73,1706.58,"Two wheeler",ahmedabad,"23 May 2023"
LN001255,CU002344,2023-06-10,188169,36,10.08,6078.75,Car,kolkata,2023-06-10
LN003006,CU003379,2022-01-01,84214,36,15.08,2922.61,"Two wheeler",kozhikode,01/01/2022
LN001784,CU002140,2023-04-01,102807,36,15.28,3577.95,"Two wheeler",mumbai,01/04/2023
LN000756,CU001049,2021-01-10,144296,36,13.9,4924.69,"Two wheeler",coimbatore,10/01/2021
LN002361,CU000489,2021-07-19,159268,24,17.62,7922.1,"Two wheeler",thrissur,07/19/2021
LN000521,CU004308,2024-01-24,127916,36,17.92,4619.34,"Two wheeler",coimbatore,2024-01-24
LN004878,CU004372,2021-12-16,113048,60,11.23,2470.92,Car,bangalore,"16 Dec 2021"
LN003721,CU004101,2021-01-16,133091,48,18.24,3926.26,Car,kochi,2021-01-16
LN000143,CU003900,2021-04-22,107156,36,14.19,3672.23,Car,kolkata,"22 Apr 2021"
LN000156,CU002777,2024-03-03,197340,36,16.18,6955.44,Car,chennai,03/03/2024
LN001287,CU004319,2024-02-19,71470,48,15.8,2018.17,"Two wheeler",coimbatore,19/02/2024
LN000644,CU000544,2022-12-24,68652,24,15.21,3335.56,Car,kolkata,12/24/2022
LN002603,CU004375,2021-02-08,126231,48,14.43,3476.74,"Commercial Vehicle",coimbatore,2021-02-08
LN000489,CU002924,2023-04-07,148960,36,9.77,4790.45,"Two wheeler",mumbai,07/04/2023
LN004597,CU003330,2023-01-12,165621,48,17.91,4857.33,"Two wheeler",kolkata,2023-01-12
LN002067,CU001506,2024-05-08,232999,60,14.08,5431.15,Car,kolkata,2024-05-08
LN001631,CU000664,2023-02-04,265565,60,17.89,6727.72,Car,bangalore,04/02/2023
LN004451,CU004214,2023-07-06,64340,36,16.69,2283.98,"Commercial Vehicle",chennai,06/07/2023
LN002176,CU000590,2023-01-04,70158,48,14.25,1925.98,Car,coimbatore,2023-01-04
LN003755,CU000017,2023-09-26,113470,36,14.69,3916.27,Car,kozhikode,"26 Sep 2023"
LN000657,CU002734,2021-06-30,192447,60,15.43,4621.85,Car,delhi,"30 Jun 2021"
LN001302,CU002849,2023-05-15,200786,12,14.85,18108.4,"Two wheeler",pune,"15 May 2023"
LN001940,CU003782,2023-05-27,129642,24,11.3,6060.41,"Commercial Vehicle",chennai,2023-05-27
LN004604,CU002557,2021-01-13,190350,12,13.93,17084.71,"Commercial Vehicle",coimbatore,2021-01-13
LN001559,CU002868,2022-12-15,209182,36,12.12,6959.83,Car,mumbai,12/15/2022
LN003927,CU003567,2024-03-22,99189,48,9.66,2499.52,"Two wheeler",mumbai,2024-03-22
LN000809,CU000532,2022-05-28,93970,48,11.34,2444.25,"Two wheeler",bangalore,2022-05-28
LN000385,CU004490,2024-05-04,119682,36,11.71,3958.6,"Two wheeler",hyderabad,04/05/2024
LN000372,CU001895,2021-08-18,170046,36,13.68,5785.38,"Two wheeler",kolkata,"18 Aug 2021"
LN000530,CU000201,2022-10-27,121692,36,12.29,4058.79,"Commercial Vehicle",delhi,10/27/2022
LN004546,CU001118,2022-06-30,185015,48,14.41,5093.94,"Commercial Vehicle",hyderabad,30/06/2022
LN003573,CU000713,2021-08-22,275238,12,12.15,24473.88,Car,bangalore,22/08/2021
LN003547,CU000550,2024-06-03,285080,12,17.07,26010.12,Car,coimbatore,2024-06-03
LN003127,CU003373,2021-10-20,99552,36,14.65,3433.96,"Two wheeler",ahmedabad,20/10/2021
LN001895,CU001481,2022-02-23,159813,24,15.35,7775.4,"Commercial Vehicle",mumbai,"23 Feb 2022"
LN000393,CU003338,2023-02-18,149675,48,9.69,3773.9,Car,kochi,18/02/2023
LN002989,CU002035,2023-05-30,116131,12,13.44,10396.49,"Commercial Vehicle",kozhikode,2023-05-30
LN003886,CU001384,2021-11-09,81067,36,13.92,2767.53,"Commercial Vehicle",thrissur,2021-11-09
LN003742,CU001655,2022-03-13,123107,24,9.77,5667.7,"Two wheeler",ahmedabad,2022-03-13
LN000712,CU001207,2023-06-19,194666,24,18.15,9732.64,"Two wheeler",bangalore,2023-06-19
LN000006,CU000121,2024-03-18,125611,48,15.02,3497.12,"Two wheeler",pune,2024-03-18
LN004811,CU002326,2023-05-03,110368,12,16.33,10031.03,Car,chennai,2023-05-03
LN004725,CU002882,2021-04-02,108284,24,11.83,5088.71,"Two wheeler",kochi,2021-04-02
LN004737,CU001771,2024-01-05,101607,36,14.21,3483.06,"Two wheeler",bangalore,05/01/2024
LN004138,CU004427,2024-01-24,106246,24,17.84,5296.03,"Two wheeler",ahmedabad,2024-01-24
LN004921,CU003493,2024-03-30,63656,24,13.23,3033.2,Car,kolkata,2024-03-30
LN003179,CU001725,2021-04-27,51574,36,13.22,1743.2,"Commercial Vehicle",ahmedabad,27/04/2021
LN003223,CU003029,2022-10-26,55361,36,17.66,1992,"Two wheeler",pune,2022-10-26
LN004626,CU003743,2021-10-12,229741,36,18.07,8313.76,"Commercial Vehicle",kochi,12/10/2021
LN004372,CU000060,2022-08-20,150636,60,11.87,3340.93,"Commercial Vehicle",mumbai,20/08/2022
LN000467,CU001234,2021-09-20,65434,48,15.64,1842.38,Car,ahmedabad,09/20/2021
LN001294,CU002919,2024-01-04,250927,48,10.04,6368.98,Car,kozhikode,04/01/2024
LN004259,CU001485,2022-02-01,329554,12,18.13,30233.9,"Two wheeler",ahmedabad,01/02/2022
LN001903,CU002166,2021-12-31,101945,24,10.87,4745.29,Car,delhi,2021-12-31
LN000996,CU000533,2023-08-14,52043,12,14.12,4675.73,Car,kolkata,2023-08-14
LN002434,CU001711,2022-05-05,77984,36,11.13,2557.9,"Commercial Vehicle",ahmedabad,"05 May 2022"
LN003578,CU003503,2024-01-25,193915,12,17.64,17744.92,"Commercial Vehicle",hyderabad,2024-01-25
LN003266,CU001365,2024-01-27,104876,12,10.22,9231,Car,chennai,01/27/2024
LN001440,CU004463,2023-12-14,156089,36,9.82,5023.37,"Two wheeler",coimbatore,2023-12-14
LN003413,CU001491,2023-07-19,76191,48,13,2044.01,"Two wheeler",pune,07/19/2023
LN002824,CU001250,2023-02-18,75603,12,10.14,6651.63,Car,coimbatore,02/18/2023
LN003657,CU002092,2023-06-19,212816,60,14.5,5007.19,Car,pune,2023-06-19
LN003209,CU002533,2022-06-28,211633,48,18.16,6234.43,"Two wheeler",pune,2022-06-28
LN004028,CU003170,2021-08-09,243571,24,10.88,11338.75,Car,kolkata,2021-08-09
LN002381,CU001326,2023-03-04,273808,24,9.78,12607.07,"Two wheeler",mumbai,2023-03-04
LN000371,CU003830,2024-05-08,106711,36,16.16,3760.08,Car,pune,"08 May 2024"
LN001128,CU001286,2023-10-22,72516,48,14.91,2014.87,Car,kochi,10/22/2023
LN003013,CU004012,2023-08-18,132560,36,11.24,4354.93,Car,bangalore,"18 Aug 2023"
LN000283,CU000736,2023-09-17,151931,24,11.12,7089.64,"Two wheeler",kozhikode,"17 Sep 2023"
LN002399,CU000549,2024-05-10,294636,36,18.1,10666.58,Car,bangalore,2024-05-10
LN002478,CU003329,2021-10-23,275382,48,16.19,7831.23,"Two wheeler",hyderabad,2021-10-23
LN000338,CU003911,2022-07-13,194366,48,17.98,5707.47,"Commercial Vehicle",pune,"13 Jul 2022"
LN004307,CU001545,2022-01-18,208777,48,17.34,6061.06,"Two wheeler",kozhikode,2022-01-18
LN002746,CU003424,2023-07-10,119411,48,10.4,3051.56,"Two wheeler",pune,"10 Jul 2023"
LN003515,CU001055,2021-04-07,217455,36,13.41,7369.94,Tractor,bangalore,2021-04-07
LN004941,CU000284,2022-11-02,84209,36,11.71,2785.29,Car,kolkata,02/11/2022
LN004703,CU000029,2024-02-13,250246,36,13.34,8472.82,Car,thrissur,13/02/2024
LN002690,CU002081,2021-05-21,129154,48,9.81,3263.91,Car,kolkata,21/05/2021
LN002718,CU000314,2022-07-30,162425,36,12.93,5467.27,"Two wheeler",hyderabad,07/30/2022
LN001029,CU000108,2024-01-03,71336,48,16.11,2025.7,"Two wheeler",mumbai,2024-01-03
LN000134,CU003166,2023-11-02,93630,36,16.64,3321.41,"Commercial Vehicle",coimbatore,02/11/2023
LN001134,CU003062,2024-06-21,97283,36,16.46,3442.32,Car,bangalore,21/06/2024
LN000586,CU001825,2024-03-19,101256,60,10.85,2193.98,"Two wheeler",mumbai,"19 Mar 2024"
LN004686,CU003160,2022-12-19,73601,12,14.53,6626.79,Car,kozhikode,2022-12-19
LN003575,CU004116,2023-01-22,196228,48,10.5,5024.1,"Two wheeler",ahmedabad,01/22/2023
LN003746,CU001022,2022-03-03,54367,36,14.28,1865.54,"Commercial Vehicle",kochi,2022-03-03
LN002814,CU002481,2022-09-13,151111,36,11.81,5005.35,"Commercial Vehicle",chennai,2022-09-13
LN001553,CU004517,2023-06-09,165677,36,16.04,5827.98,"Two wheeler",coimbatore,"09 Jun 2023"
LN000112,CU002645,2022-02-22,40000,36,11.02,1309.93,"Two wheeler",bangalore,22/02/2022
LN001814,CU002218,2021-11-15,163148,36,10.93,5335.85,"Two wheeler",coimbatore,2021-11-15
LN000161,CU000903,2021-12-18,140650,48,11.75,3686.61,"Two wheeler",ahmedabad,2021-12-18
LN003015,CU002941,2023-09-29,46690,60,12.91,1060.19,"Two wheeler",kolkata,2023-09-29
LN000237,CU002681,2023-02-25,113351,24,13.98,5441.24,Car,mumbai,2023-02-25
LN000821,CU000591,2023-02-02,317255,36,11.85,10514.69,"Commercial Vehicle",mumbai,"02 Feb 2023"
LN004731,CU001071,2021-08-20,205870,36,17.92,7434.43,"Two wheeler",ahmedabad,2021-08-20
LN003056,CU001056,2021-09-21,75598,60,10.72,1633.15,"Two wheeler",hyderabad,09/21/2021
LN001651,CU002569,2021-07-25,102106,48,16.6,2925.18,"Two wheeler",bangalore,25/07/2021
LN002553,CU004448,2022-01-22,123614,24,15.97,6050.75,Car,bangalore,"22 Jan 2022"
LN002253,CU003800,2023-08-14,111139,36,12.92,3740.43,"Two wheeler",thrissur,14/08/2023
LN004882,CU002063,2023-03-20,127546,36,14.29,4377.21,Car,chennai,03/20/2023
LN003516,CU002007,2024-03-25,238807,48,10.05,6062.5,"Commercial Vehicle",delhi,03/25/2024
LN001447,CU001596,2023-06-07,437384,36,9.97,14106.99,"Two wheeler",coimbatore,07/06/2023
LN001278,CU004143,2021-04-13,90211,36,17.29,3229.3,"Two wheeler",bangalore,13/04/2021
LN001068,CU002508,2021-02-12,81029,36,16.86,2883.26,Car,delhi,12/02/2021
LN002681,CU003222,2022-09-18,245812,48,10.25,6263.98,"Two wheeler",thrissur,18/09/2022
LN001464,CU000896,2023-03-05,105230,24,10.14,4862.63,Car,pune,2023-03-05
LN001013,CU002409,2022-07-17,125915,24,15.62,6142.35,"Two wheeler",thrissur,07/17/2022
LN002598,CU002965,2023-09-03,177393,60,18.4,4543.31,"Two wheeler",thrissur,03/09/2023
LN002983,CU001970,2023-08-03,107654,36,11.19,3534.15,"Two wheeler",kolkata,"03 Aug 2023"
LN002849,CU004124,2023-07-29,135483,36,16.88,4822.25,Car,delhi,07/29/2023
LN002514,CU003659,2024-01-20,309409,24,15.79,15118.6,"Commercial Vehicle",hyderabad,2024-01-20
LN001606,CU000199,2022-08-08,116880,48,14.29,3210.95,Car,coimbatore,08/08/2022
LN000273,CU002254,2023-07-08,110879,24,17.04,5484.24,Car,mumbai,08/07/2023
LN000157,CU003826,2022-07-19,98183,48,17.99,2883.61,Car,thrissur,"19 Jul 2022"
LN003390,CU003855,2022-06-08,364016,36,16.52,12891.37,"Commercial Vehicle",kolkata,2022-06-08
LN001156,CU000856,2021-06-14,222506,48,12.48,5912.01,"Two wheeler",coimbatore,2021-06-14
LN000697,CU003588,2023-07-12,161720,12,17.17,14762.68,Car,kolkata,12/07/2023
LN003012,CU002618,2022-12-07,177939,24,14.71,8603.17,"Two wheeler",coimbatore,"07 Dec 2022"
LN000072,CU000091,2023-11-25,277410,48,15.01,7721.93,"Two wheeler",mumbai,"25 Nov 2023"
LN002825,CU003119,2024-04-17,304987,36,12.76,10241,Car,thrissur,2024-04-17
LN004643,CU002711,2023-08-27,285615,24,10.19,13204.74,Car,kochi,2023-08-27
LN003423,CU001115,2021-09-28,153386,48,12.98,4113.44,Car,kozhikode,"28 Sep 2021"
LN002206,CU003301,2021-10-10,175123,36,18.45,6370.72,"Two wheeler",ahmedabad,"10 Oct 2021"
LN002191,CU003361,2024-08-02,97608,60,16.27,2387.66,Car,kochi,02/08/2024
LN000045,CU002181,2021-05-10,137497,36,14.77,4750.91,"Two wheeler",coimbatore,2021-05-10
LN001348,CU003730,2023-04-13,79888,12,10.88,7056.16,"Commercial Vehicle",mumbai,04/13/2023
LN000103,CU003628,2021-03-02,505581,36,10.04,16323.17,Car,hyderabad,"02 Mar 2021"
LN000102,CU000637,2024-01-22,114275,36,12.17,3804.85,"Two wheeler",hyderabad,01/22/2024
LN002383,CU003518,2023-08-15,108514,36,17.19,3879.09,"Two wheeler",mumbai,"15 Aug 2023"
LN003749,CU003739,2023-08-26,206141,36,9.73,6625.49,"Two wheeler",thrissur,08/26/2023
LN000461,CU002651,2023-06-13,48561,36,11.11,1592.36,"Two wheeler",kolkata,"13 Jun 2023"
LN000091,CU002700,2024-05-09,147891,36,11.97,4909.98,"Commercial Vehicle",kochi,2024-05-09
LN002914,CU004058,2021-08-11,72286,48,11.08,1871.08,"Two wheeler",bangalore,11/08/2021
LN001773,CU003948,2022-07-25,316149,36,14.9,10943.93,Car,kozhikode,25/07/2022
LN002722,CU004389,2022-12-23,184223,24,15.92,9013.09,Car,thrissur,23/12/2022
LN003948,CU002443,2022-04-21,50518,24,11.23,2359.93,"Commercial Vehicle",pune,2022-04-21
LN004706,CU003328,2021-12-11,237919,48,17.2,6889.81,Car,delhi,2021-12-11
LN000557,CU000563,2023-11-16,237417,24,14.37,11440.62,"Two wheeler",kolkata,16/11/2023
LN003183,CU000210,2021-01-06,75488,12,15.08,6816.27,"Commercial Vehicle",ahmedabad,2021-01-06
LN000643,CU001722,2023-08-06,68935,36,16.95,2456.01,"Commercial Vehicle",delhi,2023-08-06
LN003794,CU003566,2023-10-05,53716,36,15.47,1874.47,"Two wheeler",kozhikode,2023-10-05
LN000113,CU003799,2021-07-05,147209,60,12.87,3339.67,Tractor,ahmedabad,2021-07-05
LN004381,CU002189,2021-03-27,412075,48,18.4,12191,"Two wheeler",delhi,"27 Mar 2021"
LN000459,CU002202,2022-12-02,147480,36,15.92,5179.14,Car,chennai,"02 Dec 2022"
LN003020,CU003928,2022-03-20,188611,36,11.64,6232.2,Car,hyderabad,03/20/2022
LN001897,CU003564,2024-03-24,94824,24,10.56,4400.2,"Commercial Vehicle",delhi,2024-03-24
LN002673,CU003275,2021-04-09,112650,24,14.68,5444.91,Car,chennai,09/04/2021
LN001190,CU004022,2024-02-09,123628,60,16.12,3014.28,"Commercial Vehicle",bangalore,2024-02-09
LN004967,CU002506,2024-05-26,191197,24,14.39,9215.18,"Commercial Vehicle",bangalore,"26 May 2024"
LN000585,CU002637,2023-10-18,91575,48,12.1,2416.02,Car,coimbatore,2023-10-18
LN004994,CU000369,2021-12-02,88302,36,10.99,2890.48,"Commercial Vehicle",mumbai,02/12/2021
LN004490,CU001300,2021-07-11,315870,24,10.31,14621.03,Car,coimbatore,11/07/2021
LN001032,CU002435,2021-07-03,102163,36,10.95,3342.27,"Two wheeler",kochi,03/07/2021
LN003275,CU002218,2023-10-03,80679,36,14.66,2783.35,"Two wheeler",hyderabad,03/10/2023
LN003020,CU003928,2022-03-20,188611,36,11.64,6232.2,Car,hyderabad,03/20/2022
LN000243,CU003969,2023-05-24,141714,48,13.82,3859.76,"Two wheeler",hyderabad,24/05/2023
LN004209,CU002534,2023-06-06,85614,12,15.95,7765.81,"Commercial Vehicle",pune,"06 Jun 2023"
LN000313,CU001693,2022-02-22,180855,48,10.75,4652.37,Car,kozhikode,"22 Feb 2022"
LN001638,CU002537,2022-12-11,134153,60,16.63,3307.42,"Two wheeler",kochi,11/12/2022
LN004455,CU000509,2022-08-07,181667,12,15.86,16470.77,"Two wheeler",pune,2022-08-07
LN000738,CU003929,2023-03-03,183891,36,12.62,6162.41,"Two wheeler",kozhikode,"03 Mar 2023"
LN003220,CU003435,2024-02-16,249966,60,17.7,6306.77,"Two wheeler",kozhikode,02/16/2024
LN003712,CU003441,2021-12-20,104728,36,17.52,3761,"Two wheeler",ahmedabad,2021-12-20
LN003605,CU000918,2022-05-05,136237,12,15.65,12338.35,"Two wheeler",kozhikode,2022-05-05
LN003908,CU001752,2024-05-10,264963,48,14.4,7293.78,"Two wheeler",thrissur,"10 May 2024"
LN004052,CU001161,2024-05-30,59338,36,15.99,2085.86,Car,mumbai,30/05/2024
LN001747,CU001993,2021-07-13,100592,48,13.95,2746.3,"Two wheeler",hyderabad,07/13/2021
LN002704,CU001261,2021-04-23,164256,60,17.86,4158.52,"Two wheeler",pune,04/23/2021
LN004011,CU001881,2021-05-02,128318,24,14.26,6176.69,"Two wheeler",hyderabad,2021-05-02
LN000733,CU000631,2023-11-18,40822,36,14.11,1397.38,"Two wheeler",coimbatore,2023-11-18
LN003696,CU004282,2023-02-10,150002,60,16.81,3712.63,"Two wheeler",kolkata,"10 Feb 2023"
LN003975,CU002571,2022-10-09,134086,48,17.12,3877.39,"Commercial Vehicle",kozhikode,"09 Oct 2022"
LN002081,CU000686,2023-10-20,138734,36,17,4946.25,"Commercial Vehicle",pune,2023-10-20
LN001928,CU000423,2022-02-02,390605,36,11.55,12889.88,"Two wheeler",kozhikode,"02 Feb 2022"
LN004270,CU000786,2023-08-14,234132,48,11.88,6151.81,Car,coimbatore,2023-08-14
LN001325,CU003827,2022-01-26,146230,24,18.34,7324.45,Car,kochi,26/01/2022
LN003187,CU004105,2022-10-21,223616,24,17.22,11079.73,"Two wheeler",mumbai,21/10/2022
LN002605,CU003858,2024-04-05,114850,12,12.74,10244.08,Car,hyderabad,2024-04-05
LN002196,CU002458,2024-02-08,103099,60,13.69,2382.4,"Two wheeler",kochi,08/02/2024
LN000921,CU004143,2021-06-13,137159,48,14.17,3759.78,"Two wheeler",coimbatore,2021-06-13
LN003621,CU003601,2021-03-05,236635,12,12.34,21062.39,"Two wheeler",bangalore,05/03/2021
LN003851,CU003160,2024-01-12,106805,24,10.63,4959.62,"Two wheeler",kochi,"12 Jan 2024"
LN003881,CU001166,2024-02-20,467920,60,12.18,10451.23,"Two wheeler",kolkata,2024-02-20
LN003490,CU003364,2023-12-04,43881,48,15.76,1238.21,"Two wheeler",kolkata,04/12/2023
LN002009,CU000740,2022-03-06,73645,36,13.45,2497.38,Car,ahmedabad,06/03/2022
LN000324,CU000760,2024-01-13,136057,24,14.11,6539.56,"Two wheeler",kozhikode,"13 Jan 2024"
LN002426,CU000220,2022-01-29,71706,36,16.02,2521.68,Tractor,kochi,2022-01-29
LN002228,CU000530,2023-07-24,252178,36,10.89,8242.85,"Two wheeler",ahmedabad,07/24/2023
LN003375,CU004538,2022-10-21,50714,36,12.43,1694.86,"Two wheeler",kolkata,"21 Oct 2022"
LN003032,CU001361,2022-06-02,87288,48,14.38,2401.95,"Commercial Vehicle",coimbatore,2022-06-02
LN002897,CU002922,2022-11-16,71830,24,9.68,3303.99,"Two wheeler",kolkata,16/11/2022
LN000954,CU001183,2021-09-07,147349,60,14.8,3489.97,"Two wheeler",bangalore,"07 Sep 2021"
LN000852,CU002321,2022-11-14,74983,48,16.99,2163.25,Car,chennai,2022-11-14
LN004782,CU001541,2023-02-19,184914,36,17.22,6612.95,"Two wheeler",kolkata,"19 Feb 2023"
LN001889,CU002937,2023-08-05,131687,24,11.63,6176.23,"Two wheeler",hyderabad,05/08/2023
LN003495,CU000567,2023-01-07,208384,36,11.91,6912.38,Car,kolkata,2023-01-07
LN001973,CU002132,2023-08-14,181703,12,9.51,15933.2,Tractor,kochi,14/08/2023
LN002269,CU001185,2024-01-04,172058,36,10.09,5559.1,"Commercial Vehicle",pune,2024-01-04
LN004734,CU003696,2024-05-28,118897,36,11.96,3946.81,"Two wheeler",bangalore,"28 May 2024"
LN002974,CU001551,2022-11-10,155884,36,15.61,5450.45,"Two wheeler",coimbatore,10/11/2022
LN003274,CU002655,2021-10-09,61448,24,14.92,2977.07,"Commercial Vehicle",kozhikode,2021-10-09
LN000505,CU000827,2021-11-18,81893,60,17.86,2073.31,"Two wheeler",kozhikode,"18 Nov 2021"
LN000210,CU001265,2024-04-19,113139,60,13.75,2617.91,"Two wheeler",kozhikode,2024-04-19
LN001455,CU002650,2022-01-12,207950,24,18.17,10398.81,"Two wheeler",kolkata,12/01/2022
LN003229,CU002553,2022-03-20,255420,48,13.46,6910.74,Car,bangalore,2022-03-20
LN002011,CU002140,2023-07-22,72785,48,12.31,1927.81,"Two wheeler",mumbai,22/07/2023
LN000714,CU004584,2022-03-03,70832,48,15.45,1987.5,Car,kozhikode,03/03/2022
LN002362,CU001513,2023-06-27,183957,36,14.09,6295.26,Car,chennai,"27 Jun 2023"
LN002577,CU002790,2023-11-02,152684,36,16,5367.92,"Two wheeler",chennai,"02 Nov 2023"
LN003039,CU003497,2022-12-25,89178,36,13.58,3029.73,"Two wheeler",mumbai,"25 Dec 2022"
LN004610,CU004504,2024-04-18,97030,48,9.92,2457.21,Tractor,ahmedabad,2024-04-18
LN002689,CU001829,2022-09-28,168705,12,11.44,14945.07,Car,kolkata,2022-09-28
LN000294,CU000959,2023-03-27,172952,36,11.81,5728.8,Car,kochi,"27 Mar 2023"
LN003475,CU004399,2022-04-12,154509,24,12.44,7305.06,Car,bangalore,2022-04-12
LN000970,CU000036,2021-11-27,140156,36,10.21,4536.27,"Two wheeler",delhi,"27 Nov 2021"
LN001355,CU003112,2023-01-17,206498,48,14.92,5738.62,"Commercial Vehicle",bangalore,01/17/2023
LN002073,CU000858,2023-02-23,90571,36,14.19,3103.87,"Two wheeler",coimbatore,"23 Feb 2023"
LN002963,CU003433,2021-05-24,50833,36,15.24,1768.12,"Commercial Vehicle",kolkata,2021-05-24
LN001686,CU003598,2023-07-03,107576,48,13.16,2894.54,"Commercial Vehicle",kozhikode,2023-07-03
LN001042,CU000964,2023-01-07,201148,24,11.86,9455.59,"Two wheeler",ahmedabad,2023-01-07
LN004103,CU000616,2022-07-30,202461,48,16.93,5834.69,"Two wheeler",kochi,2022-07-30
LN001188,CU001710,2021-09-17,258109,36,10.03,8332.09,"Two wheeler",ahmedabad,09/17/2021
LN003600,CU000697,2021-01-24,137650,12,15.17,12435.1,Tractor,coimbatore,"24 Jan 2021"
LN002511,CU001082,2023-01-18,99923,48,18.14,2942.55,"Commercial Vehicle",pune,01/18/2023
LN001782,CU000306,2021-06-09,66189,48,11.33,1721.32,Car,kozhikode,09/06/2021
LN000262,CU004016,2023-10-13,112039,24,11.02,5222.94,"Two wheeler",bangalore,10/13/2023
LN001804,CU001477,2022-09-18,148497,36,15.1,5154.97,Tractor,chennai,09/18/2022
LN000651,CU003632,2023-04-22,196379,48,16.34,5599.69,Car,bangalore,"22 Apr 2023"
LN000618,CU001490,2024-04-24,140563,24,12.72,6664.15,"Two wheeler",bangalore,24/04/2024
LN003192,CU001535,2022-05-04,174091,24,12.02,8196.69,"Commercial Vehicle",thrissur,04/05/2022
LN001137,CU000017,2021-04-30,96666,48,17.22,2800.32,Car,coimbatore,2021-04-30
LN002053,CU002044,2021-06-21,86136,36,18.29,3126.57,Car,pune,2021-06-21
LN004427,CU004205,2021-09-11,62743,36,14.16,2149.29,"Two wheeler",kolkata,2021-09-11
LN003074,CU003063,2022-07-25,94467,48,12.61,2516.07,Car,mumbai,"25 Jul 2022"
LN000730,CU000942,2023-05-20,170849,36,17.96,6173.17,"Commercial Vehicle",thrissur,20/05/2023
LN000999,CU002941,2023-05-23,189399,48,10.15,4817.3,"Two wheeler",hyderabad,05/23/2023
LN001670,CU000817,2021-04-14,91318,48,15.69,2573.5,Tractor,ahmedabad,"14 Apr 2021"
LN003576,CU000563,2022-02-18,228693,36,9.94,7372.84,Car,bangalore,2022-02-18
LN003052,CU000160,2021-02-07,100007,36,16.12,3521.88,"Two wheeler",pune,2021-02-07
LN003151,CU002995,2024-02-23,214045,36,16.37,7564.35,Car,kolkata,2024-02-23
LN000571,CU004381,2022-04-03,58378,48,16.73,1676.36,Tractor,kochi,2022-04-03
LN002456,CU002449,2023-09-05,143489,36,11.36,4722.15,"Two wheeler",hyderabad,2023-09-05
LN000769,CU000514,2023-07-27,80265,60,18.13,2043.88,Tractor,mumbai,2023-07-27
LN004207,CU004269,2022-07-22,282708,36,9.57,9065.22,Car,kolkata,07/22/2022
LN002165,CU002702,2024-05-13,304890,36,17.18,10897.49,"Two wheeler",coimbatore,"13 May 2024"
LN004664,CU003323,2022-06-24,195058,36,11.1,6395.19,"Two wheeler",bangalore,2022-06-24
LN004730,CU004435,2021-05-09,99179,36,12.25,3306.02,Tractor,delhi,09/05/2021
LN001936,CU003455,2021-07-01,166969,60,10.49,3587.99,Tractor,ahmedabad,2021-07-01
LN003947,CU001355,2022-06-28,180745,48,15.11,5040.35,"Two wheeler",bangalore,2022-06-28
LN003031,CU004163,2021-10-27,86409,36,17.37,3096.65,"Two wheeler",kolkata,2021-10-27
LN002946,CU000454,2021-06-20,146995,36,10.95,4808.95,"Commercial Vehicle",pune,06/20/2021
LN003073,CU001691,2021-01-03,268745,24,14.38,12951.52,"Two wheeler",mumbai,2021-01-03
LN004491,CU003743,2024-04-09,268192,36,13.12,9051.96,"Two wheeler",bangalore,2024-04-09
LN000615,CU004230,2022-03-06,112059,24,10.42,5192.7,Tractor,thrissur,2022-03-06
LN002431,CU002704,2021-07-10,232545,24,13.54,11114.69,"Two wheeler",hyderabad,2021-07-10
LN001162,CU001312,2024-02-09,126089,36,15.72,4415.5,"Commercial Vehicle",thrissur,"09 Feb 2024"
LN000828,CU001378,2022-08-14,132311,36,13.89,4515.01,"Two wheeler",kozhikode,2022-08-14
LN003247,CU000272,2023-07-26,93305,48,10.18,2374.53,Tractor,hyderabad,2023-07-26
LN004674,CU003102,2024-05-24,144635,36,12.66,4849.67,"Commercial Vehicle",ahmedabad,05/24/2024
LN003594,CU000575,2022-03-21,313477,48,14.72,8679.87,"Two wheeler",bangalore,2022-03-21
LN001250,CU000188,2023-11-10,57016,24,18.38,2856.95,Car,chennai,2023-11-10
LN002954,CU001147,2022-01-31,219199,24,11.87,10305.16,Car,delhi,01/31/2022
LN000291,CU000648,2021-07-15,54305,24,16.55,2673.23,Car,pune,"15 Jul 2021"
LN000227,CU003821,2023-03-28,136894,24,17.39,6794.03,"Commercial Vehicle",chennai,28/03/2023
LN004973,CU001925,2023-12-27,163889,48,17.02,4730.72,"Two wheeler",thrissur,12/27/2023
LN000742,CU001053,2024-04-26,215653,24,17.77,10742.33,"Two wheeler",kozhikode,"26 Apr 2024"
LN004804,CU000636,2021-07-26,139705,36,11.43,4602.26,Car,thrissur,2021-07-26
LN004396,CU000962,2022-12-25,204511,60,10.09,4354.32,Car,mumbai,2022-12-25
LN001701,CU003476,2022-02-24,217659,24,16.29,10687.45,"Two wheeler",kozhikode,2022-02-24
LN000962,CU000817,2022-02-25,529812,36,16.1,18652.79,Car,delhi,2022-02-25
LN002411,CU000678,2021-01-09,97838,36,11.33,3218.4,"Two wheeler",hyderabad,"09 Jan 2021"
LN002827,CU002037,2024-03-21,79884,36,15.89,2804.15,"Commercial Vehicle",hyderabad,2024-03-21
LN002270,CU003055,2022-12-17,161667,36,12.84,5434.75,"Two wheeler",delhi,17/12/2022
LN000076,CU002977,2023-04-24,244488,36,14.51,8416.71,"Two wheeler",hyderabad,04/24/2023
LN004780,CU003764,2021-11-20,165399,60,16.57,4072.45,Car,kochi,2021-11-20
LN000412,CU002674,2022-09-22,77654,24,10.21,3590.87,"Commercial Vehicle",ahmedabad,09/22/2022
LN000402,CU000223,2021-05-26,101588,36,10.09,3282.25,"Two wheeler",pune,2021-05-26
LN001921,CU002732,2021-06-22,106327,48,10.54,2724.39,"Two wheeler",kolkata,22/06/2021
LN003480,CU004094,2021-03-16,193357,48,17.07,5586.33,"Two wheeler",kochi,03/16/2021
LN004796,CU001231,2021-08-23,109562,48,16.26,3119.63,"Commercial Vehicle",kochi,08/23/2021
LN002961,CU003820,2022-05-17,254242,24,12.64,12044.18,"Commercial Vehicle",coimbatore,05/17/2022
LN003353,CU000944,2023-11-02,94429,36,12.61,3163.98,"Two wheeler",kochi,02/11/2023
LN001197,CU002399,2022-01-12,123846,36,17.42,4441.38,Car,hyderabad,12/01/2022
LN001971,CU001067,2023-04-23,54228,24,14.24,2609.8,Car,hyderabad,23/04/2023
LN003144,CU002019,2024-03-17,140357,24,15.16,6816.12,"Two wheeler",kolkata,17/03/2024
LN004940,CU001607,2022-01-22,155059,48,16.61,4443.01,"Commercial Vehicle",kozhikode,2022-01-22
LN001830,CU001468,2023-03-01,103510,48,18.3,3056.86,Tractor,thrissur,01/03/2023
LN000464,CU000031,2023-03-17,103471,36,10.67,3371.36,"Two wheeler",mumbai,"17 Mar 2023"
LN004749,CU000626,2022-05-18,185476,36,15.32,6458.69,"Two wheeler",delhi,05/18/2022
LN001493,CU003154,2023-05-18,120444,36,10.82,3932.92,"Two wheeler",chennai,2023-05-18
LN001333,CU001051,2023-09-12,143910,36,12.38,4806.03,Car,coimbatore,2023-09-12
LN001150,CU003840,2023-08-12,129443,48,10.74,3329.2,"Two wheeler",delhi,"12 Aug 2023"
LN000774,CU001051,2023-02-17,76988,24,16.13,3774.36,"Two wheeler",bangalore,2023-02-17
LN001755,CU001731,2023-12-13,40000,12,17.05,3649.14,Car,kozhikode,2023-12-13
LN000839,CU002618,2022-04-21,205796,60,12.2,4598.64,"Commercial Vehicle",kolkata,2022-04-21
LN000568,CU003369,2021-05-05,144225,36,10.53,4689.71,"Two wheeler",chennai,05/05/2021
LN002142,CU004560,2022-06-08,193708,12,12.02,17212.53,"Commercial Vehicle",delhi,"08 Jun 2022"
LN002262,CU003837,2023-10-22,123307,36,17.39,4420.2,"Commercial Vehicle",pune,2023-10-22
LN004975,CU003421,2022-09-02,137520,48,10.62,3528.95,Tractor,delhi,2022-09-02
LN004538,CU002287,2021-01-21,92844,60,17.73,2344.01,Car,chennai,2021-01-21
LN004529,CU002477,2022-07-13,178983,24,15.8,8746.47,"Commercial Vehicle",kolkata,13/07/2022
LN002413,CU002673,2021-06-22,137388,48,12.53,3653.81,"Two wheeler",ahmedabad,2021-06-22
LN001172,CU001626,2023-09-23,325297,12,14.88,29342.34,"Two wheeler",thrissur,09/23/2023
LN001629,CU000009,2023-06-25,40000,36,17.15,1429.1,"Commercial Vehicle",coimbatore,2023-06-25
LN000325,CU002312,2022-04-01,60309,48,10.45,1542.66,Car,thrissur,01/04/2022
LN004920,CU000580,2021-06-15,161099,36,12.46,5386.26,"Two wheeler",kozhikode,15/06/2021
LN003251,CU001587,2022-05-02,40000,48,10.96,1033.04,"Two wheeler",coimbatore,"02 May 2022"
LN004870,CU002679,2024-05-27,186925,48,10.87,4819.38,"Commercial Vehicle",thrissur,"27 May 2024"
LN000833,CU002098,2022-10-17,93236,36,14.67,3217.01,Car,kozhikode,2022-10-17
LN001309,CU003949,2022-11-18,79528,36,16.37,2810.52,"Two wheeler",delhi,2022-11-18
LN001167,CU000933,2023-03-12,119949,24,17.69,5970.39,"Commercial Vehicle",ahmedabad,2023-03-12
LN000337,CU003854,2021-01-15,154527,36,17.19,5523.93,"Commercial Vehicle",ahmedabad,2021-01-15
LN004030,CU002361,2023-01-06,126578,12,14.69,11406.21,Car,kochi,06/01/2023
LN000541,CU002920,2022-10-15,173816,36,18.15,6296.95,Tractor,kozhikode,2022-10-15
LN001265,CU004347,2021-03-05,459570,60,17.5,11545.42,"Two wheeler",delhi,05/03/2021
LN003097,CU002492,2022-04-27,156045,24,16.18,7653.88,Car,pune,04/27/2022
LN003827,CU003560,2022-04-18,162410,24,10.69,7546.23,"Two wheeler",bangalore,18/04/2022
LN003691,CU003361,2023-05-19,87393,24,14.15,4202.19,Car,kochi,19/05/2023
LN004770,CU003952,2023-11-10,40000,48,10.74,1028.78,"Two wheeler",kozhikode,10/11/2023
LN002525,CU000625,2022-05-31,91142,24,13.3,4345.91,Tractor,chennai,2022-05-31
LN001236,CU000460,2024-03-08,123298,36,16.94,4392.23,Car,kozhikode,08/03/2024
LN000985,CU002327,2021-09-04,145962,60,10.06,3105.57,Car,thrissur,04/09/2021
LN003133,CU002856,2021-12-10,135472,36,18.19,4910.56,"Two wheeler",chennai,2021-12-10
LN000108,CU001453,2023-11-09,169387,36,10.32,5491.13,Car,kolkata,"09 Nov 2023"
LN004281,CU001594,2023-04-22,384722,12,13.72,34492.41,Car,mumbai,2023-04-22
LN004213,CU004566,2021-06-30,210276,24,10.89,9789.77,"Two wheeler",ahmedabad,"30 Jun 2021"
LN000469,CU001789,2022-02-22,90929,60,14.57,2142.73,Car,thrissur,2022-02-22
LN001160,CU003858,2023-05-07,47093,36,13.15,1590.15,"Commercial Vehicle",thrissur,07/05/2023
LN002133,CU001000,2022-06-16,137039,24,14.65,6621.8,Car,ahmedabad,2022-06-16
LN002646,CU002044,2022-10-28,121425,12,15.59,10993.45,Car,pune,10/28/2022
LN002152,CU000342,2023-06-14,197070,36,9.51,6313.65,Car,delhi,14/06/2023
LN004402,CU000181,2022-08-22,74347,36,10.7,2423.48,"Two wheeler",chennai,22/08/2022
LN002909,CU003162,2021-08-17,114027,36,16.09,4013.92,"Commercial Vehicle",kozhikode,08/17/2021
LN004272,CU001499,2023-04-28,89192,48,11.94,2346.14,Tractor,kochi,2023-04-28
LN001256,CU001091,2021-02-19,264663,36,15,9174.63,"Commercial Vehicle",delhi,2021-02-19
LN000319,CU000438,2023-06-04,164206,24,11.28,7674.65,"Two wheeler",ahmedabad,2023-06-04
LN003590,CU003112,2023-04-25,79336,36,10.4,2574.87,"Two wheeler",mumbai,2023-04-25
LN001963,CU000382,2024-03-15,193905,60,11.9,4303.52,Car,mumbai,"15 Mar 2024"
LN002870,CU001978,2021-06-29,121210,48,12.02,3193.11,Tractor,coimbatore,2021-06-29
LN002582,CU001351,2021-02-09,131694,24,16.31,6467.67,Car,ahmedabad,2021-02-09
LN001700,CU003124,2021-12-27,245610,48,16.51,7024.98,Car,ahmedabad,2021-12-27
LN004893,CU003237,2023-08-21,71312,60,10.51,1533.13,Car,mumbai,"21 Aug 2023"
LN001506,CU003516,2024-01-30,143112,36,13.43,4851.7,"Two wheeler",delhi,01/30/2024
LN003565,CU002964,2021-12-04,157127,60,15.85,3808.51,"Two wheeler",pune,2021-12-04
LN000027,CU004510,2023-06-23,87602,24,10.11,4046.84,"Two wheeler",kochi,06/23/2023
LN000898,CU000788,2022-12-27,121888,36,18.09,4412.05,"Two wheeler",bangalore,12/27/2022
LN004080,CU000516,2023-01-16,107306,24,11.76,5039.25,Car,ahmedabad,01/16/2023
LN004338,CU001609,2022-04-29,54721,12,11.08,4838.37,"Commercial Vehicle",kochi,"29 Apr 2022"
LN001909,CU001972,2024-01-09,119061,48,15.82,3363.26,Car,pune,2024-01-09
LN001207,CU001309,2021-12-04,238222,24,16.52,11723.37,"Two wheeler",mumbai,2021-12-04
LN004590,CU000785,2021-01-04,139384,24,14.01,6692.89,"Commercial Vehicle",hyderabad,04/01/2021
LN001496,CU002362,2021-02-20,124157,36,15.03,4305.77,"Commercial Vehicle",kozhikode,20/02/2021
LN001880,CU004415,2024-06-05,159239,36,13.69,5418.47,"Two wheeler",kolkata,2024-06-05
LN003075,CU000527,2021-02-08,100061,12,11.28,8856.63,Car,hyderabad,08/02/2021
LN000724,CU003823,2022-01-03,223842,24,11.99,10535.97,Tractor,mumbai,03/01/2022
LN000431,CU002002,2021-01-13,130100,12,12.32,11578.71,Car,coimbatore,13/01/2021
LN002830,CU000758,2023-10-24,76664,24,16.78,3782.34,"Two wheeler",kolkata,10/24/2023
LN004803,CU002513,2023-10-27,154392,24,9.78,7108.74,Car,coimbatore,2023-10-27
LN002409,CU001891,2023-10-29,184786,36,11.59,6101.42,Car,mumbai,29/10/2023
LN001297,CU000538,2023-03-09,179081,36,14.89,6198.26,"Two wheeler",kochi,09/03/2023
LN002343,CU001760,2022-01-06,242754,12,18.31,22291.51,Car,pune,2022-01-06
LN004124,CU001222,2022-07-10,185592,24,17.99,9264.62,Tractor,mumbai,10/07/2022
LN002465,CU002426,2023-11-05,92815,12,16.39,8438.32,Tractor,pune,05/11/2023
LN000661,CU001097,2021-02-24,90808,12,11.42,8043.56,Tractor,coimbatore,2021-02-24
LN000336,CU000149,2022-05-10,290354,36,15.88,10190.79,Car,bangalore,10/05/2022
LN003559,CU002331,2022-08-09,141066,36,17.73,5080.79,Car,kochi,"09 Aug 2022"
LN000077,CU000273,2022-11-23,77167,24,9.77,3552.68,"Two wheeler",kochi,11/23/2022
LN004627,CU001983,2023-04-10,228589,36,11.3,7516.23,"Commercial Vehicle",coimbatore,10/04/2023
LN003393,CU002415,2021-12-24,159591,24,10.75,7419.68,"Two wheeler",kolkata,2021-12-24
LN001818,CU003599,2023-04-23,167777,48,13.3,4526.06,Car,pune,2023-04-23
LN002796,CU000307,2021-09-23,102188,24,16.54,5029.85,Tractor,bangalore,2021-09-23
LN001393,CU002619,2021-06-26,142967,24,11.42,6691.29,"Commercial Vehicle",kolkata,06/26/2021
LN000014,CU000764,2023-06-11,160518,36,14.91,5557.34,Car,mumbai,2023-06-11
LN004320,CU003703,2024-04-05,230230,12,15.09,20789.95,"Two wheeler",hyderabad,05/04/2024
LN003965,CU001948,2024-03-22,209126,48,16.86,6019.2,Car,coimbatore,03/22/2024
LN004107,CU004457,2021-11-06,157473,24,12.28,7433.41,Car,kozhikode,2021-11-06
LN004537,CU001182,2022-02-06,88198,36,16.1,3105.14,"Two wheeler",kolkata,06/02/2022
LN001491,CU004084,2022-02-05,71864,24,12.01,3383.22,"Two wheeler",kochi,2022-02-05
LN002002,CU003460,2021-12-24,133726,24,10.76,6217.79,"Two wheeler",chennai,12/24/2021
LN002033,CU002487,2021-05-06,192462,48,13.62,5222.69,"Two wheeler",chennai,06/05/2021
LN000847,CU000828,2022-01-30,70460,48,9.52,1770.85,"Two wheeler",bangalore,01/30/2022
LN000109,CU000657,2024-03-06,206486,48,11.2,5356.82,"Two wheeler",delhi,2024-03-06
LN004934,CU000095,2022-10-29,120709,24,18.4,6049.64,Car,kolkata,2022-10-29
LN000941,CU004469,2022-06-28,67382,36,12.61,2257.73,Car,thrissur,2022-06-28
LN003650,CU004255,2021-12-05,189176,36,10.41,6140.66,Car,bangalore,2021-12-05
LN003362,CU001733,2022-11-23,162890,36,14.22,5584.62,"Commercial Vehicle",delhi,"23 Nov 2022"
LN001505,CU000538,2022-07-29,127032,48,15.7,3580.63,Car,hyderabad,"29 Jul 2022"
LN003871,CU003446,2022-12-09,93308,24,17.54,4637.61,Tractor,pune,2022-12-09
LN002856,CU000448,2023-07-21,166971,36,10.3,5411.23,"Two wheeler",kozhikode,07/21/2023
LN003045,CU003850,2022-06-03,82211,36,18.41,2989.06,"Two wheeler",coimbatore,03/06/2022
LN003173,CU002575,2023-07-12,164090,36,11.46,5407.91,Car,delhi,2023-07-12
LN004099,CU001040,2021-09-11,213401,24,18.23,10677.58,"Commercial Vehicle",kochi,2021-09-11
LN002835,CU004524,2022-03-09,52992,36,14.29,1818.61,Car,mumbai,2022-03-09
LN002271,CU000145,2024-07-04,123809,24,13.51,5915.81,"Two wheeler",pune,04/07/2024
LN000427,CU004481,2021-01-15,123154,36,11.29,4048.84,"Two wheeler",pune,2021-01-15
LN000094,CU001386,2023-11-21,51115,36,16.42,1807.67,"Two wheeler",kozhikode,21/11/2023
LN002628,CU001782,2022-07-11,262478,24,15.11,12740.4,"Commercial Vehicle",kolkata,11/07/2022
LN004253,CU001837,2023-12-23,66611,24,14.53,3214.89,Car,coimbatore,2023-12-23
LN003347,CU001731,2023-06-22,87625,36,10.25,2837.71,Car,mumbai,2023-06-22
LN001414,CU003480,2021-01-07,153537,24,11,7156.03,Car,bangalore,07/01/2021
LN000159,CU000018,2023-05-17,81662,24,10.36,3781.87,"Two wheeler",kolkata,"17 May 2023"
LN000920,CU003240,2024-03-18,71552,48,15.14,1996.43,"Two wheeler",mumbai,"18 Mar 2024"
LN001951,CU003766,2022-06-04,119702,24,12.52,5663.9,Car,kochi,"04 Jun 2022"
LN002020,CU002478,2021-07-15,140555,36,16.59,4982.54,Car,bangalore,2021-07-15
LN000213,CU003912,2023-03-30,119030,36,17.22,4256.79,"Commercial Vehicle",delhi,30/03/2023
LN002556,CU001949,2024-02-12,207926,48,12.85,5562.67,"Two wheeler",bangalore,2024-02-12
LN001351,CU001596,2022-08-12,95377,60,10.87,2067.55,Car,mumbai,12/08/2022
LN004825,CU003617,2024-03-29,142327,36,17.71,5124.78,Car,pune,"29 Mar 2024"
LN002608,CU000078,2024-05-16,249142,12,9.78,21878.06,"Two wheeler",thrissur,05/16/2024
LN001295,CU004271,2022-02-18,125427,24,16.2,6153.29,"Two wheeler",coimbatore,18/02/2022
LN001486,CU001223,2022-01-07,68672,36,9.63,2203.94,"Two wheeler",chennai,2022-01-07
LN003181,CU003178,2021-07-12,168735,24,16.67,8315.91,"Two wheeler",coimbatore,2021-07-12
LN001647,CU004438,2023-11-01,362664,36,11.85,12019.67,"Two wheeler",thrissur,2023-11-01
LN000456,CU004304,2021-11-02,99324,24,13.21,4731.85,Car,kolkata,2021-11-02
LN004359,CU003653,2021-01-19,121014,48,12.9,3240.5,"Two wheeler",pune,2021-01-19
LN003736,CU000614,2022-05-06,139480,36,10.31,4520.95,"Two wheeler",kochi,2022-05-06
LN002122,CU001049,2021-10-10,55894,48,10.18,1422.45,Tractor,kolkata,10/10/2021
LN000087,CU002304,2021-06-16,304253,24,16.37,14951.02,"Two wheeler",kolkata,06/16/2021
LN000681,CU002698,2022-11-28,72581,36,17.84,2618.16,"Two wheeler",coimbatore,2022-11-28
LN001184,CU001217,2022-05-14,118753,48,10.76,3055.41,"Two wheeler",kozhikode,2022-05-14
LN004898,CU000425,2021-02-11,127721,24,14.84,6183.06,"Two wheeler",bangalore,11/02/2021
LN001016,CU002136,2021-03-24,138477,24,10.41,6416.25,"Two wheeler",kozhikode,"24 Mar 2021"
LN004212,CU003186,2022-04-27,85149,48,12.04,2243.97,"Two wheeler",ahmedabad,2022-04-27
LN002113,CU002127,2022-02-23,148976,24,14.87,7214.15,"Two wheeler",kochi,23/02/2022
LN001777,CU002231,2021-05-23,199396,36,9.81,6416.18,"Two wheeler",kolkata,"23 May 2021"
LN002084,CU003125,2021-10-27,137903,36,12.93,4641.85,"Two wheeler",kochi,10/27/2021
LN002950,CU002068,2024-06-30,105020,24,17.18,5201.51,Car,coimbatore,30/06/2024
LN001082,CU000764,2022-04-02,109385,24,15.83,5346.95,"Two wheeler",hyderabad,2022-04-02
LN000788,CU001874,2024-03-18,277055,12,10.97,24482.7,"Commercial Vehicle",kochi,2024-03-18
LN002038,CU001684,2021-07-18,197357,12,11.3,17470.37,"Two wheeler",kolkata,2021-07-18
LN002966,CU001145,2021-02-12,155746,36,15.82,5461.74,"Two wheeler",hyderabad,2021-02-12
LN004100,CU000698,2021-10-28,247404,48,11.4,6442.45,"Two wheeler",kolkata,28/10/2021
LN004702,CU000558,2024-04-22,116648,36,11.73,3859.36,Car,mumbai,"22 Apr 2024"
LN002285,CU004555,2022-12-17,289623,12,17.93,26542.99,"Commercial Vehicle",kozhikode,2022-12-17
LN003341,CU003698,2022-09-26,209925,36,12.86,7059.06,"Commercial Vehicle",mumbai,2022-09-26
LN003202,CU002702,2021-03-10,238619,12,13.05,21318.4,Car,kolkata,"10 Mar 2021"
LN003572,CU000708,2024-02-08,153542,12,12.72,13693.79,Car,kolkata,2024-02-08
LN002993,CU000380,2023-05-23,80921,36,11.97,2686.58,Car,mumbai,05/23/2023
LN002178,CU003304,2023-06-22,252002,24,13.63,12055.34,"Two wheeler",delhi,"22 Jun 2023"
LN000144,CU001279,2023-04-25,51454,48,12.63,1370.95,"Two wheeler",coimbatore,2023-04-25
LN000468,CU003682,2023-08-16,135847,36,18.35,4935.08,"Two wheeler",ahmedabad,2023-08-16
LN003511,CU002250,2021-07-03,149399,12,9.64,13109.54,"Two wheeler",ahmedabad,03/07/2021
LN003150,CU002890,2021-10-26,119564,36,14.58,4120.18,"Commercial Vehicle",delhi,2021-10-26
LN003852,CU003164,2022-08-29,249764,24,13.97,11988.35,"Two wheeler",pune,"29 Aug 2022"
LN000628,CU001184,2022-03-27,408290,24,11.71,19164.38,Car,coimbatore,2022-03-27
LN003219,CU003164,2022-08-30,127326,48,11.65,3331.14,"Two wheeler",mumbai,08/30/2022
LN002349,CU004188,2021-02-07,188237,60,11.14,4105.88,Car,coimbatore,2021-02-07
LN004545,CU001196,2022-05-13,305383,48,15.83,8628.07,Car,coimbatore,13/05/2022
LN000572,CU002278,2021-05-22,206557,36,18.33,7501.77,Car,bangalore,05/22/2021
LN004653,CU000531,2022-10-24,85633,36,10.99,2803.11,Car,kozhikode,"24 Oct 2022"
LN003937,CU004331,2024-01-11,136600,48,15.57,3841.27,Tractor,delhi,11/01/2024
LN004025,CU003527,2024-02-11,62326,36,16.88,2218.37,"Commercial Vehicle",coimbatore,"11 Feb 2024"
LN003501,CU003533,2023-10-20,206438,36,17.74,7436.33,"Two wheeler",kozhikode,10/20/2023
LN001603,CU001514,2024-05-26,337680,24,15.8,16501.61,"Two wheeler",kolkata,2024-05-26
LN004231,CU002529,2021-02-07,133124,48,13.5,3604.51,"Two wheeler",ahmedabad,07/02/2021
LN004623,CU003429,2021-10-26,67131,36,13.61,2281.68,"Commercial Vehicle",mumbai,2021-10-26
LN003999,CU000609,2022-03-02,267819,12,16.09,24310.86,"Two wheeler",mumbai,02/03/2022
LN004228,CU003999,2023-01-20,94580,36,14.99,3278.18,"Two wheeler",kolkata,"20 Jan 2023"
LN004837,CU001571,2022-03-24,238299,36,11.69,7879.7,"Commercial Vehicle",coimbatore,2022-03-24
LN004883,CU003220,2023-09-04,284525,36,11.36,9363.56,Car,thrissur,2023-09-04
LN000593,CU001147,2022-11-12,107486,24,18.38,5385.9,Car,delhi,12/11/2022
LN000261,CU000105,2021-04-17,140886,24,12.91,6692.02,"Commercial Vehicle",ahmedabad,17/04/2021
LN003305,CU004291,2022-01-26,126145,48,12.37,3344.84,"Two wheeler",thrissur,2022-01-26
LN002873,CU002723,2022-08-28,167860,60,13.58,3869.35,"Two wheeler",hyderabad,2022-08-28
LN003774,CU003958,2024-03-16,145574,24,18.29,7288.07,Car,kolkata,2024-03-16
LN003356,CU002468,2024-05-11,116135,24,13.62,5555.15,"Commercial Vehicle",coimbatore,2024-05-11
LN000931,CU002867,2024-03-15,127328,24,16.33,6254.47,"Commercial Vehicle",kochi,03/15/2024
LN003286,CU003921,2023-08-17,215789,36,13.04,7274.94,"Two wheeler",ahmedabad,2023-08-17
LN004375,CU000082,2022-01-23,101007,12,9.6,8861.34,Car,thrissur,01/23/2022
LN003328,CU004067,2024-02-12,212085,36,11.96,7040.21,Car,kozhikode,2024-02-12
LN000925,CU000725,2024-06-24,85232,36,15.37,2970.06,Car,hyderabad,24/06/2024
LN004641,CU002310,2024-04-08,266917,60,12.9,6059.53,"Commercial Vehicle",kozhikode,08/04/2024
LN002879,CU003801,2024-05-12,350532,24,17.96,17493.22,Tractor,mumbai,12/05/2024
LN001695,CU001603,2024-01-21,119519,36,14.82,4132.64,Car,delhi,2024-01-21
LN004511,CU001731,2023-12-18,222121,48,10.6,5697.78,Tractor,mumbai,"18 Dec 2023"
LN003816,CU000322,2023-02-20,140812,12,10.29,12398.61,Tractor,bangalore,2023-02-20
LN000184,CU002526,2021-03-28,373289,48,18.07,10979.02,"Commercial Vehicle",pune,2021-03-28
LN002193,CU000404,2021-06-19,168330,48,12.61,4483.36,"Two wheeler",coimbatore,"19 Jun 2021"
LN004050,CU004476,2022-12-15,250223,24,13.31,11932.52,"Two wheeler",kolkata,2022-12-15
LN003005,CU003834,2021-12-11,180776,60,16.75,4468.48,"Two wheeler",thrissur,11/12/2021
LN001802,CU001115,2021-09-05,263982,24,13.74,12642.14,"Two wheeler",ahmedabad,2021-09-05
LN003560,CU001417,2024-04-08,185937,36,17.11,6639.34,"Two wheeler",bangalore,2024-04-08
LN001663,CU000705,2023-09-08,266899,24,13.39,12737.81,"Commercial Vehicle",bangalore,2023-09-08
LN001958,CU003647,2022-12-20,125767,36,11.1,4123.41,"Two wheeler",bangalore,20/12/2022
LN001621,CU004125,2023-09-29,116203,24,13.85,5571.01,"Two wheeler",bangalore,29/09/2023
LN002839,CU004225,2021-01-08,278230,24,17.86,13871.57,Tractor,thrissur,08/01/2021
LN000504,CU003122,2021-07-27,208450,24,17.7,10376.49,"Two wheeler",chennai,2021-07-27
LN000588,CU004494,2021-03-04,58539,48,18.42,1732.46,"Commercial Vehicle",chennai,04/03/2021
LN001879,CU003553,2023-05-31,116571,36,14.32,4002.26,"Two wheeler",ahmedabad,31/05/2023
LN002584,CU000907,2022-09-27,80701,48,12.53,2146.23,"Two wheeler",chennai,27/09/2022
LN003585,CU000756,2022-08-17,91191,24,17.97,4551.31,"Two wheeler",kolkata,"17 Aug 2022"
LN002693,CU004065,2021-09-06,138708,36,10.02,4477.02,Car,hyderabad,"06 Sep 2021"
LN004528,CU004503,2023-08-30,180955,36,12.72,6072.71,Car,ahmedabad,30/08/2023
LN004875,CU001563,2021-05-07,128003,24,11.82,6014.79,Car,delhi,2021-05-07
LN003756,CU000990,2021-08-26,199804,60,15.48,4803.81,"Two wheeler",hyderabad,08/26/2021
LN003114,CU003538,2021-05-19,252919,36,9.64,8118.3,"Two wheeler",mumbai,"19 May 2021"
LN002069,CU002187,2022-11-30,129668,36,13.08,4374.03,"Commercial Vehicle",chennai,2022-11-30
LN004190,CU000031,2023-07-10,149331,24,10.85,6949.6,Car,hyderabad,"10 Jul 2023"
LN000789,CU002464,2023-08-19,207369,48,17.77,6066.57,Car,bangalore,19/08/2023
LN004794,CU003883,2022-06-18,80400,48,17.3,2332.44,Car,kolkata,18/06/2022
LN004340,CU002062,2022-03-17,192653,48,18.27,5686.4,"Commercial Vehicle",pune,2022-03-17
LN004915,CU000175,2023-07-09,176062,24,16.3,8645.8,"Commercial Vehicle",kozhikode,09/07/2023
LN000473,CU003629,2021-01-08,102912,24,9.72,4735.58,"Two wheeler",bangalore,08/01/2021
LN001746,CU001731,2022-10-04,134727,48,11.77,3532.68,"Two wheeler",hyderabad,2022-10-04
LN002373,CU000539,2023-03-05,157815,60,17.35,3951.87,"Commercial Vehicle",chennai,05/03/2023
LN003770,CU001414,2022-11-16,115108,24,17.79,5734.99,"Two wheeler",thrissur,2022-11-16
LN001978,CU004112,2024-08-03,155321,60,16.9,3851.78,Car,kolkata,03/08/2024
LN004144,CU003196,2024-02-12,102399,48,17.53,2982.88,"Commercial Vehicle",pune,2024-02-12
LN004298,CU002236,2023-12-10,164034,12,15.79,14866.65,"Two wheeler",kolkata,2023-12-10
LN003698,CU001030,2021-07-22,197524,36,14.98,6845.3,"Two wheeler",coimbatore,2021-07-22
LN003063,CU001560,2022-07-11,152356,12,14.72,13731.27,"Two wheeler",coimbatore,2022-07-11
LN000690,CU002528,2023-09-17,89404,48,16.86,2573.29,Car,kochi,09/17/2023
LN001079,CU003042,2023-06-29,55881,36,10.34,1812.06,Car,kochi,2023-06-29
LN000442,CU001343,2023-03-20,115277,24,10.4,5340.76,"Two wheeler",ahmedabad,2023-03-20
LN000536,CU000978,2021-04-14,122080,60,15.22,2918.39,"Commercial Vehicle",delhi,04/14/2021
LN001997,CU001479,2024-03-22,105790,24,10.56,4909.06,"Two wheeler",kozhikode,22/03/2024
LN000360,CU003039,2021-04-01,204529,48,12.43,5429.32,Tractor,chennai,01/04/2021
LN000783,CU001466,2022-11-17,99367,36,10.64,3236.23,Tractor,pune,2022-11-17
LN002510,CU003638,2023-04-21,142753,36,11.82,4729.18,"Commercial Vehicle",mumbai,"21 Apr 2023"
LN000581,CU002448,2022-10-13,258548,48,13.28,6972.18,"Commercial Vehicle",kochi,"13 Oct 2022"
LN004519,CU001527,2023-04-09,59254,24,13.06,2818.71,Tractor,hyderabad,"09 Apr 2023"
LN001232,CU004340,2021-10-02,180100,60,13.96,4186.88,Car,thrissur,2021-10-02
LN000548,CU002250,2021-01-12,71347,48,15.31,1996.87,"Commercial Vehicle",kochi,2021-01-12
LN003048,CU003522,2022-03-05,141801,48,9.7,3576.04,Car,coimbatore,2022-03-05
LN003546,CU003231,2022-04-10,286820,24,17.74,14283.22,"Two wheeler",thrissur,10/04/2022
LN004126,CU002638,2022-02-19,109159,48,11.01,2821.8,"Commercial Vehicle",pune,19/02/2022
LN003850,CU000932,2023-05-09,185128,60,10.9,4015.9,"Two wheeler",hyderabad,09/05/2023
LN003880,CU004358,2023-05-28,128045,36,18.25,4645.21,"Two wheeler",bangalore,05/28/2023
LN000665,CU001081,2022-03-26,285944,24,10.58,13271.54,Car,ahmedabad,26/03/2022
LN004581,CU001834,2022-10-11,292826,12,18.04,26851.86,"Two wheeler",delhi,2022-10-11
LN004509,CU003667,2023-11-29,79476,24,16.63,3915.36,"Two wheeler",chennai,2023-11-29
LN001526,CU002959,2021-03-07,136416,48,14.22,3742.84,Car,kolkata,2021-03-07
LN000110,CU001309,2023-10-02,122651,48,12.13,3237.71,Car,thrissur,"02 Oct 2023"
LN002032,CU000475,2024-03-28,215841,12,13.85,19364.51,"Two wheeler",delhi,"28 Mar 2024"
LN001119,CU001074,2021-02-24,93935,48,10.56,2407.78,Car,mumbai,"24 Feb 2021"
LN001843,CU004439,2022-01-28,56969,12,9.82,5003.71,"Commercial Vehicle",kolkata,28/01/2022
LN000551,CU003400,2023-12-24,276769,36,12.7,9285.5,"Two wheeler",chennai,24/12/2023
LN001210,CU001132,2022-10-07,50434,60,12.99,1147.27,Car,kochi,2022-10-07
LN000317,CU003838,2022-07-09,113706,36,10.19,3679.12,"Commercial Vehicle",mumbai,09/07/2022
LN002447,CU000003,2022-09-11,126032,48,14.6,3482.06,"Two wheeler",delhi,"11 Sep 2022"
LN001650,CU001414,2021-05-27,99652,36,13.46,3379.79,"Two wheeler",kochi,2021-05-27
LN004732,CU004069,2022-06-21,321759,48,11.26,8356.71,Tractor,delhi,2022-06-21
LN004332,CU004008,2023-06-13,288918,60,15.37,6929.58,"Two wheeler",kochi,"13 Jun 2023"
LN001864,CU001337,2024-02-20,106029,36,15,3675.53,Car,coimbatore,2024-02-20
LN003488,CU000343,2021-11-09,198477,60,18.28,5070.29,"Two wheeler",pune,09/11/2021
LN000181,CU003087,2023-07-09,116176,48,13.1,3122.48,Tractor,kochi,09/07/2023
LN001370,CU001712,2022-06-20,253731,12,10.64,22382.58,Car,ahmedabad,2022-06-20
LN000865,CU003316,2021-07-08,151576,24,11.57,7104.81,Car,pune,"08 Jul 2021"
LN002371,CU003058,2021-01-06,163797,36,14.48,5636.46,"Two wheeler",ahmedabad,2021-01-06
LN003368,CU001497,2022-06-14,69294,24,18.13,3463.79,"Two wheeler",pune,"14 Jun 2022"
LN003339,CU001885,2024-05-12,108955,24,15.46,5306.71,"Two wheeler",hyderabad,12/05/2024
LN003499,CU000084,2022-01-09,78594,36,10.2,2543.39,Car,mumbai,09/01/2022
LN004293,CU002071,2022-10-17,71472,12,17.34,6530.12,Car,coimbatore,17/10/2022
LN002907,CU001476,2023-02-27,295204,60,16.58,7270.08,Car,coimbatore,2023-02-27
LN001237,CU002210,2022-11-10,201011,60,11.35,4405.63,"Two wheeler",thrissur,10/11/2022
LN003300,CU003259,2024-01-17,110468,36,11.83,3660.16,"Two wheeler",delhi,17/01/2024
LN001060,CU001863,2023-08-10,323767,24,10.01,14941.7,"Commercial Vehicle",delhi,10/08/2023
LN001991,CU003055,2021-09-30,129848,48,16.9,3740.06,"Two wheeler",pune,2021-09-30
LN000133,CU003863,2023-10-26,139346,24,10.14,6439.12,Car,kochi,26/10/2023
LN000487,CU000328,2022-05-17,40000,36,12.31,1334.5,"Two wheeler",kozhikode,2022-05-17
LN000121,CU000158,2021-08-20,71517,48,10.75,1839.72,Car,mumbai,2021-08-20
LN002602,CU000385,2022-04-09,69796,36,14.75,2410.97,Car,mumbai,2022-04-09
LN000682,CU000350,2022-10-14,245559,24,11.36,11486.06,Car,ahmedabad,10/14/2022
LN004785,CU002102,2022-08-02,203416,60,14.41,4776.48,"Two wheeler",bangalore,02/08/2022
LN002559,CU000721,2022-06-16,94000,48,15.26,2628.5,Car,pune,16/06/2022
LN004334,CU002687,2021-08-24,107425,60,16.47,2639.27,"Two wheeler",hyderabad,24/08/2021
LN004112,CU004236,2021-06-15,42858,24,10.91,1995.73,"Two wheeler",delhi,06/15/2021
LN004149,CU002158,2022-03-27,103966,24,16.16,5098.45,Car,kochi,2022-03-27
LN001458,CU004064,2023-02-18,114667,36,10.32,3717.23,Tractor,mumbai,18/02/2023
LN004500,CU000642,2021-07-10,619592,24,16.4,30455.7,"Two wheeler",thrissur,2021-07-10
LN001466,CU001544,2024-03-16,188806,48,13.67,5128.2,"Two wheeler",thrissur,2024-03-16
LN001195,CU000249,2023-03-06,83378,36,11.32,2742.34,Tractor,pune,2023-03-06
LN003577,CU003543,2021-12-27,96119,36,10.79,3137.26,Tractor,ahmedabad,2021-12-27
LN003019,CU000700,2021-05-31,474413,36,10.63,15448.68,Car,thrissur,2021-05-31
LN001512,CU001311,2023-05-03,100408,60,18.45,2574.35,"Two wheeler",ahmedabad,2023-05-03
LN001085,CU002931,2022-03-27,96301,24,12.63,4561.61,Car,coimbatore,"27 Mar 2022"
LN004886,CU002074,2021-11-22,130608,36,13.35,4422.75,"Two wheeler",bangalore,2021-11-22
LN003165,CU001903,2022-09-02,154306,36,16.02,5426.46,Car,ahmedabad,2022-09-02
LN003984,CU002419,2024-05-29,101070,36,17.77,3642.27,"Commercial Vehicle",kolkata,2024-05-29
LN004078,CU004077,2023-10-03,105199,36,10.46,3417.24,Car,coimbatore,"03 Oct 2023"
LN000537,CU000487,2024-03-21,313158,36,15.27,10897.18,"Two wheeler",chennai,2024-03-21
LN004631,CU003577,2024-02-01,66719,24,12.05,3142.25,"Two wheeler",ahmedabad,01/02/2024
LN002847,CU002252,2021-04-08,40000,36,14.54,1377.62,"Two wheeler",hyderabad,08/04/2021
LN004776,CU002029,2023-10-27,149993,48,15.17,4187.35,Tractor,kozhikode,2023-10-27
LN001972,CU000262,2021-01-28,144878,24,15.79,7079.15,Car,kochi,2021-01-28
LN002512,CU000245,2023-10-09,166483,12,17.74,15242.57,Car,delhi,09/10/2023
LN004140,CU004101,2023-07-04,88282,60,12.98,2007.78,Tractor,thrissur,"04 Jul 2023"
LN004069,CU000991,2023-03-11,120229,36,15.13,4175.44,"Two wheeler",hyderabad,2023-03-11
LN001562,CU000663,2024-04-12,205936,24,11.86,9680.66,Car,bangalore,2024-04-12
LN002570,CU001058,2022-12-19,230438,60,14.88,5467.6,Tractor,thrissur,2022-12-19
LN001398,CU001624,2022-04-26,93517,48,12.92,2505.12,Tractor,pune,26/04/2022
LN001363,CU000937,2021-06-19,93685,24,17.24,4642.81,Car,pune,2021-06-19
LN004895,CU004090,2023-09-24,83854,48,16.76,2409.21,"Two wheeler",chennai,2023-09-24
LN000327,CU001190,2023-03-10,272004,12,12.11,24181.23,Car,hyderabad,2023-03-10
LN001788,CU003192,2022-03-22,416157,24,10.75,19347.91,Tractor,kochi,2022-03-22
LN003325,CU000751,2021-03-13,184741,48,14.47,5091.98,"Commercial Vehicle",kolkata,"13 Mar 2021"
LN002389,CU003986,2021-02-01,58059,36,12.21,1934.22,"Two wheeler",bangalore,2021-02-01
LN000270,CU001721,2023-07-31,123063,36,10.67,4009.72,"Commercial Vehicle",kochi,2023-07-31
LN000961,CU000788,2023-09-22,163181,36,12.78,5480.94,"Two wheeler",kolkata,22/09/2023
LN001684,CU001525,2023-07-18,111512,24,13.2,5311.97,Tractor,hyderabad,07/18/2023
LN002846,CU002959,2023-04-29,324738,36,12,10785.95,"Two wheeler",kochi,29/04/2023
LN000356,CU003288,2021-04-10,66607,24,15.31,3239.37,"Commercial Vehicle",pune,2021-04-10
LN000524,CU003178,2023-12-06,212340,48,11.46,5535.59,"Commercial Vehicle",kochi,2023-12-06
LN000892,CU003516,2022-05-20,98671,60,17.56,2482.04,Car,coimbatore,20/05/2022
LN001463,CU002384,2021-09-13,154200,24,16.78,7607.71,Car,ahmedabad,13/09/2021
LN003619,CU000630,2021-07-10,218143,36,18.41,7931.33,"Two wheeler",coimbatore,2021-07-10
LN002990,CU004442,2023-06-10,131006,48,18.34,3871.62,Car,delhi,2023-06-10
LN001488,CU001728,2021-09-01,149314,36,16.54,5289.33,"Commercial Vehicle",coimbatore,"01 Sep 2021"
LN004544,CU004406,2022-01-08,361111,36,14.76,12475.63,Tractor,chennai,2022-01-08
LN001934,CU001234,2022-02-06,83540,12,15.56,7562.27,Car,bangalore,"06 Feb 2022"
LN000432,CU000822,2024-02-29,154937,24,14.22,7455.08,"Two wheeler",chennai,2024-02-29
LN000853,CU001775,2022-09-16,104248,24,14.58,5033.86,"Two wheeler",chennai,2022-09-16
LN003653,CU004007,2022-02-05,72080,12,16.04,6541.24,"Commercial Vehicle",hyderabad,2022-02-05
LN004419,CU001539,2023-11-22,141170,12,11.31,12497.26,"Two wheeler",chennai,11/22/2023
LN001810,CU002528,2021-01-30,326158,48,14.41,8979.97,Tractor,thrissur,30/01/2021
LN003175,CU003414,2024-02-05,87847,36,9.58,2817.28,Car,thrissur,05/02/2024
LN001224,CU001208,2022-02-06,68770,36,17.65,2474.14,Car,mumbai,2022-02-06
LN000424,CU001926,2022-02-03,147451,12,16.48,13411.87,Tractor,pune,2022-02-03
LN002477,CU001681,2024-03-12,161010,36,9.64,5168.17,"Two wheeler",kolkata,12/03/2024
LN004495,CU003443,2021-03-15,144133,36,12.89,4848.78,"Two wheeler",delhi,03/15/2021
LN004383,CU000197,2022-02-14,68788,36,13.02,2318.4,"Commercial Vehicle",chennai,"14 Feb 2022"
LN004752,CU003223,2023-12-23,159643,36,14.83,5520.8,Car,chennai,12/23/2023
LN001105,CU000123,2021-11-29,102287,48,12.75,2731.43,"Two wheeler",mumbai,29/11/2021
LN000835,CU003292,2023-05-20,114266,12,12.21,10163.62,"Two wheeler",bangalore,2023-05-20
LN000269,CU004225,2023-09-19,151991,36,10.63,4949.4,"Two wheeler",bangalore,2023-09-19
LN000158,CU000617,2023-05-09,228217,60,13.19,5214.86,Car,delhi,2023-05-09
LN004046,CU003392,2021-09-27,93589,60,16.28,2289.85,"Two wheeler",kozhikode,"27 Sep 2021"
LN002040,CU000752,2024-01-27,145214,48,14.36,3994.46,Tractor,kozhikode,"27 Jan 2024"
LN002945,CU000658,2021-08-16,105863,24,17.96,5283.07,"Commercial Vehicle",coimbatore,08/16/2021
LN000348,CU002677,2024-03-26,152328,60,11.94,3383.84,Car,hyderabad,26/03/2024
LN001229,CU004258,2022-08-20,166530,60,14.78,3942.53,"Two wheeler",kozhikode,20/08/2022
LN004326,CU001119,2023-09-22,244327,36,16.49,8649.04,Car,bangalore,22/09/2023
LN003731,CU000747,2021-04-05,209994,24,14.6,10142.04,Car,kochi,05/04/2021
LN000881,CU004518,2022-11-26,284400,36,9.98,9174.12,"Two wheeler",kozhikode,2022-11-26
LN003357,CU000381,2023-01-14,203664,48,10.53,5217.44,"Two wheeler",delhi,2023-01-14
LN000718,CU001341,2022-04-10,55286,36,12.12,1839.46,"Two wheeler",bangalore,10/04/2022
LN003267,CU000510,2023-03-31,153345,24,13.69,7340.1,"Two wheeler",bangalore,"31 Mar 2023"
LN000902,CU000240,2022-05-17,93191,36,12.51,3118.02,Car,kochi,2022-05-17
LN003197,CU003691,2021-11-16,109263,24,12.53,5170.47,"Commercial Vehicle",mumbai,16/11/2021
LN004429,CU002485,2022-06-21,130046,36,10.81,4245.85,"Two wheeler",kozhikode,21/06/2022
LN001569,CU000882,2023-05-02,135930,24,9.67,6251.8,Car,ahmedabad,2023-05-02
LN000099,CU001139,2021-08-30,108377,48,18.23,3196.61,Car,kozhikode,08/30/2021
LN004321,CU001688,2022-02-18,163609,48,12.09,4315.69,"Commercial Vehicle",mumbai,02/18/2022
LN001158,CU003447,2023-05-27,119908,36,12.51,4011.93,Car,pune,2023-05-27
LN002937,CU001945,2022-05-29,149837,48,18.43,4435.2,"Two wheeler",coimbatore,"29 May 2022"
LN004159,CU003694,2021-12-04,101310,60,14.34,2375.2,"Two wheeler",kolkata,2021-12-04
LN004014,CU000765,2021-12-11,191715,24,11.5,8979.99,"Commercial Vehicle",thrissur,"11 Dec 2021"
LN000565,CU001590,2021-04-04,176360,12,18.12,16178.76,"Two wheeler",kolkata,2021-04-04
LN000591,CU000363,2022-04-23,138102,24,13.21,6579.25,Car,thrissur,2022-04-23
LN000049,CU002195,2021-12-24,172074,48,16.03,4879.27,"Two wheeler",thrissur,"24 Dec 2021"
LN002351,CU001689,2024-06-02,165162,48,13.74,4491.78,Car,coimbatore,02/06/2024
LN002151,CU002011,2023-02-04,126290,36,14.9,4371.7,"Commercial Vehicle",bangalore,"04 Feb 2023"
LN003527,CU003308,2023-07-28,177418,48,14.89,4927.79,Car,kochi,"28 Jul 2023"
LN002653,CU001841,2024-06-27,80494,48,16.51,2302.3,Car,bangalore,"27 Jun 2024"
LN003517,CU000238,2021-08-29,127729,36,17.01,4554.52,"Commercial Vehicle",bangalore,2021-08-29
LN004072,CU002527,2024-05-07,94494,48,14.82,2621.22,Car,delhi,07/05/2024
LN000534,CU000031,2024-06-25,257000,12,17.88,23547.08,"Two wheeler",ahmedabad,2024-06-25
LN003877,CU003750,2022-04-03,93653,24,17.18,4638.52,"Commercial Vehicle",mumbai,2022-04-03
LN001166,CU001082,2022-05-19,166768,12,17.47,15247.26,"Commercial Vehicle",thrissur,2022-05-19
LN004799,CU003406,2024-06-05,113722,48,14.21,3119.61,"Two wheeler",kolkata,2024-06-05
LN003553,CU003160,2024-06-29,208021,12,14.18,18695.23,"Commercial Vehicle",mumbai,2024-06-29
LN002601,CU000353,2021-11-17,91414,60,13.07,2083.23,"Two wheeler",kolkata,2021-11-17
LN004589,CU001698,2022-02-23,93172,24,11.64,4370.28,Car,delhi,02/23/2022
LN000648,CU003200,2021-12-10,100328,24,17.81,4999.58,"Two wheeler",hyderabad,2021-12-10
LN004614,CU000359,2022-08-04,273767,12,18.25,25131.54,Car,bangalore,2022-08-04
LN000846,CU002513,2022-03-05,223460,24,15.94,10934.89,"Two wheeler",bangalore,2022-03-05
LN002752,CU002488,2022-05-25,80771,60,11.06,1758.58,Car,thrissur,25/05/2022
LN003323,CU002406,2023-04-25,64378,12,17.96,5900.95,"Commercial Vehicle",thrissur,04/25/2023
LN002660,CU001624,2022-05-24,109145,36,13.21,3688.58,Car,delhi,24/05/2022
LN001976,CU002963,2023-05-14,103575,12,15.12,9354.37,Car,thrissur,14/05/2023
LN000039,CU002404,2024-03-01,154715,36,15.78,5422.53,"Two wheeler",pune,01/03/2024
LN001834,CU001485,2024-03-29,182002,36,10.27,5895.79,"Two wheeler",kolkata,"29 Mar 2024"
LN004909,CU002614,2022-01-15,89401,24,13.55,4273.42,Car,bangalore,15/01/2022
LN001531,CU001607,2024-03-07,233601,48,18.44,6915.86,"Two wheeler",kochi,"07 Mar 2024"
LN000762,CU000133,2021-07-12,149281,24,11.06,6961.82,"Two wheeler",ahmedabad,"12 Jul 2021"
LN000735,CU004521,2021-05-28,150667,36,17.07,5376.94,"Two wheeler",coimbatore,28/05/2021
LN003439,CU004461,2022-01-16,153470,24,17.22,7604.14,"Two wheeler",delhi,2022-01-16
LN003188,CU000112,2022-04-29,64171,24,12.73,3042.67,"Commercial Vehicle",bangalore,2022-04-29
LN003198,CU000440,2022-01-21,201769,48,9.65,5083.54,"Commercial Vehicle",chennai,"21 Jan 2022"
LN001729,CU004208,2021-11-18,198277,36,16.64,7033.64,"Two wheeler",mumbai,"18 Nov 2021"
LN001635,CU003091,2023-12-03,185036,12,15.81,16771.84,Tractor,bangalore,03/12/2023
LN002675,CU000786,2021-02-28,108760,36,15.39,3791.01,"Two wheeler",ahmedabad,2021-02-28
LN004420,CU003577,2022-07-17,122539,12,16.97,11174.39,"Two wheeler",chennai,17/07/2022
LN002014,CU002151,2022-08-01,63709,36,13.92,2174.95,"Two wheeler",thrissur,2022-08-01
LN002124,CU001586,2024-02-13,114691,48,14.99,3191.36,"Two wheeler",hyderabad,2024-02-13
LN002300,CU002571,2021-07-20,221070,36,14.08,7564.24,"Two wheeler",hyderabad,2021-07-20
LN003320,CU004489,2024-03-31,73781,36,12.22,2458.34,"Two wheeler",pune,03/31/2024
LN001225,CU004043,2023-08-04,337023,24,17.34,16718.29,"Two wheeler",delhi,04/08/2023
LN004084,CU002787,2021-11-07,430306,36,13.71,14646.3,Car,pune,07/11/2021
LN001966,CU004148,2021-11-04,186564,12,12.14,16588.21,"Two wheeler",bangalore,04/11/2021
LN003544,CU003713,2023-12-21,208643,48,10.09,5300.75,Car,coimbatore,12/21/2023
LN004845,CU001397,2024-03-04,116860,48,12.79,3122.89,Tractor,kochi,04/03/2024
LN001564,CU003905,2022-09-16,135939,48,11.92,3574.46,Car,pune,2022-09-16
LN000316,CU000455,2022-01-24,188054,24,14.22,9048.57,Car,kolkata,01/24/2022
LN000024,CU000369,2022-07-23,258118,24,13,12271.4,Car,hyderabad,"23 Jul 2022"
LN002834,CU003983,2023-04-19,107249,48,10.02,2721.14,"Commercial Vehicle",delhi,19/04/2023
LN001876,CU004510,2023-11-08,188915,24,15.38,9194,"Two wheeler",ahmedabad,2023-11-08
LN002500,CU003952,2021-04-10,107297,24,12.66,5083.98,Tractor,kochi,"10 Apr 2021"
LN001676,CU003759,2021-01-14,68991,12,11.7,6120.09,Tractor,delhi,01/14/2021
LN002201,CU002674,2022-06-19,62318,36,13.39,2111.47,"Two wheeler",mumbai,06/19/2022
LN001642,CU000390,2022-07-12,188433,24,10.37,8727.44,"Two wheeler",kochi,12/07/2022
LN001623,CU004506,2022-05-20,145271,36,9.95,4684.08,Car,hyderabad,2022-05-20
LN000872,CU000863,2022-06-30,213152,36,17.82,7686.72,"Two wheeler",ahmedabad,06/30/2022
LN003153,CU000860,2024-01-24,142760,36,14.95,4945.33,"Commercial Vehicle",mumbai,2024-01-24
LN000447,CU004383,2022-11-24,462255,24,10.95,21533.98,Tractor,coimbatore,2022-11-24
LN000763,CU003706,2024-06-12,91923,24,12.06,4329.71,Tractor,thrissur,2024-06-12
LN001819,CU000745,2021-08-30,72401,48,13.15,1947.73,"Commercial Vehicle",coimbatore,"30 Aug 2021"
LN003662,CU001892,2023-10-03,77701,36,16.93,2767.55,"Commercial Vehicle",thrissur,03/10/2023
LN000322,CU001378,2021-03-26,74844,36,10.41,2429.44,"Commercial Vehicle",coimbatore,"26 Mar 2021"
LN003059,CU003428,2021-01-22,90608,36,17.06,3233.13,"Two wheeler",ahmedabad,01/22/2021
LN001772,CU004491,2021-09-11,99781,24,13.93,4787.47,"Two wheeler",chennai,"11 Sep 2021"
LN003998,CU001803,2022-03-02,43741,24,12.71,2073.57,Car,chennai,2022-03-02
LN004999,CU003730,2024-03-15,106040,48,17.17,3069.12,"Commercial Vehicle",mumbai,"15 Mar 2024"
LN002517,CU001383,2021-09-08,482795,24,11.32,22573.83,Car,bangalore,"08 Sep 2021"
LN004328,CU002750,2024-05-02,46634,24,15.62,2274.89,"Two wheeler",chennai,"02 May 2024"
LN003714,CU001017,2022-09-17,188985,36,10.87,6175.5,Car,chennai,2022-09-17
LN000151,CU003397,2024-01-02,53239,24,13.79,2550.88,Tractor,chennai,02/01/2024
LN004513,CU000814,2023-04-25,192029,36,10.17,6211.57,Car,ahmedabad,04/25/2023
LN004688,CU002737,2024-03-15,95640,48,17.81,2799.94,Car,bangalore,2024-03-15
LN003042,CU001096,2021-01-14,183716,36,10.42,5964.29,"Two wheeler",thrissur,01/14/2021
LN000215,CU004059,2023-07-13,191164,24,12.63,9055.1,Car,kolkata,07/13/2023
LN000997,CU004447,2024-05-08,374182,36,16.57,13260.67,Car,kozhikode,08/05/2024
LN001767,CU000462,2022-05-12,186411,36,15.26,6485.76,"Two wheeler",ahmedabad,2022-05-12
LN003541,CU001838,2022-12-08,53431,36,13.83,1821.74,Car,chennai,2022-12-08
LN004793,CU002457,2021-10-26,152040,60,14.9,3609.05,"Commercial Vehicle",ahmedabad,10/26/2021
LN004230,CU003483,2021-05-28,92380,36,15.01,3202.84,"Two wheeler",bangalore,05/28/2021
LN004988,CU001052,2021-02-12,130539,60,16.18,3186.95,Car,mumbai,"12 Feb 2021"
LN004179,CU002634,2022-06-25,73383,48,9.8,1854.14,"Two wheeler",delhi,06/25/2022
LN004484,CU002918,2021-01-16,124619,36,14.38,4282.22,"Commercial Vehicle",mumbai,16/01/2021
LN003383,CU003430,2022-06-27,209587,60,9.89,4441.77,Tractor,chennai,27/06/2022
LN000033,CU002190,2021-06-09,226215,36,10.08,7307.82,"Commercial Vehicle",ahmedabad,09/06/2021
LN000915,CU001348,2023-03-07,115450,48,18.23,3405.23,"Commercial Vehicle",kozhikode,2023-03-07
LN000012,CU003362,2021-08-23,167241,12,13.1,14945.36,"Two wheeler",kochi,2021-08-23
LN002972,CU000954,2023-06-13,171064,48,13.87,4663.43,Car,kolkata,"13 Jun 2023"
LN003037,CU000682,2021-12-18,111139,60,11.9,2466.61,Car,coimbatore,12/18/2021
LN001230,CU000426,2023-07-29,176108,24,17.15,8719.88,"Two wheeler",kochi,2023-07-29
LN003753,CU000308,2023-12-05,84353,48,18.24,2488.46,"Commercial Vehicle",kolkata,2023-12-05
LN001337,CU001200,2021-05-30,123356,36,17.94,4455.9,"Two wheeler",kochi,"30 May 2021"
LN002098,CU001186,2024-06-03,99156,36,12.81,3331.89,"Commercial Vehicle",pune,2024-06-03
LN004037,CU002090,2023-04-14,77239,12,18.05,7083.11,Car,kochi,14/04/2023
LN003805,CU002224,2023-10-18,45545,36,13.45,1544.48,"Two wheeler",ahmedabad,2023-10-18
LN003438,CU004454,2021-01-30,211805,36,12.13,7048.12,Car,ahmedabad,2021-01-30
LN001992,CU003311,2022-12-04,246455,36,10.11,7965.14,Tractor,kolkata,2022-12-04
LN002183,CU000904,2023-03-23,129376,24,14.09,6217.22,"Two wheeler",bangalore,2023-03-23
LN003711,CU000278,2021-02-01,63752,24,11.68,2991.51,"Two wheeler",kozhikode,2021-02-01
LN004661,CU003018,2022-09-12,105019,48,15.29,2938.22,Car,bangalore,"12 Sep 2022"
LN000268,CU000582,2024-04-24,293281,12,16.38,26662.4,Car,bangalore,"24 Apr 2024"
LN000554,CU002891,2022-06-07,174681,36,17.26,6250.48,Car,pune,2022-06-07
LN004601,CU003517,2021-07-15,69497,48,9.57,1748.31,Tractor,thrissur,"15 Jul 2021"
LN003435,CU003741,2022-12-23,202669,36,11.49,6682.25,"Commercial Vehicle",hyderabad,2022-12-23
LN003204,CU003016,2022-12-07,189115,36,17.21,6762.25,"Commercial Vehicle",kozhikode,07/12/2022
LN002118,CU004182,2023-06-26,159285,48,12.01,4195.37,Tractor,kozhikode,26/06/2023
LN002075,CU000142,2021-05-01,112500,36,12.38,3757.06,"Two wheeler",kozhikode,"01 May 2021"
LN002561,CU001877,2021-10-03,216397,36,18.24,7849.35,Tractor,hyderabad,2021-10-03
LN002225,CU004598,2024-06-02,202088,36,14.61,6966.91,Car,kochi,"02 Jun 2024"
LN001314,CU000036,2022-02-19,153042,36,12.9,5149.22,"Two wheeler",kochi,2022-02-19
LN002566,CU002990,2021-04-01,67988,12,16.8,6194.38,Car,kozhikode,2021-04-01
LN002412,CU002967,2023-07-08,125595,24,11.54,5885.25,"Two wheeler",bangalore,2023-07-08
LN003259,CU004582,2021-09-15,99344,24,10.09,4588.35,"Two wheeler",chennai,09/15/2021
LN004141,CU001060,2021-04-24,175525,36,10.07,5669.47,Car,coimbatore,24/04/2021
LN003980,CU002411,2022-12-26,186141,36,9.68,5978.32,Car,ahmedabad,26/12/2022
LN003796,CU003354,2021-12-27,129963,48,12.16,3432.64,"Two wheeler",kolkata,"27 Dec 2021"
LN003953,CU001927,2023-10-31,118389,24,14.9,5734.66,"Two wheeler",ahmedabad,2023-10-31
LN003331,CU000394,2021-11-01,105040,24,18.42,5265.37,"Commercial Vehicle",pune,2021-11-01
LN004258,CU003231,2021-08-31,220253,60,17.14,5490.45,"Two wheeler",kochi,31/08/2021
LN002066,CU000981,2024-02-18,88962,48,15.68,2506.65,"Two wheeler",kozhikode,18/02/2024
LN002248,CU001154,2021-01-06,257848,60,10.33,5520.47,"Two wheeler",kolkata,06/01/2021
LN001204,CU003845,2023-04-22,117490,36,16.57,4163.74,"Two wheeler",mumbai,04/22/2023
LN001310,CU000355,2021-05-17,223185,24,14.45,10763.26,"Two wheeler",coimbatore,2021-05-17
LN001090,CU002423,2022-07-06,157338,36,10.66,5125.75,Tractor,mumbai,"06 Jul 2022"
LN000153,CU002673,2021-03-03,93202,48,13.85,2539.87,Car,coimbatore,2021-03-03
LN003634,CU001622,2022-05-27,387522,36,13.81,13208.85,"Two wheeler",chennai,27/05/2022
LN004297,CU000046,2024-02-20,144826,48,16.08,4110.35,"Commercial Vehicle",kozhikode,2024-02-20
LN004777,CU000627,2021-05-21,164925,36,10.91,5392.41,"Two wheeler",kozhikode,"21 May 2021"
LN004798,CU004137,2024-01-23,180460,48,18.34,5333.13,Tractor,coimbatore,01/23/2024
LN004985,CU003651,2022-01-28,158743,36,17.78,5721.44,"Two wheeler",chennai,2022-01-28
LN004714,CU002752,2023-05-25,227678,60,15.58,5486.01,"Two wheeler",coimbatore,2023-05-25
LN000785,CU002364,2022-06-08,46001,24,16.91,2272.4,"Commercial Vehicle",delhi,2022-06-08
LN004353,CU000900,2021-09-18,467015,48,15.99,13232.94,"Commercial Vehicle",bangalore,"18 Sep 2021"
LN002711,CU000896,2021-01-04,64016,24,9.85,2949.58,"Two wheeler",thrissur,04/01/2021
LN002996,CU004094,2023-09-08,93814,36,11.57,3096.74,"Two wheeler",thrissur,"08 Sep 2023"
LN004461,CU002793,2023-05-14,125990,24,18.13,6297.85,"Two wheeler",coimbatore,2023-05-14
LN000791,CU002959,2022-07-20,249155,36,13.83,8494.97,"Two wheeler",hyderabad,20/07/2022
LN004290,CU002172,2023-06-26,95369,36,9.55,3057.18,"Two wheeler",kozhikode,06/26/2023
LN000446,CU001307,2022-04-04,70727,24,15.37,3441.76,"Two wheeler",kozhikode,04/04/2022
LN003139,CU000577,2021-09-24,101252,36,11.44,3336,"Two wheeler",coimbatore,2021-09-24
LN001254,CU002749,2022-06-03,155550,48,16.25,4428.27,"Two wheeler",kolkata,2022-06-03
LN004948,CU001888,2023-05-29,184199,48,16.82,5297.93,Car,bangalore,"29 May 2023"
LN003338,CU003775,2022-11-15,267220,36,12.82,8980.55,"Commercial Vehicle",coimbatore,11/15/2022
LN001986,CU003346,2023-11-13,241073,12,9.69,21159.4,Car,ahmedabad,11/13/2023
LN001981,CU002608,2023-10-26,187754,48,16.1,5330.62,"Commercial Vehicle",bangalore,"26 Oct 2023"
LN001417,CU000675,2021-10-15,117376,24,17.36,5823.66,Car,chennai,"15 Oct 2021"
LN003599,CU002461,2021-05-22,147249,24,13.66,7046.22,"Two wheeler",ahmedabad,22/05/2021
LN004955,CU003989,2023-10-26,130141,60,18.41,3333.82,Car,ahmedabad,10/26/2023
LN001270,CU000504,2022-07-11,131640,36,10.51,4279.24,Car,bangalore,11/07/2022
LN003236,CU003089,2021-10-19,269694,36,16.21,9509.63,"Commercial Vehicle",hyderabad,"19 Oct 2021"
LN001010,CU003007,2021-02-23,109266,24,13.05,5197.27,"Two wheeler",mumbai,"23 Feb 2021"
LN002096,CU001056,2022-06-05,90961,36,9.71,2922.69,"Two wheeler",bangalore,2022-06-05
LN002400,CU003261,2021-11-10,156492,48,16.26,4455.89,"Two wheeler",pune,10/11/2021
LN003147,CU002690,2023-03-18,216096,12,12.36,19236.28,"Two wheeler",kochi,"18 Mar 2023"
LN002390,CU002445,2021-09-25,190984,12,17.67,17479.43,Tractor,pune,2021-09-25
LN001073,CU001256,2023-01-12,219394,36,14.88,7592.48,Car,kolkata,12/01/2023
LN003970,CU001005,2022-10-05,156297,12,13.92,14027.57,"Two wheeler",delhi,2022-10-05
LN003856,CU003798,2024-06-25,65021,24,12.45,3074.45,Car,coimbatore,06/25/2024
LN003608,CU003014,2023-05-31,183593,24,13.75,8793.16,"Commercial Vehicle",kochi,2023-05-31
LN002523,CU004297,2023-09-19,148093,12,18.19,13590.56,Tractor,chennai,09/19/2023
LN004510,CU000515,2024-02-21,235611,48,11.36,6130.76,"Two wheeler",delhi,2024-02-21
LN000887,CU003428,2022-07-02,92411,36,16.08,3252.55,"Two wheeler",kozhikode,02/07/2022
LN004034,CU004251,2021-09-08,134460,12,18.18,12338.81,Car,hyderabad,2021-09-08
LN000196,CU003506,2021-03-20,144406,24,10.81,6717.72,Car,hyderabad,"20 Mar 2021"
LN003823,CU000203,2021-05-07,161755,24,10.32,7488.09,"Two wheeler",kozhikode,2021-05-07
LN001138,CU000178,2022-01-12,239878,36,11.85,7950.21,"Two wheeler",kozhikode,12/01/2022
LN000377,CU004039,2022-08-28,748089,24,14.53,36105.5,"Two wheeler",coimbatore,"28 Aug 2022"
LN002001,CU001983,2024-06-30,110511,12,17.24,10091.72,Car,delhi,2024-06-30
LN002648,CU002328,2021-12-27,219542,48,9.85,5552.35,Car,coimbatore,2021-12-27
LN001325,CU003827,2022-01-26,146230,24,18.34,7324.45,Car,kochi,26/01/2022
LN004145,CU001554,2021-07-30,76853,36,17.98,2777.65,"Commercial Vehicle",pune,30/07/2021
LN001662,CU000075,2022-05-02,120957,36,10.94,3956.54,"Commercial Vehicle",delhi,"02 May 2022"
LN001267,CU004175,2024-03-27,123703,24,15.02,5999.12,Car,coimbatore,03/27/2024
LN001931,CU002115,2023-04-06,209081,24,17.82,10420.01,"Commercial Vehicle",delhi,2023-04-06
LN001792,CU003512,2022-09-19,40000,36,16.3,1412.21,"Two wheeler",pune,2022-09-19
LN003808,CU001085,2021-11-02,69195,36,12.58,2317.48,"Two wheeler",kochi,02/11/2021
LN004243,CU004307,2021-01-01,158362,12,17.15,14454.64,"Two wheeler",mumbai,"01 Jan 2021"
LN000973,CU004372,2023-07-30,227238,24,17.24,11261.38,"Commercial Vehicle",coimbatore,2023-07-30
LN003282,CU002053,2023-08-20,141944,48,10.06,3604.16,"Two wheeler",ahmedabad,"20 Aug 2023"
LN003644,CU002663,2024-01-15,68898,24,10.41,3192.35,Car,kozhikode,2024-01-15
LN000162,CU003328,2023-03-14,131267,48,16.33,3742.37,"Two wheeler",chennai,03/14/2023
LN002128,CU000137,2022-03-01,262093,36,13.05,8837.26,"Two wheeler",pune,"01 Mar 2022"
LN003140,CU004159,2024-03-29,177385,36,16.9,6315.43,Car,delhi,03/29/2024
LN002959,CU002161,2022-06-22,264753,60,15.75,6403.16,"Two wheeler",delhi,06/22/2022
LN004018,CU001080,2022-04-17,47269,24,9.81,2177.08,"Commercial Vehicle",coimbatore,2022-04-17
LN002697,CU003528,2021-09-04,173213,48,15.45,4860.25,"Commercial Vehicle",kozhikode,04/09/2021
LN002085,CU004335,2022-02-01,176518,36,13.85,6020.11,Car,coimbatore,01/02/2022
LN004164,CU002471,2024-05-13,174862,24,10.87,8139.39,"Two wheeler",kolkata,"13 May 2024"
LN002031,CU002816,2024-06-29,122999,36,11.78,4072.41,"Two wheeler",kolkata,29/06/2024
LN003674,CU003107,2021-05-21,185632,48,13.41,5017.9,Car,thrissur,05/21/2021
LN004152,CU002913,2021-10-19,170389,36,11.07,5583.97,"Two wheeler",kolkata,2021-10-19
LN004057,CU002591,2022-01-26,129333,48,18.28,3818.11,"Commercial Vehicle",coimbatore,01/26/2022
LN004473,CU001655,2022-07-20,199515,24,14.2,9598.15,"Two wheeler",thrissur,20/07/2022
LN000734,CU000771,2023-09-04,169990,48,18.28,5018.36,Car,kolkata,04/09/2023
LN002095,CU002783,2024-06-14,382492,24,15.42,18622.17,"Two wheeler",ahmedabad,2024-06-14
LN001678,CU000660,2024-06-28,84864,24,14.21,4082.99,"Two wheeler",mumbai,2024-06-28
LN002145,CU003113,2021-11-02,166798,60,14.08,3888.02,"Commercial Vehicle",kolkata,02/11/2021
LN000517,CU003778,2023-10-30,244037,36,9.59,7827.5,Car,kozhikode,10/30/2023
LN001513,CU001769,2023-09-06,94056,48,11.04,2432.75,"Commercial Vehicle",hyderabad,06/09/2023
LN002771,CU002424,2024-04-23,76776,48,9.83,1940.98,Car,kochi,2024-04-23
LN002083,CU003122,2024-06-20,118014,24,10.84,5491.61,"Two wheeler",kolkata,2024-06-20
LN000787,CU001480,2023-12-29,99826,24,13.98,4791.99,Car,delhi,29/12/2023
LN001453,CU001982,2022-10-14,121300,12,10.29,10680.56,"Two wheeler",kolkata,2022-10-14
LN001315,CU001243,2023-11-22,93709,48,17.43,2724.87,Tractor,pune,2023-11-22
LN003096,CU003736,2023-07-01,89402,36,16.21,3152.39,"Commercial Vehicle",coimbatore,01/07/2023
LN004754,CU001902,2022-04-28,122989,48,11.6,3214.67,"Two wheeler",pune,"28 Apr 2022"
LN002435,CU003156,2024-02-19,151753,48,10.91,3915.51,"Two wheeler",mumbai,2024-02-19
LN001125,CU003246,2022-03-30,198058,36,14.15,6783.59,"Commercial Vehicle",chennai,30/03/2022
LN004634,CU000623,2021-05-26,313405,24,14.59,15134.98,"Commercial Vehicle",chennai,2021-05-26
LN002487,CU001344,2022-04-20,302899,48,13.39,8184.78,"Two wheeler",bangalore,"20 Apr 2022"
LN004425,CU000650,2022-11-21,110208,48,16.05,3126.15,Car,pune,21/11/2022
LN004858,CU002634,2021-11-12,228294,60,16.6,5624.71,"Commercial Vehicle",kochi,2021-11-12
LN000140,CU001163,2023-11-13,63338,48,18.48,1876.48,"Two wheeler",thrissur,"13 Nov 2023"
LN003508,CU001960,2024-06-13,108793,36,12.57,3643.17,"Two wheeler",mumbai,06/13/2024
LN004949,CU003293,2022-12-30,125189,24,15.59,6105.15,"Two wheeler",kozhikode,2022-12-30
LN003956,CU002705,2022-09-28,146331,48,15.13,4082.15,Car,hyderabad,28/09/2022
LN000533,CU001580,2024-01-15,124945,36,11.97,4148.17,"Two wheeler",bangalore,2024-01-15
LN000064,CU001077,2023-03-06,117549,24,15.68,5737.61,"Two wheeler",bangalore,"06 Mar 2023"
LN001852,CU001885,2022-05-03,147571,24,14.65,7130.71,"Two wheeler",mumbai,2022-05-03
LN004062,CU003201,2022-09-08,51343,36,13.44,1740.85,"Commercial Vehicle",ahmedabad,08/09/2022
LN000960,CU003917,2024-03-04,219999,48,15.12,6136.13,"Two wheeler",coimbatore,2024-03-04
LN001276,CU001780,2023-05-09,138895,48,16.8,3993.46,Tractor,mumbai,09/05/2023
LN003374,CU003362,2023-05-19,138537,36,14.79,4788.2,"Two wheeler",delhi,"19 May 2023"
LN003008,CU000185,2022-03-20,94123,36,9.69,3023.4,"Two wheeler",chennai,2022-03-20
LN001405,CU003633,2023-12-04,226968,36,18.05,8211.13,"Two wheeler",thrissur,2023-12-04
LN000010,CU001202,2022-04-02,88206,24,15.33,4290.66,"Commercial Vehicle",coimbatore,"02 Apr 2022"
LN002043,CU003156,2022-01-23,98665,24,16.04,4832.83,Tractor,mumbai,2022-01-23
LN001949,CU004116,2022-11-16,113949,36,13.59,3871.85,"Two wheeler",chennai,16/11/2022
LN000333,CU000978,2021-08-17,152762,24,17.24,7570.53,Car,kolkata,08/17/2021
LN003837,CU004451,2024-04-11,110899,36,18.05,4012.05,"Two wheeler",mumbai,2024-04-11
LN003510,CU002286,2021-11-23,119009,24,9.64,5471.91,Car,hyderabad,2021-11-23
LN003630,CU002608,2023-12-07,268054,48,13.01,7192.55,"Two wheeler",kochi,2023-12-07
LN003973,CU003408,2023-04-02,168209,36,16.36,5943.67,"Commercial Vehicle",kochi,2023-04-02
LN003554,CU003795,2022-02-19,200560,12,17.73,18361.58,Car,kochi,19/02/2022
LN001933,CU000860,2024-06-01,60783,24,14.09,2920.95,"Two wheeler",thrissur,01/06/2024
LN000632,CU003863,2024-03-19,59145,24,11.02,2757.17,"Commercial Vehicle",kochi,2024-03-19
LN003536,CU002807,2022-10-26,184455,36,13.67,6274.71,"Commercial Vehicle",coimbatore,"26 Oct 2022"
LN004818,CU003644,2022-05-20,70993,36,15.69,2485.05,"Two wheeler",coimbatore,"20 May 2022"
LN003822,CU004571,2022-02-14,69133,24,17.13,3422.41,Tractor,ahmedabad,14/02/2022
LN003772,CU004546,2021-03-05,116447,24,11.86,5473.95,"Two wheeler",delhi,2021-03-05
LN004494,CU001988,2021-05-21,96658,36,11.86,3203.97,"Commercial Vehicle",coimbatore,"21 May 2021"
LN002987,CU003396,2022-06-11,92799,24,15.55,4523.8,"Two wheeler",mumbai,2022-06-11
LN004330,CU000572,2021-04-20,166292,12,11.77,14756.96,"Commercial Vehicle",thrissur,2021-04-20
LN004468,CU001016,2021-11-14,212090,36,10.16,6859.49,Car,chennai,"14 Nov 2021"
LN000406,CU000770,2022-10-10,182312,24,9.73,8390.07,Car,hyderabad,10/10/2022
LN004558,CU003682,2023-03-29,238176,12,15.46,21549.1,"Two wheeler",coimbatore,03/29/2023
LN002088,CU002829,2024-03-10,147454,36,10.07,4762.77,Car,bangalore,10/03/2024
LN002865,CU000036,2023-03-01,136763,36,18.05,4947.74,"Commercial Vehicle",kochi,2023-03-01
LN000527,CU003032,2023-04-01,214044,24,16.31,10511.99,Tractor,mumbai,2023-04-01
LN003910,CU000787,2024-04-03,123156,36,15.07,4273.47,Car,thrissur,"03 Apr 2024"
LN002783,CU002564,2021-11-19,192762,36,15.88,6765.53,"Two wheeler",kolkata,"19 Nov 2021"
LN001289,CU000843,2023-06-12,161202,36,10.29,5223.51,"Commercial Vehicle",thrissur,2023-06-12
LN001826,CU000533,2022-01-30,177361,24,14.02,8517.29,"Two wheeler",ahmedabad,30/01/2022
LN004713,CU000824,2021-08-04,169116,48,9.56,4253.57,"Two wheeler",kolkata,"04 Aug 2021"
LN003977,CU002775,2023-09-14,155610,36,16.98,5546.37,"Commercial Vehicle",bangalore,14/09/2023
LN000857,CU002161,2024-10-04,166371,24,16.46,8182.66,"Two wheeler",delhi,04/10/2024
LN000558,CU003870,2022-08-30,166349,36,14.71,5742.95,"Two wheeler",kochi,30/08/2022
LN003040,CU004463,2022-12-16,152398,48,13.77,4146.94,"Two wheeler",chennai,2022-12-16
LN004443,CU000508,2023-11-06,266725,60,15.9,6472.07,"Commercial Vehicle",kozhikode,2023-11-06
LN003520,CU001834,2022-05-23,286422,48,17.87,8394.2,Car,pune,23/05/2022
LN001435,CU003500,2023-09-08,151553,24,18.17,7578.6,"Two wheeler",kozhikode,08/09/2023
LN003168,CU002123,2022-05-26,170945,36,15.91,6002.33,"Two wheeler",pune,2022-05-26
LN004255,CU003121,2023-08-04,160404,36,14.31,5506.41,"Two wheeler",coimbatore,"04 Aug 2023"
LN003606,CU001688,2021-11-22,197003,48,10.7,5062.99,"Commercial Vehicle",kochi,2021-11-22
LN003426,CU002068,2023-11-28,48524,24,16.29,2382.62,"Commercial Vehicle",kochi,28/11/2023
LN004015,CU000966,2024-02-10,122489,36,10.17,3962.16,"Two wheeler",hyderabad,"10 Feb 2024"
LN004656,CU000409,2024-05-27,333907,48,10.85,8605.7,"Two wheeler",bangalore,05/27/2024
LN001021,CU003981,2021-05-10,64677,36,14.59,2229.09,Car,delhi,10/05/2021
LN003472,CU004597,2022-09-04,60934,36,10.76,1987.98,Tractor,mumbai,04/09/2022
LN000512,CU003690,2023-06-14,159685,24,15.29,7764.61,"Two wheeler",kozhikode,14/06/2023
LN002784,CU002517,2024-06-20,212956,48,12.33,5642.51,Car,bangalore,06/20/2024
LN004723,CU003765,2022-08-02,115073,60,14.19,2688.9,"Two wheeler",kozhikode,2022-08-02
LN001887,CU002136,2023-07-07,112855,36,10.18,3651.06,Car,thrissur,2023-07-07
LN003666,CU003624,2023-09-12,251175,48,17.6,7325.87,Car,hyderabad,12/09/2023
LN001799,CU001690,2022-03-18,348352,24,17.32,17276.92,"Two wheeler",kolkata,18/03/2022
LN001149,CU001920,2021-06-19,91323,36,12.65,3061.66,Car,hyderabad,2021-06-19
LN002108,CU003696,2023-03-29,89514,24,16.21,4391.87,"Commercial Vehicle",kozhikode,2023-03-29
LN001563,CU002656,2021-12-07,168865,12,12.08,15009.77,"Commercial Vehicle",thrissur,07/12/2021
LN001744,CU004379,2021-07-28,360830,24,12.78,17117.25,"Two wheeler",kochi,07/28/2021
LN000607,CU004260,2023-03-23,115770,36,12.84,3891.83,"Two wheeler",kozhikode,23/03/2023
LN002596,CU003789,2023-11-29,69025,36,17.54,2479.52,"Two wheeler",ahmedabad,"29 Nov 2023"
LN003764,CU002757,2022-01-14,45771,24,14.31,2204.31,"Two wheeler",bangalore,"14 Jan 2022"
LN001332,CU002397,2021-10-15,200881,36,14.02,6867.59,"Two wheeler",pune,10/15/2021
LN004424,CU003431,2023-12-18,125961,48,11.47,3284.35,"Two wheeler",delhi,"18 Dec 2023"
LN001182,CU002758,2022-05-19,177872,24,14.28,8563.69,"Two wheeler",kolkata,"19 May 2022"
LN003078,CU000036,2021-03-04,136825,24,11.57,6413.39,"Two wheeler",coimbatore,2021-03-04
LN003317,CU000848,2021-04-23,84997,12,17.63,7777.57,"Two wheeler",ahmedabad,04/23/2021
LN001770,CU002728,2023-10-29,229214,24,18.03,11446.63,Tractor,bangalore,2023-10-29
LN001756,CU000439,2023-03-14,102987,12,12.68,9183.06,"Commercial Vehicle",delhi,2023-03-14
LN004305,CU001769,2022-02-11,287580,60,15.47,6912.66,Car,kozhikode,"11 Feb 2022"
LN001346,CU002989,2024-06-03,69893,24,13.89,3352.13,"Commercial Vehicle",hyderabad,"03 Jun 2024"
LN000511,CU000034,2021-05-30,234046,36,16.08,8237.61,Tractor,chennai,2021-05-30
LN001677,CU003042,2021-06-15,111324,12,15.19,10057.9,"Two wheeler",thrissur,15/06/2021
LN002062,CU004498,2022-09-13,110749,36,9.53,3549.17,"Two wheeler",coimbatore,2022-09-13
LN004906,CU001699,2024-04-30,278083,60,10.38,5960.57,Car,chennai,2024-04-30
LN000457,CU000075,2023-09-17,144778,48,17.37,4205.34,Car,pune,2023-09-17
LN001809,CU001923,2023-06-08,458341,48,17.62,13372.93,"Two wheeler",pune,08/06/2023
LN002560,CU003649,2024-05-02,57699,24,17.6,2869.43,"Two wheeler",chennai,2024-05-02
LN000757,CU001804,2022-05-07,205421,48,18.09,6043.91,Car,kolkata,07/05/2022
LN002379,CU003195,2024-03-22,94524,24,17.24,4684.39,"Two wheeler",bangalore,03/22/2024
LN002864,CU003314,2022-09-08,147047,36,15.33,5121.23,Car,thrissur,"08 Sep 2022"
LN001066,CU004527,2022-10-24,71243,36,17.52,2558.48,"Two wheeler",pune,2022-10-24
LN001266,CU000400,2022-03-20,76043,36,12.39,2539.9,Car,delhi,20/03/2022
LN002606,CU000415,2021-03-04,215079,48,12.29,5694.53,"Two wheeler",kozhikode,2021-03-04
LN001820,CU004217,2023-05-23,173713,48,17.26,5035.89,"Two wheeler",coimbatore,2023-05-23
LN000692,CU002644,2021-04-11,157601,24,11.44,7377.68,"Two wheeler",bangalore,2021-04-11
LN003918,CU002928,2024-06-11,204022,24,17.85,10170.83,"Commercial Vehicle",pune,2024-06-11
LN004269,CU002750,2022-09-24,153803,36,18.17,5573.47,"Two wheeler",coimbatore,09/24/2022
LN000502,CU001045,2021-09-27,106191,36,15.27,3695.2,Car,kozhikode,"27 Sep 2021"
LN002169,CU000528,2022-08-20,150880,36,12.08,5017.14,Car,delhi,08/20/2022
LN004165,CU004066,2023-01-17,199523,12,12.29,17754.46,"Two wheeler",kozhikode,2023-01-17
LN001039,CU001193,2021-12-04,127647,36,15.12,4432.43,Car,coimbatore,04/12/2021
LN001022,CU001153,2021-01-16,97899,24,15.54,4771.95,"Two wheeler",ahmedabad,16/01/2021
LN000358,CU000341,2023-03-23,137900,60,15.16,3292.22,Car,hyderabad,23/03/2023
LN004215,CU001848,2023-02-10,70738,36,10.7,2305.83,"Two wheeler",mumbai,10/02/2023
LN001509,CU001625,2022-08-31,350184,36,15.95,12302.79,"Commercial Vehicle",delhi,"31 Aug 2022"
LN000211,CU004491,2022-05-23,68907,36,18.1,2494.61,"Two wheeler",bangalore,2022-05-23
LN003911,CU000274,2024-05-20,327565,48,16.34,9340.42,"Two wheeler",kochi,20/05/2024
LN002082,CU003295,2021-12-16,99718,60,10.62,2149.26,"Two wheeler",coimbatore,12/16/2021
LN000737,CU002457,2022-07-15,332563,48,11.62,8695.74,"Two wheeler",coimbatore,15/07/2022
LN003899,CU000439,2021-11-03,96332,24,18.41,4828.39,"Commercial Vehicle",kozhikode,03/11/2021
LN003676,CU000969,2021-07-28,260410,48,16.19,7405.46,"Commercial Vehicle",mumbai,28/07/2021
LN004588,CU000391,2022-07-26,259241,36,10.26,8396.66,Tractor,chennai,07/26/2022
LN004705,CU001609,2021-10-06,144288,36,12.4,4820.04,"Two wheeler",ahmedabad,2021-10-06
LN000717,CU003018,2022-09-16,84173,36,18.14,3048.97,"Two wheeler",coimbatore,2022-09-16
LN002575,CU003687,2021-01-08,204830,48,14.85,5685.01,Car,mumbai,08/01/2021
LN002538,CU001206,2021-11-23,88945,36,10.13,2875.44,"Commercial Vehicle",kozhikode,11/23/2021
LN000904,CU001072,2023-02-17,85728,36,10.89,2802.16,Car,kochi,2023-02-17
LN001335,CU000009,2024-05-19,208863,36,15.94,7336.82,Car,kochi,19/05/2024
LN003785,CU000174,2023-07-05,71961,24,9.93,3318.31,Tractor,kochi,"05 Jul 2023"
LN004275,CU004392,2024-02-02,205735,48,17.65,6005.9,"Two wheeler",hyderabad,02/02/2024
LN002281,CU003281,2024-04-29,90640,24,15.3,4407.76,Car,ahmedabad,04/29/2024
LN001103,CU000236,2023-02-26,195612,12,15.51,17702.72,"Two wheeler",chennai,2023-02-26
LN001031,CU004310,2022-01-30,105159,48,13.33,2838.41,Car,pune,2022-01-30
LN002483,CU001066,2024-09-02,233554,24,14.95,11318.7,"Two wheeler",kolkata,02/09/2024
LN004363,CU000246,2023-05-26,93741,60,12.38,2103.26,Tractor,mumbai,05/26/2023
LN004530,CU001383,2022-09-30,98895,60,14.95,2350.11,"Two wheeler",hyderabad,30/09/2022
LN001669,CU001061,2021-06-15,145533,36,12.14,4843.52,"Two wheeler",mumbai,15/06/2021
LN002639,CU000087,2021-03-29,165723,36,14.5,5704.35,"Two wheeler",kozhikode,"29 Mar 2021"
LN001107,CU000504,2022-05-05,119378,36,9.79,3840.23,"Two wheeler",bangalore,05/05/2022
LN002753,CU004127,2021-04-10,73956,36,12.07,2458.87,Car,coimbatore,2021-04-10
LN002715,CU003978,2023-11-18,155017,60,11.92,3442,"Two wheeler",delhi,"18 Nov 2023"
LN001625,CU001785,2023-08-02,117588,60,14.83,2786.93,"Two wheeler",hyderabad,2023-08-02
LN001384,CU002989,2021-10-27,98098,36,9.52,3143.29,"Two wheeler",delhi,27/10/2021
LN002406,CU002264,2023-11-20,92510,12,15.12,8355.04,"Two wheeler",kochi,2023-11-20
LN004678,CU000251,2021-05-22,189177,36,16.77,6723.04,Car,kochi,05/22/2021
LN004795,CU001581,2022-12-16,175011,36,15.19,6083.11,"Two wheeler",mumbai,"16 Dec 2022"
LN000945,CU004460,2021-07-06,103157,48,17.21,2987.82,"Two wheeler",thrissur,"06 Jul 2021"
LN002754,CU003596,2022-03-06,82564,48,15.8,2331.44,"Two wheeler",kolkata,06/03/2022
LN000508,CU000855,2022-11-06,90490,48,13.89,2467.78,"Commercial Vehicle",kolkata,"06 Nov 2022"
LN002004,CU002905,2021-05-18,63155,24,10.01,2914.57,"Two wheeler",bangalore,2021-05-18
LN001789,CU001986,2021-01-18,177503,36,12.14,5907.52,"Two wheeler",ahmedabad,2021-01-18
LN002883,CU000569,2023-08-16,59144,36,13.83,2016.52,"Commercial Vehicle",kochi,2023-08-16
LN001121,CU004437,2021-12-29,199950,48,15.47,5612.51,Car,thrissur,2021-12-29
LN002347,CU002807,2021-06-24,99529,36,14.09,3406.02,Car,bangalore,"24 Jun 2021"
LN004896,CU000615,2021-03-23,87212,24,13.77,4177.83,"Two wheeler",ahmedabad,03/23/2021
LN002222,CU003038,2023-03-26,238675,48,11.9,6273.52,Car,ahmedabad,"26 Mar 2023"
LN002505,CU000954,2024-03-31,226384,36,13.29,7659.43,"Two wheeler",coimbatore,"31 Mar 2024"
LN000773,CU003144,2022-05-20,108451,12,10.96,9583.06,"Two wheeler",ahmedabad,05/20/2022
LN001696,CU003915,2022-08-10,216640,12,14.8,19533.12,Car,kochi,10/08/2022
LN003337,CU003878,2022-07-05,59856,48,14.06,1637.46,Tractor,coimbatore,05/07/2022
LN001220,CU002207,2021-10-11,139796,48,11.36,3637.59,"Two wheeler",thrissur,11/10/2021
LN004512,CU002322,2023-07-11,87618,36,15.08,3040.74,"Two wheeler",delhi,11/07/2023
LN004566,CU001760,2023-04-29,139877,48,11.57,3654.04,Car,bangalore,"29 Apr 2023"
LN001557,CU004063,2022-03-04,107495,36,14.95,3723.72,"Two wheeler",delhi,04/03/2022
LN004162,CU000375,2022-02-26,282900,36,18.5,10298.61,"Two wheeler",coimbatore,2022-02-26
LN001540,CU000040,2022-09-07,210239,60,17.76,5311.28,"Two wheeler",pune,"07 Sep 2022"
LN004587,CU004014,2024-04-25,204937,36,17.49,7356.64,"Two wheeler",kozhikode,25/04/2024
LN003113,CU003858,2021-08-30,207143,36,16.24,7307.1,"Two wheeler",delhi,2021-08-30
LN004869,CU002026,2023-03-01,76373,48,15.98,2163.65,"Two wheeler",ahmedabad,"01 Mar 2023"
LN002036,CU003087,2023-08-02,54058,36,18.37,1964.37,Car,pune,02/08/2023
LN003935,CU004443,2022-09-13,83796,24,12.68,3971.23,"Two wheeler",kozhikode,"13 Sep 2022"
LN000228,CU000552,2022-09-17,172180,48,12.5,4576.54,Tractor,kozhikode,09/17/2022
LN003303,CU003867,2024-03-28,72178,48,11.23,1873.55,Car,pune,03/28/2024
LN002272,CU003982,2024-05-09,46705,60,13.94,1085.29,"Two wheeler",mumbai,2024-05-09
LN002699,CU004395,2023-01-17,77724,24,17.49,3861.18,"Two wheeler",kozhikode,"17 Jan 2023"
LN004220,CU002114,2021-12-08,166415,24,11.98,7832.18,Car,thrissur,2021-12-08
LN002378,CU002456,2021-07-30,143332,48,17.92,4204.39,Car,delhi,"30 Jul 2021"
LN002703,CU002562,2021-03-27,179244,36,14.71,6188.13,Car,mumbai,27/03/2021
LN000884,CU001235,2022-02-09,270523,36,9.6,8678.3,"Two wheeler",thrissur,09/02/2022
LN001001,CU001810,2021-04-30,109923,24,12.04,5176.51,"Commercial Vehicle",kochi,2021-04-30
LN001209,CU000178,2022-09-21,101724,12,14.25,9145.47,"Two wheeler",hyderabad,2022-09-21
LN001094,CU001154,2022-05-29,93568,48,15.96,2649.83,Tractor,chennai,"29 May 2022"
LN003981,CU000776,2024-01-15,122793,48,14.15,3364.75,"Two wheeler",thrissur,"15 Jan 2024"
LN004399,CU000211,2021-08-29,154319,36,17.25,5521.11,"Commercial Vehicle",chennai,2021-08-29
LN000436,CU001177,2024-05-21,54175,36,14.94,1876.4,"Two wheeler",kozhikode,2024-05-21
LN002452,CU000161,2022-11-30,77625,12,10.2,6831.69,"Two wheeler",mumbai,11/30/2022
LN003010,CU002433,2021-05-29,176963,24,11.7,8305.49,"Two wheeler",delhi,05/29/2021
LN003342,CU001369,2022-11-12,122265,48,15.92,3460.02,"Commercial Vehicle",chennai,12/11/2022
LN002427,CU002830,2023-04-22,296844,24,14.33,14298.66,Tractor,delhi,2023-04-22
LN002334,CU001053,2022-02-06,94632,24,16.33,4648.41,Car,chennai,06/02/2022
LN001758,CU001698,2021-01-27,66940,48,10.72,1721.01,"Two wheeler",ahmedabad,2021-01-27
LN004373,CU001060,2023-09-09,132486,36,10,4274.95,"Two wheeler",chennai,2023-09-09
LN001719,CU001867,2023-04-03,163354,36,15.81,5727.73,"Commercial Vehicle",kozhikode,2023-04-03
LN003121,CU003629,2022-10-20,165033,48,15.51,4635.77,"Two wheeler",ahmedabad,2022-10-20
LN000579,CU002971,2023-09-03,73863,60,13.37,1694.63,"Two wheeler",kolkata,03/09/2023
LN001688,CU003402,2021-10-17,196687,36,16.38,6951.89,"Two wheeler",hyderabad,2021-10-17
LN001634,CU001455,2021-01-13,56162,36,17.61,2019.42,"Two wheeler",chennai,01/13/2021
LN001411,CU000415,2024-06-27,120265,48,18.04,3535.3,"Two wheeler",kozhikode,27/06/2024
LN002063,CU002563,2022-10-17,306656,60,17.71,7738.75,Car,ahmedabad,2022-10-17
LN001084,CU004521,2021-04-30,69545,36,9.94,2242.06,"Commercial Vehicle",chennai,2021-04-30
LN004378,CU002013,2021-06-19,309953,12,15.31,28021.19,"Commercial Vehicle",hyderabad,"19 Jun 2021"
LN002109,CU002795,2021-03-27,162539,60,15.44,3904.43,"Two wheeler",kozhikode,03/27/2021
LN004458,CU003409,2023-08-04,104076,12,17.78,9530.79,Car,mumbai,04/08/2023
LN001541,CU000190,2022-01-14,293889,24,12.36,13883.84,"Two wheeler",delhi,14/01/2022
LN004386,CU002804,2021-11-13,329471,36,15.38,11482.63,"Two wheeler",hyderabad,2021-11-13
LN004111,CU000760,2022-03-21,327597,36,16.78,11643.89,"Two wheeler",ahmedabad,21/03/2022
LN004151,CU000669,2022-07-23,92868,36,11.41,3058.44,Car,mumbai,23/07/2022
LN000070,CU003710,2023-01-09,107590,12,15.38,9730.19,"Two wheeler",kozhikode,09/01/2023
LN001926,CU000400,2022-03-19,152942,24,10.44,7088.6,"Two wheeler",hyderabad,2022-03-19
LN001030,CU003859,2022-11-01,150163,36,17.53,5393.41,"Commercial Vehicle",chennai,"01 Nov 2022"
LN000924,CU002394,2024-03-07,217058,24,17.72,10807.08,"Two wheeler",ahmedabad,2024-03-07
LN004058,CU004372,2022-08-13,300486,60,11.71,6640.19,"Two wheeler",ahmedabad,2022-08-13
LN002616,CU001892,2021-04-19,76463,12,16.63,6960.37,Car,kolkata,2021-04-19
LN002949,CU001578,2024-02-25,116043,48,16.3,3306.55,Car,mumbai,02/25/2024
LN001923,CU004127,2023-01-26,150491,24,12.2,7098.2,"Two wheeler",chennai,2023-01-26
LN001412,CU001886,2021-04-12,173461,48,10.42,4434.49,Tractor,mumbai,12/04/2021
LN000220,CU002061,2024-05-30,79649,36,9.52,2552.14,Car,bangalore,"30 May 2024"
LN000157,CU003826,2022-07-19,98183,48,17.99,2883.61,Car,thrissur,"19 Jul 2022"
LN001324,CU001955,2021-01-10,283525,24,16.2,13909.38,"Two wheeler",delhi,10/01/2021
LN003883,CU000008,2022-04-19,138850,36,11.79,4597.89,"Commercial Vehicle",delhi,04/19/2022
LN001950,CU002902,2022-01-25,214773,36,14.32,7373.86,"Two wheeler",ahmedabad,2022-01-25
LN004480,CU004574,2022-03-16,87924,36,13.67,2990.96,Car,bangalore,2022-03-16
LN001490,CU001378,2021-03-27,398539,36,13.32,13489.86,Car,kochi,2021-03-27
LN000746,CU002850,2021-03-02,59930,36,16.66,2126.54,"Two wheeler",kolkata,2021-03-02
LN002034,CU004539,2023-02-08,113454,60,10.17,2420.06,"Two wheeler",pune,08/02/2023
LN000407,CU000443,2022-12-12,152132,60,14.44,3574.64,"Commercial Vehicle",delhi,2022-12-12
LN000247,CU000279,2023-01-28,234450,48,13.83,6386.72,"Commercial Vehicle",hyderabad,01/28/2023
LN003228,CU004415,2024-05-25,181094,36,13.61,6155.12,Car,coimbatore,2024-05-25
LN001977,CU000645,2024-05-13,106929,60,10.13,2278.77,Car,kozhikode,05/13/2024
LN001783,CU004441,2023-03-21,137748,36,13.04,4643.93,Car,bangalore,21/03/2023
LN001815,CU000253,2021-11-19,118419,48,14.6,3271.73,"Two wheeler",kozhikode,19/11/2021
LN000630,CU004118,2024-04-01,61159,36,17.69,2201.55,"Two wheeler",kochi,2024-04-01
LN000350,CU000112,2021-10-10,106432,24,14.99,5160.03,"Two wheeler",kozhikode,10/10/2021
LN004192,CU001267,2021-09-04,159844,24,12.19,7538.6,"Commercial Vehicle",chennai,04/09/2021
LN004523,CU003794,2024-02-19,239285,24,14.34,11527.23,"Two wheeler",bangalore,2024-02-19
LN004790,CU002231,2022-04-12,156190,36,15.65,5464.23,"Commercial Vehicle",kolkata,2022-04-12
LN002708,CU001556,2022-03-18,134620,48,10.07,3418.84,"Commercial Vehicle",kozhikode,2022-03-18
LN002788,CU003386,2023-03-05,84957,36,16.51,3008.27,Car,chennai,05/03/2023
LN001257,CU003035,2023-05-09,149856,36,14.48,5156.73,"Two wheeler",mumbai,2023-05-09
LN004508,CU001935,2024-01-18,69198,60,11.39,1518.03,Car,delhi,2024-01-18
LN003938,CU001937,2023-07-01,205682,36,11.16,6749.36,"Two wheeler",mumbai,2023-07-01
LN001648,CU000366,2021-04-06,155640,24,14.03,7474.93,"Two wheeler",bangalore,06/04/2021
LN004611,CU002356,2022-11-26,125229,24,10.91,5831.42,Tractor,bangalore,"26 Nov 2022"
LN000830,CU001257,2021-02-25,145345,36,10.52,4725.44,Car,hyderabad,2021-02-25
LN004612,CU003768,2021-08-14,83539,24,9.73,3844.5,"Two wheeler",mumbai,"14 Aug 2021"
LN002382,CU002692,2023-01-04,320190,36,14.35,10997.84,Tractor,mumbai,04/01/2023
LN001115,CU003565,2023-03-15,76476,48,13.83,2083.3,Car,chennai,15/03/2023
LN003095,CU004123,2024-01-28,167127,36,10.09,5399.78,"Two wheeler",bangalore,2024-01-28
LN004620,CU001816,2022-02-17,215160,48,13.36,5810.72,"Two wheeler",hyderabad,17/02/2022
LN000976,CU001746,2023-06-13,141907,48,18.39,4197.49,Car,ahmedabad,2023-06-13
LN004748,CU001958,2021-03-18,202885,60,9.63,4273.86,"Two wheeler",bangalore,2021-03-18
LN001781,CU001493,2022-01-20,125886,24,15.99,6163.17,"Two wheeler",hyderabad,2022-01-20
LN000362,CU003514,2022-06-29,161379,24,17.45,8013.88,"Two wheeler",kochi,29/06/2022
LN002401,CU001408,2023-04-03,222837,24,16.01,10911.86,"Two wheeler",kochi,03/04/2023
LN001902,CU002547,2021-04-04,100589,24,12.85,4775.1,Car,chennai,"04 Apr 2021"
LN004765,CU001811,2021-06-19,198676,24,15.64,9693.66,"Two wheeler",ahmedabad,2021-06-19
LN003436,CU001541,2021-05-09,46493,60,17.54,1169.01,Car,thrissur,2021-05-09
LN001159,CU000479,2022-12-07,109784,36,11.86,3639.06,"Two wheeler",chennai,2022-12-07
LN001410,CU004455,2024-05-14,146835,24,14.83,7107.68,"Two wheeler",chennai,05/14/2024
LN001413,CU001808,2023-06-28,168498,24,17.97,8409.67,"Two wheeler",hyderabad,06/28/2023
LN001721,CU001484,2021-10-24,173035,24,15.62,8440.95,"Two wheeler",kozhikode,2021-10-24
LN000340,CU000465,2023-12-26,99898,48,17.16,2890.84,"Two wheeler",coimbatore,2023-12-26
LN004105,CU001823,2022-06-28,138245,36,15.91,4854.14,Car,kozhikode,2022-06-28
LN004556,CU002175,2022-11-07,262488,36,15.99,9227,"Commercial Vehicle",pune,07/11/2022
LN004056,CU003630,2023-02-06,139807,24,12.51,6614.55,"Two wheeler",chennai,06/02/2023
LN002228,CU000530,2023-07-24,252178,36,10.89,8242.85,"Two wheeler",ahmedabad,07/24/2023
LN000115,CU002523,2024-06-04,60428,36,16.03,2125.36,Car,mumbai,2024-06-04
LN004013,CU002606,2023-02-10,126750,12,16.17,11510.34,Car,coimbatore,10/02/2023
LN002403,CU003469,2024-03-16,97312,48,10.15,2475.1,"Two wheeler",kozhikode,2024-03-16
LN002439,CU003177,2022-07-28,162454,36,12.36,5423.77,"Two wheeler",bangalore,"28 Jul 2022"
LN003316,CU000323,2023-09-10,168520,36,17.17,6022.47,Car,ahmedabad,2023-09-10
LN001155,CU002423,2022-12-24,123755,12,9.77,10866.8,Car,bangalore,12/24/2022
LN001769,CU002424,2023-01-31,96918,36,13.93,3309.13,"Commercial Vehicle",delhi,2023-01-31
LN004826,CU000888,2023-03-13,270264,36,10.02,8723.2,Car,bangalore,2023-03-13
LN002327,CU001257,2023-03-10,138567,24,15.4,6745.01,Car,kochi,10/03/2023
LN002516,CU001874,2024-04-23,109392,48,13.35,2953.75,"Two wheeler",chennai,"23 Apr 2024"
LN004670,CU004521,2022-04-04,162704,36,12.56,5447.72,Car,bangalore,2022-04-04
LN001813,CU001378,2022-08-31,63645,24,10.34,2946.89,"Two wheeler",delhi,2022-08-31
LN003512,CU003380,2021-02-19,237405,24,10.19,10975.87,"Commercial Vehicle",coimbatore,02/19/2021
LN002450,CU001780,2021-08-28,189416,36,10.99,6200.34,"Two wheeler",delhi,"28 Aug 2021"
LN002301,CU001279,2021-08-13,103575,24,10.68,4812.03,"Two wheeler",kozhikode,"13 Aug 2021"
LN003813,CU001408,2023-01-31,113735,36,13.96,3884.98,Car,ahmedabad,"31 Jan 2023"
LN001288,CU001673,2023-09-18,112598,24,15.93,5509.38,"Two wheeler",kozhikode,2023-09-18
LN004595,CU004332,2022-07-02,143003,24,11.42,6692.98,Tractor,pune,2022-07-02
LN001165,CU000608,2021-05-03,306558,36,10.12,9909.04,"Two wheeler",chennai,2021-05-03
LN003115,CU001076,2021-12-31,40981,36,17.02,1461.49,Tractor,kolkata,2021-12-31
LN003242,CU003537,2023-08-05,233319,36,17.36,8360.32,"Two wheeler",kochi,"05 Aug 2023"
LN002611,CU001045,2022-08-13,113169,36,16.86,4026.9,Car,chennai,2022-08-13
LN002322,CU002196,2023-12-02,113909,36,10.3,3691.59,Car,kochi,"02 Dec 2023"
LN004012,CU003036,2021-05-31,161916,24,9.71,7449.95,"Two wheeler",hyderabad,2021-05-31
LN000866,CU001455,2023-02-25,52670,12,17.46,4815.26,"Two wheeler",hyderabad,2023-02-25
LN001467,CU001140,2024-04-23,167558,36,12.8,5629.56,"Two wheeler",pune,04/23/2024
LN002091,CU003735,2021-11-04,126684,36,11.12,4154.67,Car,kozhikode,04/11/2021
LN002459,CU003873,2023-03-15,215429,24,13.34,10276.33,"Commercial Vehicle",mumbai,15/03/2023
LN003889,CU003619,2022-08-28,102989,36,11.6,3401.07,"Commercial Vehicle",bangalore,2022-08-28
LN003402,CU003506,2024-06-23,176019,36,13.48,5971.55,"Commercial Vehicle",delhi,"23 Jun 2024"
LN004685,CU002112,2022-07-09,200329,12,18.18,18383.33,Car,kochi,09/07/2022
LN001175,CU003102,2023-11-25,283436,12,17.76,25953.05,"Two wheeler",kozhikode,2023-11-25
LN002836,CU000520,2021-04-03,67044,48,14.52,1849.61,"Two wheeler",bangalore,"03 Apr 2021"
LN001436,CU000806,2023-11-09,111843,36,15.95,3929.31,Tractor,ahmedabad,2023-11-09
LN000903,CU004073,2022-03-03,219698,48,15.63,6184.75,Car,ahmedabad,2022-03-03
LN001456,CU003905,2023-09-11,100750,36,16.72,3577.99,Car,ahmedabad,11/09/2023
LN004971,CU003539,2022-11-16,186037,36,13.71,6332.13,Car,kolkata,2022-11-16
LN004282,CU002225,2023-10-14,263497,24,13.5,12589.1,"Commercial Vehicle",kochi,"14 Oct 2023"
LN000355,CU001771,2023-07-03,175238,24,17.34,8692.82,Car,delhi,03/07/2023
LN004066,CU002623,2024-07-04,150234,48,17.53,4376.31,"Commercial Vehicle",kochi,04/07/2024
LN003440,CU004000,2024-11-01,141623,60,15.45,3402.75,Car,kochi,01/11/2024
LN004979,CU002495,2021-06-05,82640,36,10.24,2675.88,"Two wheeler",kozhikode,"05 Jun 2021"
LN004789,CU002659,2021-02-03,286287,12,14.22,25734.53,Car,hyderabad,2021-02-03
LN000516,CU001324,2022-11-30,52772,48,10.16,1342.49,"Commercial Vehicle",hyderabad,30/11/2022
LN004726,CU004064,2023-01-01,125003,36,10.95,4089.48,Car,thrissur,01/01/2023
LN004564,CU003924,2023-05-20,89049,60,13.35,2042.13,"Commercial Vehicle",mumbai,20/05/2023
LN003371,CU000797,2021-08-27,256044,12,14.07,22997.89,"Two wheeler",thrissur,27/08/2021
LN000700,CU002479,2022-07-01,180943,12,13.39,16194.46,"Two wheeler",pune,01/07/2022
LN002298,CU004005,2024-01-18,380781,24,13.52,18196.17,Car,hyderabad,01/18/2024
LN002044,CU001042,2024-05-27,173133,48,10.18,4406.08,"Two wheeler",chennai,27/05/2024
LN001375,CU004031,2021-07-02,104757,24,12.51,4956.26,Tractor,kolkata,2021-07-02
LN002647,CU002129,2021-04-18,64640,12,15.34,5844.67,"Commercial Vehicle",kozhikode,2021-04-18
LN004049,CU004568,2022-03-28,162693,24,12.78,7717.92,Car,coimbatore,28/03/2022
LN001012,CU000185,2021-03-29,98611,60,17.83,2494.96,"Two wheeler",thrissur,2021-03-29
LN002992,CU002533,2022-04-01,137570,12,14.08,12357.19,"Commercial Vehicle",bangalore,2022-04-01
LN003195,CU001949,2022-10-05,69614,12,12.24,6192.94,"Two wheeler",kozhikode,2022-10-05
LN001301,CU004417,2021-05-18,183932,48,18.22,5424.17,Car,kolkata,05/18/2021
LN004360,CU004138,2021-01-24,196385,24,17.02,9711.61,Car,ahmedabad,24/01/2021
LN003973,CU003408,2023-04-02,168209,36,16.36,5943.67,"Commercial Vehicle",kochi,2023-04-02
LN004195,CU004401,2021-04-12,100996,36,14.97,3499.58,"Commercial Vehicle",ahmedabad,12/04/2021
LN003962,CU001004,2021-06-17,97511,24,14.8,4718.72,"Commercial Vehicle",hyderabad,06/17/2021
LN002160,CU002667,2024-03-23,281979,36,16.29,9953.96,Car,ahmedabad,2024-03-23
LN003534,CU002791,2024-03-09,172406,24,13.3,8220.81,"Commercial Vehicle",pune,2024-03-09
LN004735,CU003063,2024-06-11,365677,48,13.23,9851.99,"Two wheeler",kolkata,2024-06-11
LN004005,CU004553,2022-12-16,47716,60,16.97,1185.1,"Commercial Vehicle",hyderabad,12/16/2022
LN000149,CU001306,2023-04-04,138222,60,15.87,3351.75,"Commercial Vehicle",chennai,04/04/2023
LN004316,CU002110,2021-02-03,86123,36,14.63,2969.9,Car,pune,03/02/2021
LN004683,CU001736,2023-02-09,228030,24,12.72,10811,Car,mumbai,"09 Feb 2023"
LN004716,CU000231,2023-10-03,120882,36,10.53,3930.67,"Two wheeler",ahmedabad,"03 Oct 2023"
LN000531,CU003510,2023-06-28,320778,60,18.45,8224.38,"Two wheeler",kolkata,28/06/2023
LN000987,CU001785,2022-11-10,124535,12,9.75,10934.13,Car,kochi,"10 Nov 2022"
LN004262,CU002981,2023-11-09,44749,24,17.1,2214.64,Car,hyderabad,"09 Nov 2023"
LN004324,CU003229,2023-06-04,123609,24,9.56,5678.86,Car,kozhikode,04/06/2023
LN004349,CU000698,2024-01-15,154368,36,10.61,5025.35,Car,coimbatore,"15 Jan 2024"
LN003171,CU000444,2023-08-05,45022,24,15.97,2203.77,Car,kolkata,2023-08-05
LN004833,CU004216,2021-03-27,217681,48,11.56,5685.46,"Commercial Vehicle",kolkata,03/27/2021
LN004524,CU001364,2023-10-11,97397,48,10.9,2512.55,"Two wheeler",kolkata,11/10/2023
LN004801,CU002011,2023-01-28,80575,36,12.79,2706.75,"Two wheeler",ahmedabad,2023-01-28
LN001942,CU002008,2023-03-15,103498,36,11.64,3419.85,Car,ahmedabad,15/03/2023
LN002659,CU001823,2022-11-16,116263,48,13.69,3159.01,"Commercial Vehicle",ahmedabad,2022-11-16
LN002872,CU004374,2024-05-19,59368,48,17.81,1738.05,"Two wheeler",hyderabad,"19 May 2024"
LN001293,CU003851,2023-03-01,185847,24,13.75,8901.12,"Two wheeler",ahmedabad,"01 Mar 2023"
LN000359,CU001956,2023-06-08,61831,36,16.78,2197.68,"Two wheeler",kochi,"08 Jun 2023"
LN002786,CU002278,2021-08-06,149543,36,11.53,4933.46,"Two wheeler",ahmedabad,06/08/2021
LN002341,CU003699,2022-06-25,144318,24,12.7,6840.82,Car,coimbatore,06/25/2022
LN003225,CU003342,2022-03-11,105734,12,15.38,9562.34,Car,kozhikode,2022-03-11
LN000034,CU001379,2022-03-25,82364,60,9.96,1748.37,"Two wheeler",mumbai,03/25/2022
LN000330,CU002774,2024-02-23,106084,60,14.02,2469.49,"Two wheeler",kochi,23/02/2024
LN003524,CU000139,2021-08-28,224054,24,13.22,10675.1,Tractor,pune,2021-08-28
LN004412,CU002941,2023-06-28,102449,48,13.02,2749.47,"Two wheeler",ahmedabad,06/28/2023
LN004031,CU002817,2021-01-12,170870,48,9.59,4300.14,"Two wheeler",thrissur,12/01/2021
LN004054,CU000132,2022-08-18,129709,24,14.83,6278.68,Car,kolkata,"18 Aug 2022"
LN001537,CU001129,2022-11-18,144380,36,18.04,5222.58,"Commercial Vehicle",delhi,11/18/2022
LN001888,CU002759,2023-03-15,82335,24,16.61,4055.42,"Two wheeler",ahmedabad,2023-03-15
LN004485,CU000751,2021-03-03,396455,24,11.64,18595.93,"Commercial Vehicle",delhi,03/03/2021
LN002157,CU003271,2022-07-25,219290,60,12.3,4911.29,"Two wheeler",pune,07/25/2022
LN003424,CU001967,2021-08-05,157051,36,13.14,5302.27,"Commercial Vehicle",ahmedabad,05/08/2021
LN003739,CU002363,2021-12-22,147890,36,15.52,5164.4,"Commercial Vehicle",coimbatore,22/12/2021
LN000687,CU002550,2023-01-23,169188,60,15.72,4089.2,"Two wheeler",delhi,"23 Jan 2023"
LN001262,CU000008,2021-06-08,84551,36,14.49,2909.92,"Two wheeler",thrissur,2021-06-08
LN004266,CU003637,2024-06-19,313024,36,10.78,10215.42,"Two wheeler",bangalore,2024-06-19
LN002884,CU002019,2023-04-11,113723,60,11.18,2482.83,Car,thrissur,2023-04-11
LN001406,CU000030,2022-09-27,96443,48,16.84,2774.89,"Two wheeler",delhi,27/09/2022
LN000693,CU003282,2024-01-03,181796,36,12.18,6053.87,Tractor,ahmedabad,"03 Jan 2024"
LN003167,CU003204,2021-03-05,91912,60,11.42,2017.7,"Commercial Vehicle",kozhikode,2021-03-05
LN003016,CU002588,2022-11-12,120533,36,10.17,3898.89,"Commercial Vehicle",thrissur,12/11/2022
LN003750,CU000679,2022-01-12,94773,36,15.06,3288.12,"Two wheeler",delhi,12/01/2022
LN003766,CU004584,2023-10-12,113042,24,17.14,5596.66,"Two wheeler",ahmedabad,2023-10-12
LN003824,CU002935,2022-03-06,55003,36,16.27,1941.08,"Commercial Vehicle",hyderabad,06/03/2022
LN004884,CU001989,2021-11-20,118941,48,17.27,3448.68,"Two wheeler",kochi,11/20/2021
LN001764,CU003852,2024-11-06,60058,36,12.26,2002.25,Car,delhi,06/11/2024
LN001988,CU003782,2024-04-10,261439,36,10.34,8477.7,"Two wheeler",hyderabad,"10 Apr 2024"
LN000674,CU004187,2024-06-11,82666,24,16.23,4056.68,"Two wheeler",hyderabad,2024-06-11
LN000753,CU001144,2022-10-04,94979,24,14.12,4565.6,Car,kozhikode,04/10/2022
LN004605,CU003965,2023-09-09,210787,36,10.6,6861.04,Car,kozhikode,"09 Sep 2023"
LN003169,CU004223,2022-03-05,65889,36,11.42,2170.25,Car,kolkata,05/03/2022
LN003211,CU000911,2021-11-24,144805,36,13.25,4896.51,Car,thrissur,11/24/2021
LN003839,CU000279,2022-02-23,74613,36,13.35,2526.6,"Commercial Vehicle",kozhikode,2022-02-23
LN004417,CU000694,2024-01-03,156383,36,12.08,5200.13,"Commercial Vehicle",chennai,03/01/2024
LN000129,CU001901,2024-02-24,111072,36,12.87,3735.5,"Two wheeler",delhi,24/02/2024
LN000803,CU004210,2022-02-02,95965,48,13.57,2601.73,"Two wheeler",kochi,"02 Feb 2022"
LN000388,CU002705,2023-03-27,118149,36,13.11,3987.17,"Commercial Vehicle",hyderabad,27/03/2023
LN004964,CU003615,2022-10-12,93933,36,15.24,3267.27,"Two wheeler",kolkata,2022-10-12
LN001007,CU003673,2021-06-26,155548,24,12.45,7354.92,"Two wheeler",ahmedabad,26/06/2021
LN000808,CU000691,2022-10-27,79180,24,13.89,3797.55,"Two wheeler",thrissur,2022-10-27
LN000653,CU000139,2023-09-08,153101,24,9.63,7038.72,Car,hyderabad,2023-09-08
LN002046,CU003031,2024-03-22,128528,24,16.84,6344.84,Car,ahmedabad,03/22/2024
LN001894,CU002397,2022-06-19,236524,12,14.99,21347.14,"Two wheeler",kolkata,2022-06-19
LN003430,CU002454,2022-10-05,189329,24,14.49,9134.12,"Commercial Vehicle",bangalore,05/10/2022
LN001153,CU002359,2022-05-17,265768,36,11.33,8742.5,Car,ahmedabad,2022-05-17
LN004201,CU001361,2021-03-17,85587,60,15.39,2053.67,Car,hyderabad,2021-03-17
LN003549,CU003066,2023-04-10,80153,24,12.08,3776.08,"Two wheeler",mumbai,10/04/2023
LN002335,CU000619,2022-06-25,169288,36,17.17,6049.91,"Two wheeler",coimbatore,2022-06-25
LN002790,CU001595,2023-06-01,407364,36,17.6,14645.57,"Two wheeler",thrissur,01/06/2023
LN002316,CU000387,2024-05-21,351146,24,12.15,16554.27,"Two wheeler",ahmedabad,05/21/2024
LN004694,CU002625,2023-05-22,251357,60,13.61,5797.94,"Two wheeler",chennai,"22 May 2023"
LN000952,CU000593,2024-06-25,302830,36,16.93,10786.17,"Two wheeler",kolkata,25/06/2024
LN002414,CU002552,2022-11-24,299534,60,12.33,6713.03,Car,mumbai,11/24/2022
LN004467,CU000171,2023-02-09,181373,48,14.98,5045.91,Car,mumbai,2023-02-09
LN003710,CU001547,2023-08-29,163592,48,14.44,4506.58,Car,ahmedabad,29/08/2023
LN001422,CU001805,2021-05-31,68241,12,12.99,6094.78,"Commercial Vehicle",thrissur,05/31/2021
LN000968,CU002535,2021-03-02,120724,60,12.86,2738.2,Car,chennai,02/03/2021
LN004070,CU001124,2024-01-12,121446,24,10.35,5623.76,Car,hyderabad,"12 Jan 2024"
LN000081,CU000222,2023-03-23,139910,24,16.97,6915.45,Car,ahmedabad,03/23/2023
LN002590,CU000575,2021-12-31,123622,24,9.95,5701.68,Car,mumbai,2021-12-31
LN002059,CU004365,2021-06-30,63357,24,11.41,2965.01,"Commercial Vehicle",coimbatore,2021-06-30
LN004139,CU002452,2022-10-20,85914,36,18.3,3118.94,"Two wheeler",kozhikode,2022-10-20
LN001604,CU000524,2021-08-14,185623,48,11.06,4802.93,Tractor,kozhikode,2021-08-14
LN000666,CU001203,2024-04-22,52187,12,12.13,4639.93,Car,delhi,2024-04-22
LN003085,CU000030,2024-04-15,299047,36,15.55,10447.29,"Commercial Vehicle",chennai,2024-04-15
LN001358,CU000623,2022-06-14,108147,36,10.18,3498.75,Car,bangalore,06/14/2022
LN001439,CU003352,2022-04-29,199442,24,16.16,9780.55,Car,hyderabad,2022-04-29
LN003009,CU001559,2022-10-26,382987,48,11.72,10032.94,Tractor,delhi,26/10/2022
LN002258,CU002154,2022-05-08,191806,48,17.2,5554.44,"Two wheeler",coimbatore,08/05/2022
LN003407,CU002114,2023-07-15,506445,36,11.34,16662.02,Car,mumbai,2023-07-15
LN003271,CU004534,2021-04-19,81695,12,15.28,7384.45,Car,mumbai,2021-04-19
LN002938,CU001084,2023-09-01,136414,12,11.69,12100.44,"Two wheeler",kozhikode,2023-09-01
LN003814,CU001825,2022-05-10,93740,48,16.96,2702.93,Car,kochi,2022-05-10
LN000203,CU004297,2023-04-03,348610,36,16.88,12408.09,Car,chennai,03/04/2023
LN002049,CU004219,2022-06-10,145118,60,15.76,3510.51,Car,chennai,10/06/2022
LN004279,CU003101,2023-09-08,161722,36,14.58,5572.94,Car,kolkata,2023-09-08
LN002612,CU003322,2023-02-22,90534,24,17.27,4487.96,"Two wheeler",kozhikode,2023-02-22
LN001867,CU000068,2022-05-25,158560,48,14.25,4352.8,Car,kolkata,2022-05-25
LN004634,CU000623,2021-05-26,313405,24,14.59,15134.98,"Commercial Vehicle",chennai,2021-05-26
LN000759,CU001711,2023-06-16,227161,36,12.99,7652.86,"Commercial Vehicle",hyderabad,2023-06-16
LN000015,CU001125,2022-02-14,136607,24,10.19,6315.71,Car,kozhikode,"14 Feb 2022"
LN003400,CU002224,2022-12-06,256257,60,10.33,5486.41,"Commercial Vehicle",chennai,2022-12-06
LN000814,CU003737,2021-07-19,284914,60,15.11,6794.55,Car,kochi,19/07/2021
LN003832,CU001795,2023-10-16,229924,48,18.43,6805.79,"Two wheeler",coimbatore,2023-10-16
LN003164,CU003159,2022-05-12,283257,60,17.88,7174.39,Car,mumbai,12/05/2022
LN002243,CU002158,2022-07-03,158145,36,15.49,5520.17,"Commercial Vehicle",coimbatore,03/07/2022
LN000911,CU001004,2022-08-08,83853,24,15.1,4069.74,"Two wheeler",hyderabad,08/08/2022
LN003383,CU003430,2022-06-27,209587,60,9.89,4441.77,Tractor,chennai,27/06/2022
LN002890,CU001655,2021-03-17,119560,24,14.85,5788.55,"Two wheeler",ahmedabad,"17 Mar 2021"
LN004645,CU001543,2021-10-25,122463,12,15.73,11095.53,"Commercial Vehicle",thrissur,"25 Oct 2021"
LN002645,CU003700,2023-10-28,98298,24,14.96,4764.27,"Two wheeler",ahmedabad,2023-10-28
LN003218,CU001941,2021-02-24,105243,60,16.55,2590.16,"Commercial Vehicle",pune,"24 Feb 2021"
LN002630,CU002509,2021-12-02,169912,48,11.19,4407.16,"Two wheeler",chennai,2021-12-02
LN004101,CU002219,2022-06-13,337449,36,11.17,11074.83,"Two wheeler",kozhikode,2022-06-13
LN004184,CU004552,2023-08-07,290888,36,11.87,9643.59,"Two wheeler",mumbai,2023-08-07
LN004389,CU000310,2021-09-24,253549,48,14.86,7038.48,"Two wheeler",kolkata,09/24/2021
LN003860,CU003512,2023-12-06,105902,36,14.85,3663.35,Car,delhi,06/12/2023
LN001860,CU001095,2024-02-10,225312,36,12.02,7485.74,"Commercial Vehicle",pune,2024-02-10
LN001883,CU000183,2023-07-06,59064,36,12.21,1967.7,"Two wheeler",kolkata,06/07/2023
LN004557,CU003155,2022-10-29,115489,24,14.1,5550.42,"Two wheeler",coimbatore,"29 Oct 2022"
LN004370,CU003789,2022-03-13,156264,24,10.24,7228.11,"Two wheeler",hyderabad,2022-03-13
LN004257,CU001487,2021-03-16,116993,48,11.86,3072.84,"Commercial Vehicle",kolkata,2021-03-16
LN004304,CU003069,2022-04-16,193459,36,14.42,6651.5,"Commercial Vehicle",delhi,04/16/2022
LN001389,CU000323,2021-03-12,82543,48,17.7,2411.78,Car,kozhikode,2021-03-12
LN004227,CU004258,2023-10-06,57607,24,11.05,2686.28,"Two wheeler",ahmedabad,"06 Oct 2023"
LN004271,CU004089,2022-02-26,123683,48,16.97,3566.96,"Two wheeler",coimbatore,2022-02-26
LN003110,CU000154,2022-05-03,272287,36,14.3,9345.85,"Commercial Vehicle",kochi,2022-05-03
LN004937,CU002941,2022-07-24,43558,24,14.24,2096.29,"Two wheeler",kozhikode,07/24/2022
LN000311,CU002769,2021-05-07,87223,36,10.48,2834.14,"Commercial Vehicle",hyderabad,07/05/2021
LN004204,CU001898,2021-07-13,67100,12,16.33,6098.52,Tractor,chennai,"13 Jul 2021"
LN004559,CU003047,2023-08-01,250744,36,11.96,8323.5,"Commercial Vehicle",delhi,2023-08-01
LN002358,CU000229,2021-06-02,116571,24,11.98,5486.31,"Two wheeler",mumbai,2021-06-02
LN000862,CU003880,2022-05-12,170941,24,17.22,8469.79,Car,mumbai,"12 May 2022"
LN004617,CU000713,2022-01-03,98000,24,13.35,4675.23,"Two wheeler",hyderabad,2022-01-03
LN000991,CU002075,2022-12-07,107663,48,18.47,3189.1,"Two wheeler",pune,2022-12-07
LN004516,CU000065,2024-01-19,289190,60,16.18,7060.23,"Commercial Vehicle",bangalore,19/01/2024
LN000038,CU000089,2021-12-05,146802,12,13.18,13124.36,"Two wheeler",pune,2021-12-05
LN004874,CU000209,2021-07-14,60298,60,13.15,1376.6,Car,thrissur,2021-07-14
LN003946,CU003195,2022-07-29,54987,36,18.03,1988.74,"Commercial Vehicle",hyderabad,29/07/2022
LN000007,CU001870,2023-08-07,200920,36,10.44,6524.71,Car,chennai,2023-08-07
LN002943,CU001423,2023-09-03,254167,48,13.19,6842.66,"Two wheeler",kochi,03/09/2023
LN002747,CU000561,2024-02-24,136287,36,15.75,4774.64,Tractor,pune,2024-02-24
LN003245,CU000458,2022-03-01,220671,48,16.79,6343.52,"Two wheeler",kolkata,2022-03-01
LN000177,CU003757,2023-01-16,173700,12,11.58,15398.93,"Commercial Vehicle",bangalore,16/01/2023
LN002138,CU003350,2023-08-30,94505,36,12.59,3165.62,"Two wheeler",bangalore,2023-08-30
LN002045,CU002554,2021-11-18,106613,36,15.79,3737.15,Car,thrissur,11/18/2021
LN001821,CU000534,2022-11-20,144955,36,18.04,5243.38,"Commercial Vehicle",hyderabad,"20 Nov 2022"
LN001339,CU001585,2022-08-28,225252,48,12.26,5960.54,"Commercial Vehicle",coimbatore,08/28/2022
LN003180,CU000802,2023-08-13,134805,48,13.78,3668.89,"Commercial Vehicle",ahmedabad,"13 Aug 2023"
LN003057,CU001417,2022-03-02,312338,60,12.1,6963.58,Car,kozhikode,02/03/2022
LN003373,CU000581,2023-12-31,111819,36,16.05,3933.99,"Two wheeler",mumbai,12/31/2023
LN003377,CU001989,2023-01-02,94568,36,13.47,3207.82,"Two wheeler",kolkata,02/01/2023
LN002544,CU000559,2021-04-24,46585,24,11.89,2190.53,"Two wheeler",mumbai,04/24/2021
LN001443,CU003290,2021-12-19,136247,24,12.87,6469.11,"Two wheeler",kolkata,12/19/2021
LN000405,CU000739,2023-05-17,132464,36,16.59,4695.72,"Two wheeler",ahmedabad,2023-05-17
LN004687,CU002425,2022-12-28,91817,24,10.67,4265.34,Car,chennai,2022-12-28
LN002626,CU000539,2023-12-05,181939,24,16.29,8933.53,Car,mumbai,2023-12-05
LN002263,CU003288,2022-06-06,122252,12,13.88,10969.75,"Two wheeler",thrissur,"06 Jun 2022"
LN002077,CU002049,2021-10-02,211387,36,13.55,7178.59,"Two wheeler",kozhikode,02/10/2021
LN001489,CU004595,2021-02-02,59695,48,16.14,1696.06,"Two wheeler",hyderabad,"02 Feb 2021"
LN002707,CU003774,2021-06-08,261688,36,15.41,9124.13,"Commercial Vehicle",mumbai,08/06/2021
LN001893,CU000786,2023-02-27,77944,36,10.64,2538.52,"Two wheeler",ahmedabad,02/27/2023
LN003735,CU002768,2023-08-07,81567,60,15.81,1975.33,"Two wheeler",hyderabad,07/08/2023
LN002194,CU004147,2021-03-10,115365,24,12.32,5447.89,"Two wheeler",mumbai,"10 Mar 2021"
LN003694,CU003389,2021-09-10,100034,24,14.36,4819.95,"Two wheeler",chennai,10/09/2021
LN001420,CU003760,2022-06-10,152467,36,11.65,5038.64,Car,ahmedabad,2022-06-10
LN003135,CU003105,2023-12-05,123979,24,18.5,6219.53,"Two wheeler",kolkata,2023-12-05
LN004119,CU003879,2023-07-14,175262,24,11.8,8233.83,"Two wheeler",mumbai,14/07/2023
LN002369,CU000889,2024-01-19,197772,36,11.4,6512.33,Car,bangalore,2024-01-19
LN002030,CU004509,2024-05-18,156921,36,13.53,5327.44,"Two wheeler",pune,2024-05-18
LN004382,CU002585,2024-04-18,78105,36,16.73,2774.17,"Two wheeler",bangalore,18/04/2024
LN000195,CU001619,2021-09-18,168926,36,17.9,6098.61,"Two wheeler",bangalore,2021-09-18
LN002550,CU001400,2021-04-15,157100,24,15.29,7638.92,"Two wheeler",bangalore,04/15/2021
LN001036,CU000834,2021-08-25,81893,36,15.56,2861.36,Tractor,bangalore,"25 Aug 2021"
LN003920,CU003529,2021-04-30,459468,24,11.32,21483.14,"Two wheeler",kolkata,30/04/2021
LN003321,CU003627,2024-05-07,131150,24,10.51,6082.82,"Commercial Vehicle",hyderabad,2024-05-07
LN003344,CU002113,2021-12-06,265180,36,17.2,9480.81,"Two wheeler",kochi,2021-12-06
LN001851,CU004239,2024-09-01,224062,12,16.15,20345.25,"Commercial Vehicle",kolkata,01/09/2024
LN004294,CU000296,2021-09-23,64914,12,16.52,5905.69,"Two wheeler",mumbai,2021-09-23
LN004585,CU004102,2023-09-02,159686,36,17.62,5742.64,"Commercial Vehicle",hyderabad,02/09/2023
LN001705,CU002443,2021-12-23,274742,24,14.18,13214.53,Tractor,coimbatore,12/23/2021
LN001689,CU001971,2024-12-04,100231,60,11.66,2212.4,Car,pune,04/12/2024
LN002132,CU002524,2021-05-31,225037,36,13.32,7617.12,"Two wheeler",kolkata,05/31/2021
LN003514,CU001691,2021-05-02,80453,24,9.85,3706.93,Car,thrissur,02/05/2021
LN004287,CU002743,2023-11-28,107527,60,12.52,2420.23,Car,ahmedabad,"28 Nov 2023"
LN000066,CU003013,2022-09-01,169720,36,10.51,5517.12,"Two wheeler",kozhikode,2022-09-01
LN001690,CU003284,2021-08-07,280100,48,14.26,7690.73,"Commercial Vehicle",chennai,2021-08-07
LN004829,CU001453,2021-01-01,187327,48,13.23,5046.92,Car,chennai,2021-01-01
LN003427,CU002590,2022-04-21,138587,12,17.69,12685.22,"Two wheeler",thrissur,2022-04-21
LN003778,CU003526,2023-01-09,70247,24,14.74,3397.37,Car,kozhikode,09/01/2023
LN000233,CU002633,2021-11-08,103675,60,11.43,2276.44,"Commercial Vehicle",coimbatore,2021-11-08
LN001096,CU000040,2021-03-07,93208,12,14.87,8407.08,Car,mumbai,2021-03-07
LN000288,CU000602,2024-02-18,187911,24,11.07,8764.23,"Commercial Vehicle",pune,"18 Feb 2024"
LN003246,CU001711,2022-06-02,173506,24,13.76,8310.86,Car,mumbai,02/06/2022
LN004384,CU000276,2023-08-03,145372,24,10.8,6761.98,Car,coimbatore,2023-08-03
LN002199,CU004318,2023-03-29,110221,48,13.33,2975.04,"Two wheeler",hyderabad,03/29/2023
LN000529,CU004395,2022-07-10,76412,36,12.26,2547.47,"Two wheeler",hyderabad,2022-07-10
LN000837,CU001055,2021-10-05,98057,24,16.65,4831.69,Car,chennai,05/10/2021
LN004194,CU001742,2023-10-29,470862,36,17.27,16850.85,Tractor,hyderabad,2023-10-29
LN004398,CU003793,2022-03-03,118866,36,14.61,4097.86,Car,chennai,2022-03-03
LN003493,CU000855,2021-08-01,122168,24,18.4,6122.77,"Two wheeler",hyderabad,01/08/2021
LN004792,CU000496,2021-05-19,175589,36,16.87,6248.87,Car,kochi,2021-05-19
LN001733,CU003281,2021-04-20,177368,12,15.75,16071.77,"Commercial Vehicle",ahmedabad,"20 Apr 2021"
LN002007,CU003970,2022-09-22,82728,24,16.81,4082.71,Tractor,ahmedabad,22/09/2022
LN001667,CU003950,2022-01-13,157997,24,13.72,7565.01,"Two wheeler",kochi,"13 Jan 2022"
LN000238,CU001309,2021-10-05,133720,48,12.05,3524.64,"Commercial Vehicle",mumbai,05/10/2021
LN003184,CU004161,2023-12-31,145391,24,17.16,7199.64,Car,bangalore,12/31/2023
LN001587,CU002703,2024-06-14,127066,24,11.1,5928.17,Car,kolkata,"14 Jun 2024"
LN001438,CU004349,2024-01-17,68747,60,11.85,1524.03,"Commercial Vehicle",bangalore,"17 Jan 2024"
LN004912,CU001563,2023-02-20,155460,60,15.55,3743.42,Car,coimbatore,20/02/2023
LN004599,CU003876,2021-08-02,299956,24,13.91,14389,Car,kozhikode,02/08/2021
LN001752,CU002500,2024-05-31,146913,60,11.42,3225.1,"Two wheeler",hyderabad,2024-05-31
LN002337,CU003094,2021-06-19,143618,24,17.78,7154.74,"Two wheeler",thrissur,06/19/2021
LN002760,CU001983,2021-02-07,85395,24,12.29,4031.41,"Two wheeler",coimbatore,2021-02-07
LN003482,CU002783,2023-12-23,122256,36,11.85,4051.9,"Two wheeler",pune,2023-12-23
LN003060,CU001103,2021-09-22,161345,36,11.93,5353.57,"Two wheeler",bangalore,2021-09-22
LN000114,CU000050,2023-12-30,89064,60,16.72,2200.08,"Two wheeler",hyderabad,2023-12-30
LN003994,CU001672,2021-11-30,63489,24,16.65,3128.37,"Two wheeler",delhi,2021-11-30
LN004032,CU000534,2021-10-16,115922,48,17.13,3352.74,"Two wheeler",kochi,"16 Oct 2021"
LN004950,CU000081,2022-11-18,169578,24,18.23,8484.89,"Two wheeler",kozhikode,2022-11-18
LN001768,CU001339,2024-05-16,104512,24,17.97,5216.15,"Two wheeler",pune,"16 May 2024"
LN001404,CU001924,2021-05-16,200490,36,18.35,7283.44,"Two wheeler",delhi,16/05/2021
LN003485,CU001037,2021-12-15,207224,48,9.68,5223.95,"Commercial Vehicle",delhi,"15 Dec 2021"
LN004831,CU000875,2023-09-26,153316,36,17.63,5514.33,"Commercial Vehicle",pune,26/09/2023
LN000257,CU002111,2021-09-04,337466,24,10.58,15662.84,Car,kozhikode,2021-09-04
LN001503,CU002490,2022-06-03,93536,36,17.82,3373.11,Car,pune,2022-06-03
LN003359,CU003203,2023-11-24,139354,60,9.68,2938.97,"Commercial Vehicle",delhi,2023-11-24
LN004697,CU001055,2023-02-24,146677,36,11.09,4808.27,"Two wheeler",kozhikode,2023-02-24
LN000834,CU001161,2021-09-02,110274,48,15.08,3073.48,"Commercial Vehicle",thrissur,02/09/2021
LN000752,CU003568,2021-06-09,126803,24,13.85,6079.2,Tractor,kochi,2021-06-09
LN001330,CU003844,2023-07-23,126884,24,14.17,6102.26,Car,kozhikode,2023-07-23
LN003604,CU000293,2022-10-20,115486,24,14.4,5566.66,Car,kochi,20/10/2022
LN003366,CU000220,2024-03-02,255105,24,15.7,12454.2,Car,kolkata,2024-03-02
LN004203,CU002238,2024-01-18,156000,24,17.75,7769.33,"Two wheeler",pune,"18 Jan 2024"
LN004022,CU001112,2021-05-02,94603,48,12.48,2513.61,"Two wheeler",hyderabad,2021-05-02
LN000616,CU003633,2022-01-30,405313,48,12.42,10757.22,Car,kozhikode,2022-01-30
LN002104,CU002360,2024-02-06,142199,48,12.85,3804.27,"Two wheeler",kochi,2024-02-06
LN004691,CU000055,2024-03-26,91252,24,11.27,4264.51,Car,mumbai,2024-03-26
LN001389,CU000323,2021-03-12,82543,48,17.7,2411.78,Car,kozhikode,2021-03-12
LN001637,CU000281,2022-03-13,131733,48,11.34,3426.5,"Two wheeler",kozhikode,2022-03-13
LN004082,CU001209,2022-10-23,101863,12,17.46,9312.64,Car,chennai,2022-10-23
LN003550,CU002424,2022-10-17,73334,24,11.31,3428.5,Car,chennai,10/17/2022
LN003685,CU003112,2023-11-04,95876,24,14.76,4637.78,Car,mumbai,04/11/2023
LN001869,CU002322,2022-11-01,153616,24,10.41,7117.7,"Two wheeler",bangalore,01/11/2022
LN002958,CU001787,2021-05-31,88969,12,13.66,7974.04,Tractor,kochi,2021-05-31
LN000067,CU000714,2023-11-30,124286,36,14.39,4271.38,Car,pune,2023-11-30
LN002552,CU004380,2022-12-01,166689,36,15.01,5779.15,Car,mumbai,2022-12-01
LN001728,CU003701,2021-12-15,54594,24,16.25,2679.62,Car,chennai,2021-12-15
LN003289,CU004098,2024-05-27,251966,48,10.52,6453.62,"Commercial Vehicle",ahmedabad,2024-05-27
LN002744,CU000290,2023-10-06,60322,36,17.07,2152.75,"Commercial Vehicle",hyderabad,06/10/2023
LN004707,CU000198,2022-12-07,61905,36,17.18,2212.63,Car,coimbatore,07/12/2022
LN003067,CU001160,2024-02-22,107929,12,18.25,9907.78,"Two wheeler",kochi,02/22/2024
LN003863,CU004556,2022-03-14,132217,36,14.1,4525.29,"Two wheeler",coimbatore,2022-03-14
LN003636,CU000251,2023-04-12,53704,48,11.86,1410.54,"Commercial Vehicle",pune,"12 Apr 2023"
LN004075,CU003384,2023-09-17,227013,24,14.56,10959.7,Tractor,coimbatore,2023-09-17
LN001468,CU003248,2022-12-20,57439,36,12.33,1916.86,Car,thrissur,2022-12-20
LN004636,CU003139,2023-07-19,308009,24,16.76,15193.17,"Two wheeler",kozhikode,2023-07-19
LN003206,CU000302,2021-03-25,81305,48,15.7,2291.73,Car,hyderabad,"25 Mar 2021"
LN004578,CU004323,2022-12-13,240039,36,16.25,8468.72,"Two wheeler",coimbatore,2022-12-13
LN000602,CU002530,2021-05-17,405615,60,13.64,9362.42,Car,delhi,2021-05-17
LN004261,CU001833,2021-12-22,111674,48,15.39,3130.09,Car,kochi,22/12/2021
LN001273,CU000622,2022-03-14,324638,36,14.36,11152.2,Car,pune,2022-03-14
LN000856,CU003508,2021-11-01,223218,48,13.97,6096.4,"Two wheeler",chennai,01/11/2021
LN000345,CU002231,2023-05-13,67248,36,18,2431.18,Tractor,ahmedabad,2023-05-13
LN004183,CU004304,2022-03-24,93953,12,13.25,8402.65,Car,hyderabad,"24 Mar 2022"
LN002332,CU004286,2023-03-11,58105,12,14.37,5227.2,Car,hyderabad,11/03/2023
LN001465,CU003956,2024-02-04,140302,48,13.73,3814.98,Car,kolkata,2024-02-04
LN000168,CU002207,2022-03-24,145268,60,11.48,3193.36,Car,pune,24/03/2022
LN002787,CU003382,2022-10-06,110390,48,18.2,3254.25,"Two wheeler",mumbai,2022-10-06
LN002895,CU001395,2021-07-10,128809,60,14.47,3028.64,Car,mumbai,"10 Jul 2021"
LN002299,CU001459,2023-12-20,133456,60,11.07,2906.32,"Commercial Vehicle",pune,12/20/2023
LN000309,CU004428,2021-01-26,214326,36,10.02,6917.71,"Commercial Vehicle",chennai,"26 Jan 2021"
LN001935,CU003038,2023-06-20,191487,60,14.7,4525.36,"Two wheeler",coimbatore,2023-06-20
LN004351,CU001494,2022-05-05,98217,36,9.5,3146.18,"Two wheeler",kozhikode,2022-05-05
LN000731,CU003621,2021-01-07,81568,36,11.23,2679.32,Tractor,pune,2021-01-07
LN003314,CU004215,2023-03-31,100135,36,12.92,3370.09,"Commercial Vehicle",ahmedabad,2023-03-31
LN002528,CU000927,2023-08-29,180808,36,18.45,6577.53,Car,coimbatore,08/29/2023
LN000770,CU003240,2023-01-09,280343,12,9.9,24633.57,"Two wheeler",hyderabad,09/01/2023
LN002264,CU001829,2022-12-03,249671,24,15.66,12184.15,"Two wheeler",mumbai,"03 Dec 2022"
LN003083,CU002453,2021-10-20,110301,60,16.66,2721.14,Car,kolkata,2021-10-20
LN000978,CU003118,2022-08-27,100310,36,10.98,3283.07,"Two wheeler",hyderabad,08/27/2022
LN002615,CU000271,2022-03-29,170200,12,16.31,15467.37,Car,hyderabad,03/29/2022
LN004300,CU002120,2022-11-13,250300,36,16.86,8906.45,Car,kochi,13/11/2022
LN002023,CU001540,2021-01-18,462532,48,14.2,12685.82,Car,chennai,18/01/2021
LN001260,CU003028,2021-11-07,133877,24,12.93,6360.36,"Two wheeler",kolkata,07/11/2021
LN000292,CU003702,2022-06-18,256392,24,17.79,12774.14,Car,mumbai,06/18/2022
LN003582,CU000213,2021-12-05,122922,24,16.5,6048.05,Car,kolkata,05/12/2021
LN001730,CU003931,2021-09-12,120515,48,10.3,3073.96,Tractor,delhi,12/09/2021
LN003058,CU000391,2021-01-27,91690,48,16.79,2635.77,Tractor,bangalore,27/01/2021
LN001251,CU004426,2024-05-24,74237,36,16.7,2635.68,Car,hyderabad,24/05/2024
LN000542,CU003684,2023-11-04,172894,24,14.99,8382.23,Car,hyderabad,2023-11-04
LN003629,CU000240,2023-10-07,57868,36,10.58,1883.04,"Two wheeler",thrissur,2023-10-07
LN000642,CU004431,2021-03-23,112218,12,16.85,10226.83,"Two wheeler",ahmedabad,2021-03-23
LN002172,CU000966,2024-06-17,54089,12,10.71,4773.16,Car,kolkata,06/17/2024
LN000217,CU000102,2022-09-09,94619,60,13.94,2198.68,"Two wheeler",thrissur,09/09/2022
LN000720,CU003080,2023-03-02,84544,60,17.45,2121.65,"Two wheeler",thrissur,02/03/2023
LN002932,CU002477,2023-04-01,167078,24,13.24,7962.04,Car,bangalore,2023-04-01
LN004839,CU002947,2021-01-26,203435,36,11.82,6739.48,Tractor,chennai,2021-01-26
LN002739,CU003042,2021-07-31,159044,48,10.67,4085.13,"Two wheeler",coimbatore,2021-07-31
LN000634,CU002235,2024-01-16,105542,36,10.34,3422.42,"Two wheeler",coimbatore,01/16/2024
LN000174,CU001330,2023-02-05,87838,48,17.54,2559.18,"Two wheeler",bangalore,05/02/2023
LN003235,CU002001,2023-03-31,106491,48,10.85,2744.56,Car,kolkata,2023-03-31
LN000390,CU003040,2021-11-02,106556,36,12.01,3539.69,"Two wheeler",thrissur,2021-11-02
LN004128,CU004313,2024-02-15,97053,60,15.04,2310.92,"Commercial Vehicle",chennai,2024-02-15
LN003903,CU001375,2022-12-20,147759,48,15.99,4186.77,Car,kozhikode,"20 Dec 2022"
LN004224,CU003227,2022-11-21,79289,48,10.17,2017.45,"Two wheeler",kolkata,2022-11-21
LN002372,CU003450,2023-09-16,118091,36,17.48,4238.53,"Two wheeler",kozhikode,2023-09-16
LN000401,CU002999,2023-10-30,131591,36,14.53,4531.42,"Two wheeler",pune,"30 Oct 2023"
LN004440,CU002959,2022-12-11,120632,36,16.95,4297.86,Car,pune,11/12/2022
LN000754,CU003229,2022-05-08,117779,36,11.43,3879.96,"Commercial Vehicle",mumbai,"08 May 2022"
LN003161,CU002271,2021-08-14,102379,12,11.59,9076.63,Tractor,kochi,14/08/2021
LN004584,CU001521,2022-01-16,256791,48,16.66,7364.62,"Two wheeler",kozhikode,2022-01-16
LN002475,CU003738,2023-06-19,78167,48,16.67,2242.19,Car,kolkata,19/06/2023
LN001028,CU004556,2021-11-14,110075,36,13.66,3743.95,"Commercial Vehicle",mumbai,14/11/2021
LN003724,CU002220,2022-09-19,41442,24,11.66,1944.25,Car,ahmedabad,"19 Sep 2022"
LN001698,CU002365,2023-02-19,154937,36,11.62,5118.05,Car,thrissur,2023-02-19
LN001208,CU002360,2023-01-23,129880,36,17.39,4655.82,Car,thrissur,"23 Jan 2023"
LN004422,CU002813,2022-01-14,154904,12,9.99,13617.8,"Commercial Vehicle",pune,"14 Jan 2022"
LN003580,CU001960,2022-08-18,114321,36,12.37,3817.33,Car,chennai,08/18/2022
LN000357,CU000425,2023-03-17,329012,48,17.35,9553.34,"Commercial Vehicle",bangalore,2023-03-17
LN001425,CU002004,2021-01-18,322365,36,9.77,10367.04,"Two wheeler",kolkata,2021-01-18
LN003803,CU004177,2021-11-25,134912,24,14.06,6481.34,"Two wheeler",delhi,2021-11-25
LN004397,CU000493,2022-01-04,107026,12,12.84,9551.24,Car,coimbatore,2022-01-04
LN001051,CU000784,2022-06-22,89384,24,10.33,4138.25,Car,mumbai,"22 Jun 2022"
LN004576,CU000416,2022-05-27,254153,36,11.52,8383.37,"Two wheeler",pune,2022-05-27
LN003394,CU002031,2023-07-23,358290,24,17.29,17764.63,"Two wheeler",thrissur,"23 Jul 2023"
LN002295,CU003591,2021-03-14,188406,36,16.14,6636.83,"Commercial Vehicle",hyderabad,2021-03-14
LN000201,CU001427,2021-10-04,162100,24,13.65,7756.11,"Two wheeler",kozhikode,04/10/2021
LN002155,CU003461,2023-09-21,104583,60,10.53,2249.45,"Commercial Vehicle",hyderabad,"21 Sep 2023"
LN000764,CU002683,2021-03-11,84016,36,13.75,2861.28,"Two wheeler",coimbatore,11/03/2021
LN004390,CU003295,2023-02-20,190982,36,15.23,6641.98,"Two wheeler",bangalore,02/20/2023
LN004242,CU000871,2022-11-16,96148,36,14.49,3309.04,Car,mumbai,11/16/2022
LN002398,CU000966,2022-11-12,52685,36,10.64,1715.87,Car,bangalore,2022-11-12
LN002969,CU003938,2023-02-27,295865,12,14.08,26576,Car,thrissur,27/02/2023
LN001738,CU002587,2021-11-27,74677,36,12.8,2508.98,Car,chennai,2021-11-27
LN002441,CU003728,2022-04-23,112197,36,16.06,3947.84,"Two wheeler",thrissur,2022-04-23
LN002216,CU001782,2024-02-15,365585,12,14.33,32881.62,Tractor,bangalore,"15 Feb 2024"
LN001432,CU003887,2023-04-16,57243,24,14.35,2757.88,"Two wheeler",kozhikode,2023-04-16
LN002203,CU002008,2024-04-14,167606,60,17.57,4216.98,"Two wheeler",chennai,2024-04-14
LN002462,CU003780,2021-11-03,103145,24,18.05,5151.91,"Commercial Vehicle",delhi,2021-11-03
LN001866,CU002229,2023-09-10,156772,12,11.42,13886.5,"Commercial Vehicle",coimbatore,2023-09-10
LN000272,CU001507,2022-08-25,236706,24,10.25,10950.11,"Two wheeler",mumbai,08/25/2022
LN004647,CU001212,2022-07-10,83744,48,11.02,2165.22,"Two wheeler",chennai,2022-07-10
LN003172,CU003516,2023-01-16,171600,24,17.78,8548.75,"Two wheeler",delhi,01/16/2023
LN004033,CU001779,2023-05-15,158400,48,13.71,4305.51,Car,kochi,2023-05-15
LN004060,CU000702,2024-05-14,160032,36,14.31,5493.64,"Two wheeler",pune,05/14/2024
LN002649,CU002037,2021-09-13,274350,48,18.06,8067.64,Car,hyderabad,"13 Sep 2021"
LN001201,CU002830,2022-03-28,159917,48,18.43,4733.57,"Two wheeler",bangalore,2022-03-28
LN002503,CU002354,2023-12-25,96585,36,18.2,3501.48,Car,ahmedabad,25/12/2023
LN000373,CU001530,2023-03-15,93517,24,16.01,4579.33,"Commercial Vehicle",kochi,03/15/2023
LN000807,CU000703,2022-10-02,117101,36,9.98,3777.42,"Two wheeler",bangalore,02/10/2022
LN001313,CU003973,2024-05-23,239398,36,16.94,8528.04,"Two wheeler",bangalore,23/05/2024
LN003841,CU001619,2022-01-27,167409,48,11.18,4341.42,"Two wheeler",bangalore,01/27/2022
LN000223,CU000694,2021-11-13,112451,24,16.17,5515.09,"Two wheeler",chennai,"13 Nov 2021"
LN002729,CU000281,2021-01-25,83231,36,14.63,2870.17,Car,ahmedabad,2021-01-25
LN001659,CU001614,2021-06-07,132789,60,17.27,3319.46,Car,coimbatore,07/06/2021
LN004130,CU000378,2022-05-27,130111,48,12.51,3458.99,Car,mumbai,2022-05-27
LN000601,CU002993,2021-08-21,66787,12,12.66,5954.58,"Two wheeler",coimbatore,2021-08-21
LN002365,CU004163,2023-09-14,155672,36,11.66,5145.29,"Two wheeler",hyderabad,09/14/2023
LN001675,CU000854,2022-01-05,108960,48,14.93,3028.57,"Commercial Vehicle",bangalore,2022-01-05
LN004962,CU003631,2022-10-18,140400,36,13.05,4734.01,"Two wheeler",chennai,18/10/2022
LN004756,CU001407,2021-04-20,85565,36,12.48,2861.64,"Two wheeler",chennai,2021-04-20
LN003350,CU001883,2023-06-29,181468,48,18.32,5361.01,Car,hyderabad,2023-06-29
LN001617,CU000527,2023-07-15,141573,36,13.49,4803.64,"Two wheeler",bangalore,07/15/2023
LN003405,CU003856,2022-11-09,219677,48,14.36,6042.74,"Two wheeler",mumbai,09/11/2022
LN003639,CU004311,2024-05-02,105768,12,18.28,9710.91,Car,bangalore,02/05/2024
LN003028,CU000251,2021-01-30,57541,36,13.92,1964.38,"Two wheeler",delhi,2021-01-30
LN004024,CU002331,2022-11-30,102891,60,13.41,2362.74,"Commercial Vehicle",kolkata,2022-11-30
LN002120,CU001947,2021-06-01,298866,24,10.03,13795.29,"Commercial Vehicle",bangalore,"01 Jun 2021"
LN004916,CU000326,2022-07-16,127502,24,14.95,6179.12,"Two wheeler",chennai,2022-07-16
LN004067,CU001104,2023-03-05,133633,48,12.5,3551.96,"Commercial Vehicle",chennai,2023-03-05
LN002665,CU001885,2023-05-17,84143,36,14.18,2883.17,"Two wheeler",mumbai,17/05/2023
LN003748,CU003100,2022-07-15,187796,24,9.57,8628.61,"Two wheeler",coimbatore,2022-07-15
LN001004,CU002850,2023-04-04,138224,48,17.3,4009.95,Car,bangalore,04/04/2023
LN002501,CU003134,2022-06-27,123860,36,11.63,4092.07,"Two wheeler",mumbai,"27 Jun 2022"
LN002479,CU001826,2023-10-15,102756,60,17.32,2571.47,"Two wheeler",ahmedabad,2023-10-15
LN000932,CU000931,2023-04-02,329133,24,16.69,16224.1,"Commercial Vehicle",kozhikode,02/04/2023
LN004498,CU000274,2023-01-25,223881,24,15.56,10914.9,Car,pune,01/25/2023
LN003567,CU000501,2021-02-25,80601,60,14.49,1895.98,Car,mumbai,"25 Feb 2021"
LN003678,CU003073,2021-06-05,148803,24,16.97,7355.01,"Two wheeler",thrissur,2021-06-05
LN004308,CU000991,2022-05-23,57582,24,12.63,2727.56,"Commercial Vehicle",hyderabad,2022-05-23
LN003915,CU001264,2023-04-27,115328,12,12.73,10286.18,Car,mumbai,2023-04-27
LN000696,CU000612,2021-03-18,61987,36,17.2,2216.18,Tractor,kolkata,"18 Mar 2021"
LN001873,CU001021,2024-01-31,157664,60,12.97,3584.92,Car,delhi,"31 Jan 2024"
LN004646,CU004326,2022-11-04,193235,60,16.82,4783.71,"Commercial Vehicle",kochi,04/11/2022
LN004621,CU000709,2023-04-28,98943,12,14.43,8903.84,"Two wheeler",pune,04/28/2023
LN002962,CU003381,2023-01-14,169023,48,18.11,4974.77,"Two wheeler",pune,2023-01-14
LN004380,CU004118,2022-07-01,144713,48,16.45,4134.64,"Two wheeler",mumbai,01/07/2022
LN003241,CU003752,2024-05-25,160638,48,16.23,4571.47,Car,kochi,2024-05-25
LN002655,CU003279,2024-04-18,167502,12,14.47,15076.59,"Commercial Vehicle",kochi,04/18/2024
LN003189,CU003349,2024-06-04,123603,48,11.12,3201.79,"Two wheeler",kolkata,04/06/2024
LN001750,CU003676,2021-12-31,101008,24,14.09,4853.98,"Two wheeler",kozhikode,2021-12-31
LN002862,CU000873,2022-04-14,61814,48,10.69,1588.33,"Commercial Vehicle",hyderabad,2022-04-14
LN003734,CU001028,2024-06-29,167703,48,16.43,4789.76,Car,mumbai,06/29/2024
LN003456,CU004364,2022-10-08,167855,48,15.36,4702.22,"Two wheeler",ahmedabad,08/10/2022
LN000796,CU003752,2023-12-14,104077,36,13.4,3526.85,Car,delhi,"14 Dec 2023"
LN004711,CU003803,2021-10-02,68217,24,10.09,3150.7,"Two wheeler",kozhikode,"02 Oct 2021"
LN004926,CU003845,2021-01-07,155144,24,12.9,7368.54,Tractor,ahmedabad,2021-01-07
LN001847,CU003102,2023-05-20,166861,48,12.39,4426.11,"Two wheeler",coimbatore,20/05/2023
LN001974,CU000645,2021-05-24,258593,24,17.35,12828.95,Car,kochi,2021-05-24
LN004021,CU004162,2023-10-12,54866,24,10.03,2532.55,"Two wheeler",kolkata,12/10/2023
LN003476,CU002179,2022-12-12,89666,24,17.06,4435.88,Car,coimbatore,12/12/2022
LN000100,CU003731,2021-05-01,301917,36,17.26,10803.27,"Two wheeler",mumbai,2021-05-01
LN003389,CU001155,2021-05-12,73927,60,17.47,1856.01,"Commercial Vehicle",mumbai,2021-05-12
LN001633,CU002604,2021-04-15,123004,36,9.59,3945.36,Tractor,kochi,2021-04-15
LN002354,CU003514,2023-11-17,61874,36,10.38,2007.56,"Two wheeler",mumbai,17/11/2023
LN001693,CU003050,2023-01-15,163738,48,14.68,4530.44,"Two wheeler",ahmedabad,2023-01-15
LN001333,CU001051,2023-09-12,143910,36,12.38,4806.03,Car,coimbatore,2023-09-12
LN000566,CU002444,2022-03-07,402177,48,16.11,11420.48,Car,chennai,07/03/2022
LN004035,CU002246,2021-07-31,250011,12,11.89,22200.31,"Two wheeler",kozhikode,31/07/2021
LN003509,CU002563,2024-04-08,162631,36,17.98,5877.87,Car,kolkata,2024-04-08
LN000352,CU004380,2022-09-09,76316,48,14.88,2119.29,Car,kochi,2022-09-09
LN003481,CU002087,2022-09-11,105133,36,13.82,3584.01,Tractor,bangalore,11/09/2022
LN000037,CU002094,2023-07-08,213683,60,15.65,5156.7,Car,kolkata,08/07/2023
LN001454,CU004387,2021-08-06,59041,36,12.74,1981.94,Car,chennai,2021-08-06
LN004629,CU003725,2022-10-06,190995,60,14.13,4457,"Commercial Vehicle",thrissur,2022-10-06
LN003834,CU001704,2021-07-28,108897,36,15.27,3789.36,Car,kochi,2021-07-28
LN000826,CU002747,2022-11-18,99242,36,13.61,3373.09,"Commercial Vehicle",kozhikode,"18 Nov 2022"
LN004448,CU003049,2024-03-22,98011,24,9.88,4517.28,"Commercial Vehicle",chennai,"22 Mar 2024"
LN000124,CU003117,2024-05-11,51197,36,15.73,1793.12,Car,chennai,2024-05-11
LN004219,CU004526,2023-02-02,260018,48,18.49,7704.77,"Two wheeler",kolkata,2023-02-02
LN001703,CU000905,2021-05-27,206999,24,11.29,9675.67,"Two wheeler",ahmedabad,2021-05-27
LN004717,CU001658,2022-10-14,110265,36,11.07,3613.59,"Two wheeler",kolkata,"14 Oct 2022"
LN000366,CU001351,2021-05-01,42432,12,17.63,3882.7,"Two wheeler",kozhikode,2021-05-01
LN000285,CU002844,2021-06-10,124272,24,10.57,5767.27,"Commercial Vehicle",mumbai,"10 Jun 2021"
LN000488,CU003317,2022-01-26,319944,48,9.85,8091.58,"Two wheeler",delhi,2022-01-26
LN002219,CU001137,2021-07-02,108163,12,18.43,9938.53,"Two wheeler",chennai,2021-07-02
LN001249,CU003698,2024-03-26,142844,48,11.73,3742.72,"Two wheeler",hyderabad,03/26/2024
LN004310,CU004300,2021-03-29,208322,24,16.54,10253.93,"Two wheeler",kozhikode,2021-03-29
LN004216,CU004334,2021-07-14,77778,24,17.89,3878.86,Car,thrissur,"14 Jul 2021"
LN004482,CU003397,2023-04-30,103221,36,12.01,3428.91,"Two wheeler",delhi,"30 Apr 2023"
LN001982,CU003669,2022-07-21,73844,60,10.33,1580.98,"Two wheeler",hyderabad,2022-07-21
LN000874,CU003313,2024-04-06,283911,48,17.69,8293.97,"Two wheeler",kozhikode,"06 Apr 2024"
LN002304,CU003647,2023-03-04,123923,24,14.94,6005.08,Car,coimbatore,04/03/2023
LN003821,CU001001,2021-09-14,125307,24,13.26,5972.64,"Commercial Vehicle",pune,"14 Sep 2021"
LN000569,CU000371,2022-11-13,93241,12,13.01,8328.47,"Commercial Vehicle",kozhikode,"13 Nov 2022"
LN000613,CU002294,2021-12-06,236596,36,10.67,7708.93,"Commercial Vehicle",ahmedabad,"06 Dec 2021"
LN000346,CU003175,2023-04-16,219696,48,9.71,5541.51,Car,chennai,2023-04-16
LN004329,CU000440,2024-03-24,88676,24,11.36,4147.83,"Two wheeler",mumbai,24/03/2024
LN003874,CU003571,2023-06-09,67382,36,10.03,2175.18,Car,kozhikode,2023-06-09
LN004237,CU001573,2022-02-15,215271,12,12.51,19177.97,"Commercial Vehicle",kolkata,15/02/2022
LN003002,CU001407,2022-12-31,180697,48,18.36,5342.03,Car,kolkata,2022-12-31
LN002166,CU001300,2023-10-28,114489,60,10.7,2472.17,Car,kozhikode,2023-10-28
LN002440,CU002541,2022-10-27,76183,24,10.14,3520.38,"Commercial Vehicle",coimbatore,27/10/2022
LN001423,CU000298,2022-12-16,111106,24,17.11,5499.21,Car,coimbatore,16/12/2022
LN002568,CU004067,2024-06-01,113805,36,17.07,4061.42,"Commercial Vehicle",ahmedabad,01/06/2024
LN002828,CU000053,2023-02-24,133456,24,11.19,6231.87,"Two wheeler",thrissur,2023-02-24
LN003817,CU002745,2021-06-27,79049,36,10.08,2553.66,"Commercial Vehicle",hyderabad,2021-06-27
LN002017,CU001849,2023-01-02,208790,48,9.74,5269.42,Car,thrissur,2023-01-02
LN000599,CU002341,2023-12-27,100096,36,17.79,3608.17,"Two wheeler",hyderabad,2023-12-27
LN002891,CU004324,2021-07-31,57113,24,17.03,2824.62,"Two wheeler",thrissur,2021-07-31
LN002663,CU002272,2022-11-29,92196,24,16.23,4524.34,"Two wheeler",bangalore,"29 Nov 2022"
LN001089,CU001317,2024-06-09,108978,36,15.88,3824.89,"Two wheeler",hyderabad,2024-06-09
LN000918,CU000892,2023-08-01,127731,60,13.31,2926.58,Tractor,chennai,2023-08-01
LN001812,CU002540,2022-08-18,40000,48,13.84,1089.85,Tractor,mumbai,"18 Aug 2022"
LN004407,CU004329,2021-12-09,90865,48,11.54,2372.35,Tractor,kozhikode,09/12/2021
LN002899,CU001864,2022-04-21,67241,48,11.79,1763.79,Car,bangalore,04/21/2022
LN000167,CU001595,2022-06-26,67492,36,14.02,2307.37,"Two wheeler",mumbai,06/26/2022
LN002261,CU001417,2022-12-23,118712,36,12.09,3948.04,"Two wheeler",pune,23/12/2022
LN000841,CU001443,2021-04-07,79993,60,10.89,1734.86,"Two wheeler",pune,2021-04-07
LN002321,CU003392,2023-06-24,133332,24,17.74,6639.74,Car,thrissur,"24 Jun 2023"
LN001269,CU000559,2021-05-06,190123,48,12.99,5099.58,"Two wheeler",mumbai,2021-05-06
LN003612,CU004063,2023-07-19,134343,60,17.05,3342.38,"Commercial Vehicle",pune,07/19/2023
LN001550,CU000240,2022-07-17,83971,24,15.31,4083.85,Car,chennai,07/17/2022
LN003692,CU000073,2022-04-18,191848,36,10.11,6200.31,"Commercial Vehicle",kochi,"18 Apr 2022"
LN004551,CU000437,2023-03-04,170028,36,13.5,5769.95,"Two wheeler",coimbatore,2023-03-04
LN000540,CU000811,2023-08-05,73960,36,11.27,2430.82,"Two wheeler",pune,05/08/2023
LN000695,CU003224,2023-12-30,399962,48,11.24,10383.9,Car,kolkata,12/30/2023
LN004232,CU002105,2024-05-04,98266,12,16.09,8919.94,"Two wheeler",thrissur,"04 May 2024"
LN001515,CU001969,2021-11-12,127336,36,17.89,4596.48,Car,kochi,12/11/2021
LN002448,CU002302,2023-12-29,201852,48,13.93,5508.82,"Two wheeler",kochi,2023-12-29
LN004073,CU001045,2022-07-08,88332,24,9.94,4073.63,"Two wheeler",hyderabad,2022-07-08
LN004315,CU003165,2022-03-24,72292,48,12.82,1932.96,Car,chennai,2022-03-24
LN003930,CU004499,2021-04-27,75994,36,17.96,2745.84,"Two wheeler",kozhikode,2021-04-27
LN004650,CU002711,2021-08-15,65727,36,11.53,2168.35,Tractor,kolkata,2021-08-15
LN002110,CU000191,2022-06-11,132612,48,13.64,3599.92,"Two wheeler",thrissur,"11 Jun 2022"
LN001824,CU004055,2022-12-21,165034,12,14.39,14848.23,"Two wheeler",bangalore,2022-12-21
LN000780,CU000760,2022-09-04,74765,36,16.48,2646.27,"Commercial Vehicle",kolkata,04/09/2022
LN001186,CU002128,2023-06-15,341533,24,15.07,16571.15,"Commercial Vehicle",pune,2023-06-15
LN002737,CU001819,2021-04-12,99173,12,10.09,8723.03,"Two wheeler",hyderabad,"12 Apr 2021"
LN004768,CU002269,2023-06-19,241912,48,11.27,6284.11,Tractor,pune,06/19/2023
LN000894,CU003222,2024-01-08,232999,12,17.87,21346.93,"Commercial Vehicle",chennai,2024-01-08
LN004651,CU000202,2021-10-20,104556,48,16.57,2993.76,Car,kozhikode,10/20/2021
LN004805,CU002662,2023-10-20,109904,36,15.66,3845.48,"Two wheeler",kochi,2023-10-20
LN001568,CU003883,2022-01-17,87767,24,15.44,4273.9,"Commercial Vehicle",delhi,17/01/2022
LN004000,CU002892,2021-01-12,255228,48,17,7364.61,"Two wheeler",chennai,12/01/2021
LN001854,CU000840,2023-12-15,133291,36,10,4300.93,Car,hyderabad,12/15/2023
LN004256,CU001894,2023-04-03,136703,12,15.87,12394.77,"Two wheeler",ahmedabad,03/04/2023
LN002469,CU002858,2023-05-04,150680,12,10.34,13271,"Commercial Vehicle",kochi,04/05/2023
LN001996,CU001897,2021-01-08,71982,36,18.26,2611.72,"Commercial Vehicle",kozhikode,2021-01-08
LN003893,CU004558,2024-02-27,76428,12,16.97,6969.51,"Commercial Vehicle",pune,2024-02-27
LN002488,CU001982,2021-04-17,185528,24,14.23,8927.91,"Commercial Vehicle",chennai,2021-04-17
LN004816,CU002048,2024-12-03,290433,60,10.45,6235.35,"Two wheeler",mumbai,03/12/2024
LN001640,CU004121,2023-03-30,283146,48,18.48,8388.6,"Two wheeler",ahmedabad,2023-03-30
LN002627,CU001032,2024-06-04,69705,36,15.54,2434.82,Car,bangalore,"04 Jun 2024"
LN001878,CU003293,2023-02-12,268010,48,12.11,7072.21,Car,delhi,2023-02-12
LN000778,CU001294,2022-01-10,157359,12,9.54,13800.71,"Two wheeler",ahmedabad,10/01/2022
LN000293,CU003215,2023-01-20,438254,60,10.77,9478.51,"Two wheeler",bangalore,2023-01-20
LN002508,CU002548,2021-10-21,261738,48,15.87,7400.31,Tractor,delhi,2021-10-21
LN000035,CU002830,2023-05-28,200635,60,18.31,5128.71,"Two wheeler",pune,28/05/2023
LN003117,CU002691,2022-08-28,106566,24,16.8,5258.63,"Commercial Vehicle",coimbatore,2022-08-28
LN002930,CU004566,2024-08-06,177062,36,12.57,5929.31,"Two wheeler",bangalore,06/08/2024
LN001565,CU002929,2022-10-03,62570,24,17.74,3115.9,"Two wheeler",coimbatore,"03 Oct 2022"
LN000998,CU002261,2023-12-03,95072,24,16.95,4698.29,Car,delhi,2023-12-03
LN002305,CU002048,2022-12-24,116242,24,11.89,5465.95,Car,bangalore,"24 Dec 2022"
LN002419,CU004449,2022-05-16,219179,24,9.96,10109.95,"Two wheeler",bangalore,2022-05-16
LN000081,CU000222,2023-03-23,139910,24,16.97,6915.45,Car,ahmedabad,03/23/2023
LN001110,CU002940,2022-01-07,186428,60,13.87,4325.3,"Two wheeler",bangalore,2022-01-07
LN003479,CU001581,2021-09-22,450264,36,11.58,14865.05,"Two wheeler",ahmedabad,22/09/2021
LN001595,CU001248,2021-04-28,235767,36,13.39,7988.28,"Two wheeler",chennai,28/04/2021
LN000497,CU004146,2023-05-26,125414,12,10.15,11034.63,"Commercial Vehicle",kochi,2023-05-26
LN000729,CU000675,2023-09-25,94182,24,14.95,4564.33,"Two wheeler",mumbai,25/09/2023
LN001652,CU002004,2022-07-30,77763,36,12.57,2604.07,Car,hyderabad,"30 Jul 2022"
LN004774,CU002468,2022-03-10,57991,24,11.44,2714.7,"Two wheeler",mumbai,10/03/2022
LN003070,CU003458,2023-05-24,73081,60,14.05,1702.36,Car,kolkata,05/24/2023
LN002750,CU003532,2021-04-04,107726,36,13.88,3675.54,"Two wheeler",pune,"04 Apr 2021"
LN004446,CU003663,2023-07-15,154074,24,17.41,7648.16,"Commercial Vehicle",coimbatore,07/15/2023
LN002494,CU000019,2023-03-28,72941,36,18.24,2645.78,"Commercial Vehicle",kolkata,28/03/2023
LN002841,CU002801,2021-06-25,159853,24,16.74,7883.54,"Commercial Vehicle",kozhikode,"25 Jun 2021"
LN002539,CU000030,2021-06-18,143100,60,17.01,3557.17,"Two wheeler",kozhikode,06/18/2021
LN004956,CU000324,2022-02-11,167427,36,16.28,5909.41,"Commercial Vehicle",coimbatore,11/02/2022
LN002021,CU000739,2022-02-21,287123,36,16.5,10165.41,"Two wheeler",pune,21/02/2022
LN002982,CU001433,2023-02-19,109578,36,11.26,3600.95,"Commercial Vehicle",kolkata,2023-02-19
LN001682,CU003240,2022-12-06,79157,48,14.73,2192.18,Tractor,pune,"06 Dec 2022"
LN003406,CU002284,2022-11-06,146142,60,14.47,3436.18,Car,delhi,2022-11-06
LN001263,CU002719,2022-08-21,300652,12,9.93,26422.3,Car,hyderabad,2022-08-21
LN004317,CU000847,2021-04-04,109319,60,17.94,2772.42,"Two wheeler",kozhikode,"04 Apr 2021"
LN003727,CU000963,2023-04-19,176210,24,17.19,8728.32,Car,kozhikode,04/19/2023
LN003494,CU003905,2024-02-17,65275,48,18.31,1928.04,"Commercial Vehicle",delhi,17/02/2024
LN001009,CU001092,2023-01-11,189495,60,12.28,4242.07,"Two wheeler",hyderabad,"11 Jan 2023"
LN003022,CU004323,2023-05-22,78037,24,15.96,3819.44,"Commercial Vehicle",chennai,"22 May 2023"
LN002481,CU000700,2021-04-23,309243,24,13.08,14713.6,"Two wheeler",ahmedabad,2021-04-23
LN002356,CU004069,2021-06-14,268320,24,14.94,13002.29,"Two wheeler",mumbai,2021-06-14
LN001961,CU001704,2021-05-02,192873,48,15.02,5369.76,Tractor,kolkata,02/05/2021
LN002324,CU000423,2023-07-24,75381,48,10.72,1938.03,"Commercial Vehicle",coimbatore,2023-07-24
LN001047,CU002459,2021-07-29,89841,24,15.97,4397.61,Car,kolkata,07/29/2021
LN002595,CU002807,2022-09-16,258814,48,18.29,7641.94,"Two wheeler",kolkata,16/09/2022
LN000282,CU000280,2024-02-16,117346,36,9.68,3768.82,"Two wheeler",pune,"16 Feb 2024"
LN000071,CU001368,2024-03-27,150145,36,12.01,4987.68,Car,thrissur,03/27/2024
LN000472,CU002448,2023-07-09,154197,48,11.96,4057.57,"Two wheeler",kochi,09/07/2023
LN001360,CU002965,2022-06-08,166950,12,18.35,15333.8,Car,ahmedabad,08/06/2022
LN004718,CU002966,2023-11-03,232573,24,15.17,11295.48,Car,kozhikode,03/11/2023
LN001655,CU000024,2021-07-21,59829,12,15.05,5401.48,"Two wheeler",bangalore,"21 Jul 2021"
LN001527,CU001433,2023-12-26,162522,36,14.4,5586.24,"Commercial Vehicle",mumbai,12/26/2023
LN000646,CU000476,2024-02-17,196674,48,17.6,5736.27,"Two wheeler",kolkata,"17 Feb 2024"
LN002973,CU001956,2023-05-18,271443,36,14.66,9364.53,"Two wheeler",delhi,2023-05-18
LN002758,CU002714,2022-03-15,131434,24,12.58,6222.71,Car,bangalore,15/03/2022
LN000963,CU003131,2021-05-01,139101,48,10.54,3564.14,"Commercial Vehicle",thrissur,01/05/2021
LN004278,CU001643,2022-12-12,66995,60,16.37,1642.39,Tractor,delhi,12/12/2022
LN003291,CU001271,2023-03-28,109107,24,13.42,5208.7,Tractor,delhi,"28 Mar 2023"
LN004658,CU002991,2022-05-23,134910,48,15.06,3758.75,Car,bangalore,"23 May 2022"
LN002384,CU000895,2024-04-20,60521,48,13.63,1642.61,"Two wheeler",kolkata,"20 Apr 2024"
LN001518,CU004161,2024-06-01,125531,48,14.97,3491.71,"Two wheeler",mumbai,2024-06-01
LN001656,CU004387,2024-01-26,128059,24,10.24,5923.47,"Two wheeler",chennai,"26 Jan 2024"
LN004083,CU002241,2022-03-01,59095,36,11.18,1939.74,Car,bangalore,01/03/2022
LN002589,CU004237,2024-01-23,227532,24,9.71,10469.02,Car,bangalore,23/01/2024
LN000943,CU004044,2024-05-14,131165,36,18.15,4751.8,Car,bangalore,2024-05-14
LN000383,CU001019,2024-02-16,103825,24,18.37,5201.95,Car,kochi,"16 Feb 2024"
LN002531,CU001921,2022-02-03,326725,36,13.06,11018.1,"Two wheeler",chennai,"03 Feb 2022"
LN004944,CU001706,2022-12-27,165728,24,11.95,7797.52,"Two wheeler",thrissur,12/27/2022
LN002933,CU004384,2024-05-05,153848,36,14.95,5329.43,"Commercial Vehicle",ahmedabad,05/05/2024
LN000240,CU001240,2021-04-24,232012,12,13.23,20747.72,Tractor,delhi,2021-04-24
LN000727,CU001003,2022-12-09,102963,24,18.17,5148.8,Car,kozhikode,09/12/2022
LN003454,CU004309,2022-09-28,291321,60,15.56,7016.43,Car,chennai,"28 Sep 2022"
LN003690,CU002769,2024-03-06,79609,48,12.02,2097.19,"Two wheeler",pune,06/03/2024
LN003243,CU000550,2022-11-29,61165,36,16.51,2165.81,"Commercial Vehicle",coimbatore,2022-11-29
LN002252,CU002833,2022-03-08,72173,36,16.38,2550.95,"Commercial Vehicle",pune,2022-03-08
LN004313,CU000454,2022-07-17,118747,12,15.88,10767.28,"Two wheeler",thrissur,"17 Jul 2022"
LN002767,CU001177,2022-06-22,175740,36,12.64,5890.95,Car,coimbatore,"22 Jun 2022"
LN004413,CU003663,2022-02-23,113884,36,11.91,3777.68,Car,kolkata,2022-02-23
LN004003,CU003916,2021-05-30,132948,60,13.01,3025.66,"Two wheeler",ahmedabad,2021-05-30
LN001787,CU001915,2021-07-12,102213,48,13.97,2791.58,Car,pune,2021-07-12
LN003437,CU001066,2021-06-06,380812,24,16.96,18820.89,Tractor,bangalore,06/06/2021
LN002099,CU000724,2022-08-28,231003,36,13.32,7819.06,"Commercial Vehicle",pune,"28 Aug 2022"
LN002291,CU001565,2024-05-31,108796,24,14.3,5239.04,"Two wheeler",hyderabad,2024-05-31
LN002458,CU000420,2023-09-19,76586,36,15.84,2686.49,"Two wheeler",kolkata,"19 Sep 2023"
LN002617,CU000693,2022-04-07,133294,36,10.43,4327.98,"Two wheeler",coimbatore,07/04/2022
LN001711,CU000223,2022-05-28,133423,60,10.84,2890.3,Car,hyderabad,28/05/2022
LN002375,CU000343,2022-08-01,293493,36,10.13,9488.12,Car,delhi,2022-08-01
LN000218,CU002024,2022-06-06,186195,60,13.61,4294.88,"Two wheeler",delhi,06/06/2022
LN001556,CU000419,2023-12-09,96436,36,13.18,3257.68,Car,pune,09/12/2023
LN000649,CU004506,2022-07-03,131711,60,15.98,3201.56,Car,delhi,03/07/2022
LN003879,CU000767,2022-09-02,193242,24,14.65,9337.55,Car,kolkata,02/09/2022
LN001416,CU004373,2021-02-20,95194,48,14.81,2640.16,Car,delhi,20/02/2021
LN004865,CU003204,2023-06-04,41058,36,17.49,1473.86,"Two wheeler",pune,04/06/2023
LN000048,CU002763,2022-10-03,164880,36,11.59,5444.14,"Two wheeler",ahmedabad,2022-10-03
LN004618,CU003482,2023-04-23,235815,36,10.09,7619.05,"Two wheeler",pune,"23 Apr 2023"
LN004284,CU001232,2023-10-01,79093,36,14.27,2713.59,Tractor,hyderabad,01/10/2023
LN002642,CU000456,2023-06-05,59817,24,13.05,2845.21,Car,mumbai,2023-06-05
LN002805,CU000356,2024-01-16,128411,24,17.77,6396.54,"Two wheeler",thrissur,"16 Jan 2024"
LN000146,CU000393,2022-02-21,171801,36,17.71,6186.05,"Two wheeler",kochi,21/02/2022
LN000289,CU004169,2021-01-03,99917,36,12.24,3330.14,Car,pune,2021-01-03
LN003106,CU003649,2024-01-18,61590,12,14.19,5535.5,"Two wheeler",delhi,18/01/2024
LN003966,CU003319,2022-10-04,148009,12,12.51,13185.76,Car,pune,04/10/2022
LN001349,CU000334,2024-05-28,137416,36,14.9,4756.84,Car,kolkata,2024-05-28
LN000560,CU004336,2023-04-13,414243,36,13.73,14103.58,Car,delhi,13/04/2023
LN003783,CU000010,2021-01-29,100009,36,14.29,3432.17,"Two wheeler",bangalore,29/01/2021
LN000059,CU002146,2022-07-19,123414,24,17.94,6157.76,Car,bangalore,19/07/2022
LN001939,CU002294,2023-01-02,252027,48,17.43,7328.44,"Two wheeler",ahmedabad,2023-01-02
LN000797,CU003823,2024-04-22,116132,12,16.44,10560.95,"Two wheeler",pune,2024-04-22
LN000368,CU002989,2021-05-10,113372,36,15.39,3951.76,Car,kochi,10/05/2021
LN000221,CU000784,2022-11-02,169839,36,14.74,5865.92,"Commercial Vehicle",bangalore,2022-11-02
LN001231,CU001668,2022-04-17,53158,36,16.54,1883.08,Car,coimbatore,"17 Apr 2022"
LN002280,CU003810,2021-07-28,245968,24,13.83,11789.89,"Two wheeler",mumbai,28/07/2021
LN000926,CU003699,2021-02-22,293511,48,15.53,8247.7,"Commercial Vehicle",hyderabad,2021-02-22
LN002913,CU001268,2022-07-14,210671,48,12.02,5549.84,"Commercial Vehicle",delhi,2022-07-14
LN000147,CU004204,2024-01-10,98951,48,10.38,2527.75,"Two wheeler",kochi,"10 Jan 2024"
LN002624,CU002690,2023-05-13,136342,24,15.39,6636.06,Car,kolkata,05/13/2023
LN001844,CU000134,2024-06-26,234573,60,16.57,5775.65,"Two wheeler",bangalore,06/26/2024
LN003699,CU003646,2022-03-02,286662,24,12.91,13616.32,"Two wheeler",hyderabad,02/03/2022
LN004322,CU003233,2023-08-15,151424,36,12.63,5075.13,"Two wheeler",mumbai,"15 Aug 2023"
LN000084,CU000986,2024-01-28,88105,36,18.37,3201.58,"Two wheeler",chennai,01/28/2024
LN000244,CU000839,2024-06-28,162195,24,9.89,7476.24,Car,mumbai,2024-06-28
LN003909,CU003491,2023-03-13,310805,12,13.48,27830.3,"Two wheeler",kochi,2023-03-13
LN002292,CU000826,2021-02-09,120928,48,12.54,3216.65,Car,thrissur,"09 Feb 2021"
LN002819,CU000578,2022-05-16,54955,36,10.71,1791.62,Car,ahmedabad,2022-05-16
LN001077,CU003444,2023-07-31,139040,48,15.01,3870.29,"Two wheeler",bangalore,"31 Jul 2023"
LN004596,CU003762,2022-08-29,148401,48,15.33,4154.98,"Two wheeler",kolkata,08/29/2022
LN004475,CU002777,2022-03-08,215834,36,12.7,7241.15,"Two wheeler",pune,08/03/2022
LN004188,CU003299,2023-02-28,80634,24,16.86,3981.31,"Two wheeler",hyderabad,2023-02-28
LN000182,CU001081,2022-08-25,47958,24,12.67,2272.58,"Two wheeler",bangalore,08/25/2022
LN000795,CU000761,2021-08-23,245789,60,17.9,6228.06,Car,mumbai,2021-08-23
LN003809,CU001523,2023-06-15,99217,12,17.44,9069.79,Car,chennai,15/06/2023
LN004001,CU000345,2024-02-27,55783,36,14.25,1913.31,"Commercial Vehicle",mumbai,"27 Feb 2024"
LN000576,CU003990,2021-10-04,84229,24,13.09,4007.96,"Commercial Vehicle",mumbai,"04 Oct 2021"
LN003652,CU004595,2022-02-27,548820,48,12.59,14612.03,Car,delhi,2022-02-27
LN002939,CU000812,2024-01-13,84606,36,14,2891.63,Tractor,hyderabad,13/01/2024
LN001132,CU000400,2021-08-06,104122,48,14.01,2845.81,"Two wheeler",kolkata,2021-08-06
LN000520,CU001055,2022-02-24,170627,48,17.97,5009.49,"Commercial Vehicle",ahmedabad,"24 Feb 2022"
LN004615,CU000678,2024-06-02,140590,36,12.51,4703.92,"Commercial Vehicle",chennai,2024-06-02
LN003478,CU002803,2023-05-21,119195,48,12.75,3182.93,Car,chennai,05/21/2023
LN004331,CU000174,2022-01-02,211052,12,9.94,18548.93,Car,coimbatore,02/01/2022
LN000304,CU003225,2021-11-25,116318,48,15.23,3250.79,"Two wheeler",kozhikode,2021-11-25
LN001106,CU001348,2023-01-26,299349,48,15.13,8350.85,"Two wheeler",ahmedabad,01/26/2023
LN003404,CU004439,2023-11-12,173122,48,13.18,4659.91,Tractor,ahmedabad,12/11/2023
LN003264,CU004585,2022-10-26,108214,36,18.07,3916,"Commercial Vehicle",ahmedabad,10/26/2022
LN000899,CU004097,2021-06-20,125296,60,13.58,2888.21,"Commercial Vehicle",thrissur,06/20/2021
LN000786,CU003272,2023-09-13,339489,24,18.46,17024.24,"Two wheeler",chennai,2023-09-13
LN002136,CU004595,2022-06-05,122284,48,11.51,3190.87,Car,kolkata,05/06/2022
LN000212,CU002627,2024-02-07,279627,36,9.64,8975.59,"Two wheeler",kozhikode,"07 Feb 2024"
LN004911,CU001387,2023-11-14,225290,48,13.03,6047.32,"Commercial Vehicle",kolkata,2023-11-14
LN004722,CU003288,2022-05-07,99580,12,18.01,9129.97,"Commercial Vehicle",kozhikode,2022-05-07
LN000667,CU001180,2023-03-05,104895,24,17.78,5225.65,"Commercial Vehicle",delhi,2023-03-05
LN004071,CU003567,2021-01-17,40151,36,12.09,1335.31,"Two wheeler",bangalore,2021-01-17
LN001822,CU002245,2021-01-17,232842,48,14.24,6390.82,"Two wheeler",kolkata,2021-01-17
LN002736,CU001830,2021-02-28,232599,36,16.06,8184.38,"Two wheeler",delhi,28/02/2021
LN001482,CU004155,2023-03-13,92998,48,18.12,2737.65,"Commercial Vehicle",coimbatore,"13 Mar 2023"
LN002054,CU002920,2023-01-13,61882,24,17.09,3062.26,Car,bangalore,"13 Jan 2023"
LN002474,CU000277,2023-06-26,254805,36,11.92,8453.44,Car,ahmedabad,2023-06-26
LN003916,CU002493,2023-07-06,287986,60,15.67,6952.86,"Two wheeler",delhi,"06 Jul 2023"
LN002619,CU002721,2021-10-31,201164,48,9.6,5063.48,"Two wheeler",ahmedabad,2021-10-31
LN002513,CU003476,2024-02-02,71176,60,17.75,1797.74,"Two wheeler",delhi,"02 Feb 2024"
LN002360,CU001991,2022-10-25,133751,24,10.89,6227.02,Car,mumbai,2022-10-25
LN001811,CU004459,2021-07-24,115060,24,11.81,5406.07,"Two wheeler",coimbatore,"24 Jul 2021"
LN003535,CU003039,2023-01-24,76099,48,14.53,2099.81,"Commercial Vehicle",kochi,2023-01-24
LN002315,CU000610,2022-12-07,138923,36,13.25,4697.61,"Commercial Vehicle",bangalore,07/12/2022
LN004182,CU000964,2022-02-10,223581,48,16.52,6396.05,"Commercial Vehicle",kozhikode,10/02/2022
LN004662,CU003814,2021-04-19,79527,60,16.56,1957.68,"Two wheeler",kochi,19/04/2021
LN000117,CU002392,2021-11-20,154554,36,16.78,5493.36,"Two wheeler",kochi,20/11/2021
LN001868,CU003498,2024-05-24,139763,36,16.9,4975.98,Car,hyderabad,"24 May 2024"
LN002509,CU000053,2022-10-26,121564,36,16.12,4281.04,"Two wheeler",bangalore,10/26/2022
LN001507,CU003432,2022-12-26,58686,36,13.45,1990.11,"Two wheeler",delhi,2022-12-26
LN003989,CU003374,2023-12-27,106107,48,10.95,2739.82,"Two wheeler",ahmedabad,2023-12-27
LN000621,CU004431,2023-10-23,118731,24,13.17,5654.17,Car,chennai,"23 Oct 2023"
LN003737,CU002217,2024-03-05,157273,36,15.36,5479.69,Car,mumbai,05/03/2024
LN003728,CU001744,2024-02-03,130790,36,11.78,4330.37,"Two wheeler",bangalore,"03 Feb 2024"
LN004225,CU004068,2021-12-30,59509,24,12.41,2812.7,Car,ahmedabad,"30 Dec 2021"
LN004762,CU003018,2021-09-08,205944,48,12.09,5432.4,Car,ahmedabad,2021-09-08
LN003026,CU004552,2022-08-21,153246,24,12.52,7251.09,"Two wheeler",kozhikode,08/21/2022
LN001548,CU000824,2021-08-17,132773,48,14.17,3639.55,Car,chennai,"17 Aug 2021"
LN001017,CU004194,2023-07-01,193288,36,16.39,6832.71,"Two wheeler",thrissur,2023-07-01
LN003934,CU004532,2022-01-27,118668,36,12.5,3969.87,"Commercial Vehicle",ahmedabad,27/01/2022
LN004565,CU002093,2024-05-17,137009,36,11.66,4528.44,"Two wheeler",mumbai,17/05/2024
LN003888,CU003281,2022-11-05,123043,24,13.43,5874.57,"Two wheeler",coimbatore,05/11/2022
LN000712,CU001207,2023-06-19,194666,24,18.15,9732.64,"Two wheeler",bangalore,2023-06-19
LN003849,CU004291,2023-02-01,201751,48,9.84,5101.44,"Two wheeler",coimbatore,01/02/2023
LN001185,CU000600,2022-03-01,107689,48,16.1,3057.45,"Commercial Vehicle",chennai,01/03/2022
LN002453,CU001329,2023-09-18,99807,12,9.57,8754.67,Car,kochi,09/18/2023
LN000430,CU000727,2024-01-16,63579,24,17.88,3170.44,"Commercial Vehicle",mumbai,"16 Jan 2024"
LN001477,CU003794,2021-04-12,75942,36,10.56,2470.45,Car,coimbatore,"12 Apr 2021"
LN003538,CU000680,2023-06-27,231654,24,14.45,11171.69,"Two wheeler",thrissur,"27 Jun 2023"
LN004925,CU000468,2022-12-10,123010,24,16.16,6032.36,Car,kochi,2022-12-10
LN000518,CU004028,2021-05-12,110005,60,10.25,2350.84,Car,delhi,2021-05-12
LN004374,CU004212,2021-04-29,108574,48,11.77,2846.92,"Two wheeler",kolkata,2021-04-29
LN002817,CU002057,2024-05-01,54565,24,13.28,2601.3,Car,delhi,01/05/2024
LN002921,CU001645,2021-09-12,212202,12,11.21,18775.56,Car,ahmedabad,12/09/2021
LN002094,CU003796,2022-07-02,179775,36,17.14,6422,"Commercial Vehicle",delhi,2022-07-02
LN004047,CU003742,2022-06-22,178578,24,9.6,8207.54,"Commercial Vehicle",pune,06/22/2022
LN002026,CU002608,2023-12-31,87718,24,11.43,4105.88,"Two wheeler",thrissur,"31 Dec 2023"
LN003102,CU000383,2021-08-07,173464,36,18.23,6291.17,Car,thrissur,"07 Aug 2021"
LN000584,CU004174,2021-01-30,186314,24,9.89,8587.99,Car,kolkata,01/30/2021
LN002759,CU003848,2023-09-04,144755,48,10.39,3698.53,"Two wheeler",ahmedabad,04/09/2023
LN002493,CU002119,2022-04-10,146176,12,17.04,13334.72,"Two wheeler",coimbatore,2022-04-10
LN001853,CU001710,2023-08-26,64647,48,13.66,1755.57,"Two wheeler",pune,08/26/2023
LN001534,CU002579,2022-07-07,83112,12,10.31,7318.85,"Commercial Vehicle",coimbatore,07/07/2022
LN003890,CU003397,2022-12-04,284402,12,13.26,25436.72,Car,kolkata,04/12/2022
LN001945,CU004541,2024-05-24,96755,24,16.22,4747.6,Car,ahmedabad,"24 May 2024"
LN002858,CU001760,2023-11-07,115949,36,10.75,3782.31,"Two wheeler",mumbai,07/11/2023
LN000384,CU004597,2021-09-05,74711,48,13.76,2032.61,Tractor,kozhikode,"05 Sep 2021"
LN000758,CU004459,2021-03-23,93082,36,17.63,3347.89,Car,thrissur,2021-03-23
LN000986,CU001946,2021-06-18,90516,24,12.6,4286.31,"Two wheeler",pune,"18 Jun 2021"
LN003640,CU001402,2022-05-14,130787,24,15.98,6402.49,"Two wheeler",ahmedabad,2022-05-14
LN002801,CU000357,2022-06-22,408070,24,11.96,19201.65,"Commercial Vehicle",thrissur,06/22/2022
LN001024,CU004109,2021-08-16,143278,36,11.65,4734.96,"Commercial Vehicle",thrissur,08/16/2021
LN004155,CU001678,2022-03-14,172700,24,13.31,8235.64,Tractor,thrissur,2022-03-14
LN001805,CU001407,2021-12-16,112000,36,10,3613.92,Car,kozhikode,2021-12-16
LN001552,CU003775,2022-06-26,246343,12,15.76,22322.94,"Two wheeler",chennai,2022-06-26
LN001654,CU002544,2021-11-24,112715,36,16.97,4016.91,"Commercial Vehicle",chennai,2021-11-24
LN000307,CU003272,2022-07-25,156357,36,12.87,5258.5,"Commercial Vehicle",coimbatore,2022-07-25
LN000482,CU003559,2023-08-28,76745,36,14.94,2658.14,Car,pune,28/08/2023
LN002210,CU000878,2024-05-12,180635,48,14.13,4947.91,"Two wheeler",kozhikode,12/05/2024
LN002838,CU000764,2022-02-10,66915,36,18.31,2429.56,Tractor,thrissur,2022-02-10
LN001345,CU003890,2021-08-10,190027,36,12.89,6392.7,"Two wheeler",hyderabad,2021-08-10
LN004318,CU001157,2023-04-15,109376,24,12.04,5150.75,"Two wheeler",pune,2023-04-15
LN004928,CU004576,2024-02-04,131347,36,12.14,4371.39,"Two wheeler",mumbai,"04 Feb 2024"
LN001491,CU004084,2022-02-05,71864,24,12.01,3383.22,"Two wheeler",kochi,2022-02-05
LN002900,CU004252,2022-09-13,82934,24,11.79,3895.86,"Two wheeler",coimbatore,09/13/2022
LN000449,CU001953,2022-09-01,255782,24,11.48,11978.53,Car,kochi,01/09/2022
LN000652,CU004302,2021-02-16,191738,36,17.23,6857.95,Car,chennai,"16 Feb 2021"
LN004637,CU001660,2022-01-05,132493,36,15.6,4631.94,"Two wheeler",bangalore,"05 Jan 2022"
LN004196,CU004552,2022-06-20,61098,24,13.44,2917.35,"Two wheeler",ahmedabad,"20 Jun 2022"
LN000813,CU004494,2021-06-08,182088,36,17.2,6510.07,"Two wheeler",delhi,2021-06-08
LN002919,CU003713,2021-07-09,64183,48,17.18,1857.99,Car,mumbai,2021-07-09
LN003457,CU000295,2022-11-04,172847,48,17.29,5013.48,Tractor,chennai,2022-11-04
LN001798,CU004164,2021-05-12,107045,36,18.01,3870.47,"Two wheeler",thrissur,12/05/2021
LN001530,CU001615,2022-07-29,87136,24,12.65,4128.29,"Two wheeler",chennai,2022-07-29
LN001075,CU003091,2021-05-17,111230,36,12.89,3741.89,"Commercial Vehicle",kozhikode,"17 May 2021"
LN003148,CU001805,2022-09-03,309658,36,16.83,11013.97,Car,delhi,03/09/2022
LN003249,CU003133,2022-01-09,194372,60,13.14,4436.5,Car,kozhikode,09/01/2022
LN000609,CU003443,2021-11-22,78427,60,15.55,1888.49,"Two wheeler",bangalore,"22 Nov 2021"
LN004772,CU003758,2022-08-09,235962,60,16.2,5763.24,"Two wheeler",bangalore,09/08/2022
LN003422,CU003356,2024-02-10,75516,48,11.25,1960.93,"Commercial Vehicle",hyderabad,"10 Feb 2024"
LN001326,CU004385,2024-03-01,88130,36,15.4,3072.35,"Two wheeler",ahmedabad,01/03/2024
LN002960,CU001023,2023-10-09,76185,24,11.13,3555.42,"Commercial Vehicle",coimbatore,"09 Oct 2023"
LN002089,CU001140,2022-12-22,302402,48,14.55,8347.25,"Commercial Vehicle",ahmedabad,12/22/2022
LN002211,CU001255,2023-12-23,123367,48,17.48,3590.47,Car,pune,2023-12-23
LN001790,CU003277,2023-12-04,64430,36,16.6,2284.3,"Two wheeler",coimbatore,2023-12-04
LN003103,CU000949,2022-07-11,246532,24,14.01,11837.88,"Two wheeler",chennai,11/07/2022
LN002000,CU002280,2023-09-13,308132,24,11.81,14477.52,"Two wheeler",coimbatore,"13 Sep 2023"
LN000154,CU000158,2023-07-27,150672,36,10.42,4891.53,"Two wheeler",chennai,"27 Jul 2023"
LN000040,CU001847,2023-02-15,81394,24,11.29,3804.57,"Two wheeler",chennai,2023-02-15
LN002799,CU000837,2022-01-13,121367,36,9.98,3915.03,"Commercial Vehicle",pune,"13 Jan 2022"
LN004666,CU001202,2021-07-16,152056,36,17.84,5484.99,"Commercial Vehicle",ahmedabad,07/16/2021
LN001780,CU003449,2022-01-03,106832,36,16.99,3808.32,"Two wheeler",thrissur,2022-01-03
LN001944,CU000338,2023-11-10,81851,48,11.62,2140.21,"Two wheeler",kolkata,"10 Nov 2023"
LN004053,CU000641,2022-09-17,171497,36,14.18,5876.37,"Two wheeler",chennai,2022-09-17
LN000732,CU000108,2021-11-27,216242,48,17.16,6257.59,"Two wheeler",chennai,27/11/2021
LN004198,CU001766,2024-11-05,96535,12,15.76,8747.74,"Commercial Vehicle",bangalore,05/11/2024
LN003504,CU001336,2022-08-04,136566,48,9.83,3452.53,Tractor,delhi,2022-08-04
LN001627,CU002941,2021-08-10,318747,12,11.5,28245.78,"Two wheeler",kolkata,10/08/2021
LN004160,CU003541,2024-06-14,94618,24,9.9,4361.77,Car,ahmedabad,"14 Jun 2024"
LN002218,CU002787,2022-10-18,167524,48,10.81,4314.3,"Two wheeler",delhi,2022-10-18
LN001771,CU002800,2023-05-13,60897,48,16.91,1754.35,Car,bangalore,05/13/2023
LN002866,CU001837,2021-12-10,80282,48,17.39,2332.77,"Commercial Vehicle",hyderabad,10/12/2021
LN002436,CU000945,2024-02-16,82438,36,14.15,2823.55,"Two wheeler",ahmedabad,16/02/2024
LN000245,CU004577,2024-06-24,98107,48,13.5,2656.38,"Commercial Vehicle",hyderabad,06/24/2024
LN001067,CU004039,2023-02-02,196162,36,17.92,7083.86,"Commercial Vehicle",kolkata,2023-02-02
LN000510,CU001868,2022-05-31,123782,48,18.27,3653.58,"Two wheeler",kochi,2022-05-31
LN002425,CU004039,2021-06-16,134948,48,14.91,3749.55,"Two wheeler",ahmedabad,16/06/2021
LN002463,CU003735,2021-07-11,124644,24,16.23,6116.66,Car,chennai,11/07/2021
LN002297,CU002210,2024-03-22,131547,36,15.87,4616.36,Car,kochi,2024-03-22
LN002223,CU004195,2022-01-07,214412,36,17.41,7688.2,"Two wheeler",mumbai,07/01/2022
LN004223,CU003360,2022-02-01,115723,12,16.22,10511.7,"Commercial Vehicle",kozhikode,2022-02-01
LN003312,CU004279,2023-06-21,154637,48,15.95,4378.5,"Two wheeler",kochi,06/21/2023
LN002374,CU000769,2023-10-19,312764,48,13.58,8480.99,"Commercial Vehicle",chennai,"19 Oct 2023"
LN002092,CU001649,2021-11-20,278918,24,13.7,13352.16,Car,chennai,2021-11-20
LN004388,CU002963,2021-11-22,156657,24,10.94,7297.08,Car,bangalore,"22 Nov 2021"
LN002504,CU002791,2022-05-18,168422,24,12.87,7996.81,"Two wheeler",thrissur,18/05/2022
LN004847,CU002491,2024-04-28,150876,36,13.92,5150.72,Car,chennai,2024-04-28
LN001571,CU002050,2023-03-01,49260,24,9.61,2264.24,Tractor,thrissur,2023-03-01
LN001478,CU001909,2021-02-04,67526,60,13.92,1568.41,"Commercial Vehicle",chennai,2021-02-04
LN000716,CU000727,2022-10-11,55961,60,14.08,1304.44,Tractor,delhi,11/10/2022
LN003212,CU004514,2024-02-29,211426,48,13.93,5770.11,Car,bangalore,2024-02-29
LN000415,CU002994,2022-03-14,116806,24,15.06,5666.86,Car,thrissur,03/14/2022
LN001437,CU003922,2023-03-27,133376,48,16.47,3812.1,Car,chennai,27/03/2023
LN002840,CU000849,2022-02-10,328675,36,12.26,10957.57,Car,kochi,10/02/2022
LN003434,CU001327,2022-06-08,78844,60,12,1753.84,"Two wheeler",mumbai,08/06/2022
LN002994,CU000200,2024-05-24,75128,24,11.29,3511.68,"Two wheeler",kozhikode,05/24/2024
LN001679,CU002490,2023-11-01,275088,36,11.43,9062.15,"Commercial Vehicle",mumbai,01/11/2023
LN002163,CU001644,2021-06-16,247702,24,13.01,11777.37,"Commercial Vehicle",ahmedabad,"16 Jun 2021"
LN003128,CU002049,2022-10-28,59557,24,13.7,2851.07,"Two wheeler",coimbatore,2022-10-28
LN001828,CU001100,2022-09-07,150828,36,9.66,4842.75,"Two wheeler",pune,2022-09-07
LN000494,CU003969,2024-03-22,230301,12,18.07,21121.67,Car,delhi,2024-03-22
LN003477,CU003017,2023-11-09,120215,36,16.06,4229.96,Car,bangalore,09/11/2023
LN000790,CU001913,2021-05-16,142202,48,9.94,3602.51,Car,mumbai,2021-05-16
LN001377,CU003301,2023-08-25,121605,12,16.95,11088.07,Car,kolkata,2023-08-25
LN003993,CU002550,2024-06-03,102040,48,11.65,2669.6,Car,chennai,2024-06-03
LN003014,CU003731,2024-03-15,127680,36,12.61,4278.1,"Commercial Vehicle",bangalore,03/15/2024
LN003854,CU001181,2021-07-16,250938,60,15.21,5997.49,"Two wheeler",pune,2021-07-16
LN004681,CU004491,2022-01-23,180217,24,16.8,8893.03,Car,bangalore,2022-01-23
LN004273,CU003474,2023-11-07,172656,36,13.23,5836.61,"Two wheeler",pune,07/11/2023
LN003354,CU004344,2022-10-18,80872,24,10.93,3766.64,"Two wheeler",pune,"18 Oct 2022"
LN000891,CU002692,2023-10-22,221647,12,17.37,20254.2,Car,kozhikode,"22 Oct 2023"
LN000170,CU002074,2022-11-16,156010,36,14.71,5386.01,"Commercial Vehicle",delhi,"16 Nov 2022"
LN002797,CU002351,2021-03-21,78271,24,11.99,3684.12,"Two wheeler",pune,03/21/2021
LN002546,CU003822,2022-10-17,145195,24,15.61,7082.17,Car,coimbatore,2022-10-17
LN002532,CU004440,2024-02-15,92073,12,15.37,8326.44,"Commercial Vehicle",delhi,02/15/2024
LN002571,CU001071,2021-05-04,92114,36,10.84,3008.72,Car,thrissur,04/05/2021
LN004408,CU000267,2024-03-06,64030,24,17.97,3195.71,Car,bangalore,06/03/2024
LN004039,CU004093,2021-07-29,118563,36,10.06,3829.04,Tractor,mumbai,29/07/2021
LN003892,CU002368,2021-01-15,68124,12,11.48,6036.18,"Commercial Vehicle",bangalore,"15 Jan 2021"
LN000713,CU000856,2023-11-09,125150,24,11,5832.97,"Two wheeler",hyderabad,09/11/2023
LN001357,CU001494,2021-09-18,148727,36,16.12,5237.62,Tractor,thrissur,2021-09-18
LN001316,CU001676,2021-11-19,57213,36,18.04,2069.54,"Commercial Vehicle",ahmedabad,2021-11-19
LN003409,CU000035,2021-08-25,47741,24,10.96,2224.22,"Two wheeler",kolkata,08/25/2021
LN001221,CU001074,2024-03-24,187702,48,13.66,5097.28,Tractor,thrissur,24/03/2024
LN000917,CU001681,2022-01-27,109905,24,14.61,5308.58,"Commercial Vehicle",kolkata,2022-01-27
LN002852,CU002898,2023-10-03,95967,48,14.83,2662.57,Car,mumbai,03/10/2023
LN003116,CU001804,2023-01-24,126931,36,9.66,4075.47,"Two wheeler",kozhikode,24/01/2023
LN002573,CU002891,2021-09-16,249892,36,14.2,8565.01,Car,bangalore,2021-09-16
LN001487,CU001861,2022-01-23,113230,24,13.11,5389.01,"Two wheeler",hyderabad,2022-01-23
LN003088,CU000149,2024-06-02,139310,36,16.22,4912.87,"Two wheeler",hyderabad,2024-06-02
LN002770,CU000195,2021-04-29,83962,48,18.5,2488.37,"Two wheeler",pune,29/04/2021
LN003308,CU003057,2022-07-08,122567,36,11.02,4013.85,"Commercial Vehicle",thrissur,"08 Jul 2022"
LN004781,CU002226,2023-11-22,69111,36,13.83,2356.35,"Two wheeler",kochi,2023-11-22
LN002794,CU003312,2021-04-25,103407,24,17.31,5128.09,Car,kochi,25/04/2021
LN002574,CU001859,2021-02-11,224196,24,15.39,10912.1,Car,kolkata,11/02/2021
LN002519,CU000763,2024-06-26,88295,36,13.46,2994.61,Tractor,kozhikode,"26 Jun 2024"
LN001433,CU002917,2021-02-28,40087,48,11.34,1042.7,Car,kozhikode,"28 Feb 2021"
LN002386,CU002646,2022-04-18,117889,60,14.03,2744.9,"Two wheeler",kolkata,2022-04-18
LN000567,CU001739,2023-11-16,141109,36,17.06,5035.14,"Two wheeler",coimbatore,2023-11-16
LN000042,CU000340,2022-07-30,548603,12,15.41,49622.18,"Commercial Vehicle",kozhikode,2022-07-30
LN004009,CU001486,2023-04-29,112570,24,15.53,5486.53,"Commercial Vehicle",kozhikode,29/04/2023
LN000423,CU003182,2021-09-10,95045,36,16.17,3349.48,"Two wheeler",delhi,"10 Sep 2021"
LN003252,CU001895,2024-04-19,83044,24,11,3870.5,"Two wheeler",kozhikode,04/19/2024
LN003222,CU000036,2022-06-10,111095,60,12.14,2479.11,"Two wheeler",pune,2022-06-10
LN003072,CU002504,2021-01-19,63725,48,17.78,1864.6,"Two wheeler",bangalore,"19 Jan 2021"
LN004267,CU001286,2023-09-29,131220,24,14.75,6346.84,"Commercial Vehicle",ahmedabad,2023-09-29
LN001242,CU003493,2022-02-15,87975,12,16.89,8019.15,Car,kochi,02/15/2022
LN002674,CU002037,2021-09-28,117948,24,9.7,5426.38,"Two wheeler",pune,2021-09-28
LN000916,CU002430,2022-12-07,56056,60,18.49,1438.44,"Two wheeler",hyderabad,07/12/2022
LN000053,CU001806,2023-04-09,130087,24,17.56,6466.85,Car,delhi,09/04/2023
LN002303,CU004503,2024-04-13,185185,60,17.98,4700.47,"Two wheeler",hyderabad,04/13/2024
LN003763,CU001744,2023-11-24,63563,24,17.1,3145.75,"Commercial Vehicle",delhi,2023-11-24
LN004927,CU003928,2023-02-07,246477,24,16.49,12126.07,"Commercial Vehicle",kochi,2023-02-07
LN003376,CU001822,2021-12-06,278870,36,16.62,9889.82,"Commercial Vehicle",thrissur,2021-12-06
LN000645,CU000531,2022-10-19,217441,48,15.13,6065.88,"Two wheeler",ahmedabad,2022-10-19
LN002114,CU000769,2023-08-03,124451,36,16.36,4397.48,"Two wheeler",pune,03/08/2023
LN000838,CU002277,2021-03-18,116747,24,15.63,5695.68,Tractor,kochi,2021-03-18
LN003867,CU001731,2021-06-14,134877,36,14.99,4674.9,"Two wheeler",kozhikode,06/14/2021
LN001743,CU000778,2024-02-07,167659,60,17.69,4229.21,Car,kolkata,"07 Feb 2024"
LN001157,CU003698,2023-10-19,99386,24,16.69,4899.08,"Two wheeler",hyderabad,2023-10-19
LN004553,CU003389,2023-10-05,169973,24,12.32,8026.64,"Two wheeler",mumbai,2023-10-05
LN000399,CU003327,2021-02-02,212284,48,17.35,6163.97,"Two wheeler",chennai,2021-02-02
LN002025,CU001603,2022-07-02,245706,36,9.91,7917.86,Car,hyderabad,02/07/2022
LN000784,CU000521,2022-03-03,75225,24,17.81,3748.64,Car,mumbai,03/03/2022
LN004892,CU004043,2023-05-24,215177,12,15.57,19479.44,"Two wheeler",kozhikode,2023-05-24
LN003705,CU002955,2021-03-09,207669,48,15.39,5820.72,"Two wheeler",delhi,2021-03-09
LN000284,CU001958,2021-12-07,342043,24,18.36,17135.75,Car,delhi,2021-12-07
LN004133,CU004185,2023-08-25,99784,36,13.75,3398.28,"Two wheeler",chennai,25/08/2023
LN003533,CU002424,2022-12-25,136076,36,18.2,4933.14,"Two wheeler",ahmedabad,"25 Dec 2022"
LN001253,CU001695,2023-02-20,55228,24,13.65,2642.53,"Two wheeler",kochi,20/02/2023
LN003569,CU000726,2021-07-10,141297,24,15.11,6858.4,Car,coimbatore,10/07/2021
LN001274,CU001565,2023-12-06,213585,12,17.07,19487.06,Car,coimbatore,06/12/2023
LN001200,CU001500,2022-07-27,156718,48,14.65,4333.83,"Two wheeler",pune,07/27/2022
LN003403,CU004248,2024-06-21,107475,12,13.8,9639.76,Car,ahmedabad,"21 Jun 2024"
LN001907,CU002464,2021-03-10,82125,60,10.14,1750.58,Car,chennai,2021-03-10
LN004023,CU001235,2022-03-29,88022,24,11.03,4103.74,Car,thrissur,29/03/2022
LN003379,CU001718,2021-04-18,160489,48,11.26,4168.22,"Commercial Vehicle",coimbatore,2021-04-18
LN004953,CU001167,2021-10-16,159467,48,15.52,4480.23,Tractor,bangalore,"16 Oct 2021"
LN003616,CU001712,2021-08-29,123962,24,12.05,5838.22,"Two wheeler",hyderabad,2021-08-29
LN003017,CU001197,2022-06-06,120838,60,16.96,3000.54,Tractor,kozhikode,06/06/2022
LN003902,CU003115,2023-02-10,193199,48,17.72,5646.99,"Commercial Vehicle",bangalore,"10 Feb 2023"
LN002952,CU000719,2022-04-19,47504,60,16.52,1168.37,"Two wheeler",kochi,04/19/2022
LN003489,CU002804,2022-11-23,73028,36,17.08,2606.56,"Two wheeler",mumbai,11/23/2022
LN001713,CU003175,2024-04-29,119178,60,12.47,2679.44,"Two wheeler",delhi,"29 Apr 2024"
LN001142,CU002301,2023-10-06,108889,36,17.67,3918.6,Car,thrissur,"06 Oct 2023"
LN004369,CU002084,2023-11-26,98718,48,15.09,2751.9,"Commercial Vehicle",pune,11/26/2023
LN004919,CU003009,2024-03-31,113746,48,9.8,2873.98,"Two wheeler",bangalore,2024-03-31
LN001715,CU003092,2024-02-03,134122,48,14.12,3673.16,"Two wheeler",delhi,"03 Feb 2024"
LN003648,CU000937,2024-03-25,245529,60,9.65,5174.58,"Two wheeler",hyderabad,25/03/2024
LN003954,CU000521,2021-01-11,118555,12,18.12,10875.89,"Two wheeler",delhi,2021-01-11
LN004504,CU001556,2022-05-02,66890,12,13.72,5997.05,Car,kozhikode,2022-05-02
LN003299,CU002742,2023-04-03,58035,12,11.08,5131.4,Car,kozhikode,03/04/2023
LN004885,CU001143,2022-04-10,84698,24,15.83,4140.2,"Two wheeler",bangalore,10/04/2022
LN000553,CU000585,2023-04-30,114544,24,13.29,5461.25,"Two wheeler",hyderabad,30/04/2023
LN004868,CU001529,2024-05-13,138783,48,14.39,3819.66,Car,thrissur,2024-05-13
LN000198,CU004334,2023-04-16,305623,24,12.05,14393.87,"Commercial Vehicle",mumbai,2023-04-16
LN001041,CU000063,2023-06-14,72154,36,12.26,2405.52,Car,mumbai,06/14/2023
LN004866,CU002436,2024-01-19,96427,36,10.84,3149.6,Car,thrissur,2024-01-19
LN000845,CU001702,2022-06-09,100332,36,17.17,3585.6,"Two wheeler",delhi,2022-06-09
LN004769,CU000455,2022-10-10,253274,48,14.81,7024.44,Car,pune,"10 Oct 2022"
LN001516,CU003775,2023-08-27,93811,24,13,4459.95,"Two wheeler",pune,2023-08-27
LN002102,CU001208,2023-11-23,102589,48,17.2,2970.84,"Commercial Vehicle",hyderabad,11/23/2023
LN003779,CU001666,2024-01-30,116687,36,15.56,4077.07,"Commercial Vehicle",bangalore,"30 Jan 2024"
LN001144,CU002533,2021-01-06,419293,48,12.76,11198.7,"Two wheeler",kozhikode,06/01/2021
LN003680,CU003275,2021-02-15,113768,24,10.51,5276.64,Car,pune,2021-02-15
LN001619,CU003501,2021-10-17,81866,48,9.78,2067.69,Car,coimbatore,10/17/2021
LN004394,CU000027,2022-05-17,90530,36,12.28,3019.01,Car,kochi,2022-05-17
LN003214,CU000117,2023-05-08,112966,48,12.87,3023.31,"Commercial Vehicle",pune,"08 May 2023"
LN001027,CU001214,2022-06-01,131398,36,14.11,4497.9,"Two wheeler",chennai,01/06/2022
LN003348,CU000323,2023-01-21,104386,60,18.25,2664.94,"Two wheeler",thrissur,2023-01-21
LN004791,CU002234,2022-06-29,123248,36,14.16,4221.91,Car,thrissur,2022-06-29
LN000603,CU003485,2022-07-02,68297,48,17.64,1993.4,"Two wheeler",coimbatore,02/07/2022
LN001630,CU002393,2022-12-11,63172,36,14.97,2188.95,Car,kolkata,2022-12-11
LN000387,CU001732,2022-04-08,176645,36,15.21,6141.64,"Commercial Vehicle",mumbai,08/04/2022
LN002621,CU000932,2023-08-01,96012,36,13.34,3250.77,"Two wheeler",chennai,2023-08-01
LN004452,CU002364,2024-04-16,69875,36,18.37,2539.14,"Two wheeler",bangalore,2024-04-16
LN003094,CU004528,2021-04-09,272623,48,14.27,7486.8,"Two wheeler",pune,09/04/2021
LN002035,CU002958,2023-11-29,128671,48,17.86,3770.3,"Two wheeler",thrissur,2023-11-29
LN001336,CU000071,2023-06-26,76466,24,17.06,3782.86,"Two wheeler",thrissur,2023-06-26
LN004377,CU002006,2023-03-10,87292,36,17,3112.2,"Two wheeler",mumbai,2023-03-10
LN000805,CU000423,2021-05-03,142592,24,16.3,7002.2,"Two wheeler",thrissur,2021-05-03
LN003001,CU003924,2024-06-02,105302,48,14.38,2897.65,"Two wheeler",kochi,"02 Jun 2024"
LN000493,CU000856,2023-12-07,150179,60,15.14,3583.79,"Two wheeler",bangalore,07/12/2023
LN001418,CU003516,2023-12-01,172015,24,13.2,8194.08,"Two wheeler",thrissur,2023-12-01
LN002745,CU004316,2023-11-21,218585,24,9.53,10039.24,Tractor,kozhikode,2023-11-21
LN000341,CU001128,2022-02-07,63820,24,18.34,3196.65,Tractor,thrissur,2022-02-07
LN001110,CU002940,2022-01-07,186428,60,13.87,4325.3,"Two wheeler",bangalore,2022-01-07
LN002984,CU002131,2024-05-24,121878,36,11.99,4047.51,"Two wheeler",kolkata,05/24/2024
LN000166,CU000466,2021-12-25,165901,24,10.84,7719.97,"Two wheeler",hyderabad,12/25/2021
LN004265,CU000849,2023-01-16,130911,24,11.21,6114.25,"Two wheeler",pune,2023-01-16
LN002484,CU003437,2021-12-20,60238,48,18.36,1780.84,Car,chennai,2021-12-20
LN003545,CU004102,2021-12-02,115291,36,14.81,3985.88,"Two wheeler",thrissur,"02 Dec 2021"
LN003795,CU002495,2024-01-13,267958,12,12.56,23878,"Two wheeler",ahmedabad,13/01/2024
LN000485,CU003042,2024-03-11,107382,24,15.23,5218.34,Car,kochi,11/03/2024
LN003992,CU000064,2024-04-01,185974,60,15.6,4483.1,"Two wheeler",kochi,01/04/2024
LN004676,CU000774,2023-10-08,171275,60,14.85,4061.15,"Two wheeler",kozhikode,"08 Oct 2023"
LN000422,CU001760,2023-05-30,195435,24,15.6,9531.8,Car,pune,05/30/2023
LN000155,CU004230,2023-11-06,98670,60,14.93,2343.73,"Two wheeler",coimbatore,"06 Nov 2023"
LN003108,CU000331,2022-03-29,153195,36,15.02,5312.06,"Two wheeler",thrissur,2022-03-29
LN000592,CU002899,2023-12-23,48195,48,14.08,1318.93,Car,kolkata,2023-12-23
LN001572,CU001151,2021-06-27,123697,12,11.69,10972.4,"Two wheeler",coimbatore,2021-06-27
LN002391,CU000938,2024-05-05,169811,24,18.39,8509.7,"Two wheeler",ahmedabad,"05 May 2024"
LN004387,CU000444,2021-09-12,88124,24,9.95,4064.44,"Commercial Vehicle",kozhikode,12/09/2021
LN003622,CU003106,2022-02-26,249015,36,12.73,8357.95,"Two wheeler",kochi,"26 Feb 2022"
LN000379,CU001123,2021-03-31,220891,60,17.23,5517.06,"Commercial Vehicle",pune,"31 Mar 2021"
LN003076,CU000816,2023-06-12,83314,36,15.86,2923.32,"Two wheeler",hyderabad,2023-06-12
LN004579,CU000178,2022-11-28,136387,12,17.27,12456.62,"Commercial Vehicle",hyderabad,28/11/2022
LN002173,CU004039,2023-05-20,206902,24,18.17,10346.4,"Two wheeler",mumbai,20/05/2023
LN001052,CU003847,2024-02-13,183186,36,10.28,5935.01,Car,hyderabad,2024-02-13
LN002115,CU002904,2023-06-03,63476,48,14.47,1749.58,"Two wheeler",chennai,"03 Jun 2023"
LN004740,CU002873,2021-10-24,97449,60,14.36,2285.7,Car,kochi,24/10/2021
LN002051,CU000743,2021-06-28,265600,36,11.82,8798.9,"Two wheeler",mumbai,2021-06-28
LN004115,CU001333,2023-04-17,258098,24,11.77,12121.87,Car,pune,04/17/2023
LN004753,CU004224,2023-09-05,228022,36,16.64,8088.81,"Two wheeler",pune,2023-09-05
LN000180,CU003319,2021-05-01,216704,36,9.94,6986.33,"Two wheeler",bangalore,01/05/2021
LN004580,CU003065,2021-07-27,155842,36,10.53,5067.45,Tractor,bangalore,2021-07-27
LN004922,CU001533,2021-06-15,58118,24,17.21,2879.35,Car,coimbatore,15/06/2021
LN002460,CU003683,2023-01-12,44212,24,14.58,2134.88,"Commercial Vehicle",mumbai,2023-01-12
LN001574,CU003467,2021-12-08,110955,48,15.59,3121.25,Car,hyderabad,08/12/2021
LN001597,CU003283,2022-09-02,136560,48,15.16,3811.65,"Two wheeler",pune,2022-09-02
LN002941,CU002967,2022-10-22,78991,36,16.12,2781.77,Car,chennai,10/22/2022
LN003754,CU002275,2021-05-30,260919,24,16.99,12899.17,"Two wheeler",kozhikode,"30 May 2021"
LN004404,CU004356,2021-10-14,104858,24,17.14,5191.47,"Two wheeler",kozhikode,"14 Oct 2021"
LN004823,CU000416,2022-05-27,232875,48,11.79,6108.51,"Commercial Vehicle",kolkata,"27 May 2022"
LN002886,CU003839,2021-09-01,156701,36,12.45,5238.46,"Two wheeler",thrissur,01/09/2021
LN000250,CU002986,2022-05-19,276542,24,11.09,12900.58,Tractor,coimbatore,19/05/2022
LN003458,CU000365,2022-05-12,137181,24,15.12,6659.27,"Two wheeler",thrissur,2022-05-12
LN000638,CU002126,2021-05-25,125275,48,13.91,3417.67,"Two wheeler",coimbatore,"25 May 2021"
LN002395,CU004464,2021-10-19,255590,48,14.57,7057.67,"Two wheeler",kolkata,19/10/2021
LN002581,CU003635,2021-06-20,73537,36,15.47,2566.14,"Commercial Vehicle",mumbai,06/20/2021
LN003563,CU000740,2021-12-27,203277,36,16.95,7242.32,Car,kozhikode,2021-12-27
LN004696,CU001312,2023-04-22,145538,36,10.99,4764.04,"Two wheeler",kochi,04/22/2023
LN002320,CU001844,2022-05-10,89625,24,16.94,4428.68,"Two wheeler",ahmedabad,10/05/2022
LN000344,CU002777,2022-05-15,200147,48,16.25,5697.88,"Two wheeler",kolkata,2022-05-15
LN002326,CU003580,2023-01-18,128484,36,14.04,4393.78,"Commercial Vehicle",delhi,01/18/2023
LN000466,CU001268,2022-01-13,212912,24,10.66,9889.79,Car,hyderabad,01/13/2022
LN003378,CU003376,2021-08-30,61075,36,14.19,2093.04,Car,delhi,"30 Aug 2021"
LN000574,CU003550,2021-05-16,126758,36,11.13,4157.7,"Two wheeler",kolkata,"16 May 2021"
LN002328,CU004208,2021-12-23,81511,24,11.72,3826.36,Car,pune,23/12/2021
LN004750,CU003919,2024-02-15,89328,24,13.08,4250.17,Car,bangalore,02/15/2024
LN002416,CU002828,2021-09-08,84368,36,17.8,3041.65,Tractor,kochi,08/09/2021
LN000023,CU002395,2022-01-04,86575,36,13.24,2927.07,"Two wheeler",kolkata,04/01/2022
LN000760,CU004537,2022-03-29,170921,48,11.68,4474.2,"Commercial Vehicle",hyderabad,"29 Mar 2022"
LN000052,CU000132,2021-03-08,66717,36,18.08,2414.66,Car,kolkata,"08 Mar 2021"
LN000836,CU001686,2023-11-30,168789,24,12.5,7984.95,Car,chennai,2023-11-30
LN002134,CU000392,2023-01-11,105758,12,10.11,9303.22,Car,bangalore,11/01/2023
LN002893,CU003467,2021-04-17,414047,36,17.66,14898.27,"Two wheeler",kochi,2021-04-17
LN004600,CU001477,2022-12-21,168001,48,17.84,4920.99,Tractor,kolkata,"21 Dec 2022"
LN001187,CU004115,2023-02-18,140800,48,11.4,3666.46,"Two wheeler",hyderabad,2023-02-18
LN004158,CU001991,2022-07-21,125602,12,11.21,11113.22,"Two wheeler",kolkata,21/07/2022
LN004543,CU004255,2021-11-05,174334,36,16.78,6196.41,Car,thrissur,05/11/2021
LN002558,CU000086,2023-05-23,124236,48,16.01,3521.52,"Two wheeler",kochi,2023-05-23
LN001141,CU002790,2023-02-11,407256,24,18.45,20420.55,"Two wheeler",kozhikode,2023-02-11
LN002618,CU000481,2021-07-25,81094,36,17.99,2931.34,"Two wheeler",coimbatore,2021-07-25
LN004572,CU002391,2021-11-06,109265,36,12.02,3630.21,"Two wheeler",thrissur,2021-11-06
LN000353,CU001063,2023-02-05,179500,24,10.42,8317.85,"Two wheeler",ahmedabad,05/02/2023
LN004534,CU002744,2022-05-26,223475,36,17.61,8035.5,"Two wheeler",thrissur,"26 May 2022"
LN001697,CU001359,2021-10-14,280421,12,13.37,25095.14,"Two wheeler",bangalore,2021-10-14
LN003922,CU004061,2021-07-18,143898,60,11.52,3166.14,"Two wheeler",hyderabad,"18 Jul 2021"
LN001643,CU001686,2022-07-14,58324,36,13.05,1966.57,Car,hyderabad,2022-07-14
LN000008,CU001638,2022-07-10,133745,24,18.49,6708.81,Tractor,hyderabad,"10 Jul 2022"
LN004951,CU000250,2022-05-31,131393,48,12.5,3492.43,"Two wheeler",thrissur,05/31/2022
LN000173,CU002419,2021-10-20,88305,36,11.63,2917.41,"Two wheeler",mumbai,"20 Oct 2021"
LN003557,CU002969,2022-11-05,116764,36,18.37,4243,"Commercial Vehicle",chennai,05/11/2022
LN000514,CU004351,2022-09-15,83934,60,9.57,1765.64,"Two wheeler",ahmedabad,"15 Sep 2022"
LN001449,CU002662,2021-12-13,141003,36,11.51,4650.39,Car,chennai,12/13/2021
LN001196,CU001341,2023-05-27,183527,48,16.81,5277.66,Car,hyderabad,05/27/2023
LN003584,CU000685,2022-04-04,134315,60,13.8,3111.37,"Commercial Vehicle",kochi,2022-04-04
LN003186,CU001218,2022-01-26,137489,36,18.35,4994.73,Car,bangalore,"26 Jan 2022"
LN000248,CU004375,2021-09-27,56419,60,14.15,1317.16,Car,kochi,27/09/2021
LN000236,CU004425,2023-06-10,200565,48,18.2,5912.58,"Commercial Vehicle",coimbatore,2023-06-10
LN001018,CU000043,2021-01-08,223777,36,15.85,7850.77,Tractor,coimbatore,2021-01-08
LN003193,CU001133,2023-03-16,40000,36,13.62,1359.73,"Two wheeler",pune,16/03/2023
LN003708,CU001971,2022-07-18,120945,24,16.58,5955.42,Car,delhi,2022-07-18
LN000950,CU003418,2023-05-05,255182,48,13.66,6929.78,"Commercial Vehicle",thrissur,2023-05-05
LN003865,CU003743,2024-06-10,64865,24,10.7,3014.19,"Two wheeler",kolkata,10/06/2024
LN004038,CU004433,2021-06-04,114685,24,10.78,5333.51,"Commercial Vehicle",kozhikode,"04 Jun 2021"
LN000728,CU002923,2024-01-21,95088,24,13.7,4551.98,"Commercial Vehicle",mumbai,2024-01-21
LN002587,CU001299,2023-03-01,89750,60,16.3,2196.88,"Commercial Vehicle",chennai,"01 Mar 2023"
LN001871,CU003853,2023-04-10,98141,24,9.65,4512.87,"Two wheeler",pune,2023-04-10
LN004663,CU004426,2022-08-01,195621,36,13.31,6620.49,Tractor,thrissur,01/08/2022
LN001069,CU002280,2022-01-18,46668,36,15.65,1632.66,Tractor,kolkata,01/18/2022
LN004841,CU000552,2022-11-05,162391,48,12.67,4329.99,"Two wheeler",hyderabad,"05 Nov 2022"
LN003290,CU001255,2024-01-23,411059,24,14.29,19792.49,"Two wheeler",mumbai,2024-01-23
LN004163,CU002479,2022-09-04,172492,36,18.39,6269.8,"Two wheeler",mumbai,04/09/2022
LN003387,CU001344,2024-03-22,141165,24,10.46,6544.06,"Two wheeler",delhi,2024-03-22
LN000709,CU001707,2021-01-09,207975,36,10.63,6772.45,Car,pune,09/01/2021
LN002454,CU003728,2024-05-02,131320,12,11.96,11665.17,Car,kolkata,"02 May 2024"
LN004830,CU001356,2022-08-20,93977,12,12.12,8355.02,Car,coimbatore,2022-08-20
LN004675,CU003072,2021-03-17,180932,60,10.86,3921.28,"Commercial Vehicle",pune,2021-03-17
LN002812,CU001152,2023-08-29,111414,60,9.52,2340.99,Car,hyderabad,08/29/2023
LN001109,CU002769,2024-05-13,110937,48,16.06,3147.4,"Two wheeler",mumbai,2024-05-13
LN001247,CU002074,2024-01-18,112862,48,12.18,2982.07,"Two wheeler",bangalore,2024-01-18
LN003415,CU002058,2023-02-11,183665,24,10.29,8499.81,"Two wheeler",bangalore,2023-02-11
LN002250,CU003989,2023-10-04,130301,24,17.17,6453.03,Car,kozhikode,04/10/2023
LN002920,CU000641,2022-05-10,78247,24,17.25,3878.11,"Two wheeler",mumbai,2022-05-10
LN003845,CU003266,2021-06-18,93312,12,14.24,8388.76,"Two wheeler",chennai,"18 Jun 2021"
LN002583,CU002739,2023-07-31,156490,60,10.35,3351.96,"Commercial Vehicle",mumbai,31/07/2023
LN003768,CU004591,2024-02-22,139099,36,17.08,4964.8,Car,thrissur,02/22/2024
LN001543,CU002814,2022-04-10,252308,48,15.69,7110.48,Car,thrissur,"10 Apr 2022"
LN003270,CU001372,2023-05-14,170218,24,17.02,8417.6,"Commercial Vehicle",kolkata,05/14/2023
LN003024,CU003794,2023-06-02,376473,36,14.71,12997.16,Car,thrissur,02/06/2023
LN001785,CU000801,2022-03-02,695100,36,13.54,23601.87,Car,kozhikode,2022-03-02
LN000889,CU002224,2022-12-03,210136,12,11.04,18576.09,Car,coimbatore,03/12/2022
LN001891,CU002775,2021-06-06,116902,36,13.11,3945.09,Car,delhi,2021-06-06
LN003000,CU001368,2023-09-14,249400,24,17.05,12336.89,"Two wheeler",delhi,2023-09-14
LN001702,CU001790,2021-01-02,126222,24,10.55,5856.6,"Two wheeler",mumbai,2021-01-02
LN004299,CU003264,2022-10-07,160218,24,15.43,7801.21,"Two wheeler",bangalore,2022-10-07
LN003201,CU002393,2023-05-19,172599,24,16.27,8473.27,"Two wheeler",kolkata,05/19/2023
LN002455,CU002949,2024-04-02,100959,24,15.25,4907.16,Car,kozhikode,02/04/2024
LN001133,CU001961,2022-05-14,99661,48,11.33,2591.79,"Two wheeler",bangalore,05/14/2022
LN000633,CU000295,2023-05-28,132123,36,16.7,4690.84,Car,pune,"28 May 2023"
LN003224,CU002728,2021-04-15,58356,60,15.49,1403.34,"Two wheeler",chennai,2021-04-15
LN004990,CU004060,2022-06-08,134344,36,9.8,4322.3,"Two wheeler",bangalore,08/06/2022
LN003950,CU002704,2021-12-29,50443,24,17.45,2504.94,"Two wheeler",thrissur,2021-12-29
LN002934,CU000128,2021-07-28,197060,12,10.17,17340.29,"Two wheeler",mumbai,28/07/2021
LN001099,CU002712,2022-12-02,99544,36,14.24,3413.79,"Commercial Vehicle",bangalore,2022-12-02
LN004193,CU004414,2021-09-18,200052,24,12.55,9468.61,"Two wheeler",thrissur,2021-09-18
LN002190,CU001372,2023-09-10,99292,24,17.67,4941.25,Car,hyderabad,2023-09-10
LN003978,CU004249,2021-01-24,66332,24,15.86,3243.39,"Two wheeler",thrissur,"24 Jan 2021"
LN001757,CU001366,2021-07-04,178180,36,16.87,6341.08,"Commercial Vehicle",thrissur,04/07/2021
LN000816,CU003468,2022-09-09,57634,36,10.62,1876.51,"Commercial Vehicle",chennai,09/09/2022
LN001091,CU003767,2023-10-19,203267,36,14.17,6963.98,Car,chennai,2023-10-19
LN003752,CU000531,2023-12-11,241742,36,11.36,7955.6,"Two wheeler",ahmedabad,2023-12-11
LN002204,CU003220,2021-03-25,137130,24,13.19,6531.65,"Two wheeler",kolkata,"25 Mar 2021"
LN003089,CU003406,2021-07-22,48319,48,13.32,1303.97,Car,kozhikode,22/07/2021
LN000946,CU003281,2021-01-22,81740,36,11.45,2693.52,"Two wheeler",mumbai,"22 Jan 2021"
LN001672,CU003553,2022-10-05,61697,36,15.72,2160.56,Car,mumbai,05/10/2022
LN002721,CU003340,2023-11-07,108852,24,17.59,5412.8,"Commercial Vehicle",ahmedabad,07/11/2023
LN002867,CU003694,2022-12-20,84681,36,17.74,3050.39,Car,bangalore,"20 Dec 2022"
LN003884,CU002744,2022-01-15,284410,12,10.37,25053.13,Car,mumbai,"15 Jan 2022"
LN002980,CU001147,2023-12-29,183289,36,17.52,6582.29,"Two wheeler",chennai,"29 Dec 2023"
LN001749,CU003777,2023-01-21,88526,12,14.34,7962.66,"Two wheeler",pune,2023-01-21
LN004135,CU003250,2023-08-27,144029,48,17.35,4182.09,Tractor,hyderabad,2023-08-27
LN002232,CU002514,2024-05-22,118664,12,12.21,10554.81,Car,chennai,2024-05-22
LN000611,CU000256,2023-09-01,172560,48,11.64,4513.73,"Two wheeler",kozhikode,01/09/2023
LN004633,CU000023,2022-10-16,65467,48,14.61,1809.08,"Commercial Vehicle",ahmedabad,2022-10-16
LN001899,CU002656,2021-02-04,152835,36,14.93,5292.84,Tractor,coimbatore,2021-02-04
LN002929,CU002778,2021-02-20,50280,36,12.95,1692.92,"Two wheeler",hyderabad,2021-02-20
LN003162,CU003702,2023-06-04,75455,36,16.55,2673.31,"Commercial Vehicle",kolkata,04/06/2023
LN003277,CU000160,2023-05-24,161200,24,12.54,7628.96,"Commercial Vehicle",mumbai,05/24/2023
LN004234,CU000193,2024-01-27,258433,48,15.22,7221.24,Car,coimbatore,"27 Jan 2024"
LN002367,CU000379,2024-03-19,66449,36,13.9,2267.84,"Two wheeler",kochi,19/03/2024
LN004526,CU003624,2024-05-01,106987,24,17.87,5334.51,"Commercial Vehicle",coimbatore,2024-05-01
LN002209,CU002449,2024-03-20,66959,24,15.11,3250.12,Car,thrissur,2024-03-20
LN001215,CU001036,2023-07-06,139852,36,12.06,4649.1,"Commercial Vehicle",hyderabad,2023-07-06
LN002410,CU001574,2024-06-26,163379,24,17.95,8152.6,"Commercial Vehicle",coimbatore,2024-06-26
LN001076,CU000398,2023-03-07,143862,12,12.48,12814.29,Car,pune,"07 Mar 2023"
LN004960,CU000518,2023-12-14,128142,48,12,3374.47,"Commercial Vehicle",kolkata,2023-12-14
LN000095,CU004127,2023-09-14,100435,60,9.71,2119.64,"Commercial Vehicle",hyderabad,09/14/2023
LN004812,CU000027,2021-12-31,233135,48,12.75,6225.54,Car,thrissur,31/12/2021
LN000241,CU001497,2022-04-24,105616,36,16.16,3721.49,"Two wheeler",pune,24/04/2022
LN001280,CU003304,2023-11-24,166079,24,11.51,7779.97,"Two wheeler",pune,24/11/2023
LN000334,CU003304,2021-03-08,62570,24,15.94,3061.83,Car,mumbai,2021-03-08
LN004720,CU001224,2021-03-17,220834,36,12.4,7377.11,Car,pune,"17 Mar 2021"
LN002507,CU001366,2023-12-01,94653,48,13.28,2552.48,Car,pune,01/12/2023
LN000641,CU004300,2021-08-06,178133,48,16,5048.34,Car,delhi,06/08/2021
LN004635,CU000682,2023-12-07,192343,36,15.25,6691.21,"Two wheeler",thrissur,2023-12-07
LN002717,CU004407,2024-05-01,122638,36,9.67,3938.21,"Two wheeler",bangalore,"01 May 2024"
LN001321,CU000502,2021-12-04,81685,60,10.21,1744.02,Car,pune,2021-12-04
LN000509,CU002362,2024-02-26,193764,24,17.11,9590.38,Tractor,pune,02/26/2024
LN000332,CU001975,2022-01-17,210605,24,11.14,9829.54,"Two wheeler",coimbatore,2022-01-17
LN000448,CU001153,2021-04-06,130782,48,17.68,3819.89,Car,chennai,2021-04-06
LN000332,CU001975,2022-01-17,210605,24,11.14,9829.54,"Two wheeler",coimbatore,2022-01-17
LN000975,CU003970,2021-06-03,189544,36,11.56,6255.81,"Two wheeler",kolkata,03/06/2021
LN000779,CU003594,2023-09-02,119683,12,12.86,10681.9,"Commercial Vehicle",mumbai,02/09/2023
LN001566,CU001802,2023-07-19,64510,60,12.84,1462.52,"Commercial Vehicle",kozhikode,"19 Jul 2023"
LN001045,CU000240,2021-09-19,194193,24,15.77,9486.97,"Commercial Vehicle",delhi,2021-09-19
LN003972,CU003055,2021-09-26,129104,36,16.92,4597.77,Car,delhi,2021-09-26
LN002293,CU003770,2022-12-14,120579,60,14.36,2828.22,Tractor,kolkata,14/12/2022
LN003677,CU003168,2021-03-05,80910,24,13.42,3862.59,"Two wheeler",bangalore,2021-03-05
LN000654,CU000650,2021-11-06,91086,24,10.42,4220.84,"Two wheeler",bangalore,2021-11-06
LN000347,CU003338,2022-04-01,45481,36,10.96,1488.13,"Two wheeler",bangalore,01/04/2022
LN000127,CU000017,2023-01-24,76666,36,15.14,2662.91,"Commercial Vehicle",mumbai,2023-01-24
LN002975,CU000542,2023-04-28,203135,36,16.96,7238.27,Car,ahmedabad,"28 Apr 2023"
LN002388,CU000272,2024-02-03,151785,48,9.51,3814.04,Car,kozhikode,03/02/2024
LN002896,CU002348,2022-08-25,196753,48,13.62,5339.14,Tractor,thrissur,"25 Aug 2022"
LN004624,CU003717,2022-10-30,95934,36,17.88,3462.47,"Two wheeler",pune,10/30/2022
LN003513,CU004548,2024-05-02,99418,24,16.49,4891.12,Car,pune,"02 May 2024"
LN001019,CU003374,2023-04-18,215517,36,10.59,7013.98,"Two wheeler",delhi,"18 Apr 2023"
LN001470,CU000658,2021-08-22,142833,24,12.89,6783.16,"Two wheeler",mumbai,22/08/2021
LN001801,CU003710,2021-02-28,216169,48,14.49,5960.41,Tractor,ahmedabad,28/02/2021
LN001726,CU003090,2021-10-25,258899,24,12.89,12295.16,"Commercial Vehicle",kolkata,"25 Oct 2021"
LN000974,CU002451,2022-12-10,109880,60,16.21,2684.34,"Two wheeler",chennai,10/12/2022
LN004745,CU000917,2024-03-28,140450,36,12.54,4701.26,"Two wheeler",thrissur,2024-03-28
LN004978,CU000555,2023-10-23,177550,60,11.63,3916.38,"Two wheeler",chennai,10/23/2023
LN001359,CU000109,2023-07-29,59963,36,15.56,2095.12,Tractor,kochi,2023-07-29
LN001521,CU001790,2022-05-31,126143,24,17.52,6268.36,"Two wheeler",mumbai,31/05/2022
LN002599,CU002766,2023-12-04,165013,36,13.18,5574.26,Car,kozhikode,04/12/2023
LN003100,CU001429,2022-11-28,108129,48,18.49,3204.04,Car,kozhikode,11/28/2022
LN004211,CU001486,2021-08-31,56306,12,16.59,5124.43,Tractor,kochi,08/31/2021
LN004104,CU004410,2023-09-22,100811,48,18.37,2980.85,"Two wheeler",delhi,22/09/2023
LN003985,CU000950,2022-01-24,89970,36,14.84,3111.79,"Commercial Vehicle",hyderabad,24/01/2022
LN000484,CU003715,2023-05-11,78160,12,14.74,7045,Car,chennai,2023-05-11
LN002936,CU000041,2022-04-18,62247,36,16.31,2197.96,Tractor,kolkata,18/04/2022
LN002449,CU002487,2023-06-18,177733,36,9.68,5708.28,Car,kozhikode,18/06/2023
LN003672,CU001461,2024-01-20,190107,24,15.6,9271.94,Car,thrissur,2024-01-20
LN000263,CU001390,2021-05-31,276280,36,15.93,9703.64,Car,ahmedabad,2021-05-31
LN002363,CU004438,2022-03-01,190232,36,12.8,6391.36,"Two wheeler",hyderabad,01/03/2022
LN000519,CU004106,2023-12-14,73315,36,9.95,2363.95,Car,chennai,2023-12-14
LN000992,CU001370,2022-10-24,69558,48,12.25,1840.28,"Two wheeler",chennai,"24 Oct 2022"
LN004027,CU000166,2024-04-08,147417,48,15.85,4166.52,Car,kozhikode,2024-04-08
LN002869,CU002849,2023-09-29,101798,24,13,4839.66,Car,hyderabad,29/09/2023
LN002520,CU002671,2024-02-22,75017,24,15.55,3656.96,Car,hyderabad,2024-02-22
LN003293,CU004200,2021-10-28,186992,36,17.41,6704.99,"Two wheeler",hyderabad,"28 Oct 2021"
LN000944,CU000309,2021-06-01,89467,36,10.06,2889.37,"Two wheeler",mumbai,"01 Jun 2021"
LN001592,CU004556,2023-12-23,176118,24,14.2,8472.58,"Two wheeler",kochi,2023-12-23
LN000451,CU000002,2021-05-14,195699,36,11.65,6467.34,Car,hyderabad,"14 May 2021"
LN003873,CU002717,2021-01-24,136526,48,14.58,3770.62,"Two wheeler",hyderabad,01/24/2021
LN003050,CU001287,2022-11-02,267147,24,17.1,13221.19,Car,pune,02/11/2022
LN004856,CU001553,2024-04-03,377137,48,15.15,10524.7,"Two wheeler",thrissur,2024-04-03
LN001535,CU002830,2021-01-10,215431,24,16.03,10551.26,"Two wheeler",bangalore,"10 Jan 2021"
LN001356,CU003760,2022-02-15,94410,48,10.69,2425.89,"Two wheeler",kozhikode,02/15/2022
LN001925,CU004295,2023-02-10,76931,48,9.58,1935.69,Car,ahmedabad,10/02/2023
LN001312,CU003485,2023-05-27,331670,48,10.29,8458.28,Tractor,delhi,2023-05-27
LN003579,CU000715,2022-01-16,389994,24,12.96,18533.7,"Commercial Vehicle",ahmedabad,2022-01-16
LN003487,CU002558,2021-12-01,161011,48,12.59,4286.83,Car,mumbai,"01 Dec 2021"
LN004292,CU001955,2022-07-18,200673,12,16.16,18222.43,"Two wheeler",ahmedabad,07/18/2022
LN000394,CU001923,2023-04-17,123615,60,12.7,2793.67,Tractor,thrissur,2023-04-17
LN003555,CU004202,2024-01-26,254228,12,16.57,23134.95,"Two wheeler",chennai,01/26/2024
LN004981,CU000715,2023-07-06,88244,48,11.15,2287.15,Car,kochi,2023-07-06
LN004020,CU001492,2022-10-27,71277,36,15.47,2487.28,"Two wheeler",pune,2022-10-27
LN000676,CU002772,2022-12-27,56772,48,12.57,1510.96,"Commercial Vehicle",kozhikode,12/27/2022
LN000824,CU001513,2022-02-04,90729,24,15.41,4416.84,Car,kochi,"04 Feb 2022"
LN001614,CU003343,2021-10-29,203731,36,12.3,6796.01,"Two wheeler",coimbatore,29/10/2021
LN003751,CU004591,2021-09-24,42818,48,17.91,1255.77,"Commercial Vehicle",kozhikode,2021-09-24
LN002924,CU002981,2024-02-20,94388,48,10.72,2426.69,"Commercial Vehicle",coimbatore,2024-02-20
LN003561,CU003576,2022-04-24,172440,36,18.36,6265.3,Car,mumbai,"24 Apr 2022"
LN001444,CU001302,2022-01-12,144264,24,15.32,7016.83,"Two wheeler",hyderabad,12/01/2022
LN003556,CU002460,2021-04-27,42254,36,13.92,1442.5,"Two wheeler",bangalore,27/04/2021
LN003945,CU001964,2021-04-03,116593,60,17.99,2960.06,"Two wheeler",delhi,03/04/2021
LN002350,CU002770,2021-10-23,246934,48,17.71,7216.32,Car,kochi,23/10/2021
LN003199,CU001049,2022-05-19,203538,36,10.52,6617.4,Tractor,mumbai,19/05/2022
LN003455,CU004398,2023-10-25,251483,60,14.95,5976.16,Car,chennai,2023-10-25
LN003855,CU004010,2024-10-01,195066,48,10.35,4980.23,Tractor,bangalore,01/10/2024
LN004436,CU001116,2022-06-07,152895,24,11.04,7128.95,"Two wheeler",mumbai,2022-06-07
LN003615,CU000617,2023-02-12,87391,60,12.05,1946.17,"Two wheeler",kozhikode,12/02/2023
LN000480,CU002438,2021-04-20,139549,12,13.99,12529.05,"Two wheeler",chennai,20/04/2021
LN000561,CU003489,2021-02-04,240826,24,12.2,11359.02,Car,delhi,2021-02-04
LN002912,CU002486,2023-05-26,168474,48,10.61,4322.46,"Commercial Vehicle",kozhikode,"26 May 2023"
LN003091,CU001331,2022-11-10,54114,24,14.56,2612.51,"Commercial Vehicle",pune,2022-11-10
LN001877,CU001739,2022-07-17,176906,60,16.08,4309.53,"Commercial Vehicle",mumbai,2022-07-17
LN002623,CU000540,2022-06-14,117734,48,17.75,3443.07,Car,ahmedabad,2022-06-14
LN002821,CU002460,2023-01-22,92408,60,15.04,2200.32,"Commercial Vehicle",kochi,22/01/2023
LN002024,CU002911,2023-11-19,77882,36,9.93,2510.47,"Two wheeler",pune,19/11/2023
LN001213,CU004374,2022-11-15,188177,36,10.89,6150.88,Car,thrissur,2022-11-15
LN003154,CU001924,2024-03-24,81328,48,14.99,2263.01,"Two wheeler",ahmedabad,24/03/2024
LN001343,CU000770,2024-06-21,183641,60,16.91,4555.07,Tractor,kozhikode,21/06/2024
LN001169,CU003166,2023-09-06,131933,24,14.42,6360.69,"Two wheeler",coimbatore,06/09/2023
LN002231,CU002272,2022-09-05,207195,60,15.56,4990.27,Car,thrissur,2022-09-05
LN000842,CU003095,2021-10-14,128885,48,16.76,3703,"Two wheeler",coimbatore,10/14/2021
LN001570,CU001637,2022-05-22,257761,36,14.31,8848.52,"Commercial Vehicle",ahmedabad,05/22/2022
LN002672,CU000368,2022-10-26,198281,48,16.15,5634.58,"Commercial Vehicle",thrissur,26/10/2022
LN001731,CU001578,2021-11-02,112684,36,15.42,3929.44,"Two wheeler",thrissur,02/11/2021
LN003345,CU002305,2021-06-20,107321,36,13.79,3657.04,Car,hyderabad,06/20/2021
LN002037,CU001457,2022-03-17,102418,48,10.96,2645.06,"Two wheeler",delhi,03/17/2022
LN003258,CU003424,2021-03-28,137025,24,13.63,6555.04,"Two wheeler",kochi,2021-03-28
LN001211,CU003386,2024-03-30,185088,24,11.05,8630.85,Car,chennai,2024-03-30
LN000246,CU001025,2024-03-10,489399,12,18.36,44951.99,Tractor,delhi,2024-03-10
LN002948,CU000577,2024-04-13,118588,24,14.61,5727.99,"Two wheeler",ahmedabad,"13 Apr 2024"
LN004469,CU004021,2021-10-30,40851,12,9.7,3585.75,"Two wheeler",coimbatore,2021-10-30
LN002766,CU001260,2021-01-26,101160,36,18.45,3680.05,"Commercial Vehicle",thrissur,2021-01-26
LN003706,CU000930,2021-05-23,102089,24,18.35,5113.98,"Two wheeler",bangalore,2021-05-23
LN000041,CU003425,2024-02-20,142899,24,11.63,6702.09,Car,kolkata,"20 Feb 2024"
LN004976,CU003050,2021-07-09,203174,48,18.3,6000.13,"Two wheeler",coimbatore,2021-07-09
LN002344,CU002598,2022-07-28,133550,36,16.06,4699.18,Car,mumbai,07/28/2022
LN004312,CU001814,2023-07-29,111343,12,16.17,10111.21,"Two wheeler",bangalore,2023-07-29
LN000663,CU003179,2024-05-05,83292,60,9.81,1761.93,"Two wheeler",kochi,"05 May 2024"
LN003633,CU000398,2024-02-20,230301,36,13.76,7844.32,Car,hyderabad,02/20/2024
LN001015,CU004172,2023-05-13,85627,48,18.33,2530.08,"Commercial Vehicle",chennai,"13 May 2023"
LN003352,CU003665,2023-02-16,193087,48,17.55,5626.63,"Commercial Vehicle",delhi,"16 Feb 2023"
LN004757,CU002268,2024-01-30,150789,48,11.95,3967.15,"Two wheeler",ahmedabad,"30 Jan 2024"
LN003703,CU001587,2022-06-14,224154,12,10.79,19789.15,Car,kochi,2022-06-14
LN003581,CU000951,2021-08-27,225327,36,16.76,8006.63,"Two wheeler",chennai,08/27/2021
LN000286,CU002881,2023-02-25,45291,36,13.64,1540.03,"Commercial Vehicle",bangalore,02/25/2023
LN003170,CU004225,2022-11-06,118524,60,12.35,2657.51,"Commercial Vehicle",coimbatore,2022-11-06
LN004998,CU002755,2023-01-21,105440,48,16.7,3026.14,"Two wheeler",pune,2023-01-21
LN003265,CU004436,2024-01-02,221550,36,14.42,7617.33,"Two wheeler",ahmedabad,02/01/2024
LN002407,CU001160,2024-05-20,255601,36,12.45,8544.65,Car,bangalore,20/05/2024
LN001990,CU001207,2024-06-11,99168,48,11.32,2578.49,"Two wheeler",kochi,2024-06-11
LN001408,CU001890,2022-11-19,94216,24,11.14,4397.33,"Commercial Vehicle",kozhikode,2022-11-19
LN004114,CU003137,2021-11-05,307773,60,13.95,7153.36,"Two wheeler",mumbai,05/11/2021
LN002901,CU003336,2022-12-03,193692,24,13.44,9248.55,"Two wheeler",pune,"03 Dec 2022"
LN000105,CU000502,2021-05-23,189208,36,18.19,6858.37,Car,hyderabad,2021-05-23
LN000235,CU000272,2024-04-26,100657,24,13.54,4810.99,"Two wheeler",kolkata,2024-04-26
LN002743,CU003175,2023-09-12,230452,24,13.68,11029.86,"Commercial Vehicle",mumbai,12/09/2023
LN002242,CU002672,2022-09-13,143744,24,17.02,7108.41,Car,kozhikode,09/13/2022
LN003609,CU004040,2021-06-06,130603,36,14.53,4497.39,Car,mumbai,06/06/2021
LN001856,CU000306,2023-06-11,133131,60,16.07,3242.44,"Two wheeler",hyderabad,11/06/2023
LN000617,CU000021,2023-02-26,185808,24,14.82,8993.32,Car,hyderabad,26/02/2023
LN001049,CU002469,2021-06-08,232202,24,16.2,11391.53,Car,kolkata,08/06/2021
LN001056,CU004178,2024-02-12,62307,24,16.15,3055.21,"Two wheeler",kolkata,"12 Feb 2024"
LN000454,CU001133,2022-03-12,190514,36,12.94,6413.67,"Two wheeler",mumbai,12/03/2022
LN003205,CU003699,2021-03-27,238784,36,12.57,7996.21,Car,chennai,2021-03-27
LN004434,CU000944,2022-10-29,87829,36,12.35,2931.88,Car,kozhikode,2022-10-29
LN004577,CU000679,2024-03-22,106881,36,12.14,3557.13,"Two wheeler",thrissur,2024-03-22
LN001941,CU003388,2021-10-06,103186,24,9.7,4747.24,Car,hyderabad,"06 Oct 2021"
LN002682,CU000645,2024-04-30,131343,48,14.69,3634.77,Car,kolkata,"30 Apr 2024"
LN002433,CU004549,2024-04-24,63376,12,17.85,5805.79,Car,pune,04/24/2024
LN004647,CU001212,2022-07-10,83744,48,11.02,2165.22,"Two wheeler",chennai,2022-07-10
LN001214,CU001172,2021-04-22,64678,24,15.11,3139.4,"Two wheeler",hyderabad,04/22/2021
LN002898,CU003465,2023-07-06,197957,24,18.34,9915.38,Car,mumbai,06/07/2023
LN004450,CU000963,2021-09-16,104203,48,18.01,3061.51,"Two wheeler",bangalore,"16 Sep 2021"
LN002762,CU004057,2024-02-16,114775,36,15.24,3992.22,Car,ahmedabad,16/02/2024
LN001542,CU000772,2022-10-01,146471,36,14.93,5072.45,Car,bangalore,2022-10-01
LN000951,CU003312,2024-01-20,150086,36,11.77,4968.53,"Two wheeler",kochi,20/01/2024
LN003459,CU001805,2021-12-10,133043,24,13.99,6387.15,"Two wheeler",kolkata,10/12/2021
LN001583,CU001925,2024-06-20,82092,48,10.12,2086.8,Tractor,kolkata,"20 Jun 2024"
LN000090,CU002696,2022-03-23,258690,48,9.75,6530.03,"Two wheeler",delhi,23/03/2022
LN003231,CU001571,2024-03-26,82793,24,11.75,3887.7,"Two wheeler",kozhikode,2024-03-26
LN004097,CU001884,2022-08-14,192796,48,15.53,5417.6,Car,coimbatore,08/14/2022
LN002356,CU004069,2021-06-14,268320,24,14.94,13002.29,"Two wheeler",mumbai,2021-06-14
LN001311,CU002706,2024-10-01,64184,24,11.74,3013.58,"Commercial Vehicle",mumbai,01/10/2024
LN001372,CU004558,2022-02-21,156492,48,15.02,4356.88,Car,bangalore,"21 Feb 2022"
LN003955,CU004473,2021-04-03,170943,12,18.19,15687.51,"Two wheeler",bangalore,2021-04-03
LN001171,CU002016,2021-10-05,92823,24,9.54,4263.63,"Two wheeler",chennai,"05 Oct 2021"
LN003411,CU001746,2023-05-02,157344,12,10.69,13883.58,"Two wheeler",kochi,2023-05-02
LN004802,CU002630,2022-03-07,78931,36,10.01,2547.25,"Two wheeler",delhi,2022-03-07
LN003638,CU002338,2024-01-15,242974,60,14.21,5680.07,"Two wheeler",kozhikode,2024-01-15
LN002970,CU001830,2021-03-01,119436,24,17.09,5910.35,"Commercial Vehicle",chennai,01/03/2021
LN004563,CU001080,2023-03-22,180690,36,16.02,6354.31,"Two wheeler",coimbatore,2023-03-22
LN003263,CU000444,2022-10-09,136569,36,16.2,4814.86,"Two wheeler",mumbai,2022-10-09
LN002432,CU002076,2024-01-13,124804,12,11.41,11054.27,Car,bangalore,"13 Jan 2024"
LN000691,CU000839,2021-11-09,137325,36,13.62,4668.14,"Two wheeler",bangalore,2021-11-09
LN002757,CU004336,2022-12-10,210280,48,15.66,5922.84,"Two wheeler",hyderabad,2022-12-10
LN000403,CU001631,2021-01-09,72882,24,9.5,3346.34,"Two wheeler",thrissur,"09 Jan 2021"
LN002027,CU002862,2022-07-03,97712,48,9.64,2461.37,"Two wheeler",kolkata,03/07/2022
LN004872,CU001014,2022-10-04,86778,48,18.49,2571.38,Car,bangalore,"04 Oct 2022"
LN000702,CU002158,2023-04-24,161778,48,14.83,4488.47,Car,ahmedabad,"24 Apr 2023"
LN003819,CU001217,2022-07-11,95884,36,15.17,3331.84,"Two wheeler",ahmedabad,"11 Jul 2022"
LN003967,CU004516,2023-04-18,219363,36,17.93,7922.8,Car,kozhikode,2023-04-18
LN004288,CU003173,2023-02-28,161642,24,9.56,7426.17,"Two wheeler",kolkata,2023-02-28
LN003047,CU001313,2023-10-01,178321,36,16.82,6341.67,"Two wheeler",kolkata,2023-10-01
LN002850,CU001743,2021-05-22,125085,48,12.13,3301.96,"Commercial Vehicle",kochi,2021-05-22
LN001736,CU003909,2022-08-07,121220,36,12.68,4065.72,Car,kolkata,"07 Aug 2022"
LN000544,CU004283,2023-03-28,156254,60,10.28,3341.5,"Two wheeler",pune,28/03/2023
LN003752,CU000531,2023-12-11,241742,36,11.36,7955.6,"Two wheeler",ahmedabad,2023-12-11
LN003256,CU001838,2021-02-20,173518,36,17.14,6198.49,"Two wheeler",ahmedabad,20/02/2021
LN003898,CU004019,2022-03-21,179226,36,15.82,6285.14,"Two wheeler",kochi,03/21/2022
LN003788,CU004196,2023-05-04,237625,60,11.59,5236.74,"Two wheeler",kozhikode,04/05/2023
LN000404,CU003615,2022-04-17,96498,12,17.79,8837.29,"Two wheeler",coimbatore,17/04/2022
LN002245,CU004400,2023-08-23,111733,48,13.26,3011.96,Car,coimbatore,2023-08-23
LN003131,CU002922,2023-12-23,56214,36,14.75,1941.8,Car,kolkata,"23 Dec 2023"
LN004379,CU004035,2023-11-30,102122,12,13.97,9167.8,Car,pune,2023-11-30
LN004146,CU001117,2023-03-23,158248,48,15.74,4463.75,Tractor,chennai,03/23/2023
LN001930,CU002491,2022-07-31,180276,48,16.6,5164.64,"Two wheeler",bangalore,31/07/2022
LN002490,CU001883,2022-01-06,73090,36,14.3,2508.71,"Commercial Vehicle",mumbai,06/01/2022
LN001524,CU002917,2021-02-18,184748,36,11.01,6049.29,"Commercial Vehicle",kozhikode,2021-02-18
LN003614,CU003763,2021-08-11,341119,48,11.08,8829.66,"Two wheeler",bangalore,11/08/2021
LN002716,CU004103,2024-02-16,144150,48,14.52,3976.82,"Commercial Vehicle",thrissur,16/02/2024
LN004462,CU004003,2021-08-29,362167,36,16.14,12757.76,"Two wheeler",chennai,29/08/2021
LN003178,CU000320,2023-09-29,62138,24,11.02,2896.69,Car,kozhikode,2023-09-29
LN001533,CU004015,2021-10-18,157773,36,18.11,5712.58,Car,kolkata,"18 Oct 2021"
LN002607,CU000409,2024-03-08,403683,48,10.71,10376.64,"Commercial Vehicle",mumbai,2024-03-08
LN000861,CU002028,2023-06-15,176556,24,10.96,8225.62,"Two wheeler",ahmedabad,06/15/2023
LN003182,CU001584,2022-10-10,152112,48,14.13,4166.61,Car,coimbatore,"10 Oct 2022"
LN001502,CU004039,2022-03-03,316255,48,14.48,8718.48,Car,pune,03/03/2022
LN001896,CU001700,2023-01-24,156062,48,9.53,3923,Tractor,kolkata,"24 Jan 2023"
LN002947,CU003475,2021-06-01,200965,12,15.18,18155.84,"Two wheeler",hyderabad,2021-06-01
LN001754,CU004155,2021-05-26,127529,24,18.2,6379.1,"Two wheeler",thrissur,"26 May 2021"
LN000068,CU004240,2024-06-01,93204,60,11.94,2070.45,Car,kolkata,"01 Jun 2024"
LN003799,CU002204,2022-11-28,64765,12,14.1,5818.11,"Commercial Vehicle",hyderabad,28/11/2022
LN002135,CU002521,2023-06-22,223449,36,13.11,7540.72,"Two wheeler",chennai,22/06/2023
LN000546,CU002885,2021-07-24,405445,24,11.77,19042.18,"Commercial Vehicle",chennai,07/24/2021
LN004613,CU003662,2022-05-05,203652,12,13.39,18226.93,"Two wheeler",chennai,"05 May 2022"
LN000463,CU001812,2021-12-09,255252,36,14.97,8844.64,"Two wheeler",kochi,09/12/2021
LN003564,CU000726,2024-04-02,124111,36,12.54,4154.34,Car,kochi,02/04/2024
LN000815,CU003321,2023-12-11,257303,48,9.57,6472.86,"Two wheeler",pune,2023-12-11
LN002902,CU001326,2022-04-14,125010,36,16.44,4422.18,"Two wheeler",kolkata,"14 Apr 2022"
LN004507,CU000349,2022-01-14,70710,36,16.1,2489.45,"Two wheeler",kochi,14/01/2022
LN004306,CU004372,2023-02-01,121896,36,15.77,4271.67,"Two wheeler",hyderabad,2023-02-01
LN003713,CU002710,2024-03-26,210137,48,12.55,5590.63,Car,pune,2024-03-26
LN004840,CU004243,2022-11-29,232126,60,17.82,5871.77,"Commercial Vehicle",kolkata,"29 Nov 2022"
LN000234,CU004453,2023-08-21,376176,60,17.18,9385.39,"Two wheeler",chennai,"21 Aug 2023"
LN000395,CU003441,2021-10-13,203345,24,14.81,9841.17,"Two wheeler",mumbai,10/13/2021
LN003651,CU003510,2023-10-13,75442,48,12.45,2003.39,"Commercial Vehicle",delhi,13/10/2023
LN002237,CU002756,2024-03-14,40000,24,15.5,1948.98,"Two wheeler",ahmedabad,03/14/2024
LN004570,CU001581,2022-05-30,112243,24,12.13,5290.48,"Commercial Vehicle",mumbai,2022-05-30
LN004760,CU004576,2021-11-19,167109,36,13.26,5651.51,"Two wheeler",hyderabad,2021-11-19
LN002662,CU000162,2023-09-13,98841,60,11.19,2158.42,Car,bangalore,13/09/2023
LN000437,CU003925,2022-03-12,130956,48,12.47,3478.87,"Commercial Vehicle",coimbatore,2022-03-12
LN000164,CU004345,2021-01-10,82172,24,11.17,3836.35,"Two wheeler",kochi,10/01/2021
LN004036,CU004562,2021-01-28,244945,60,16.51,6023.16,Car,mumbai,28/01/2021
LN003267,CU000510,2023-03-31,153345,24,13.69,7340.1,"Two wheeler",bangalore,"31 Mar 2023"
LN001808,CU003374,2022-05-19,134128,60,14.82,3178.24,"Two wheeler",chennai,2022-05-19
LN002868,CU000536,2024-02-14,189396,36,11.82,6274.39,"Commercial Vehicle",kochi,2024-02-14
LN001547,CU001541,2021-06-11,95618,24,14.22,4600.84,Car,kozhikode,2021-06-11
LN002563,CU004355,2022-12-02,139147,24,14.75,6730.26,Tractor,delhi,2022-12-02
LN000776,CU002923,2023-02-21,198482,36,12.65,6654.23,"Two wheeler",kolkata,21/02/2023
LN001469,CU004378,2023-12-28,149649,24,12.13,7053.59,"Two wheeler",ahmedabad,2023-12-28
LN000253,CU004311,2023-06-01,142939,36,17.26,5114.68,Car,kolkata,01/06/2023
LN000425,CU004055,2022-06-25,153010,48,15.38,4287.91,"Two wheeler",coimbatore,"25 Jun 2022"
LN002535,CU000339,2022-01-02,211184,12,14.77,19038.2,Car,delhi,2022-01-02
LN002380,CU000367,2022-04-09,47740,36,12.38,1594.33,"Two wheeler",coimbatore,"09 Apr 2022"
LN000793,CU003951,2022-08-22,215756,24,10.65,10020.9,"Two wheeler",kolkata,22/08/2022
LN000914,CU002649,2022-07-24,178330,48,15.11,4973.01,Car,chennai,24/07/2022
LN003869,CU001352,2021-07-13,103923,36,15.89,3647.98,Tractor,kolkata,07/13/2021
LN002631,CU004414,2022-05-12,119748,48,14.56,3306.03,Car,coimbatore,2022-05-12
LN000578,CU002202,2021-08-13,61535,24,16.44,3025.9,"Two wheeler",bangalore,13/08/2021
LN003798,CU003890,2022-08-10,130648,48,14.53,3604.98,"Two wheeler",coimbatore,2022-08-10
LN000748,CU004570,2022-01-22,200377,48,11.13,5191.51,Car,hyderabad,2022-01-22
LN000679,CU000832,2021-12-16,175073,36,14.36,6014.24,"Commercial Vehicle",coimbatore,2021-12-16
LN004354,CU004031,2023-08-04,171828,48,11.87,4513.93,Car,mumbai,"04 Aug 2023"
LN001835,CU001438,2021-03-14,148303,24,16.77,7316.06,Car,coimbatore,2021-03-14
LN004540,CU004551,2024-03-03,169690,36,12.4,5668.61,"Two wheeler",hyderabad,"03 Mar 2024"
LN004040,CU000313,2024-02-05,60150,60,15.8,1456.35,"Two wheeler",bangalore,2024-02-05
LN004109,CU000792,2021-08-24,62500,60,14.87,1482.61,"Two wheeler",hyderabad,08/24/2021
LN004059,CU003328,2023-03-11,114554,24,15.87,5601.81,Tractor,kolkata,11/03/2023
LN000580,CU002215,2023-12-15,165421,48,13.86,4508.76,"Two wheeler",kochi,15/12/2023
LN000671,CU000379,2022-05-12,72791,24,15.5,3546.71,"Commercial Vehicle",kozhikode,12/05/2022
LN001290,CU000875,2023-01-20,73367,12,15.82,6650.4,Car,delhi,2023-01-20
LN003641,CU002745,2024-05-13,170678,24,16.9,8430.51,"Commercial Vehicle",kozhikode,"13 May 2024"
LN002851,CU001622,2021-08-03,124688,24,16.75,6149.89,"Two wheeler",mumbai,"03 Aug 2021"
LN002307,CU003015,2022-12-31,103728,36,15.48,3620.2,"Two wheeler",kozhikode,"31 Dec 2022"
LN002506,CU004263,2021-01-21,76632,48,18.42,2267.92,"Two wheeler",mumbai,2021-01-21
LN002773,CU004511,2022-03-04,108925,24,13.6,5209.24,Car,kolkata,04/03/2022
LN000116,CU001406,2023-10-04,250981,24,12.34,11854.44,"Two wheeler",kolkata,04/10/2023
LN004638,CU002990,2022-01-20,154343,24,11.95,7261.86,Car,kolkata,2022-01-20
LN001104,CU004088,2024-02-28,143692,48,9.68,3622.36,"Commercial Vehicle",hyderabad,"28 Feb 2024"
LN001842,CU002049,2021-07-10,86545,36,16.67,3071.37,Car,thrissur,2021-07-10
LN004890,CU001103,2024-06-21,137041,48,15.49,3848.08,"Commercial Vehicle",kozhikode,21/06/2024
LN004409,CU000459,2022-12-11,109767,24,14.9,5317.02,"Two wheeler",mumbai,"11 Dec 2022"
LN001298,CU002629,2021-02-27,154655,48,11.68,4048.4,Car,pune,2021-02-27
LN004496,CU004241,2023-11-03,182989,24,16.14,8971.96,"Commercial Vehicle",delhi,2023-11-03
LN001900,CU002746,2023-04-18,231423,48,16.4,6606.1,"Commercial Vehicle",hyderabad,18/04/2023
LN000547,CU002088,2023-08-22,50994,36,18.46,1855.34,"Two wheeler",hyderabad,2023-08-22
LN004004,CU004064,2023-01-14,143112,48,13.39,3867.1,"Two wheeler",delhi,"14 Jan 2023"
LN001008,CU001279,2023-10-03,112335,12,11.63,9961.4,Car,hyderabad,03/10/2023
LN002008,CU001996,2022-03-13,96976,24,15.81,4739.45,"Two wheeler",delhi,13/03/2022
LN001965,CU003264,2023-02-01,109367,48,9.95,2771.2,"Commercial Vehicle",kozhikode,01/02/2023
LN002466,CU002199,2021-02-20,375141,48,16.12,10654.67,"Commercial Vehicle",bangalore,2021-02-20
LN000047,CU002777,2022-04-11,40000,48,14.64,1105.94,"Commercial Vehicle",delhi,11/04/2022
LN000310,CU003210,2022-10-21,154707,48,10.16,3935.67,Car,chennai,10/21/2022
LN000878,CU001912,2022-11-24,185718,36,11.35,6111,"Two wheeler",bangalore,24/11/2022
LN000721,CU004506,2022-12-12,285978,24,10.79,13300.95,"Two wheeler",coimbatore,2022-12-12
LN001283,CU004497,2022-06-22,159570,48,15.95,4518.17,"Two wheeler",kochi,22/06/2022
LN001525,CU002504,2022-10-16,154261,12,9.6,13533.31,Car,kochi,"16 Oct 2022"
LN003044,CU002417,2021-10-10,65806,48,12.58,1751.72,"Two wheeler",delhi,10/10/2021
LN003776,CU003325,2023-04-24,93762,36,12.85,3152.44,"Two wheeler",kozhikode,24/04/2023
LN000947,CU000681,2021-02-21,89490,24,16.48,4402.26,"Two wheeler",kochi,21/02/2021
LN004064,CU003284,2021-09-10,250778,48,12.71,6691.71,"Commercial Vehicle",ahmedabad,10/09/2021
LN003399,CU002753,2024-01-02,262576,36,15.16,9122.87,Car,kochi,02/01/2024
LN004092,CU001866,2022-11-08,88796,60,14.61,2094.32,"Commercial Vehicle",bangalore,2022-11-08
LN000150,CU004332,2021-12-06,203460,36,17.4,7294.47,"Two wheeler",kolkata,2021-12-06
LN003261,CU003796,2023-06-30,109513,12,17.76,10027.65,Car,kozhikode,06/30/2023
LN000408,CU003605,2024-03-17,80922,24,9.74,3724.44,"Two wheeler",kochi,17/03/2024
LN003811,CU000478,2022-03-20,63826,36,14.43,2194.77,"Two wheeler",chennai,03/20/2022
LN001748,CU001640,2021-07-12,125122,48,16.56,3581.98,Car,chennai,"12 Jul 2021"
LN001340,CU002378,2023-09-29,100086,24,15.74,4888.1,"Two wheeler",bangalore,09/29/2023
LN004560,CU003157,2024-02-25,93825,60,11.44,2060.63,"Two wheeler",coimbatore,02/25/2024
LN001956,CU003933,2023-05-13,120984,24,13.79,5796.8,Car,ahmedabad,"13 May 2023"
LN004746,CU003443,2024-04-13,140815,24,12.54,6664.22,"Two wheeler",kolkata,2024-04-13
LN000806,CU004391,2023-09-11,430314,36,14.06,14719.66,"Two wheeler",bangalore,11/09/2023
LN003502,CU001870,2022-03-01,182950,36,16.13,6443.73,"Commercial Vehicle",chennai,2022-03-01
LN004502,CU000359,2021-11-28,305173,48,15.94,8639.31,Car,hyderabad,2021-11-28
LN000625,CU004496,2024-04-30,112858,36,12.63,3782.55,"Two wheeler",kochi,"30 Apr 2024"
LN004970,CU001327,2022-09-05,208140,12,12.43,18534.88,"Two wheeler",kochi,05/09/2022
LN000175,CU003341,2024-05-06,184576,48,14,5043.81,"Two wheeler",kochi,"06 May 2024"
LN001033,CU002236,2021-07-08,120339,36,17.36,4312.01,"Commercial Vehicle",kochi,"08 Jul 2021"
LN002241,CU003944,2021-02-08,190461,24,16.44,9365.65,Car,pune,08/02/2021
LN000331,CU002810,2021-11-30,135453,12,14.88,12218.09,"Commercial Vehicle",hyderabad,30/11/2021
LN002170,CU003161,2021-11-17,126142,24,11.73,5922.05,"Commercial Vehicle",hyderabad,11/17/2021
LN004410,CU004348,2022-08-13,75436,12,11.82,6696.05,Tractor,kozhikode,"13 Aug 2022"
LN001430,CU002527,2021-10-14,197537,36,10.87,6454.95,Car,coimbatore,10/14/2021
LN003432,CU001444,2023-10-05,120900,36,16.44,4276.79,"Commercial Vehicle",thrissur,2023-10-05
LN000312,CU002315,2023-06-15,155396,48,10.41,3971.91,"Two wheeler",kozhikode,2023-06-15
LN003130,CU000005,2024-01-31,107070,60,13.4,2458.15,"Two wheeler",kolkata,01/31/2024
LN001685,CU004084,2021-06-10,249770,60,11.98,5553.47,Car,bangalore,2021-06-10
LN001043,CU004560,2021-03-25,40000,48,15.08,1114.85,"Two wheeler",kolkata,03/25/2021
LN001937,CU000392,2023-07-08,158086,48,17.46,4599.29,Car,bangalore,2023-07-08
LN000741,CU002358,2021-02-22,137478,60,14.83,3258.34,Car,kozhikode,02/22/2021
LN001763,CU000988,2022-05-11,179359,24,9.76,8256.65,"Two wheeler",thrissur,2022-05-11
LN004010,CU001076,2021-09-03,81305,36,17.38,2914.14,"Two wheeler",coimbatore,03/09/2021
LN002931,CU003040,2022-06-23,194668,36,14.2,6672.22,"Two wheeler",hyderabad,2022-06-23
LN004742,CU000505,2023-02-18,267685,60,14.57,6307.95,"Two wheeler",mumbai,18/02/2023
LN004861,CU002474,2021-03-29,101014,36,10.4,3278.44,Car,chennai,"29 Mar 2021"
LN003452,CU000340,2022-10-10,101254,12,10.91,8944.75,Car,kolkata,2022-10-10
LN004108,CU002489,2021-04-03,314965,36,13.3,10657.98,Car,chennai,2021-04-03
LN001985,CU003483,2021-10-07,105136,24,13.68,5032,Car,delhi,07/10/2021
LN002983,CU001970,2023-08-03,107654,36,11.19,3534.15,"Two wheeler",kolkata,"03 Aug 2023"
LN003200,CU003950,2023-09-25,64852,36,15,2248.12,Car,thrissur,25/09/2023
LN000018,CU001611,2023-07-31,89243,36,13.3,3019.86,Car,chennai,"31 Jul 2023"
LN000354,CU004551,2023-07-08,67525,48,13.2,1818.24,Car,kochi,08/07/2023
LN000258,CU001339,2022-10-14,133506,48,10.38,3410.47,"Two wheeler",bangalore,14/10/2022
LN001351,CU001596,2022-08-12,95377,60,10.87,2067.55,Car,mumbai,12/08/2022
LN002911,CU000851,2023-07-20,176859,36,13.46,5998.34,Car,bangalore,2023-07-20
LN004764,CU001045,2021-10-09,73764,48,14.42,2031.29,"Two wheeler",kolkata,09/10/2021
LN004118,CU002724,2023-11-01,56768,48,12.97,1522.1,"Two wheeler",delhi,01/11/2023
LN001529,CU000068,2021-04-15,117974,36,14.08,4036.66,"Two wheeler",ahmedabad,2021-04-15
LN000060,CU003745,2021-04-15,248508,36,13.03,8376.81,Car,hyderabad,"15 Apr 2021"
LN001612,CU003964,2023-09-18,131497,36,14.08,4499.37,"Commercial Vehicle",thrissur,2023-09-18
LN004172,CU001258,2023-10-20,90959,48,10.24,2317.45,Car,kolkata,10/20/2023
LN004366,CU004407,2022-09-10,113224,24,11.23,5289.22,"Two wheeler",ahmedabad,2022-09-10
LN001095,CU001742,2022-10-09,94435,36,9.57,3028.12,Tractor,delhi,09/10/2022
LN004362,CU003314,2023-01-15,250156,24,16.72,12334.65,"Two wheeler",thrissur,2023-01-15
LN002470,CU003555,2023-02-16,91778,24,14.52,4429.11,"Two wheeler",kozhikode,02/16/2023
LN003618,CU004076,2023-10-29,135277,60,16.54,3328.61,Car,kozhikode,29/10/2023
LN000860,CU000447,2024-04-09,218024,36,15.4,7600.65,"Two wheeler",pune,09/04/2024
LN000013,CU002122,2022-08-03,105641,48,10.47,2703.24,"Two wheeler",kozhikode,03/08/2022
LN004087,CU004281,2024-06-22,117366,24,15.17,5700.17,Car,mumbai,22/06/2024
LN004127,CU000957,2021-05-19,127109,12,10.38,11197.38,Tractor,ahmedabad,2021-05-19
LN002420,CU000711,2024-03-16,59362,36,16.46,2100.5,"Two wheeler",pune,2024-03-16
LN000389,CU001286,2021-12-10,160092,24,13.05,7614.83,"Two wheeler",kolkata,10/12/2021
LN002200,CU003982,2021-02-08,127022,60,15.38,3047.24,"Commercial Vehicle",pune,08/02/2021
LN000420,CU004355,2023-03-26,242877,60,14.39,5700.55,"Two wheeler",hyderabad,2023-03-26
LN004505,CU001779,2024-03-14,79653,48,9.92,2017.15,Car,hyderabad,14/03/2024
LN003760,CU004136,2022-05-09,222344,24,10,10260.05,Car,kochi,2022-05-09
LN004983,CU003463,2021-09-05,119718,24,13.89,5741.79,"Two wheeler",hyderabad,05/09/2021
LN002316,CU000387,2024-05-21,351146,24,12.15,16554.27,"Two wheeler",ahmedabad,05/21/2024
LN001567,CU000257,2023-05-06,114145,60,18.33,2919.06,"Two wheeler",chennai,2023-05-06
LN004327,CU003888,2022-06-26,178689,60,12.6,4029.23,"Two wheeler",thrissur,26/06/2022
LN000938,CU003435,2023-09-15,69061,24,11.97,3249.97,"Commercial Vehicle",coimbatore,2023-09-15
LN002010,CU004099,2022-11-27,270156,24,11.01,12592.64,"Two wheeler",chennai,27/11/2022
LN002542,CU003264,2022-07-19,81756,24,16.93,4039.45,"Two wheeler",delhi,07/19/2022
LN004548,CU001522,2021-04-18,210953,36,14.23,7233.46,"Two wheeler",bangalore,04/18/2021
LN002068,CU000806,2021-10-17,329108,36,14.9,11392.53,Car,hyderabad,17/10/2021
LN002686,CU003984,2023-11-25,140829,48,11.82,3696.13,"Two wheeler",thrissur,11/25/2023
LN000428,CU003840,2021-04-11,175505,36,14.49,6040.2,"Two wheeler",chennai,2021-04-11
LN004873,CU001225,2021-08-21,88417,48,12.99,2371.57,Tractor,delhi,21/08/2021
LN001308,CU001164,2021-07-13,67872,36,12.79,2280.02,"Two wheeler",ahmedabad,"13 Jul 2021"
LN001374,CU004100,2022-02-28,67596,24,10.53,3135.77,"Commercial Vehicle",pune,02/28/2022
LN000305,CU000327,2022-04-05,126143,48,15.24,3526.02,"Two wheeler",delhi,05/04/2022
LN001378,CU000748,2022-06-01,184586,24,14.87,8938.56,Car,hyderabad,01/06/2022
LN000909,CU003168,2022-07-18,157338,48,12.11,4151.82,Car,kolkata,2022-07-18
LN000409,CU003060,2021-09-22,61467,24,11.63,2882.86,Car,chennai,2021-09-22
LN004766,CU003770,2023-11-12,68754,24,12.8,3262.24,"Commercial Vehicle",hyderabad,2023-11-12
LN002764,CU003406,2021-09-08,63754,12,18.26,5852.86,Car,pune,08/09/2021
LN000981,CU000308,2023-10-20,191803,48,11.3,4985.24,"Commercial Vehicle",mumbai,10/20/2023
LN001442,CU003249,2021-11-27,313572,24,18.35,15707.88,Tractor,ahmedabad,11/27/2021
LN002968,CU003258,2022-08-12,138412,36,14.65,4774.41,"Commercial Vehicle",thrissur,12/08/2022
LN003355,CU004067,2021-01-07,275025,48,15.81,7767.55,Car,ahmedabad,07/01/2021
LN000088,CU000133,2023-11-15,145057,36,15.42,5058.33,"Two wheeler",ahmedabad,15/11/2023
LN004669,CU002794,2024-06-28,207886,36,16.52,7362.14,Car,chennai,"28 Jun 2024"
LN001649,CU004502,2021-09-28,89205,48,17.22,2584.18,Car,ahmedabad,28/09/2021
LN000513,CU001339,2021-09-10,93321,36,16.03,3282.27,"Two wheeler",bangalore,10/09/2021
LN002158,CU004520,2022-03-25,110447,36,16.21,3894.45,"Two wheeler",ahmedabad,2022-03-25
LN000680,CU001787,2021-07-25,327291,24,13.6,15652.41,Car,pune,25/07/2021
LN004838,CU001615,2023-10-06,161538,60,9.83,3418.71,Car,hyderabad,06/10/2023
LN001725,CU000358,2022-06-26,197606,24,13.99,9486.7,Car,kochi,2022-06-26
LN003649,CU000197,2022-03-16,104496,48,12.47,2775.96,"Commercial Vehicle",mumbai,2022-03-16
LN003086,CU002423,2021-07-16,201143,12,14.93,18148.18,Car,thrissur,"16 Jul 2021"
LN002006,CU003081,2021-03-08,111508,60,15.25,2667.42,"Two wheeler",mumbai,2021-03-08
LN003875,CU004293,2023-04-10,198320,24,12.44,9376.41,"Two wheeler",coimbatore,10/04/2023
LN002446,CU002163,2022-11-28,99309,60,13.03,2261.11,Tractor,thrissur,2022-11-28
LN003322,CU003712,2021-11-07,408238,48,16.48,11670.18,Car,coimbatore,2021-11-07
LN002209,CU002449,2024-03-20,66959,24,15.11,3250.12,Car,thrissur,2024-03-20
LN001892,CU004139,2023-05-16,145948,36,11.28,4797.53,"Two wheeler",kochi,2023-05-16
LN003996,CU000831,2024-05-14,107769,48,15.97,3052.55,"Two wheeler",hyderabad,2024-05-14
LN002149,CU004396,2021-01-04,204135,24,13.55,9757.77,Tractor,thrissur,2021-01-04
LN000933,CU002023,2024-03-08,152431,24,9.83,7021.96,"Two wheeler",kolkata,"08 Mar 2024"
LN000662,CU004002,2021-01-15,354998,36,9.67,11399.86,Car,hyderabad,2021-01-15
LN003233,CU003368,2021-03-14,139336,36,11.54,4597.4,Car,kochi,"14 Mar 2021"
LN003603,CU004147,2023-09-09,191624,24,15.55,9341.36,"Commercial Vehicle",mumbai,09/09/2023
LN004218,CU002865,2023-01-11,151811,12,15.07,13707.22,"Commercial Vehicle",kozhikode,2023-01-11
LN004280,CU002404,2022-03-12,62900,36,15.7,2202.07,Car,kozhikode,"12 Mar 2022"
LN004977,CU000307,2021-04-02,291196,36,11.6,9616.34,"Two wheeler",chennai,02/04/2021
LN003743,CU001385,2024-01-01,260287,36,13.41,8821.59,"Two wheeler",ahmedabad,"01 Jan 2024"
LN002123,CU000189,2021-06-30,159810,48,17.05,4615.46,"Commercial Vehicle",thrissur,30/06/2021
LN000966,CU001666,2021-10-04,145187,24,17.37,7204.21,Car,kozhikode,2021-10-04
LN000178,CU000074,2022-01-10,150714,24,16.83,7439.34,"Two wheeler",delhi,"10 Jan 2022"
LN001857,CU002966,2022-08-13,162745,48,16.11,4621.41,"Two wheeler",chennai,2022-08-13
LN004089,CU001473,2021-08-10,89497,48,13.92,2442.05,"Two wheeler",pune,10/08/2021
LN002090,CU001061,2021-09-29,221644,36,17.6,7968.56,Car,delhi,09/29/2021
LN003329,CU002967,2021-02-27,197617,24,11.91,9294.21,"Two wheeler",kozhikode,02/27/2021
LN004355,CU002982,2024-10-05,69646,12,11.79,6181.12,"Two wheeler",coimbatore,05/10/2024
LN002815,CU000122,2021-10-24,89096,36,13.98,3044.22,Car,chennai,"24 Oct 2021"
LN000303,CU001713,2024-04-20,40000,60,18.01,1015.95,"Two wheeler",hyderabad,04/20/2024
LN001870,CU002644,2024-05-15,136356,12,15.29,12325.93,"Commercial Vehicle",thrissur,15/05/2024
LN002140,CU001811,2021-09-16,129590,36,10.11,4188.2,"Commercial Vehicle",coimbatore,09/16/2021
LN001622,CU001275,2021-11-17,84683,24,14.71,4094.34,"Two wheeler",thrissur,2021-11-17
LN004693,CU003842,2024-07-01,103691,36,17.49,3722.2,Car,coimbatore,01/07/2024
LN004853,CU000057,2021-06-22,101734,36,15.48,3550.6,"Two wheeler",bangalore,2021-06-22
LN001392,CU002492,2023-02-12,128137,24,10.94,5968.62,Car,kochi,2023-02-12
LN000635,CU003671,2021-04-24,159642,24,15.1,7748.09,"Two wheeler",coimbatore,2021-04-24
LN001959,CU002442,2021-06-30,150527,24,16.13,7379.62,Car,thrissur,30/06/2021
LN003838,CU001168,2022-03-02,108569,24,18.23,5432.28,"Two wheeler",mumbai,2022-03-02
LN002146,CU001367,2023-01-23,142177,12,17.2,12980.72,"Two wheeler",coimbatore,"23 Jan 2023"
LN001038,CU001592,2022-10-15,238991,48,14.75,6621.05,Car,ahmedabad,2022-10-15
LN003358,CU002444,2024-06-14,81222,36,10.8,2651.42,Car,kozhikode,2024-06-14
LN004923,CU001567,2022-10-15,159110,36,9.82,5120.6,"Two wheeler",bangalore,2022-10-15
LN004992,CU001063,2021-08-02,191731,24,16.41,9425.35,"Two wheeler",kochi,"02 Aug 2021"
LN001984,CU002511,2023-08-22,86275,24,12.34,4074.98,Tractor,ahmedabad,2023-08-22
LN000882,CU002047,2021-11-12,70776,24,17.52,3517.04,"Commercial Vehicle",mumbai,2021-11-12
LN002892,CU000606,2023-06-25,214310,48,10.95,5533.75,"Commercial Vehicle",thrissur,2023-06-25
LN004815,CU001390,2021-10-23,140168,36,15.75,4910.61,Car,coimbatore,2021-10-23
LN004244,CU002319,2022-11-01,267087,24,12.07,12581.45,Car,kozhikode,01/11/2022
LN001097,CU000656,2023-07-20,103905,60,11.7,2295.59,"Two wheeler",kozhikode,20/07/2023
LN002713,CU000787,2021-04-13,51867,48,9.73,1308.77,Tractor,kozhikode,2021-04-13
LN004095,CU003044,2023-04-28,236323,36,13.5,8019.69,"Two wheeler",kochi,04/28/2023
LN002502,CU004351,2024-02-13,106340,36,11.04,3483.45,"Two wheeler",pune,2024-02-13
LN004854,CU004205,2023-01-12,241305,36,16.68,8564.8,"Two wheeler",kozhikode,12/01/2023
LN001846,CU001219,2022-08-26,118084,24,17.47,5865.04,"Two wheeler",kochi,2022-08-26
LN004157,CU002969,2022-04-10,377208,24,16.79,18611.98,Car,bangalore,2022-04-10
LN001918,CU000156,2021-06-23,155843,24,14,7482.47,Car,kochi,06/23/2021
LN000204,CU001359,2023-04-22,84222,36,12.21,2805.83,Tractor,kolkata,04/22/2023
LN004435,CU000250,2023-11-12,214919,48,12.47,5709.36,Car,kolkata,2023-11-12
LN001127,CU000993,2022-04-18,68647,24,16.68,3383.52,Car,kolkata,2022-04-18
LN003761,CU003748,2023-01-14,143485,24,14.94,6953.02,"Two wheeler",mumbai,"14 Jan 2023"
LN004859,CU000989,2021-11-29,90538,36,14.63,3122.15,"Commercial Vehicle",kozhikode,2021-11-29
LN003244,CU000884,2021-12-20,79803,12,16.51,7259.87,"Two wheeler",kochi,12/20/2021
LN003066,CU000940,2023-06-10,89044,36,16.11,3135.36,"Two wheeler",kolkata,2023-06-10
LN002116,CU001807,2023-11-21,135858,24,12.14,6404.19,"Two wheeler",delhi,11/21/2023
LN003522,CU000437,2022-10-19,246488,36,10.39,7998.68,Tractor,delhi,2022-10-19
LN001998,CU001524,2023-10-14,185509,48,12.57,4937.24,"Commercial Vehicle",hyderabad,2023-10-14
LN002700,CU003544,2022-05-02,98362,12,17.78,9007.53,Car,pune,02/05/2022
LN003862,CU002156,2021-09-29,94892,24,13.67,4541.26,Car,delhi,09/29/2021
LN003646,CU002767,2022-07-16,202241,36,17.17,7227.57,"Two wheeler",pune,2022-07-16
LN001415,CU003421,2023-03-18,165845,24,14.55,8005.86,"Two wheeler",chennai,2023-03-18
LN000801,CU003612,2023-10-12,61321,60,12.6,1382.72,"Two wheeler",coimbatore,2023-10-12
LN002022,CU000626,2023-02-11,102946,24,12.34,4862.39,"Commercial Vehicle",coimbatore,11/02/2023
LN000707,CU002616,2023-10-09,130873,60,16.91,3246.2,"Commercial Vehicle",bangalore,09/10/2023
LN002015,CU000137,2021-12-07,81531,48,13.03,2188.49,Tractor,kozhikode,2021-12-07
LN003745,CU004030,2024-03-21,146499,24,16.73,7224.25,Car,delhi,21/03/2024
LN001040,CU004347,2024-04-27,76364,24,10.85,3553.85,Car,chennai,2024-04-27
LN003647,CU002592,2021-08-19,268435,48,12.38,7119.11,"Commercial Vehicle",bangalore,2021-08-19
LN003386,CU002719,2022-08-31,100896,60,18.45,2586.86,Car,delhi,08/31/2022
LN000252,CU003347,2023-04-18,64468,12,11.46,5711.63,"Two wheeler",thrissur,2023-04-18
LN001546,CU004027,2024-06-24,157224,12,13.2,14057.58,"Two wheeler",pune,24/06/2024
LN004333,CU003957,2023-12-29,133076,24,14.04,6391.88,"Commercial Vehicle",thrissur,2023-12-29
LN002652,CU002980,2022-07-03,92940,48,11.19,2410.67,Car,kolkata,03/07/2022
LN000906,CU000782,2022-07-15,213225,48,11.58,5571.16,Car,delhi,07/15/2022
LN003704,CU000697,2023-04-13,131762,36,18.39,4789.33,"Two wheeler",coimbatore,"13 Apr 2023"
LN000545,CU002686,2023-05-01,103567,24,13.15,4931.06,Car,ahmedabad,01/05/2023
LN001914,CU002356,2024-03-19,65718,48,17.69,1919.84,"Two wheeler",bangalore,19/03/2024
LN000507,CU004372,2021-06-02,75992,36,10.79,2480.33,"Two wheeler",coimbatore,02/06/2021
LN004924,CU002560,2023-08-16,226624,36,17.4,8124.95,"Two wheeler",kozhikode,2023-08-16
LN003882,CU002936,2024-06-14,144717,60,16.42,3551.61,Car,thrissur,2024-06-14
LN004430,CU004111,2023-07-18,59435,48,15.2,1660.15,Tractor,hyderabad,2023-07-18
LN001908,CU002707,2021-04-25,159529,60,17.21,3982.74,Tractor,coimbatore,04/25/2021
LN001653,CU000493,2021-07-25,517777,60,17.18,12918.26,Tractor,delhi,07/25/2021
LN002106,CU000105,2023-05-08,242272,36,11.31,7967.29,Car,pune,08/05/2023
LN000673,CU004021,2022-03-11,164059,48,10.75,4220.3,"Two wheeler",ahmedabad,11/03/2022
LN003038,CU003616,2022-04-16,112712,24,13.21,5369.66,"Two wheeler",kozhikode,"16 Apr 2022"
LN001683,CU003191,2021-08-24,89895,12,13.69,8058.31,Car,kolkata,24/08/2021
LN001861,CU002815,2021-02-12,141945,60,9.81,3002.66,"Two wheeler",ahmedabad,2021-02-12
LN002702,CU003754,2023-06-12,94154,60,17.91,2386.29,"Two wheeler",thrissur,2023-06-12
LN002705,CU003158,2023-10-23,47782,12,11.57,4235.77,Car,pune,23/10/2023
LN000868,CU000544,2022-07-02,349725,36,17.01,12470.39,"Commercial Vehicle",ahmedabad,02/07/2022
LN000349,CU000023,2023-01-15,129118,36,14.58,4449.41,Car,bangalore,2023-01-15
LN000848,CU001428,2023-01-15,91261,12,12.36,8123.81,"Two wheeler",chennai,01/15/2023
LN000139,CU002070,2024-04-04,50941,36,10,1643.72,Tractor,kozhikode,04/04/2024
LN000326,CU000753,2022-02-13,234380,36,15.82,8219.29,"Two wheeler",coimbatore,13/02/2022
LN000054,CU000637,2022-06-21,113481,48,17.31,3292.73,"Commercial Vehicle",coimbatore,21/06/2022
LN004552,CU000527,2022-02-22,181429,12,17.78,16614.42,"Two wheeler",delhi,02/22/2022
LN002687,CU000747,2022-05-26,344917,36,10.3,11178.15,"Two wheeler",kozhikode,05/26/2022
LN002376,CU004289,2023-11-24,103784,24,15.53,5058.31,"Two wheeler",hyderabad,24/11/2023
LN001434,CU000851,2023-04-11,263563,36,15.76,9234.89,"Two wheeler",ahmedabad,"11 Apr 2023"
LN002148,CU004306,2021-12-04,86386,36,12.97,2909.44,"Two wheeler",kozhikode,04/12/2021
LN002377,CU004596,2021-12-04,244974,60,13.35,5617.9,"Two wheeler",coimbatore,04/12/2021
LN002394,CU000818,2022-01-20,200790,24,10.86,9345.34,Car,hyderabad,2022-01-20
LN001539,CU000315,2021-09-29,187622,36,18.21,6802.77,Car,kozhikode,2021-09-29
LN001000,CU002313,2023-11-04,59325,24,12.6,2809.29,"Two wheeler",kolkata,2023-11-04
LN000315,CU003421,2021-09-28,142701,60,11.06,3106.94,"Two wheeler",bangalore,2021-09-28
LN001164,CU000451,2023-04-14,229548,36,12.86,7718.91,Car,coimbatore,14/04/2023
LN004045,CU002724,2023-10-25,237627,60,12.7,5370.32,"Two wheeler",kochi,25/10/2023
LN003333,CU001340,2022-04-16,124034,60,12.08,2764.08,Car,kozhikode,2022-04-16
LN003448,CU004514,2023-12-06,99154,36,11.66,3277.25,Car,chennai,06/12/2023
LN004738,CU003055,2023-03-03,80514,12,16.79,7335.24,Car,kolkata,"03 Mar 2023"
LN004809,CU001322,2023-02-27,154031,24,12.24,7268.05,"Two wheeler",chennai,2023-02-27
LN002981,CU003296,2023-07-20,630931,48,15.6,17751.77,Car,thrissur,07/20/2023
LN001580,CU000486,2023-05-19,302023,36,11.65,9981.07,"Commercial Vehicle",kolkata,"19 May 2023"
LN004679,CU002844,2023-01-14,113676,36,16.26,4011.12,"Two wheeler",kolkata,2023-01-14
LN002887,CU003642,2023-09-23,97873,60,14.66,2310.96,"Commercial Vehicle",bangalore,23/09/2023
LN000183,CU003076,2022-10-14,48799,48,15.63,1373.75,Car,chennai,2022-10-14
LN002423,CU000098,2022-03-28,244086,36,18.22,8851.25,"Two wheeler",pune,28/03/2022
LN004214,CU000156,2022-09-21,132984,36,12.81,4468.6,"Two wheeler",delhi,09/21/2022
LN004444,CU001099,2021-09-11,158951,12,16.81,14482.76,"Two wheeler",ahmedabad,11/09/2021
LN000942,CU000509,2021-05-26,101090,36,14.64,3486.52,"Two wheeler",hyderabad,"26 May 2021"
LN002422,CU003951,2024-03-05,71175,36,14.01,2432.94,"Two wheeler",kolkata,"05 Mar 2024"
LN003642,CU000043,2024-03-29,59220,36,12.92,1993.07,"Two wheeler",ahmedabad,03/29/2024
LN002536,CU003995,2022-10-02,289260,36,14.78,9996.16,"Commercial Vehicle",pune,02/10/2022
LN002845,CU003690,2021-03-20,641476,36,10,20698.63,"Two wheeler",delhi,20/03/2021
LN002277,CU003364,2021-12-10,85055,36,13.98,2906.15,"Two wheeler",bangalore,10/12/2021
LN003418,CU004326,2022-10-08,117781,60,14.9,2795.82,"Two wheeler",mumbai,08/10/2022
LN000594,CU002297,2024-06-04,79564,36,14.71,2746.83,Car,kochi,04/06/2024
LN000470,CU003393,2023-11-03,105271,24,18.05,5258.1,"Two wheeler",kozhikode,"03 Nov 2023"
LN004947,CU002807,2021-08-08,164149,48,18.5,4864.87,Tractor,coimbatore,2021-08-08
LN002370,CU003810,2023-02-12,228129,36,15.75,7992.21,"Commercial Vehicle",chennai,12/02/2023
LN002397,CU003788,2022-07-22,73871,48,14.02,2019.38,"Commercial Vehicle",chennai,2022-07-22
LN003740,CU002009,2022-10-04,130486,24,17.88,6506.83,Car,kozhikode,"04 Oct 2022"
LN003469,CU003791,2023-02-15,73171,24,11.03,3411.36,Car,kochi,02/15/2023
LN002274,CU000801,2023-04-18,173411,48,17.4,5039.74,Car,hyderabad,18/04/2023
LN002956,CU000420,2024-02-23,118870,24,14.92,5759.09,Car,hyderabad,2024-02-23
LN000165,CU001967,2021-09-03,79348,24,16.26,3894.99,"Two wheeler",ahmedabad,2021-09-03
LN001485,CU003290,2024-05-15,244026,36,16.68,8661.38,"Two wheeler",pune,05/15/2024
LN001969,CU003463,2023-01-19,64754,12,11.51,5738.48,"Two wheeler",bangalore,2023-01-19
LN004125,CU002421,2022-01-16,188628,12,12.37,16792.04,Car,chennai,01/16/2022
LN003294,CU000584,2023-02-13,94592,36,16.04,3327.44,Car,mumbai,2023-02-13
LN004593,CU000313,2023-01-15,118490,24,14.23,5701.93,"Two wheeler",chennai,"15 Jan 2023"
LN001061,CU000946,2021-10-26,189847,24,10.9,8839.55,Tractor,thrissur,10/26/2021
LN002428,CU003702,2021-04-27,188164,48,12.26,4979.13,"Commercial Vehicle",kolkata,2021-04-27
LN002763,CU000887,2024-04-27,188669,36,18.5,6868.25,Tractor,chennai,2024-04-27
LN002175,CU003329,2022-12-30,105088,24,14.55,5072.93,"Two wheeler",pune,12/30/2022
LN002227,CU000820,2024-05-28,120199,24,12.42,5681.79,Car,delhi,05/28/2024
LN003420,CU003457,2022-12-17,221682,48,14.93,6161.71,Car,hyderabad,2022-12-17
LN001932,CU003093,2022-05-16,92363,36,17.15,3299.89,"Two wheeler",bangalore,05/16/2022
LN001825,CU004417,2024-06-23,109761,36,12.61,3677.7,"Two wheeler",kozhikode,"23 Jun 2024"
LN003664,CU001868,2021-08-05,223356,24,13.71,10693.39,Car,ahmedabad,05/08/2021
LN004969,CU004384,2023-10-29,103944,36,14.83,3594.61,Tractor,hyderabad,2023-10-29
LN003330,CU001447,2021-01-25,165185,36,14.82,5711.64,"Commercial Vehicle",pune,"25 Jan 2021"
LN001762,CU001818,2022-02-03,118954,12,13.59,10657.6,"Two wheeler",hyderabad,"03 Feb 2022"
LN001575,CU002109,2021-07-27,82309,48,13.44,2226.16,"Commercial Vehicle",chennai,27/07/2021
LN004314,CU002882,2021-01-03,75559,12,13.28,6758.65,"Two wheeler",kozhikode,2021-01-03
LN001116,CU000743,2023-06-26,190956,60,17.23,4769.4,"Two wheeler",chennai,"26 Jun 2023"
LN004497,CU002870,2021-02-20,223121,24,17.91,11129.42,"Two wheeler",thrissur,2021-02-20
LN003071,CU003159,2024-02-18,126118,36,15.51,4403.49,"Two wheeler",ahmedabad,2024-02-18
LN003663,CU001068,2021-03-21,71538,48,18,2101.43,"Two wheeler",hyderabad,"21 Mar 2021"
LN001228,CU001122,2023-02-05,278717,36,11.32,9167.13,"Two wheeler",thrissur,"05 Feb 2023"
LN004187,CU003761,2021-06-02,72914,36,14.01,2492.38,Car,bangalore,02/06/2021
LN003207,CU000931,2023-08-22,196463,24,15.02,9527.7,Car,mumbai,"22 Aug 2023"
LN002572,CU001268,2024-01-31,103526,36,11.18,3398.14,"Two wheeler",kozhikode,2024-01-31
LN000001,CU003279,2021-08-16,143399,24,17.56,7128.62,"Two wheeler",coimbatore,08/16/2021
LN001646,CU001198,2022-05-07,193582,24,11.72,9087.29,"Commercial Vehicle",hyderabad,"07 May 2022"
LN003498,CU003203,2022-12-05,109488,60,13,2491.19,"Two wheeler",hyderabad,"05 Dec 2022"
LN000683,CU000269,2023-01-03,62705,48,12.99,1681.91,"Two wheeler",chennai,2023-01-03
LN004533,CU003146,2024-06-02,192421,36,14.95,6665.63,"Two wheeler",bangalore,02/06/2024
LN000382,CU001845,2023-11-19,60089,24,15.35,2923.52,Tractor,thrissur,2023-11-19
LN001492,CU001115,2022-06-20,178450,60,13.23,4081.33,"Commercial Vehicle",chennai,20/06/2022
LN004042,CU002668,2022-06-24,166287,36,13.72,5660.71,"Two wheeler",mumbai,"24 Jun 2022"
LN000705,CU000178,2021-05-16,138591,24,11.8,6511.02,Car,hyderabad,"16 May 2021"
LN004472,CU003014,2021-08-20,77780,36,16.2,2742.2,"Two wheeler",kozhikode,20/08/2021
LN000619,CU000709,2023-01-31,485526,48,16.53,13892.09,"Two wheeler",thrissur,2023-01-31
LN004350,CU000981,2021-11-24,137142,36,10.92,4484.66,"Commercial Vehicle",kolkata,"24 Nov 2021"
LN001645,CU000564,2024-04-01,166988,24,10.89,7774.42,"Commercial Vehicle",kozhikode,01/04/2024
LN001510,CU001874,2022-12-25,243684,36,15.93,8558.79,"Two wheeler",coimbatore,12/25/2022
LN000224,CU003297,2021-01-21,47807,24,14.63,2309.61,Car,kochi,"21 Jan 2021"
LN004695,CU001494,2023-07-11,101556,60,15.26,2429.89,"Two wheeler",thrissur,11/07/2023
LN000573,CU002205,2024-03-30,163744,24,10.94,7627.19,Car,kochi,30/03/2024
LN003593,CU000296,2023-11-17,204904,48,13.96,5595.19,"Two wheeler",chennai,2023-11-17
LN000078,CU001867,2022-05-23,86035,36,10.47,2795.13,Tractor,ahmedabad,2022-05-23
LN004478,CU002755,2023-01-15,238729,36,18.13,8646.2,"Commercial Vehicle",hyderabad,2023-01-15
LN001025,CU002877,2021-11-27,90800,36,18.46,3303.63,Car,chennai,"27 Nov 2021"
LN000440,CU000328,2022-01-17,275404,36,12.01,9148.67,Car,delhi,2022-01-17
LN004368,CU001608,2021-01-22,109504,48,11.04,2832.32,Car,bangalore,01/22/2021
LN002685,CU001906,2023-11-12,201209,36,17.01,7174.65,"Commercial Vehicle",kochi,2023-11-12
LN003506,CU003812,2023-06-16,67734,36,17.53,2432.81,"Two wheeler",kochi,"16 Jun 2023"
LN000343,CU003199,2021-05-31,66387,48,10.36,1695.25,"Two wheeler",kolkata,"31 May 2021"
LN000475,CU001951,2023-02-15,241542,12,10.3,21269.1,"Two wheeler",kochi,2023-02-15
LN003624,CU000187,2021-01-28,154733,24,9.96,7137.29,Car,pune,"28 Jan 2021"
LN002346,CU000800,2023-12-27,179831,36,17.54,6459.9,Car,coimbatore,12/27/2023
LN002594,CU001567,2022-09-19,174659,36,15.38,6087.16,"Two wheeler",bangalore,2022-09-19
LN002592,CU003558,2023-08-03,80948,36,13.6,2750.91,Car,ahmedabad,2023-08-03
LN003887,CU002665,2022-12-23,88194,36,14.7,3044.33,Car,kolkata,23/12/2022
LN002643,CU003714,2023-04-13,127814,36,16.6,4531.51,Car,thrissur,13/04/2023
LN001859,CU001447,2023-02-25,122719,24,13.58,5867.77,Tractor,kolkata,2023-02-25
LN002861,CU001882,2022-05-21,216093,36,9.74,6946.36,"Two wheeler",kolkata,"21 May 2022"
LN000491,CU003669,2022-02-07,125190,24,15.89,6123.11,"Commercial Vehicle",pune,07/02/2022
LN003681,CU002800,2022-11-27,145134,60,10.76,3138.22,Tractor,kozhikode,2022-11-27
LN004488,CU000728,2023-01-29,143708,36,16.62,5096.45,"Two wheeler",pune,2023-01-29
LN000374,CU000406,2024-06-30,192200,24,13.2,9155.6,Car,kozhikode,2024-06-30
LN002443,CU001865,2022-04-08,190354,12,10.62,16790.08,Tractor,chennai,2022-04-08
LN000686,CU002296,2022-06-24,184355,12,13.57,16515.43,Car,kochi,06/24/2022
LN000255,CU002379,2021-01-14,164294,24,9.9,7573.75,"Two wheeler",mumbai,2021-01-14
LN004437,CU003336,2022-08-18,127909,60,14.34,2998.81,"Two wheeler",kochi,08/18/2022
LN000002,CU003425,2021-04-23,405698,12,15.1,36636.76,Tractor,ahmedabad,2021-04-23
LN004986,CU000527,2022-07-31,160837,24,18.28,8051.42,"Two wheeler",kolkata,2022-07-31
LN001875,CU002788,2022-07-16,87309,36,15.04,3028.31,Tractor,chennai,07/16/2022
LN004628,CU003876,2021-04-28,77128,24,12.48,3648,"Two wheeler",chennai,28/04/2021
LN002457,CU000962,2021-08-04,256445,48,14.83,7114.98,"Two wheeler",thrissur,2021-08-04
LN001223,CU003042,2021-01-09,474170,24,10,21880.54,Car,chennai,09/01/2021
LN003732,CU000742,2023-07-01,172001,48,12.06,4534.51,"Two wheeler",kochi,2023-07-01
LN000296,CU000415,2022-08-07,186986,36,15.84,6559.11,Car,kochi,"07 Aug 2022"
LN000710,CU004082,2023-01-20,181859,24,9.59,8357.5,Car,ahmedabad,2023-01-20
LN002060,CU000818,2021-04-08,40000,60,10.35,856.79,"Two wheeler",kolkata,2021-04-08
LN004642,CU002619,2021-06-17,193860,36,9.62,6220.79,"Two wheeler",hyderabad,17/06/2021
LN003496,CU003452,2022-08-08,88773,36,13.06,2993.68,"Two wheeler",hyderabad,08/08/2022
LN002330,CU003858,2024-04-25,137325,36,14.6,4733.56,"Two wheeler",mumbai,2024-04-25
LN002995,CU004258,2021-02-20,302678,36,14.28,10386.03,"Two wheeler",pune,20/02/2021
LN004751,CU000325,2022-10-20,68803,48,12.28,1821.32,Car,coimbatore,10/20/2022
LN002971,CU001554,2023-04-27,61852,48,9.77,1561.9,"Commercial Vehicle",mumbai,2023-04-27
LN002667,CU002402,2023-09-02,138758,36,17.33,4969.92,"Two wheeler",mumbai,2023-09-02
LN002197,CU000590,2022-11-15,149721,24,17.94,7470.35,"Two wheeler",bangalore,11/15/2022
LN004418,CU003982,2021-10-25,70245,36,13.73,2391.61,Tractor,coimbatore,10/25/2021
LN001943,CU004409,2022-04-10,410627,60,11.78,9088.59,"Two wheeler",kozhikode,10/04/2022
LN001352,CU000132,2021-02-05,299581,36,17.88,10812.55,"Two wheeler",kolkata,2021-02-05
LN000190,CU002229,2023-11-11,296053,48,10.8,7622.92,"Two wheeler",delhi,11/11/2023
LN003595,CU002630,2023-03-15,95349,48,14.17,2613.69,"Two wheeler",delhi,"15 Mar 2023"
LN004561,CU000018,2021-04-21,91090,48,15.16,2542.5,"Two wheeler",pune,2021-04-21
LN001373,CU002611,2022-08-15,180157,12,14.54,16221.59,Car,delhi,2022-08-15
LN001296,CU001632,2021-11-24,135196,12,15.14,12211.5,"Two wheeler",hyderabad,2021-11-24
LN002486,CU001376,2022-12-08,203001,12,17.36,18549.36,Car,bangalore,08/12/2022
LN000556,CU002103,2022-09-12,49982,24,17.91,2493.13,Car,mumbai,2022-09-12
LN001111,CU000677,2022-10-22,150064,48,12.65,3999.82,"Two wheeler",coimbatore,"22 Oct 2022"
LN001189,CU004386,2022-06-13,174280,12,13.51,15607.95,"Two wheeler",thrissur,2022-06-13
LN003720,CU003889,2022-12-04,140264,48,18.14,4130.52,Tractor,chennai,04/12/2022
LN001218,CU000179,2024-06-11,114789,24,17.69,5713.56,"Two wheeler",ahmedabad,"11 Jun 2024"
LN003828,CU002113,2021-09-23,56348,36,14.23,1932.14,"Two wheeler",chennai,23/09/2021
LN000988,CU003367,2024-05-07,76845,48,13.5,2080.68,"Two wheeler",coimbatore,2024-05-07
LN002048,CU000833,2021-12-22,65435,36,11.84,2168.38,"Commercial Vehicle",thrissur,22/12/2021
LN001708,CU000924,2024-05-15,75043,36,14.41,2579.76,"Two wheeler",hyderabad,15/05/2024
LN000668,CU001893,2022-04-04,133737,36,16.06,4705.76,"Commercial Vehicle",mumbai,04/04/2022
LN002424,CU003718,2021-07-24,114562,24,16.26,5623.55,"Two wheeler",ahmedabad,07/24/2021
LN000057,CU000769,2022-08-25,168558,60,14.18,3937.8,Car,bangalore,25/08/2022
LN001054,CU001056,2024-02-02,115479,24,11.22,5394.03,Car,kochi,"02 Feb 2024"
LN002529,CU003214,2022-09-27,241930,24,10.09,11173.89,"Two wheeler",mumbai,27/09/2022
LN003035,CU000907,2021-03-22,391929,36,14.42,13475.29,Car,ahmedabad,2021-03-22
LN003421,CU000974,2021-05-24,93581,24,18.36,4688.24,"Commercial Vehicle",pune,05/24/2021
LN004094,CU000976,2023-11-21,243615,48,11.39,6342.6,"Two wheeler",mumbai,11/21/2023
LN000704,CU003468,2023-05-26,156982,60,13.39,3603.24,Car,mumbai,"26 May 2023"
LN002769,CU002377,2022-11-22,149298,24,14.38,7195.06,"Commercial Vehicle",pune,2022-11-22
LN003558,CU000751,2021-12-12,162525,12,15.96,14742.96,"Two wheeler",kozhikode,12/12/2021
LN000017,CU002262,2022-08-13,258150,60,12.85,5853.9,"Two wheeler",thrissur,"13 Aug 2022"
LN004406,CU001035,2021-04-24,116293,36,14.01,3975.18,Car,mumbai,2021-04-24
LN000135,CU002221,2022-03-31,264706,24,13.19,12608.24,Tractor,coimbatore,2022-03-31
LN004098,CU001224,2022-05-12,168945,24,11.85,7941,Car,chennai,2022-05-12
LN000438,CU001092,2022-03-07,87449,12,16.26,7945.09,"Two wheeler",kolkata,07/03/2022
LN003635,CU001772,2022-03-09,104144,48,11.73,2728.73,"Two wheeler",bangalore,09/03/2022
LN004931,CU003737,2023-02-13,160127,60,15.61,3860.87,Car,delhi,2023-02-13
LN004668,CU000504,2021-08-16,258678,24,11.29,12091.28,"Two wheeler",chennai,2021-08-16
LN003759,CU003128,2021-06-17,178081,24,14.85,8621.86,Car,thrissur,17/06/2021
LN000445,CU003599,2023-08-28,77903,12,15.93,7065.63,"Two wheeler",bangalore,2023-08-28
LN002567,CU000876,2024-03-04,95712,48,13.73,2602.53,"Commercial Vehicle",hyderabad,"04 Mar 2024"
LN003240,CU000192,2023-04-01,185901,36,17.11,6638.06,Car,thrissur,01/04/2023
LN002748,CU004026,2021-07-26,232335,36,12.32,7752.4,Car,thrissur,07/26/2021
LN002257,CU001874,2022-08-13,124260,36,10.9,4062.23,Car,kolkata,13/08/2022
LN001192,CU000587,2022-11-30,201374,36,18.03,7283.18,"Commercial Vehicle",bangalore,2022-11-30
LN002332,CU004286,2023-03-11,58105,12,14.37,5227.2,Car,hyderabad,11/03/2023
LN000426,CU004584,2023-01-08,147761,48,14.17,4050.4,Car,hyderabad,08/01/2023
LN003983,CU003153,2021-07-05,104384,24,17.64,5193.14,"Two wheeler",kolkata,2021-07-05
LN001114,CU002290,2021-02-11,131965,48,10.46,3376.2,"Two wheeler",chennai,11/02/2021
LN000275,CU002220,2023-10-08,57807,24,14.1,2778.21,"Two wheeler",hyderabad,2023-10-08
LN004463,CU002703,2023-01-16,140411,48,13.72,3817.25,"Two wheeler",kolkata,16/01/2023
LN001181,CU000237,2022-05-17,114791,12,15,10360.84,Car,ahmedabad,2022-05-17
LN003667,CU000306,2021-09-07,165877,48,12.26,4389.38,"Commercial Vehicle",mumbai,2021-09-07
LN002524,CU004255,2023-10-15,62800,60,15.6,1513.86,"Two wheeler",bangalore,10/15/2023
LN003065,CU003743,2022-11-09,77613,12,12.49,6913.62,Car,bangalore,09/11/2022
LN003625,CU002302,2023-05-04,386299,24,15.36,18796.48,Car,kolkata,04/05/2023
LN001536,CU000235,2021-05-10,171312,48,12.04,4514.67,Car,hyderabad,"10 May 2021"
LN003818,CU004219,2022-12-04,142795,24,9.56,6560.3,Car,chennai,2022-12-04
LN004980,CU002072,2021-02-18,346549,24,10.49,16069.97,Tractor,delhi,2021-02-18
LN002696,CU003356,2022-05-19,177084,24,13.92,8495.62,"Commercial Vehicle",kochi,2022-05-19
LN003836,CU003863,2021-04-19,151604,12,13.51,13577.16,"Two wheeler",kochi,2021-04-19
LN003896,CU003015,2022-02-11,176774,48,12.55,4703.02,Car,thrissur,"11 Feb 2022"
LN000871,CU003413,2023-03-05,66058,24,17.37,3277.81,Car,mumbai,05/03/2023
LN000768,CU001731,2022-05-18,61260,36,11.45,2018.65,"Commercial Vehicle",pune,18/05/2022
LN001954,CU003894,2022-07-31,159305,48,10.43,4073.36,Car,kochi,"31 Jul 2022"
LN004917,CU001903,2022-12-23,100658,24,16.5,4952.61,"Two wheeler",ahmedabad,12/23/2022
LN002238,CU002230,2023-06-21,70621,24,13.83,3385.05,Car,ahmedabad,06/21/2023
LN001205,CU004334,2023-06-23,131496,12,18.26,12071.83,"Two wheeler",delhi,2023-06-23
LN004276,CU000515,2021-03-13,123595,24,10.04,5705.56,Car,delhi,"13 Mar 2021"
LN004939,CU002727,2022-11-21,83229,24,16.38,4090.28,"Commercial Vehicle",thrissur,2022-11-21
LN002903,CU000893,2023-09-11,145786,36,12.54,4879.87,"Two wheeler",coimbatore,"11 Sep 2023"
LN001962,CU000477,2021-08-03,202403,12,16.16,18379.53,"Commercial Vehicle",coimbatore,03/08/2021
LN004889,CU003153,2021-03-02,62435,60,15.89,1514.65,"Two wheeler",mumbai,2021-03-02
LN003474,CU000060,2023-04-13,113595,48,12.61,3025.53,Car,chennai,2023-04-13
LN003777,CU000160,2021-10-31,154270,60,16.28,3774.54,Car,delhi,"31 Oct 2021"
LN000864,CU003866,2022-04-21,190257,48,17.26,5515.5,Car,pune,"21 Apr 2022"
LN002723,CU004321,2022-12-25,175206,36,14.09,5995.79,Car,hyderabad,2022-12-25
LN001275,CU000845,2022-07-17,58822,60,13.99,1368.38,Car,delhi,07/17/2022
LN001320,CU000571,2023-01-30,192740,36,17.68,6937.11,Car,kozhikode,2023-01-30
LN003709,CU002064,2024-02-25,284462,48,16.59,8147.95,"Commercial Vehicle",mumbai,02/25/2024
LN000051,CU002632,2024-04-23,240164,36,16.07,8451.76,Tractor,kolkata,2024-04-23
LN004415,CU002700,2022-11-02,99737,36,15.4,3476.98,Car,bangalore,02/11/2022
LN004217,CU003366,2022-11-24,154686,36,10.94,5059.83,"Two wheeler",kolkata,11/24/2022
LN004715,CU003287,2022-09-19,209091,48,9.61,5264.01,Car,hyderabad,"19 Sep 2022"
LN001317,CU001465,2023-09-08,132934,36,16.72,4720.96,Car,hyderabad,08/09/2023
LN000075,CU000168,2022-08-18,51768,12,17.65,4737.47,Car,bangalore,18/08/2022
LN001968,CU002001,2023-12-12,200537,48,10.91,5174.22,"Two wheeler",pune,2023-12-12
LN001217,CU001896,2022-10-17,66706,24,17.3,3307.72,"Two wheeler",kozhikode,2022-10-17
LN004093,CU000719,2022-01-21,136035,60,9.81,2877.64,Car,kozhikode,"21 Jan 2022"
LN000844,CU000380,2021-06-04,133135,60,15.67,3214.29,"Two wheeler",thrissur,2021-06-04
LN002339,CU001203,2022-11-14,269592,48,10.1,6850.5,Car,kolkata,11/14/2022
LN002741,CU004495,2022-02-23,134425,60,14.18,3140.39,Car,hyderabad,02/23/2022
LN001286,CU000842,2023-10-04,80604,24,14.95,3906.3,"Two wheeler",kolkata,04/10/2023
LN001995,CU001345,2022-04-22,56786,24,14.89,2750.4,"Commercial Vehicle",kozhikode,22/04/2022
LN000479,CU000308,2023-08-27,130859,24,17.94,6529.23,"Commercial Vehicle",kozhikode,27/08/2023
LN003462,CU001306,2021-04-02,172392,36,14.66,5947.36,"Two wheeler",bangalore,02/04/2021
LN004171,CU001072,2021-08-25,86805,60,14.95,2062.81,Tractor,pune,"25 Aug 2021"
LN000575,CU003897,2024-05-06,122884,48,14.86,3411.24,"Two wheeler",ahmedabad,06/05/2024
LN001457,CU001248,2023-06-08,85425,36,14.83,2954.18,Tractor,pune,"08 Jun 2023"
LN003669,CU000040,2023-11-17,96063,36,13.88,3277.61,"Commercial Vehicle",thrissur,17/11/2023
LN004077,CU003028,2023-02-15,226424,60,17.51,5689.5,"Two wheeler",chennai,2023-02-15
LN002366,CU002385,2023-08-18,84553,48,10.71,2173.43,"Two wheeler",ahmedabad,2023-08-18
LN000655,CU003270,2021-08-11,74799,24,17.15,3703.63,"Two wheeler",chennai,2021-08-11
LN003807,CU001588,2022-09-22,112946,48,9.89,2858.64,Tractor,pune,2022-09-22
LN003741,CU002873,2021-03-11,75397,60,17.56,1896.59,Car,delhi,11/03/2021
LN001234,CU001180,2022-05-13,100955,60,10.64,2176.92,"Commercial Vehicle",bangalore,2022-05-13
LN002310,CU003723,2021-09-20,130345,48,13.6,3535.77,"Two wheeler",chennai,2021-09-20
LN004008,CU003273,2021-06-08,113094,36,16.96,4029.86,"Commercial Vehicle",thrissur,08/06/2021
LN003719,CU002898,2023-06-11,85295,24,16.99,4216.77,"Two wheeler",chennai,11/06/2023
LN002562,CU003977,2021-04-06,231954,12,10.33,20428.06,Car,mumbai,06/04/2021
LN003385,CU001100,2021-01-18,175980,48,14.71,4871.82,"Commercial Vehicle",pune,01/18/2021
LN000441,CU001093,2022-10-22,104065,48,15.82,2939.65,Car,bangalore,22/10/2022
LN000984,CU001244,2021-09-01,66000,24,10.98,3075.5,"Two wheeler",pune,01/09/2021
LN001881,CU002116,2023-07-25,132598,36,14.89,4589.41,"Two wheeler",kochi,2023-07-25
LN003449,CU002774,2021-10-13,92832,60,11.33,2033.7,Car,thrissur,13/10/2021
LN000206,CU003416,2023-03-27,153237,60,13.78,3548.1,"Commercial Vehicle",thrissur,2023-03-27
LN004966,CU001782,2021-05-25,66195,24,11.82,3110.47,Car,thrissur,2021-05-25
LN003361,CU000286,2023-11-22,174204,36,17.15,6223.86,Tractor,kochi,2023-11-22
LN002105,CU001422,2022-01-08,103757,48,12.4,2752.74,Car,mumbai,08/01/2022
LN003757,CU000977,2021-06-05,217830,48,16.82,6265.23,Car,mumbai,"05 Jun 2021"
LN001409,CU002283,2021-05-13,157937,36,10.06,5100.63,"Two wheeler",pune,13/05/2021
LN004954,CU002137,2021-10-03,176741,24,14.33,8513.42,"Two wheeler",hyderabad,03/10/2021
LN000532,CU002207,2024-03-07,89299,36,16.04,3141.25,"Two wheeler",hyderabad,"07 Mar 2024"
LN003723,CU000548,2023-07-05,89098,48,17.49,2593.57,"Two wheeler",bangalore,2023-07-05
LN000980,CU001957,2024-02-09,62166,12,17.37,5680.76,Car,thrissur,2024-02-09
LN000590,CU002056,2022-08-07,75822,48,12,1996.68,"Two wheeler",chennai,07/08/2022
LN002286,CU002617,2024-03-17,77896,36,13.99,2661.92,Tractor,pune,17/03/2024
LN001905,CU004400,2024-04-18,245202,36,16.09,8631.47,Car,chennai,04/18/2024
LN001174,CU001273,2021-05-27,177496,48,14.3,4877.09,Car,chennai,2021-05-27
LN000606,CU001058,2024-05-26,228807,48,16.32,6522.01,Tractor,pune,2024-05-26
LN001786,CU004546,2022-05-31,82800,24,16.27,4064.84,"Two wheeler",pune,"31 May 2022"
LN000176,CU000738,2021-11-16,94310,12,17.15,8608.24,Car,bangalore,11/16/2021
LN004806,CU001546,2022-09-06,199571,36,14.21,6841.24,"Two wheeler",ahmedabad,2022-09-06
LN001481,CU000109,2021-11-05,214257,48,15.68,6037.05,Car,coimbatore,05/11/2021
LN003483,CU003849,2022-03-24,61805,36,9.64,1983.84,"Two wheeler",kochi,2022-03-24
LN000413,CU002174,2021-04-26,188316,60,9.64,3967.88,"Two wheeler",kozhikode,"26 Apr 2021"
LN001391,CU003205,2021-04-12,43773,36,15.21,1521.91,Car,thrissur,12/04/2021
LN001342,CU003961,2023-07-05,78508,48,10.14,1996.45,Tractor,ahmedabad,05/07/2023
LN001108,CU001816,2021-10-23,170106,60,17.48,4271.6,"Two wheeler",kolkata,23/10/2021
LN002078,CU001012,2023-04-09,97463,60,16.31,2386.19,"Commercial Vehicle",delhi,2023-04-09
LN003744,CU002943,2023-04-11,143343,12,11.09,12674.91,Car,coimbatore,2023-04-11
LN003631,CU000217,2024-04-02,125962,36,16.73,4473.98,"Two wheeler",ahmedabad,2024-04-02
LN004963,CU000984,2021-05-25,204340,12,12,18155.36,"Two wheeler",chennai,"25 May 2021"
LN003372,CU000465,2023-11-28,157288,60,15.4,3774.98,"Commercial Vehicle",pune,"28 Nov 2023"
LN000079,CU002188,2023-05-21,91586,48,17.47,2665.04,Car,kolkata,"21 May 2023"
LN002908,CU003312,2022-12-14,142235,36,13.04,4795.2,"Two wheeler",bangalore,14/12/2022
LN004189,CU002894,2023-04-04,133739,60,13.65,3087.66,Car,kochi,04/04/2023
LN004445,CU003594,2022-07-11,118473,60,16.75,2928.46,"Two wheeler",mumbai,11/07/2022
LN003825,CU003344,2024-05-14,106277,12,12.05,9445.07,"Two wheeler",bangalore,05/14/2024
LN000265,CU003433,2021-06-26,107680,24,17.96,5373.75,"Two wheeler",kolkata,2021-06-26
LN004395,CU003606,2024-05-08,99872,36,12.09,3321.47,"Two wheeler",coimbatore,08/05/2024
LN001599,CU001440,2022-05-02,290565,48,17.28,8426.42,"Two wheeler",thrissur,2022-05-02
LN002323,CU001606,2021-01-23,123147,36,13.95,4205.88,Tractor,coimbatore,2021-01-23
LN004361,CU000542,2021-04-02,95429,36,15.53,3332.9,Tractor,coimbatore,02/04/2021
LN004904,CU002838,2022-08-16,149891,24,17.26,7429.69,Car,thrissur,2022-08-16
LN004569,CU002092,2023-09-06,50101,36,11.69,1656.66,"Commercial Vehicle",pune,06/09/2023
LN004727,CU003477,2023-08-15,63895,24,17.82,3184.35,"Commercial Vehicle",kozhikode,"15 Aug 2023"
LN001179,CU001248,2024-05-26,188360,36,11.03,6169.34,"Two wheeler",mumbai,05/26/2024
LN002071,CU000673,2024-06-19,156632,12,10.73,13823.68,"Commercial Vehicle",kozhikode,2024-06-19
LN003787,CU000498,2023-12-17,165218,36,14.41,5679.72,"Two wheeler",coimbatore,2023-12-17
LN004728,CU002177,2023-12-12,189852,48,11.53,4955.83,Car,hyderabad,2023-12-12
LN002387,CU000168,2023-03-04,84004,12,11.24,7433.82,Tractor,mumbai,2023-03-04
LN002276,CU002151,2021-08-29,134015,36,14.26,4597.26,Car,bangalore,"29 Aug 2021"
LN001341,CU000425,2022-12-16,160186,36,10.33,5193.61,Car,kozhikode,"16 Dec 2022"
LN004932,CU003410,2023-04-30,135482,24,17.8,6750.73,"Two wheeler",chennai,2023-04-30
LN003238,CU001506,2021-11-03,126520,24,13.78,6061.45,"Commercial Vehicle",kochi,2021-11-03
LN002641,CU000131,2024-03-22,131329,48,14.5,3621.78,"Two wheeler",kochi,2024-03-22
LN004221,CU002022,2023-10-21,109845,36,9.91,3539.75,"Two wheeler",kolkata,"21 Oct 2023"
LN000439,CU003317,2022-08-16,66367,24,14.77,3210.67,"Two wheeler",mumbai,"16 Aug 2022"
LN001367,CU000252,2023-10-30,121469,24,9.86,5597.33,"Two wheeler",kochi,10/30/2023
LN000972,CU000754,2021-09-02,133025,24,11.76,6247.05,"Two wheeler",chennai,2021-09-02
LN002461,CU002877,2023-05-07,162953,60,10.9,3534.87,Car,pune,"07 May 2023"
LN001483,CU000296,2023-10-08,285734,12,13.99,25653.89,Car,mumbai,08/10/2023
LN000670,CU002489,2024-05-29,158589,36,18.38,5763.65,Car,ahmedabad,29/05/2024
LN002915,CU004589,2022-12-16,96555,24,11.71,4532.11,"Commercial Vehicle",delhi,2022-12-16
LN002894,CU002278,2024-06-15,321262,60,10.56,6914.73,Car,kochi,15/06/2024
LN004222,CU001617,2021-08-02,220924,24,17.95,11024.1,"Two wheeler",bangalore,"02 Aug 2021"
LN002306,CU003510,2023-09-24,179160,36,16.81,6370.61,"Two wheeler",bangalore,24/09/2023
LN004876,CU002578,2021-10-09,246351,24,15.67,12023.3,"Two wheeler",bangalore,09/10/2021
LN001927,CU002684,2023-04-30,130619,48,14.9,3628.61,"Two wheeler",chennai,"30 Apr 2023"
LN001338,CU001160,2022-07-25,140076,36,14.17,4799.04,"Two wheeler",chennai,2022-07-25
LN003588,CU000416,2024-02-13,115961,24,9.97,5349.41,"Two wheeler",delhi,13/02/2024
LN003077,CU002162,2024-03-04,189955,36,14.31,6520.85,Car,ahmedabad,04/03/2024
LN004295,CU000193,2023-01-17,157644,36,9.99,5085.99,Car,bangalore,"17 Jan 2023"
LN000629,CU003882,2021-09-01,129386,24,13.9,6206.08,Car,ahmedabad,01/09/2021
LN000410,CU002095,2022-09-11,430412,12,12.77,38396.8,Tractor,thrissur,2022-09-11
LN004864,CU004123,2023-11-18,92041,36,10.01,2970.34,Car,delhi,2023-11-18
LN001199,CU000522,2021-10-23,125919,36,15.67,4406.45,"Two wheeler",ahmedabad,10/23/2021
LN002637,CU002468,2023-08-11,213386,24,14.34,10279.58,"Commercial Vehicle",kozhikode,2023-08-11
LN003668,CU002936,2023-11-18,417930,36,10.61,13605.43,"Commercial Vehicle",mumbai,11/18/2023
LN002680,CU001248,2022-09-05,107594,36,10.79,3511.8,"Commercial Vehicle",pune,"05 Sep 2022"
LN001202,CU004006,2023-01-19,222222,48,16.32,6334.31,"Two wheeler",coimbatore,2023-01-19
LN004110,CU004350,2021-10-29,216245,24,14.99,10483.97,Car,bangalore,29/10/2021
LN000761,CU004000,2023-01-04,240754,24,16.41,11835.28,"Two wheeler",kolkata,2023-01-04
LN003107,CU004410,2021-12-29,164540,24,12.5,7783.94,Car,hyderabad,2021-12-29
LN003611,CU002826,2021-04-29,180577,60,15.32,4326.31,"Two wheeler",kozhikode,29/04/2021
LN004079,CU002420,2021-02-04,136175,24,12.3,6429.32,"Two wheeler",chennai,04/02/2021
LN004729,CU003874,2022-01-23,141867,24,15.52,6913.76,Car,pune,2022-01-23
LN001601,CU003862,2023-01-11,195807,24,16.34,9619.16,"Commercial Vehicle",pune,2023-01-11
LN002212,CU003349,2023-06-30,95447,48,10.18,2429.04,"Two wheeler",kozhikode,06/30/2023
LN003417,CU000909,2021-11-10,120862,36,13.52,4102.66,Car,mumbai,2021-11-10
LN001594,CU000741,2022-08-21,158072,60,16.91,3920.85,"Two wheeler",coimbatore,"21 Aug 2022"
LN004582,CU002618,2021-12-04,227103,36,14.58,7825.97,Car,delhi,04/12/2021
LN002179,CU003497,2022-05-02,80662,36,14.97,2794.99,"Two wheeler",kozhikode,2022-05-02
LN003112,CU004158,2021-01-15,242481,12,14.73,21855.04,Car,kozhikode,15/01/2021
LN002282,CU000787,2022-06-06,112293,60,16.35,2751.67,"Commercial Vehicle",kozhikode,06/06/2022
LN000694,CU000933,2022-10-27,145172,24,17.51,7213.26,"Two wheeler",coimbatore,27/10/2022
LN001579,CU001309,2021-01-29,165407,24,12.76,7845.12,Car,kolkata,01/29/2021
LN002061,CU003337,2023-01-09,152189,12,12.5,13557.43,"Two wheeler",kolkata,"09 Jan 2023"
LN004850,CU002320,2021-11-24,99405,24,14.16,4780.24,"Two wheeler",kolkata,2021-11-24
LN002985,CU002629,2021-12-05,212828,12,13.2,19029.19,Car,chennai,2021-12-05
LN002352,CU004423,2021-07-25,124923,24,15.03,6058.88,Car,kozhikode,2021-07-25
LN002614,CU002144,2024-05-01,151901,48,9.62,3824.94,"Commercial Vehicle",chennai,01/05/2024
LN003717,CU002698,2022-08-25,358937,24,11.46,16806.04,"Two wheeler",chennai,08/25/2022
LN003064,CU001167,2022-07-17,171049,48,10.61,4388.52,Car,bangalore,"17 Jul 2022"
LN001371,CU002755,2024-05-09,180014,36,13.25,6087.08,"Two wheeler",ahmedabad,2024-05-09
LN004250,CU003150,2022-05-28,71113,36,10.72,2318.73,Car,ahmedabad,"28 May 2022"
LN000509,CU002362,2024-02-26,193764,24,17.11,9590.38,Tractor,pune,02/26/2024
LN000043,CU003831,2021-12-21,97857,48,10.74,2516.83,"Two wheeler",bangalore,2021-12-21
LN001241,CU001800,2021-10-15,93783,48,15.89,2652.56,"Two wheeler",delhi,2021-10-15
LN001419,CU002858,2024-03-17,102047,36,16.78,3627.09,"Two wheeler",mumbai,2024-03-17
LN000879,CU004598,2024-04-03,154874,12,11.78,13744.43,Car,kozhikode,"03 Apr 2024"
LN001484,CU001401,2024-03-16,80412,24,13.1,3826.71,"Commercial Vehicle",kochi,03/16/2024
LN003780,CU002958,2023-07-30,122599,36,17.13,4378.92,"Commercial Vehicle",thrissur,07/30/2023
LN002472,CU001790,2023-11-30,322173,48,18.4,9531.3,"Two wheeler",chennai,11/30/2023
LN004456,CU002984,2024-05-13,161656,36,12.16,5381.65,Car,mumbai,2024-05-13
LN000056,CU004004,2023-04-21,94130,24,11.35,4402.51,Car,kozhikode,21/04/2023
LN000880,CU003341,2021-09-18,67623,48,13.96,1846.54,"Two wheeler",coimbatore,"18 Sep 2021"
LN001319,CU001819,2022-06-07,153839,12,18.2,14118.61,Car,pune,07/06/2022
LN002634,CU000676,2022-12-24,126641,48,10.37,3234.49,Car,bangalore,"24 Dec 2022"
LN004123,CU001601,2023-10-09,95390,36,13.53,3238.47,"Commercial Vehicle",coimbatore,"09 Oct 2023"
LN001239,CU003648,2021-01-25,121149,12,11.63,10742.98,"Commercial Vehicle",hyderabad,2021-01-25
LN001514,CU002456,2023-11-27,109462,24,13.44,5226.67,"Two wheeler",pune,"27 Nov 2023"
LN000136,CU000934,2022-05-12,163622,36,15.97,5750.04,Car,coimbatore,12/05/2022
LN002259,CU000588,2022-06-22,232580,48,18.35,6874.65,"Two wheeler",kozhikode,22/06/2022
LN002829,CU000201,2022-06-25,237844,60,17.27,5945.62,Tractor,ahmedabad,06/25/2022
LN004891,CU001622,2024-04-23,133865,24,13.44,6391.89,"Two wheeler",delhi,23/04/2024
LN001863,CU000178,2024-03-28,40000,48,13.63,1085.65,"Two wheeler",pune,"28 Mar 2024"
LN003929,CU001916,2024-01-11,109474,12,13.61,9809.28,"Commercial Vehicle",ahmedabad,2024-01-11
LN003232,CU000506,2022-06-23,123961,24,14.61,5987.51,"Two wheeler",coimbatore,"23 Jun 2022"
LN003957,CU002382,2023-02-21,160814,12,11.87,14278.35,Car,hyderabad,02/21/2023
LN004493,CU003144,2021-04-05,147256,48,16.5,4211.08,Car,kolkata,2021-04-05
LN001499,CU003204,2024-08-05,89385,12,10.54,7880.83,"Two wheeler",pune,05/08/2024
LN004150,CU000998,2021-01-02,248347,36,18.18,9000.78,Car,hyderabad,02/01/2021
LN004929,CU002315,2024-03-29,95025,60,9.5,1995.7,Car,kolkata,03/29/2024
LN002942,CU000449,2022-06-11,161180,24,10.62,7483.85,Car,kochi,11/06/2022
LN000179,CU002182,2024-03-13,91911,48,10.61,2358.12,"Commercial Vehicle",ahmedabad,"13 Mar 2024"
LN002789,CU004195,2024-06-22,177958,36,13.65,6051.98,Car,ahmedabad,2024-06-22
LN003734,CU001028,2024-06-29,167703,48,16.43,4789.76,Car,mumbai,06/29/2024
LN003213,CU000764,2021-10-30,71094,36,16.01,2499.81,"Commercial Vehicle",ahmedabad,2021-10-30
LN000301,CU004473,2021-11-03,223936,48,11.2,5809.52,Tractor,chennai,"03 Nov 2021"
LN003276,CU000108,2024-03-08,151553,24,14.26,7295.13,Car,hyderabad,2024-03-08
LN001664,CU003117,2024-05-14,72896,48,16.99,2103.04,Car,kochi,14/05/2024
LN004899,CU001792,2021-03-15,65956,24,15.05,3199.55,"Commercial Vehicle",pune,2021-03-15
LN001002,CU003025,2021-08-06,86120,24,15.08,4178.94,"Two wheeler",kolkata,2021-08-06
LN003262,CU002292,2022-01-08,132869,48,11.72,3480.71,"Two wheeler",ahmedabad,2022-01-08
LN004175,CU001046,2023-10-03,140209,48,16.5,4009.56,"Two wheeler",mumbai,2023-10-03
LN003591,CU002953,2021-11-20,67592,24,15.01,3277.63,"Commercial Vehicle",bangalore,"20 Nov 2021"
LN000229,CU001859,2021-03-11,105840,24,18.21,5294.71,"Two wheeler",mumbai,"11 Mar 2021"
LN000819,CU000019,2021-10-20,242925,60,13.21,5553.44,"Two wheeler",hyderabad,20/10/2021
LN000989,CU003550,2022-01-15,222406,12,15.22,20097.09,"Commercial Vehicle",hyderabad,2022-01-15
LN000030,CU001498,2021-03-26,149455,12,9.97,13137.38,"Two wheeler",chennai,"26 Mar 2021"
LN001658,CU000259,2024-02-01,170512,36,16.89,6069.89,"Two wheeler",kozhikode,2024-02-01
LN000562,CU001912,2022-10-14,102726,24,10.31,4755,Car,ahmedabad,"14 Oct 2022"
LN003465,CU003626,2023-09-12,76981,36,17.64,2769.17,Tractor,delhi,2023-09-12
LN004942,CU000552,2022-12-20,67435,48,18.32,1992.2,"Commercial Vehicle",mumbai,"20 Dec 2022"
LN000226,CU002438,2021-04-12,107305,36,11.28,3527.27,Car,coimbatore,12/04/2021
LN004102,CU001854,2021-08-12,88267,48,14.04,2413.8,"Two wheeler",mumbai,12/08/2021
LN004090,CU000464,2022-11-27,91409,48,17.54,2663.22,Tractor,chennai,11/27/2022
LN004541,CU002198,2024-04-21,158595,12,15.82,14375.95,"Two wheeler",hyderabad,2024-04-21
LN003444,CU003288,2023-02-11,237658,36,16.13,8370.61,"Two wheeler",bangalore,11/02/2023
LN004129,CU004535,2021-02-21,283242,12,13.06,25306.38,Tractor,pune,21/02/2021
LN003011,CU000055,2021-12-25,141753,24,10.09,6547.07,"Commercial Vehicle",kolkata,2021-12-25
LN000669,CU004190,2023-06-14,222215,24,13.66,10633.53,"Commercial Vehicle",coimbatore,14/06/2023
LN002944,CU000059,2021-04-09,157763,60,15.54,3798.04,Car,coimbatore,2021-04-09
LN003007,CU003251,2023-03-21,158155,24,16.46,7778.57,Car,kozhikode,2023-03-21
LN004692,CU003211,2022-01-04,129181,60,11.9,2867.04,"Commercial Vehicle",kochi,04/01/2022
LN003540,CU002345,2021-06-02,64345,48,11.17,1668.35,Car,delhi,2021-06-02
LN000152,CU002425,2022-05-09,173835,36,17.01,6198.56,"Two wheeler",delhi,09/05/2022
LN001803,CU001855,2022-08-25,118281,36,12.24,3942.19,Car,kochi,08/25/2022
LN004319,CU004232,2022-04-17,133469,36,13.63,4537.71,"Commercial Vehicle",delhi,2022-04-17
LN000703,CU002404,2021-02-20,110499,48,14.2,3030.65,Car,bangalore,2021-02-20
LN004844,CU003058,2023-08-28,152683,24,16.99,7548.26,Car,delhi,"28 Aug 2023"
LN001445,CU003542,2023-06-10,141079,36,11.21,4632.79,"Two wheeler",ahmedabad,2023-06-10
LN002951,CU004213,2021-06-17,116691,12,11.04,10315.52,"Two wheeler",chennai,"17 Jun 2021"
LN003518,CU004134,2023-10-19,297448,24,14.44,14343.24,"Commercial Vehicle",thrissur,2023-10-19
LN000855,CU002441,2024-06-02,149960,36,14.85,5187.4,"Two wheeler",ahmedabad,2024-06-02
LN001833,CU002618,2024-06-16,263881,36,13.92,9008.58,Car,mumbai,"16 Jun 2024"
LN002882,CU004168,2022-06-01,88012,36,10.1,2844.03,"Two wheeler",delhi,"01 Jun 2022"
LN003295,CU000980,2023-06-16,100292,12,14.46,9026.65,"Two wheeler",kochi,16/06/2023
LN004672,CU004417,2023-02-06,325947,24,16.77,16079.56,"Two wheeler",hyderabad,2023-02-06
LN004210,CU000804,2021-11-12,54913,24,14.78,2656.81,"Two wheeler",mumbai,"12 Nov 2021"
LN002338,CU004008,2024-01-25,248147,36,13,8361.05,"Commercial Vehicle",kolkata,"25 Jan 2024"
LN000207,CU003717,2024-11-03,383748,36,15.21,13342.25,"Two wheeler",kolkata,03/11/2024
LN001148,CU001780,2021-07-10,77262,36,10.52,2511.93,Car,kozhikode,10/07/2021
LN003137,CU004211,2022-05-02,222962,48,12.25,5898.85,"Two wheeler",mumbai,02/05/2022
LN003298,CU004227,2023-05-19,62004,36,17.1,2213.7,"Two wheeler",kochi,2023-05-19
LN003239,CU003639,2023-02-07,106906,36,9.59,3429.01,"Commercial Vehicle",pune,2023-02-07
LN001309,CU003949,2022-11-18,79528,36,16.37,2810.52,"Two wheeler",delhi,2022-11-18
LN001246,CU002199,2021-09-17,95854,36,16.38,3387.95,"Commercial Vehicle",hyderabad,17/09/2021
LN004085,CU003198,2021-03-11,159811,36,16.19,5633.48,"Two wheeler",kochi,"11 Mar 2021"
LN003853,CU002921,2022-09-22,218735,24,12.51,10348.79,"Two wheeler",mumbai,"22 Sep 2022"
LN002732,CU002379,2023-07-06,120637,36,14.22,4135.99,Car,chennai,"06 Jul 2023"
LN003334,CU001439,2021-03-09,427763,36,10.38,13879.15,Car,thrissur,09/03/2021
LN002666,CU000832,2022-02-01,210816,24,17.23,10446.53,Car,chennai,01/02/2022
LN001983,CU003493,2021-06-06,162938,48,11.64,4262.04,"Two wheeler",mumbai,2021-06-06
LN000870,CU002018,2023-11-13,132251,24,16.06,6479.21,Car,kochi,"13 Nov 2023"
LN001660,CU003169,2023-12-08,63098,24,16.96,3118.5,"Two wheeler",thrissur,2023-12-08
LN003234,CU004257,2021-12-31,108299,24,16.61,5334.28,"Two wheeler",kozhikode,2021-12-31
LN003051,CU002720,2021-07-07,137759,60,10.29,2946.67,Car,coimbatore,2021-07-07
LN004680,CU000688,2023-02-15,85322,36,13.53,2896.66,"Two wheeler",kolkata,15/02/2023
LN002678,CU000444,2024-04-18,190183,36,17.25,6804.23,"Two wheeler",mumbai,2024-04-18
LN003079,CU004478,2022-08-12,156493,48,16.06,4439.87,"Two wheeler",mumbai,12/08/2022
LN003986,CU003062,2021-03-16,350201,24,17.47,17393.92,"Commercial Vehicle",pune,2021-03-16
LN001139,CU002799,2023-06-01,175476,12,10,15427.13,"Two wheeler",thrissur,01/06/2023
LN002695,CU004219,2021-09-27,119527,36,16.27,4218.16,Tractor,mumbai,09/27/2021
LN004236,CU003542,2023-10-04,103679,48,10.45,2652.03,"Two wheeler",chennai,2023-10-04
LN004586,CU003365,2022-02-24,160672,24,11.41,7519.2,"Two wheeler",chennai,2022-02-24
LN004700,CU000963,2021-02-24,343813,36,17.17,12286.98,"Two wheeler",kolkata,"24 Feb 2021"
LN004311,CU002267,2021-03-01,182182,36,14.08,6233.63,"Two wheeler",ahmedabad,01/03/2021
LN004690,CU004076,2023-02-22,264108,24,18.19,13209.61,Car,pune,2023-02-22
LN003370,CU003616,2024-04-25,244532,48,16.31,6968.99,"Two wheeler",thrissur,25/04/2024
LN002180,CU000066,2021-04-13,108033,24,17.01,5341.92,Tractor,kolkata,13/04/2021
LN004411,CU003673,2022-03-22,48262,36,12.15,1606.45,"Commercial Vehicle",delhi,"22 Mar 2022"
LN002187,CU001185,2021-09-16,258842,24,12.44,12237.85,Car,delhi,2021-09-16
LN002640,CU001662,2021-10-21,215060,36,15.07,7462.5,"Two wheeler",kolkata,"21 Oct 2021"
LN004901,CU004040,2021-10-24,106472,36,13.12,3593.62,"Two wheeler",mumbai,2021-10-24
LN000417,CU000446,2022-10-16,165702,24,10.81,7708.4,Car,kozhikode,2022-10-16
LN002087,CU000708,2021-08-01,114456,36,16.25,4038.07,"Two wheeler",kochi,01/08/2021
LN004055,CU002942,2023-07-20,69077,36,12,2294.34,"Commercial Vehicle",coimbatore,2023-07-20
LN003987,CU002753,2021-09-05,101323,36,17.94,3660.02,Car,kolkata,2021-09-05
LN002755,CU001201,2021-02-03,51340,60,13.33,1176.83,"Two wheeler",kozhikode,03/02/2021
LN000137,CU004323,2024-04-02,111636,36,14.65,3850.79,"Commercial Vehicle",kochi,2024-04-02
LN001475,CU001483,2023-07-12,111125,24,11.99,5230.52,Tractor,ahmedabad,12/07/2023
LN001123,CU001443,2023-04-12,145807,36,17.04,5201.32,"Commercial Vehicle",hyderabad,"12 Apr 2023"
LN004132,CU004539,2023-12-16,313425,36,14.78,10831.24,Car,chennai,"16 Dec 2023"
LN000026,CU002787,2021-07-24,183865,24,9.61,8451.38,Car,delhi,24/07/2021
LN000658,CU004480,2021-07-24,89721,12,11.56,7953.15,"Two wheeler",chennai,24/07/2021
LN003943,CU003237,2021-11-20,143182,24,16.76,7062.74,"Two wheeler",kozhikode,11/20/2021
LN000450,CU000770,2022-05-30,92618,48,17.44,2693.63,"Commercial Vehicle",kozhikode,2022-05-30
LN003433,CU004399,2023-04-28,47952,48,11.34,1247.28,Car,coimbatore,2023-04-28
LN003297,CU004037,2021-02-06,73798,12,9.89,6484.24,"Two wheeler",coimbatore,06/02/2021
LN003125,CU004492,2022-04-03,166360,36,17.02,5932.84,"Two wheeler",kochi,2022-04-03
LN001402,CU000309,2024-04-21,80624,36,10.52,2621.24,"Two wheeler",kochi,21/04/2024
LN003283,CU004485,2024-01-04,228651,48,12.31,6056.12,Car,mumbai,2024-01-04
LN001259,CU001193,2022-06-20,119548,36,10.37,3878.28,Tractor,kolkata,"20 Jun 2022"
LN001271,CU000524,2022-12-15,125406,36,11.13,4113.36,"Two wheeler",hyderabad,"15 Dec 2022"
LN000649,CU004506,2022-07-03,131711,60,15.98,3201.56,Car,delhi,03/07/2022
LN001450,CU004509,2024-05-18,314936,36,11.32,10358.39,Car,coimbatore,18/05/2024
LN001053,CU003721,2022-08-13,99988,24,14.47,4822.94,"Two wheeler",kozhikode,2022-08-13
LN002826,CU002160,2021-09-06,82158,48,17.78,2403.96,"Commercial Vehicle",kolkata,06/09/2021
LN002438,CU003569,2021-05-05,316879,12,17.81,29022.82,"Two wheeler",kochi,05/05/2021
LN003991,CU004035,2021-06-07,384703,24,14.46,18554.41,"Commercial Vehicle",ahmedabad,2021-06-07
LN004341,CU003664,2023-01-31,120774,48,13.26,3255.67,"Commercial Vehicle",mumbai,01/31/2023
LN000277,CU004379,2023-05-02,163690,48,9.51,4113.19,Car,chennai,2023-05-02
LN002442,CU003871,2022-04-30,52370,36,11.14,1718,"Two wheeler",kochi,2022-04-30
LN002159,CU002203,2022-07-29,137777,24,15.55,6716.4,"Two wheeler",kolkata,"29 Jul 2022"
LN000589,CU003541,2021-01-03,125470,36,12.24,4181.8,"Commercial Vehicle",chennai,03/01/2021
LN002208,CU002726,2022-02-27,154092,36,16.36,5444.84,Car,hyderabad,"27 Feb 2022"
LN000971,CU004552,2021-06-30,187091,24,9.59,8597.94,Car,mumbai,06/30/2021
LN003185,CU003178,2024-10-04,344697,60,13.61,7950.97,"Commercial Vehicle",chennai,04/10/2024
LN002709,CU003461,2021-02-19,317790,48,9.61,8000.59,Car,delhi,2021-02-19
LN004241,CU000672,2022-04-04,314004,24,17.62,15618.77,"Two wheeler",kolkata,"04 Apr 2022"
LN003335,CU000098,2021-12-19,195104,60,16.88,4836.26,"Commercial Vehicle",kolkata,2021-12-19
LN001760,CU002852,2022-01-22,179495,36,17.84,6474.78,Car,coimbatore,2022-01-22
LN002182,CU004132,2022-01-12,98584,36,13.47,3344.05,"Two wheeler",kochi,12/01/2022
LN003758,CU003288,2022-06-12,68606,24,11.15,3202.36,"Commercial Vehicle",mumbai,12/06/2022
LN004264,CU002975,2024-06-24,175638,60,13.32,4025.13,"Commercial Vehicle",ahmedabad,2024-06-24
LN002273,CU003997,2023-12-01,104989,60,17.47,2635.85,Car,delhi,01/12/2023
LN003826,CU001591,2021-10-06,61435,48,9.98,1557.56,"Two wheeler",ahmedabad,"06 Oct 2021"
LN000928,CU002693,2022-03-28,52212,36,14.31,1792.35,"Two wheeler",kolkata,2022-03-28
LN003227,CU004094,2023-10-18,109236,36,11.47,3600.61,Car,ahmedabad,18/10/2023
LN003069,CU003248,2022-03-29,110482,60,14.92,2623.72,Tractor,thrissur,2022-03-29
LN002617,CU000693,2022-04-07,133294,36,10.43,4327.98,"Two wheeler",coimbatore,07/04/2022
LN000025,CU000570,2023-08-28,83373,36,9.63,2675.75,Car,pune,08/28/2023
LN003593,CU000296,2023-11-17,204904,48,13.96,5595.19,"Two wheeler",chennai,2023-11-17
LN000444,CU001531,2022-06-13,269396,60,17.12,6712.58,Tractor,chennai,06/13/2022
LN004247,CU000612,2022-06-20,115240,60,17.6,2901.32,Car,kolkata,2022-06-20
LN004907,CU003977,2023-09-06,158477,24,16.81,7821,"Commercial Vehicle",kozhikode,06/09/2023
LN002143,CU004236,2023-04-08,219317,24,16.13,10752.07,Car,coimbatore,2023-04-08
LN000755,CU001425,2021-03-07,162384,24,17.98,8105.31,"Two wheeler",chennai,"07 Mar 2021"
LN002266,CU003224,2023-12-30,163791,24,15.49,7979.86,"Two wheeler",pune,30/12/2023
LN001048,CU002357,2022-11-06,88218,48,16.54,2524.59,"Two wheeler",bangalore,2022-11-06
LN000781,CU000369,2021-02-23,314421,48,16.64,9014.18,Car,bangalore,23/02/2021
LN000901,CU001612,2023-08-04,163237,60,17.98,4143.37,Car,thrissur,2023-08-04
LN003036,CU004274,2023-12-11,84421,24,9.62,3880.81,"Commercial Vehicle",bangalore,2023-12-11
LN001953,CU003816,2023-05-10,136035,36,12.2,4531.31,Car,delhi,"10 May 2023"
LN002761,CU001639,2021-07-23,139698,12,13.34,12499.74,"Commercial Vehicle",hyderabad,"23 Jul 2021"
LN001198,CU003647,2022-03-28,281237,36,16.67,9980.74,Car,pune,2022-03-28
LN000101,CU004596,2023-05-16,73913,36,11.64,2442.28,"Two wheeler",kozhikode,2023-05-16
LN001050,CU002728,2021-09-16,115019,48,12.71,3069.14,Car,delhi,2021-09-16
LN001628,CU004210,2023-07-14,185134,48,17.16,5357.39,"Two wheeler",ahmedabad,2023-07-14
LN004936,CU002108,2024-02-06,59025,12,10.35,5198.85,Car,mumbai,2024-02-06
LN002832,CU001026,2022-10-08,172399,36,18.31,6259.48,Car,hyderabad,2022-10-08
LN003801,CU003499,2023-08-23,167971,60,16.94,4169.09,"Two wheeler",hyderabad,08/23/2023
LN002444,CU002165,2024-04-03,152846,12,17.47,13974.4,"Two wheeler",hyderabad,2024-04-03
LN001272,CU003154,2023-11-09,234161,60,12.33,5247.91,"Two wheeler",pune,2023-11-09
LN004813,CU001889,2022-12-01,46609,48,16.4,1330.48,"Commercial Vehicle",kozhikode,2022-12-01
LN002749,CU003482,2022-09-16,124555,36,17.52,4473.03,"Commercial Vehicle",pune,09/16/2022
LN000767,CU000221,2024-06-17,67012,36,15.74,2347.35,Car,chennai,06/17/2024
LN003661,CU002178,2021-07-21,296548,24,12.3,14001.13,Tractor,hyderabad,2021-07-21
LN003061,CU002640,2021-03-20,288617,24,17.54,14344.88,"Two wheeler",chennai,"20 Mar 2021"
LN000169,CU003126,2022-01-12,82799,12,12.01,7356.98,Car,coimbatore,2022-01-12
LN000074,CU003723,2024-02-26,189046,36,14.9,6544.09,"Two wheeler",hyderabad,26/02/2024
LN002654,CU002505,2022-04-19,218980,24,11.64,10271.37,"Two wheeler",coimbatore,04/19/2022
LN000521,CU004308,2024-01-24,127916,36,17.92,4619.34,"Two wheeler",coimbatore,2024-01-24
LN002986,CU002565,2022-01-14,123103,36,18.19,4462.21,"Commercial Vehicle",kolkata,"14 Jan 2022"
LN001884,CU000422,2021-06-24,269374,36,13.77,9176.5,Car,mumbai,"24 Jun 2021"
LN004045,CU002724,2023-10-25,237627,60,12.7,5370.32,"Two wheeler",kochi,25/10/2023
LN002167,CU004003,2022-07-17,92547,36,12.81,3109.81,Car,delhi,07/17/2022
LN002569,CU001084,2021-02-26,190595,36,17.69,6860.86,"Two wheeler",kolkata,2021-02-26
LN000993,CU004071,2022-10-01,111347,12,13.93,9993.86,"Commercial Vehicle",thrissur,2022-10-01
LN003217,CU001384,2021-11-03,255734,12,12.31,22758.76,"Two wheeler",delhi,"03 Nov 2021"
LN001906,CU002713,2023-07-02,145426,36,18.27,5277.22,"Commercial Vehicle",thrissur,2023-07-02
LN003087,CU002939,2021-01-13,81312,24,15.09,3946.02,"Commercial Vehicle",pune,13/01/2021
LN001385,CU001164,2022-09-28,134299,24,17.02,6641.34,"Two wheeler",hyderabad,2022-09-28
LN003442,CU002613,2022-04-09,74065,48,11.41,1929.03,"Two wheeler",pune,09/04/2022
LN001739,CU000873,2023-02-10,45140,48,13.45,1221.1,"Two wheeler",thrissur,10/02/2023
LN004787,CU003094,2023-08-02,79788,24,16.63,3930.73,Tractor,kochi,"02 Aug 2023"
LN001504,CU001793,2022-06-05,119705,36,15.09,4154.89,Car,pune,05/06/2022
LN002565,CU003771,2021-01-15,40132,36,11.39,1321.29,Car,thrissur,2021-01-15
LN001632,CU000463,2022-05-06,82171,36,14.86,2842.85,Car,mumbai,06/05/2022
LN003725,CU002332,2022-10-16,56782,24,16,2780.22,Car,kolkata,16/10/2022
LN002103,CU000131,2023-02-18,207338,24,10.81,9645.3,Car,kochi,2023-02-18
LN000267,CU002733,2024-06-27,107051,36,10.12,3460.27,Car,kozhikode,2024-06-27
LN001034,CU004541,2022-07-03,98955,12,16.93,9021.88,"Commercial Vehicle",ahmedabad,2022-07-03
LN002632,CU002647,2024-06-16,282998,36,17.11,10105.15,Car,hyderabad,2024-06-16
LN003587,CU001334,2024-06-19,163915,36,17.8,5909.49,"Commercial Vehicle",delhi,2024-06-19
LN002586,CU001952,2024-04-08,427263,36,12.72,14338.62,Car,hyderabad,2024-04-08
LN001845,CU002504,2021-09-17,311360,36,12.74,10452,"Two wheeler",mumbai,17/09/2021
LN000486,CU003521,2021-11-24,115906,48,12.06,3055.67,Car,kochi,24/11/2021
LN004778,CU002707,2023-10-11,715956,36,13.89,24431.45,"Two wheeler",pune,2023-10-11
LN002215,CU002928,2022-10-20,76355,48,9.57,1920.83,"Two wheeler",kozhikode,20/10/2022
LN000145,CU002445,2021-03-29,214214,60,15.57,5160.45,"Two wheeler",ahmedabad,29/03/2021
LN004428,CU003468,2024-06-24,385700,60,15.84,9346.72,"Two wheeler",pune,2024-06-24
LN003960,CU003297,2022-06-16,289563,36,17.77,10435.02,"Two wheeler",ahmedabad,2022-06-16
LN004344,CU002818,2022-01-11,96021,12,16.71,8744.36,"Two wheeler",hyderabad,2022-01-11
LN004470,CU003955,2023-03-25,205031,36,9.84,6600.38,Car,pune,2023-03-25
LN004477,CU002374,2022-12-25,308722,36,17.29,11051.39,"Two wheeler",pune,25/12/2022
LN002548,CU001402,2023-04-11,127162,48,12.24,3363.67,"Two wheeler",coimbatore,2023-04-11
LN000321,CU004575,2023-09-17,157854,36,16.32,5574.65,"Two wheeler",kochi,09/17/2023
LN004733,CU003681,2022-01-08,97798,24,16.97,4833.94,Tractor,ahmedabad,08/01/2022
LN001588,CU004423,2021-10-20,163103,24,17.38,8093.99,Car,chennai,2021-10-20
LN001585,CU004048,2021-05-02,169767,24,15.63,8282.34,"Two wheeler",mumbai,2021-05-02
LN003574,CU002479,2022-04-23,184083,36,13.69,6263.84,"Two wheeler",mumbai,2022-04-23
LN003700,CU004345,2022-04-20,201451,60,17.52,5063.07,Car,delhi,2022-04-20
LN002283,CU004037,2024-04-23,163259,36,15.7,5715.55,Car,ahmedabad,04/23/2024
LN004527,CU002681,2023-11-28,181193,24,14.46,8739.03,"Two wheeler",thrissur,11/28/2023
LN001011,CU003136,2021-01-17,97995,48,13.61,2658.73,"Commercial Vehicle",ahmedabad,01/17/2021
LN003914,CU000188,2023-06-25,158287,12,13.43,14169.72,"Commercial Vehicle",bangalore,25/06/2023
LN003025,CU000848,2021-11-25,177560,36,11.07,5818.97,"Commercial Vehicle",pune,25/11/2021
LN003997,CU000686,2021-11-11,117030,48,16.91,3371.46,"Two wheeler",kolkata,11/11/2021
LN000192,CU003701,2023-10-18,122919,12,10.54,10837.43,Car,bangalore,10/18/2023
LN004784,CU002887,2023-05-06,84256,36,15.99,2961.78,"Two wheeler",chennai,06/05/2023
LN001176,CU002331,2023-11-16,129055,48,18.14,3800.44,Car,pune,2023-11-16
LN004532,CU000724,2022-09-19,51873,60,13.71,1199.21,"Two wheeler",mumbai,2022-09-19
LN001691,CU003291,2023-02-21,376816,36,16.35,13312.94,"Two wheeler",ahmedabad,2023-02-21
LN001281,CU003125,2022-08-01,87241,60,15.76,2110.42,"Two wheeler",ahmedabad,"01 Aug 2022"
LN003351,CU003240,2024-03-20,123547,36,9.51,3958.15,"Two wheeler",coimbatore,"20 Mar 2024"
LN002233,CU002778,2022-02-26,206430,36,17.22,7382.41,"Two wheeler",coimbatore,26/02/2022
LN000688,CU004403,2022-03-05,158290,36,17.19,5658.45,Car,thrissur,"05 Mar 2022"
LN000639,CU003647,2023-05-12,194238,48,12.94,5205.14,"Commercial Vehicle",ahmedabad,"12 May 2023"
LN000570,CU000398,2024-01-13,168684,24,18.26,8442.6,Car,kolkata,"13 Jan 2024"
LN003655,CU004358,2021-02-04,150979,48,17.75,4415.31,Car,kochi,04/02/2021
LN000934,CU002230,2024-04-13,194734,36,15,6750.52,Car,kochi,2024-04-13
LN001170,CU003503,2022-02-23,158402,60,16.86,3924.78,"Two wheeler",pune,02/23/2022
LN001361,CU001993,2023-05-13,233660,24,11.73,10969.75,Car,kochi,2023-05-13
LN004630,CU000064,2021-01-16,180063,36,13.68,6126.18,"Commercial Vehicle",pune,2021-01-16
LN003288,CU001166,2024-06-13,141247,24,15.49,6881.52,"Two wheeler",delhi,06/13/2024
LN003463,CU003544,2023-02-21,209428,36,14.25,7183.21,"Commercial Vehicle",delhi,02/21/2023
LN001823,CU002335,2021-07-31,79341,48,15.55,2230.3,Tractor,mumbai,"31 Jul 2021"
LN002791,CU004276,2024-05-25,71994,12,17.03,6567.22,Tractor,hyderabad,"25 May 2024"
LN000197,CU003304,2023-08-08,193495,36,11.87,6414.8,"Two wheeler",kolkata,08/08/2023
LN004592,CU000635,2023-10-03,191356,36,11.2,6282.89,Car,kochi,"03 Oct 2023"
LN003090,CU001599,2021-09-08,147872,36,14.34,5078.37,"Commercial Vehicle",pune,08/09/2021
LN003786,CU002015,2023-09-26,85906,24,13.02,4084.93,"Two wheeler",delhi,2023-09-26
LN002429,CU002486,2021-05-31,104999,48,16.46,3000.5,"Two wheeler",chennai,2021-05-31
LN002076,CU004313,2021-09-29,162642,60,13.47,3739.85,"Two wheeler",chennai,2021-09-29
LN004492,CU001828,2023-03-12,68178,36,11.89,2260.9,"Two wheeler",delhi,"12 Mar 2023"
LN001706,CU000838,2023-02-07,154500,48,9.69,3895.56,Car,chennai,07/02/2023
LN000148,CU004241,2021-05-15,159303,48,13.64,4324.48,"Two wheeler",ahmedabad,05/15/2021
LN000798,CU001751,2021-05-11,131077,48,13.82,3570.05,"Two wheeler",chennai,2021-05-11
LN001751,CU003395,2021-07-31,56112,60,10.91,1217.49,Car,hyderabad,2021-07-31
LN000624,CU002560,2023-04-29,83565,24,14.4,4028.01,"Commercial Vehicle",kolkata,"29 Apr 2023"
LN002029,CU001375,2021-09-01,102516,24,16.05,5021.95,"Two wheeler",ahmedabad,"01 Sep 2021"
LN001474,CU002146,2022-07-07,65723,36,18.08,2378.68,"Two wheeler",kolkata,2022-07-07
LN000723,CU003546,2023-03-08,144954,24,15.05,7031.78,"Two wheeler",kochi,08/03/2023
LN001362,CU000935,2022-11-17,50336,48,11.76,1319.62,"Two wheeler",ahmedabad,2022-11-17
LN000107,CU000122,2023-08-30,79502,12,17.68,7276.64,Car,bangalore,2023-08-30
LN004447,CU004069,2023-10-07,99888,48,14.75,2767.32,Car,mumbai,2023-10-07
LN004747,CU001550,2022-03-08,55409,36,9.62,1778.02,Car,pune,2022-03-08
LN004486,CU003420,2021-04-15,97787,36,15.4,3409,Car,mumbai,2021-04-15
LN003053,CU000662,2021-03-08,147922,24,16.9,7306.49,Car,delhi,"08 Mar 2021"
LN001473,CU000036,2024-05-20,235443,36,9.93,7589.35,"Two wheeler",chennai,2024-05-20
LN001118,CU001286,2024-05-14,61925,48,15.42,1736.63,Car,chennai,05/14/2024
LN000555,CU000873,2021-11-12,141408,36,10,4562.84,"Commercial Vehicle",chennai,2021-11-12
LN000300,CU000151,2022-05-25,93518,60,16.63,2305.6,Car,kolkata,"25 May 2022"
LN000171,CU003970,2021-01-13,80237,60,16.3,1964.02,Car,thrissur,01/13/2021
LN003327,CU003842,2021-04-15,201399,36,17.08,7188.44,Car,thrissur,2021-04-15
LN003804,CU000844,2023-07-04,194029,36,12.67,6506.81,Car,kolkata,2023-07-04
LN003675,CU003393,2024-09-01,125959,36,11.13,4131.49,Car,hyderabad,01/09/2024
LN001277,CU003753,2022-10-17,163112,36,18.04,5900.16,"Two wheeler",pune,10/17/2022
LN002355,CU000817,2024-01-05,115442,24,16.59,5685,"Two wheeler",mumbai,"05 Jan 2024"
LN003620,CU000450,2022-10-09,256595,24,12.15,12096.8,Car,kozhikode,2022-10-09
LN000416,CU002621,2023-08-16,171739,48,11.75,4501.49,"Commercial Vehicle",kolkata,2023-08-16
LN004525,CU003557,2023-04-13,154133,24,14.3,7422.23,"Two wheeler",bangalore,2023-04-13
LN004283,CU001379,2023-02-23,44694,48,9.82,1129.7,"Two wheeler",bangalore,2023-02-23
LN003054,CU000941,2024-06-20,132070,24,12.16,6226.87,"Two wheeler",mumbai,"20 Jun 2024"
LN003924,CU004582,2021-08-09,248566,48,15.09,6929.12,"Commercial Vehicle",kochi,"09 Aug 2021"
LN001840,CU001915,2022-04-20,269146,48,9.58,6772.08,"Two wheeler",delhi,2022-04-20
LN002957,CU003917,2021-09-19,115970,24,12.68,5496.01,"Two wheeler",bangalore,19/09/2021
LN002318,CU002538,2024-06-12,252629,12,14.09,22693.53,"Two wheeler",bangalore,2024-06-12
LN002916,CU003082,2022-11-06,73147,24,14.7,3536.24,Tractor,coimbatore,2022-11-06
LN000631,CU001242,2021-12-17,132463,36,18.19,4801.49,"Commercial Vehicle",bangalore,17/12/2021
LN000163,CU000128,2024-02-16,140629,24,16.93,6948.29,"Two wheeler",kochi,16/02/2024
LN000414,CU003076,2022-06-26,40000,12,10.2,3520.36,"Commercial Vehicle",kozhikode,06/26/2022
LN001074,CU004451,2023-05-29,53722,24,14.17,2583.66,Car,kochi,"29 May 2023"
LN002018,CU004402,2023-04-13,216104,48,9.81,5461.26,Car,hyderabad,13/04/2023
LN000877,CU003558,2022-10-13,262966,36,11.07,8617.89,Car,coimbatore,13/10/2022
LN000818,CU003331,2024-01-28,141214,36,12.84,4747.18,Car,coimbatore,2024-01-28
LN002256,CU002067,2023-08-05,194988,36,10.83,6367.97,"Two wheeler",ahmedabad,05/08/2023
LN002735,CU000146,2023-08-13,138300,48,13.64,3754.32,Car,delhi,2023-08-13
LN000873,CU003027,2022-03-25,391920,48,16.94,11296.71,"Two wheeler",bangalore,25/03/2022
LN004342,CU003876,2023-12-18,101572,48,17,2930.86,"Two wheeler",kolkata,"18 Dec 2023"
LN003684,CU003263,2023-10-23,52720,36,11.83,1746.78,Car,bangalore,"23 Oct 2023"
LN000230,CU000580,2022-03-22,98877,24,13.89,4742.23,Car,mumbai,"22 Mar 2022"
LN000907,CU003471,2023-09-15,237817,24,10.33,11010.31,"Two wheeler",delhi,2023-09-15
LN002057,CU000483,2022-09-22,266241,12,11.35,23574.31,"Two wheeler",mumbai,"22 Sep 2022"
LN000897,CU004476,2021-08-06,82813,36,18.09,2997.63,"Two wheeler",hyderabad,06/08/2021
LN003872,CU000662,2021-03-03,184281,24,12.78,8742.02,Car,chennai,03/03/2021
LN002154,CU004385,2022-09-03,74867,36,10.19,2422.43,Car,coimbatore,03/09/2022
LN000792,CU000686,2023-02-05,187666,24,17.38,9312.93,"Two wheeler",coimbatore,05/02/2023
LN001911,CU001413,2023-10-02,108432,48,17.9,3179.53,"Commercial Vehicle",mumbai,02/10/2023
LN001328,CU003742,2022-04-04,125198,24,12.03,5895.26,"Commercial Vehicle",delhi,04/04/2022
LN002309,CU000373,2023-09-29,171314,48,16.76,4922.03,"Two wheeler",kochi,09/29/2023
LN002877,CU000504,2022-07-30,145174,36,17.87,5238.93,"Two wheeler",ahmedabad,07/30/2022
LN000699,CU001165,2022-04-21,168741,36,17.35,6045.51,"Commercial Vehicle",coimbatore,21/04/2022
LN003084,CU003383,2021-12-15,80208,48,13.54,2173.34,Car,delhi,15/12/2021
LN003081,CU000818,2022-11-06,110378,36,10.48,3586.51,Car,kozhikode,2022-11-06
LN001718,CU003985,2024-05-20,146767,36,14.02,5017.57,"Two wheeler",coimbatore,2024-05-20
LN002580,CU000634,2023-05-30,129131,48,15.78,3645.08,Car,bangalore,"30 May 2023"
LN000895,CU002426,2024-03-04,135876,48,14.3,3733.49,Car,ahmedabad,04/03/2024
LN003021,CU003736,2021-01-25,133632,36,9.99,4311.3,"Commercial Vehicle",bangalore,25/01/2021
LN003542,CU002564,2021-09-26,92886,36,15.18,3228.12,Car,kozhikode,26/09/2021
LN004154,CU003780,2022-10-01,117198,12,16.77,10676.23,Car,mumbai,2022-10-01
LN001980,CU000711,2024-01-27,205604,36,11.57,6786.85,"Two wheeler",thrissur,2024-01-27
LN001058,CU001819,2022-12-07,43302,24,13.1,2060.69,Car,ahmedabad,2022-12-07
LN003310,CU000702,2024-06-17,180781,60,17.23,4515.26,Car,delhi,2024-06-17
LN003519,CU003080,2021-10-22,142682,36,15.88,5007.83,Tractor,delhi,22/10/2021
LN002331,CU000560,2021-10-17,246018,36,14.24,8437.02,Car,delhi,"17 Oct 2021"
LN003659,CU003450,2022-07-15,215522,24,17.69,10727.49,"Two wheeler",delhi,07/15/2022
LN000093,CU003398,2022-02-23,183905,12,16.18,16701.53,Car,mumbai,2022-02-23
LN001235,CU003644,2021-11-16,60133,12,13.72,5391.25,"Two wheeler",kozhikode,2021-11-16
LN001014,CU001823,2021-01-11,124993,36,10.39,4056.1,Car,hyderabad,2021-01-11
LN003864,CU000312,2022-03-29,327218,48,12.43,8686.15,"Commercial Vehicle",kolkata,"29 Mar 2022"
LN000948,CU002553,2021-11-27,101141,36,11.01,3311.71,"Two wheeler",kochi,2021-11-27
LN001794,CU002274,2021-03-07,344610,24,10.11,15919.5,Tractor,delhi,"07 Mar 2021"
LN000191,CU001204,2021-09-01,131871,36,15.97,4634.24,"Two wheeler",pune,"01 Sep 2021"
LN001532,CU003830,2023-07-05,151479,24,16.07,7421.95,"Two wheeler",bangalore,05/07/2023
LN002683,CU001281,2023-01-31,60906,36,18.36,2212.91,"Two wheeler",pune,01/31/2023
LN002813,CU002646,2024-02-04,166116,36,17.66,5977.2,Car,mumbai,2024-02-04
LN003895,CU002968,2023-06-11,234032,36,14.16,8016.86,Tractor,coimbatore,"11 Jun 2023"
LN003589,CU004328,2021-05-24,140985,36,13.11,4757.82,Tractor,kolkata,"24 May 2021"
LN004820,CU003154,2023-02-24,497274,60,18.23,12689.79,Tractor,kochi,"24 Feb 2023"
LN003177,CU002535,2022-03-23,197941,48,11.22,5137.06,Tractor,mumbai,2022-03-23
LN002112,CU002708,2023-06-12,153411,24,14.63,7411.45,"Two wheeler",hyderabad,12/06/2023
LN004773,CU000608,2021-09-15,121717,60,12.27,2724.16,Car,coimbatore,"15 Sep 2021"
LN000106,CU001335,2024-03-29,209638,24,9.72,9646.66,Car,coimbatore,03/29/2024
LN003414,CU000525,2024-04-05,221785,12,13.04,19813.39,"Commercial Vehicle",bangalore,"05 Apr 2024"
LN002802,CU004232,2021-12-06,65703,36,10.2,2126.23,Car,delhi,2021-12-06
LN001964,CU000275,2023-04-18,95299,36,13.05,3213.3,"Commercial Vehicle",pune,2023-04-18
LN002302,CU002992,2024-03-30,40000,48,16.83,1150.69,Tractor,bangalore,2024-03-30
LN000775,CU000545,2024-08-03,147495,48,13.95,4026.82,"Commercial Vehicle",kolkata,03/08/2024
LN001233,CU002398,2023-07-17,124412,60,12.65,2808.51,Car,delhi,"17 Jul 2023"
LN000859,CU002193,2021-12-23,67140,36,15.01,2327.76,"Commercial Vehicle",kozhikode,12/23/2021
LN003155,CU003244,2022-05-13,289617,36,14.56,9977.38,"Two wheeler",kochi,2022-05-13
LN004594,CU001040,2024-05-20,165094,36,14.22,5660.18,"Two wheeler",thrissur,05/20/2024
LN001247,CU002074,2024-01-18,112862,48,12.18,2982.07,"Two wheeler",bangalore,2024-01-18
LN003431,CU000434,2022-03-13,276358,36,15.99,9714.56,"Commercial Vehicle",ahmedabad,"13 Mar 2022"
LN004161,CU000234,2021-07-08,157002,12,16.6,14289.54,"Two wheeler",kochi,"08 Jul 2021"
LN004371,CU002692,2022-08-07,143702,36,10.57,4675.41,Car,kozhikode,"07 Aug 2022"
LN000726,CU002086,2023-08-03,166073,24,17.61,8259.78,"Two wheeler",chennai,03/08/2023
LN001680,CU002977,2023-05-11,101669,36,13.65,3457.55,"Two wheeler",kolkata,2023-05-11
LN002202,CU003415,2021-02-02,255350,48,13.97,6973.97,"Two wheeler",pune,02/02/2021
LN003944,CU002650,2021-04-29,177127,24,12,8337.98,Car,chennai,2021-04-29
LN001364,CU000305,2021-07-16,106435,12,9.58,9336.55,"Two wheeler",kochi,2021-07-16
LN000411,CU001714,2022-05-18,155639,24,15.2,7561.21,"Two wheeler",kolkata,2022-05-18
LN000831,CU003350,2023-11-09,135304,36,16.36,4780.97,"Two wheeler",kochi,09/11/2023
LN003782,CU004339,2021-10-01,103662,36,17.47,3720.13,"Commercial Vehicle",thrissur,2021-10-01
LN000913,CU003622,2023-03-24,107660,60,12.18,2404.64,Tractor,chennai,2023-03-24
LN002093,CU000250,2021-04-06,57639,48,12.89,1543.17,"Two wheeler",coimbatore,2021-04-06
LN000391,CU004042,2024-06-16,181798,48,11.24,4719.88,"Commercial Vehicle",ahmedabad,"16 Jun 2024"
LN004819,CU002418,2022-04-15,70497,24,15.54,3436.28,"Two wheeler",mumbai,"15 Apr 2022"
LN004358,CU004082,2023-04-23,108557,48,12.66,2894.03,"Commercial Vehicle",delhi,"23 Apr 2023"
LN002244,CU002507,2022-01-04,77830,36,10.4,2526,"Two wheeler",hyderabad,04/01/2022
LN003124,CU001544,2023-07-09,111432,36,9.52,3570.54,"Two wheeler",kolkata,09/07/2023
LN003122,CU004063,2024-05-12,115170,24,13.92,5525.29,"Two wheeler",kolkata,2024-05-12
LN003958,CU000006,2022-09-06,127633,24,14.33,6147.94,Car,kolkata,06/09/2022
LN000719,CU001435,2022-09-07,71204,36,16.23,2511.41,"Commercial Vehicle",thrissur,2022-09-07
LN003453,CU002233,2023-10-03,205169,36,14.64,7076.13,"Two wheeler",kolkata,03/10/2023
LN002441,CU003728,2022-04-23,112197,36,16.06,3947.84,"Two wheeler",thrissur,2022-04-23
LN003257,CU000697,2021-11-23,309110,36,13.59,10503.2,"Two wheeler",chennai,11/23/2021
LN003109,CU003647,2022-07-20,72369,36,11.76,2395.4,"Two wheeler",delhi,"20 Jul 2022"
LN003412,CU002690,2024-05-18,274604,24,14.97,13310.71,Car,hyderabad,2024-05-18
LN003049,CU003241,2022-10-31,75259,36,12.44,2515.52,"Commercial Vehicle",thrissur,2022-10-31
LN000421,CU002461,2023-04-09,312806,12,14.11,28102.14,"Commercial Vehicle",kolkata,09/04/2023
LN002198,CU003594,2022-11-05,108406,36,15.66,3793.06,Car,pune,05/11/2022
LN004106,CU001613,2023-08-12,122718,36,14.35,4215.1,"Two wheeler",ahmedabad,2023-08-12
LN003878,CU004049,2023-06-05,120901,48,14.32,3323.24,"Two wheeler",ahmedabad,05/06/2023
LN003913,CU003530,2023-03-23,91655,24,14.74,4432.73,Car,kozhikode,23/03/2023
LN003118,CU002986,2024-05-06,239128,12,14.72,21551.71,"Commercial Vehicle",chennai,06/05/2024
LN001938,CU001017,2023-04-07,93169,36,10.9,3045.82,Car,mumbai,07/04/2023
LN001120,CU000713,2023-04-15,128917,36,16.21,4545.72,"Two wheeler",ahmedabad,2023-04-15
LN004116,CU003795,2023-11-30,249804,12,11.06,22085.08,"Commercial Vehicle",kolkata,30/11/2023
LN000535,CU001263,2022-02-17,121452,36,15.19,4221.48,"Two wheeler",hyderabad,02/17/2022
LN000549,CU000429,2023-03-03,66142,24,13.42,3157.58,"Two wheeler",delhi,03/03/2023
LN000299,CU000961,2024-11-01,146225,60,16.05,3559.79,Car,mumbai,01/11/2024
LN003363,CU003284,2021-12-17,288974,12,13.57,25887.71,Car,mumbai,2021-12-17
LN003730,CU004214,2024-05-26,96355,60,10.11,2052.48,Car,ahmedabad,05/26/2024
LN002171,CU003636,2022-10-24,271060,36,16.19,9555.11,"Two wheeler",thrissur,10/24/2022
LN001386,CU004414,2022-11-14,69727,48,18.34,2060.64,"Commercial Vehicle",mumbai,2022-11-14
LN003208,CU000604,2022-02-03,98612,48,18.08,2900.85,"Two wheeler",hyderabad,03/02/2022
LN003136,CU003080,2021-05-05,69699,36,16.63,2472.14,Tractor,kochi,05/05/2021
LN003900,CU000746,2021-02-02,102111,24,12.36,4823.9,Car,coimbatore,2021-02-02
LN004968,CU001955,2021-08-04,120451,36,16.66,4274.05,"Two wheeler",kochi,04/08/2021
LN004185,CU003767,2023-08-24,104521,48,13.23,2815.98,Tractor,kozhikode,2023-08-24
LN000098,CU002480,2024-03-15,207119,24,17.7,10310.23,"Commercial Vehicle",chennai,"15 Mar 2024"
LN002100,CU001526,2021-02-04,118979,24,14.23,5725.46,"Two wheeler",pune,04/02/2021
LN004606,CU003001,2021-09-10,119379,36,18.08,4320.63,Car,bangalore,2021-09-10
LN002260,CU004396,2023-09-18,74662,24,10.04,3446.65,Car,chennai,"18 Sep 2023"
LN004800,CU000931,2022-03-15,142874,24,16.56,7033.84,Tractor,chennai,2022-03-15
LN001970,CU002802,2022-01-05,223447,60,13.28,5116.19,"Commercial Vehicle",bangalore,05/01/2022
LN002795,CU001360,2021-09-18,61614,48,16.76,1770.23,"Two wheeler",bangalore,2021-09-18
LN001046,CU000141,2021-05-30,140735,24,10.18,6505.9,Car,kochi,"30 May 2021"
LN000940,CU000823,2022-07-31,350298,60,17.13,8730.31,Tractor,kochi,2022-07-31
LN000089,CU004163,2023-05-11,366001,48,13.15,9846.16,Car,hyderabad,11/05/2023
LN000608,CU004214,2022-07-21,144862,24,16.6,7134.49,"Commercial Vehicle",thrissur,21/07/2022
LN002527,CU003349,2021-12-22,297664,36,11.58,9827.1,"Two wheeler",kolkata,12/22/2021
LN002540,CU004007,2023-01-10,216006,36,15.48,7538.79,"Two wheeler",mumbai,2023-01-10
LN001071,CU003522,2024-03-06,77920,36,10.41,2529.28,"Commercial Vehicle",coimbatore,"06 Mar 2024"
LN000297,CU002014,2021-01-26,419655,36,18.22,15217.89,Car,kozhikode,01/26/2021
LN000050,CU003202,2022-07-25,40000,36,11.75,1323.8,"Two wheeler",bangalore,"25 Jul 2022"
LN000225,CU000037,2021-05-17,175904,12,13.71,15769.92,"Two wheeler",mumbai,05/17/2021
LN001775,CU001263,2021-10-25,102378,60,16.67,2526.23,"Two wheeler",pune,"25 Oct 2021"
LN001244,CU001242,2021-02-25,145619,36,13.05,4909.99,"Commercial Vehicle",kochi,25/02/2021
LN003280,CU002964,2023-08-03,128696,60,14.32,3015.92,Car,bangalore,2023-08-03
LN001922,CU001708,2021-01-04,209033,48,12.82,5589.18,"Two wheeler",mumbai,04/01/2021
LN000851,CU002083,2022-11-19,429749,24,15.02,20841.17,"Commercial Vehicle",hyderabad,2022-11-19
LN001226,CU000052,2022-08-11,93833,60,11.94,2084.42,"Two wheeler",pune,2022-08-11
LN004659,CU003414,2022-02-20,197523,36,13.52,6704.91,"Two wheeler",bangalore,2022-02-20
LN002853,CU002579,2023-08-29,192438,24,11.98,9056.93,Car,chennai,08/29/2023
LN004701,CU001805,2023-12-06,52244,60,10.26,1116.73,"Two wheeler",kochi,06/12/2023
LN003318,CU002337,2021-04-30,210923,36,16.32,7448.79,"Two wheeler",mumbai,"30 Apr 2021"
LN000443,CU003081,2024-06-18,105108,48,18.27,3102.4,"Commercial Vehicle",kolkata,2024-06-18
LN002473,CU003357,2024-01-28,90542,36,9.97,2920.26,"Commercial Vehicle",ahmedabad,01/28/2024
LN002588,CU002834,2024-05-16,205096,24,9.8,9445.22,Car,thrissur,2024-05-16
LN002816,CU002127,2024-12-02,70429,36,18.43,2561.39,"Two wheeler",chennai,02/12/2024
LN002917,CU001996,2024-06-27,153595,36,15.17,5337.22,Car,chennai,"27 Jun 2024"
LN000188,CU003009,2022-07-25,55634,48,10.84,1433.57,"Commercial Vehicle",coimbatore,25/07/2022
LN004503,CU002336,2021-04-10,145318,36,17.77,5236.84,"Two wheeler",kochi,2021-04-10
LN002800,CU000646,2023-01-26,104209,48,11.12,2699.41,"Two wheeler",delhi,2023-01-26
LN003904,CU003200,2023-08-03,211548,24,9.52,9715.07,"Commercial Vehicle",bangalore,"03 Aug 2023"
LN004076,CU000377,2021-09-13,95708,48,15.81,2703.09,Car,hyderabad,2021-09-13
LN000462,CU000569,2022-02-18,57060,36,14.95,1976.61,"Commercial Vehicle",delhi,2022-02-18
LN004767,CU002750,2021-01-17,162395,48,11.2,4212.97,"Two wheeler",bangalore,"17 Jan 2021"
LN003132,CU003808,2021-03-21,225240,36,13.52,7645.76,"Commercial Vehicle",thrissur,"21 Mar 2021"
LN000715,CU000310,2021-10-07,164458,36,15.51,5742.15,"Two wheeler",kolkata,2021-10-07
LN004521,CU001220,2023-04-26,182981,48,10.8,4711.49,"Two wheeler",mumbai,04/26/2023
LN000636,CU004524,2022-07-29,148900,36,12.42,4975.53,Car,ahmedabad,07/29/2022
LN004086,CU004269,2022-10-20,103268,36,12.1,3434.91,"Two wheeler",kozhikode,2022-10-20
LN004625,CU002772,2021-03-11,128524,48,16.57,3680.03,"Two wheeler",hyderabad,11/03/2021
LN002267,CU003065,2023-08-16,96987,24,13.21,4620.51,Car,bangalore,08/16/2023
LN004041,CU002238,2023-05-21,172126,24,14.78,8327.83,"Two wheeler",kolkata,"21 May 2023"
LN004043,CU002887,2021-03-03,90767,24,14.6,4383.76,Car,hyderabad,03/03/2021
LN001766,CU000301,2021-04-03,156771,24,13.08,7459.07,Car,mumbai,03/04/2021
LN002348,CU003130,2023-07-11,653655,24,9.62,30048.35,Tractor,bangalore,11/07/2023
LN002904,CU000218,2022-03-09,137122,36,15.75,4803.9,"Two wheeler",kozhikode,2022-03-09
LN000610,CU001801,2021-11-12,223818,24,15.25,10878.79,"Two wheeler",hyderabad,12/11/2021
LN000486,CU003521,2021-11-24,115906,48,12.06,3055.67,Car,kochi,24/11/2021
LN001086,CU000168,2023-11-15,82398,36,9.91,2655.27,"Two wheeler",mumbai,2023-11-15
LN002130,CU002644,2022-05-19,254173,24,17.99,12688.13,Car,delhi,2022-05-19
LN004421,CU002909,2021-07-21,209637,36,15.67,7336.11,"Commercial Vehicle",delhi,2021-07-21
LN003539,CU002461,2023-11-19,92644,24,15.16,4499.04,"Two wheeler",pune,11/19/2023
LN003129,CU000853,2021-06-29,109490,48,16.57,3135.03,Car,hyderabad,29/06/2021
LN000020,CU003182,2023-12-08,109387,48,13,2934.58,Car,pune,2023-12-08
LN004935,CU002937,2021-05-30,122857,48,10.58,3150.3,"Two wheeler",kolkata,30/05/2021
LN001674,CU004368,2024-05-27,148961,48,14.37,4098.28,Car,pune,"27 May 2024"
LN002857,CU002194,2021-02-25,148663,60,14.61,3506.32,"Commercial Vehicle",bangalore,02/25/2021
LN001791,CU002767,2024-06-27,83256,60,12.23,1861.67,"Two wheeler",kochi,06/27/2024
LN004897,CU002770,2022-01-01,244359,36,16.02,8593.35,"Two wheeler",mumbai,2022-01-01
LN000097,CU002644,2021-02-14,100926,24,15.59,4921.9,"Commercial Vehicle",coimbatore,14/02/2021
LN002495,CU002817,2021-09-25,111484,36,12.4,3724.2,"Two wheeler",bangalore,25/09/2021
LN004571,CU001455,2021-03-28,114952,36,11.14,3771.01,Car,kochi,2021-03-28
LN000367,CU001944,2021-01-03,173511,12,12.82,15482.88,Car,chennai,03/01/2021
LN001722,CU000931,2021-12-10,100825,12,11.66,8942.15,Car,ahmedabad,2021-12-10
LN003658,CU004251,2022-09-30,147675,36,11.07,4839.59,Car,hyderabad,09/30/2022
LN001910,CU004019,2023-05-27,92604,24,9.67,4259.11,"Two wheeler",kozhikode,27/05/2023
LN004857,CU002331,2021-11-12,40000,24,16.53,1968.67,"Two wheeler",hyderabad,12/11/2021
LN000919,CU002463,2021-01-24,132852,60,10.99,2887.86,Car,bangalore,"24 Jan 2021"
LN001426,CU003545,2023-10-16,364026,24,10.9,16949.57,Car,bangalore,2023-10-16
LN002808,CU004533,2022-08-25,170543,24,14.57,8234.26,"Two wheeler",mumbai,2022-08-25
LN004489,CU003863,2024-02-20,64168,36,16.89,2284.25,"Two wheeler",pune,02/20/2024
LN003566,CU003918,2024-03-16,63479,36,13.87,2165.56,"Two wheeler",pune,16/03/2024
LN004603,CU004128,2022-01-02,177346,24,16.74,8746.25,Car,kochi,02/01/2022
LN004531,CU004313,2023-07-03,138678,12,10.79,12243.01,Car,coimbatore,"03 Jul 2023"
LN002991,CU000926,2021-08-26,103181,24,13.41,4925.31,Car,thrissur,2021-08-26
LN003392,CU002499,2023-03-03,113810,36,13.1,3840.19,"Commercial Vehicle",kochi,2023-03-03
LN003065,CU003743,2022-11-09,77613,12,12.49,6913.62,Car,bangalore,09/11/2022
LN004229,CU001718,2023-01-10,77416,24,16.05,3792.38,"Two wheeler",delhi,10/01/2023
LN003123,CU000724,2021-08-08,101099,36,13.36,3423.98,Car,coimbatore,08/08/2021
LN003311,CU002144,2024-02-14,86536,48,11.5,2257.64,"Commercial Vehicle",kochi,02/14/2024
LN001589,CU003431,2023-06-22,311277,12,11.33,27559.12,"Commercial Vehicle",bangalore,2023-06-22
LN003665,CU002728,2022-08-12,123551,24,15,5990.57,Car,chennai,12/08/2022
LN002499,CU004144,2022-05-12,132270,48,13.5,3581.39,"Two wheeler",bangalore,12/05/2022
LN000032,CU003648,2022-09-23,124764,24,17.79,6216.08,"Two wheeler",mumbai,09/23/2022
LN003284,CU000116,2023-06-24,188091,12,16.97,17152.12,Car,kochi,2023-06-24
LN001376,CU001532,2021-08-09,202267,48,11.65,5291.77,"Two wheeler",mumbai,2021-08-09
LN001327,CU001025,2021-01-17,91208,60,11.22,1993.1,Car,coimbatore,01/17/2021
LN003781,CU003358,2022-09-22,70315,12,16.3,6389.73,"Two wheeler",hyderabad,2022-09-22
LN001350,CU003094,2023-12-10,200805,36,10.35,6512.46,"Two wheeler",bangalore,2023-12-10
LN000256,CU002031,2022-09-22,113069,24,12.38,5342.64,"Two wheeler",ahmedabad,"22 Sep 2022"
LN004989,CU001538,2022-09-30,146484,24,15.05,7106,"Two wheeler",coimbatore,30/09/2022
LN003643,CU001528,2021-10-19,126597,36,17.52,4546.36,Car,delhi,2021-10-19
LN004148,CU002422,2021-06-18,105525,24,11.24,4930.06,"Two wheeler",mumbai,06/18/2021
LN004972,CU002126,2021-02-23,110051,24,18.27,5508.57,Car,kochi,02/23/2021
LN003221,CU002890,2022-05-24,94267,24,12.04,4439.24,"Two wheeler",coimbatore,2022-05-24
LN002728,CU003921,2021-12-27,153603,60,15.87,3724.72,"Two wheeler",delhi,2021-12-27
LN003701,CU003012,2021-04-24,88335,24,14.88,4278.03,"Two wheeler",kolkata,24/04/2021
LN000125,CU000521,2024-06-17,121388,48,15.29,3396.19,"Two wheeler",pune,17/06/2024
LN002779,CU001657,2022-08-01,164599,48,11.27,4275.76,Car,bangalore,2022-08-01
LN002880,CU004600,2023-02-15,135307,60,10.41,2902.25,"Two wheeler",coimbatore,"15 Feb 2023"
LN002774,CU004064,2023-04-03,51788,48,14.52,1428.73,"Two wheeler",coimbatore,2023-04-03
LN002636,CU003534,2021-01-12,303884,36,12.91,10225.88,Car,kozhikode,12/01/2021
LN000434,CU002949,2023-06-05,68510,36,13.32,2318.95,"Two wheeler",ahmedabad,"05 Jun 2023"
LN004771,CU003953,2024-02-27,94484,60,15.27,2261.18,Car,thrissur,27/02/2024
LN003336,CU003856,2023-01-17,121606,60,10.62,2621.02,"Two wheeler",kolkata,"17 Jan 2023"
LN001100,CU003264,2024-05-14,181676,24,11.39,8500.46,Car,thrissur,2024-05-14
LN002515,CU000225,2022-01-05,156286,12,13.83,14019.97,Car,kochi,"05 Jan 2022"
LN003607,CU002040,2022-07-12,201439,12,12.05,17902.32,Car,mumbai,2022-07-12
LN002576,CU001620,2023-04-09,78948,24,10.34,3655.45,"Two wheeler",kolkata,09/04/2023
