Customer_ID,Age,Gender,Employment_Type,Monthly_Income,CIBIL_Score,State
CU001636,30,MALE,salaried,"₹79,897",896,New Delhi
CU004543,31,Male,salaried,30596,657,Kerala
CU003486,43,MALE,SALARIED,-,789,MH
CU002570,53,male,SELF-EMPLOYED,71458,630,New Delhi
CU000063,39,Male,self employed,58242,871,TELANGANA
CU000770,56,male,Salaried ,86916,823,Maharashtra
CU004125,34,male,Self-Employed,42833,811,WestBengal
CU001693,35,F,salaried,26199,689,Uttar Pradesh
CU003555,41,M,salaried,"₹67,111",674,Delhi
CU003939,47,f,salaried,65487,562,tamil nadu
CU000611,43,female,Salaried ,12000,696,karnataka
CU002459,49,f,SELF-EMPLOYED,81682,520,KERALA
CU002115,34,Female,SALARIED,49754,689,Maharashtra
CU002551,43,f,Salaried ,59993,781,New Delhi
CU002361,34,M,SELF-EMPLOYED,"₹40,856",654,Andhra Pradesh 
CU000373,39,M,SALARIED,83778,726,Andhra Pradesh 
CU003591,22,male,salaried,48606,661,karnataka
CU004327,26,Male,salaried,33381,763,TELANGANA
CU000911,40,m,N/A,-,636,
CU002774,46,N/A,Salaried,"₹48,187",688,Telangana
CU003979,29,male,SALARIED,"₹72,084",870,Keral
CU000350,47,m,Salaried,57383,865,tamil nadu
CU002518,43,MALE,SALARIED,47366,579,andhra pradesh
CU000170,35,Female,Salaried ,43511,735,UP
CU001565,49,MALE,salaried,25704,708,maharashtra
CU001915,50,MALE,SALARIED,68754,724,gujarat
CU004570,37,Female,selfemployed,39862,644,maharashtra
CU002424,49,M,Salaried,25812,573,gujarat
CU000999,46,MALE,Salaried ,33310,574,DELHI
CU000395,34,Male,Self-Employed,29079,851,MH
CU002724,36,N/A,N/A,44788,764,Telangana
CU001141,35,M,Salaried ,26424,641,TN
CU000797,39,male,salaried,"₹89,250",713,New Delhi
CU001769,46,F,Salaried,0,655,Uttar Pradesh 
CU000608,27,MALE,Salaried,29600,563,TELANGANA
CU001823,24,MALE,Self Employed,26434,689,Andhra Pradesh
CU003121,34,MALE,Self Employed,"₹40,383",754,Telangana
CU001708,43,f,SALARIED,24987,603,TamilNadu
CU000824,37,MALE,Self-Employed,"₹41,993",650,maharashtra
CU002507,43,male,Self Employed,0,778,telangana
CU003701,46,male,selfemployed,"₹66,718",610,Gujrat
CU003746,41,male,self employed,42013,unknown,Uttar Pradesh
CU002935,29,Male,SALARIED,48024,602,andhra pradesh
CU001407,21,MALE,N/A,"₹42,434",750,MH
CU001585,39,M,salaried,28314,761,Karnataka
CU002359,54,MALE,Salaried,40296,630,telangana
CU001631,34,M,Self Employed,32451,702,Maharashtra
CU001099,45,MALE,salaried,"₹92,887",876,Kerala 
CU002380,35,Male,Salaried,21680,689,Karnataka
CU003216,39,MALE,SELF-EMPLOYED,58938,462,Karnatka
CU004328,37,male,selfemployed,"₹36,938",687,karnataka
CU001079,43,MALE,Salaried ,40887,837,Maharastra
CU000022,34,Male,salaried,"₹50,922",-300,Uttar Pradesh
CU002017,31,MALE,Self Employed,"₹12,000",641,Tamilnadu
CU002721,52,female,SELF-EMPLOYED,24067,711,GJ
CU001458,45,m,salaried,31940,630,kerala
CU001560,45,Female,SALARIED,37290,493,WB
CU001160,50,m,salaried,31866,656,New Delhi
CU001214,44,FEMALE,Salaried ,43728,549,telangana
CU004063,35,Male,N/A,59522,633,Delhi
CU004304,28,MALE,Salaried ,15357,595,Andhra Pradesh 
CU001345,43,male,salaried,40597,547,Tamil Nadu
CU004575,50,M,Salaried,17759,765,karnataka
CU000645,42,f,self employed,75420,594,TN
CU004536,34,Male,salaried,59622,622,Karnataka
CU002077,30,MALE,salaried,65370,709,West Bengal
CU003033,29,m,SALARIED,73336,688,KERALA
CU001300,21,Male,Self-Employed,"₹69,540",537,telangana
CU003950,21,Male,Salaried,40526,512, Kerala
CU002589,36,Male,selfemployed,38893,687,WestBengal
CU000359,31,female,selfemployed,65599,649,delhi
CU002937,44,female,Salaried ,22856,703,gujarat
CU000166,39,F,Salaried ,33487,690,tamil nadu
CU001711,46,MALE,salaried,61205,817,
CU001604,44,M,SELF-EMPLOYED,65760,748,gujarat
CU001564,35,FEMALE,salaried,-,712,WestBengal
CU002679,36,MALE,Salaried ,57135,650,Keral
CU002621,38,N/A,self employed,34574,737,telangana
CU004182,45,Male,SALARIED,43172,759, Kerala
CU001625,31,MALE,SALARIED,18040,573,Gujarat
CU000837,28,Male,Self Employed,37048,592,West Bengal
CU001129,32,F,self employed,41987,611,KERALA
CU002685,34,M,self employed,60064,785,Gujrat
CU001901,40,Female,Salaried,40214,813,Delhi
CU000772,52,male,selfemployed,72529,708,Tamil Nadu
CU000995,27,FEMALE,SALARIED,52203,583,DELHI
CU002515,40,FEMALE,Salaried ,63274,700,MH
CU003740,37,M,SALARIED,69016,564,TamilNadu
CU001543,24,f,SELF-EMPLOYED,"₹68,598",752,gujarat
CU001427,53,Male,Self Employed,"₹70,106",618,telangana
CU001478,36,f,Salaried ,12000,717,TELANGANA
CU000686,21,M,SALARIED,53645,722,UP
CU000091,33,MALE,salaried,"₹57,456",690,Maharastra
CU001236,53,Male,self employed,41477,687,New Delhi
CU003754,37,Male,salaried,48987,603,karnataka
CU002929,48,MALE,SALARIED,63178,642,MH
CU000978,45,male,salaried,21109,705,Andhra Pradesh 
CU001988,21,m,Salaried,"₹34,680",717,karnataka
CU001017,45,M,salaried,88098,702,Maharastra
CU003944,32,FEMALE,selfemployed,41230,642,uttar pradesh
CU003388,44,Male,N/A,"₹45,138",596,west bengal
CU002886,39,F,SALARIED,71203,757,WB
CU001824,41,N/A,Salaried ,47468,548,telangana
CU000325,40,MALE,Salaried,"₹63,651",542,Tamilnadu
CU003883,28,Male,self employed,"₹21,576",846,TN
CU004046,45,FEMALE,Salaried ,50725,842,telangana
CU002930,37,N/A,Salaried,51947,716,uttar pradesh
CU002269,48,Male,Self-Employed,52950,594, Kerala
CU003843,52,f,SELF-EMPLOYED,35819,555,WestBengal
CU003469,48,M,Salaried ,44663,737,delhi
CU001460,39,Male,SALARIED,12000,617,telangana
CU003466,25,m,salaried,34714,760,Gujarat
CU004397,55,m,Salaried,32752,663,uttar pradesh
CU000158,39,m,salaried,"₹51,156",526, Kerala
CU004178,21,male,Salaried ,56527,469,Uttar Pradesh 
CU000220,32,male,self employed,71347,697,Telangana
CU003471,29,MALE,Self Employed,24121,777,TamilNadu
CU001653,27,Female,Salaried ,61359,unknown,
CU003024,53,m,Self Employed,58330,740,Andhra Pradesh 
CU000223,37,Male,self employed,87845,683,tamil nadu
CU003640,32,F,Salaried ,53330,697,Keral
CU000326,50,female,Salaried,"₹33,962",900,TN
CU001527,31,male,Self Employed,39042,679,west bengal
CU001123,31,female,SALARIED,"₹31,819",773,New Delhi
CU003504,35,Female,SALARIED,26830,561,Uttar Pradesh
CU001039,23,FEMALE,Salaried ,70618,565,Andhra Pradesh
CU001009,49,MALE,SALARIED,12000,639,AP
CU004180,38,MALE,self employed,54464,779,Tamil Nadu
CU002210,31,F,SELF-EMPLOYED,15136,664,Maharastra
CU003000,37,MALE,SALARIED,36580,688,tamil nadu
CU002556,43,male,salaried,63727,662,andhra pradesh
CU000099,24,m,Salaried ,58393,712,delhi
CU001649,49,male,Salaried,33325,622,Karnataka
CU000910,41,male,self employed,81268,649, Kerala
CU001382,0,FEMALE,Salaried,35168,552,maharashtra
CU000367,50,Male,Salaried,"₹44,542",755,Kerala 
CU001795,30,M,SALARIED,18007,900,Karnataka
CU002313,33,female,Salaried ,53958,787,TELANGANA
CU003056,37,m,selfemployed,36673,668,delhi
CU003787,51,F,SELF-EMPLOYED,51038,634,kerala
CU002079,44,M,SALARIED,59920,712,New Delhi
CU002319,57,male,Salaried ,51703,660,tamil nadu
CU003284,35,Male,SALARIED,36602,493,Tamilnadu
CU003144,29,m,salaried,64412,565,Uttar Pradesh 
CU001743,34,female,Salaried,65618,999,Andhra Pradesh
CU003874,39,Male,self employed,69398,744,Uttar Pradesh
CU004210,51,female,Salaried,101792,712,West Bengal
CU004473,26,m,Self-Employed,12000,628,Uttar Pradesh
CU001735,38,female,Salaried,51418,591,delhi
CU002028,33,male,N/A,16089,712,Gujrat
CU004515,26,Female,salaried,27653,504,Kerala 
CU004576,25,MALE,Self Employed,49460,686,Telangana
CU000637,30,m,Salaried ,59900,688,Delhi
CU002241,39,N/A,Salaried ,39574,777,New Delhi
CU003232,30,female,SELF-EMPLOYED,15190,unknown,Tamilnadu
CU002612,29,MALE,Salaried,49069,553,andhra pradesh
CU001547,33,Male,salaried,78542,740,Andhra Pradesh 
CU004427,38,M,Salaried ,49085,618,AP
CU001021,42,Male,Self Employed,23897,742,maharashtra
CU002770,38,female,Salaried,73465,667,andhra pradesh
CU001536,28,Male,Salaried ,60327,642,Tamilnadu
CU000251,28,M,SALARIED,"₹12,000",827,UP
CU003946,59,m,Salaried,63132,705,Kerala
CU001265,56,M,Salaried ,-,742,KARNATAKA
CU000045,39,M,Salaried ,"₹52,706",685,andhra pradesh
CU002728,28,Female,salaried,44899,unknown,West Bengal
CU000958,46,male,Self-Employed,61793,557,Karnatka
CU000360,33,MALE,Self Employed,25897,718,
CU000495,21,Female,self employed,48978,unknown,andhra pradesh
CU003773,21,Female,selfemployed,42209,615,WestBengal
CU003254,56,MALE,SALARIED,42224,unknown,uttar pradesh
CU002454,50,male,Self Employed,30630,750,Maharastra
CU001228,55,female,Salaried ,65772,unknown,maharashtra
CU000994,46,M,selfemployed,43412,652,TN
CU002182,38,FEMALE,Salaried,49909,657,telangana
CU001144,50,F,Salaried ,"₹42,960",604,AP
CU003060,28,M,Self-Employed,"₹69,492",645,andhra pradesh
CU001614,44,male,Salaried ,12000,786,DELHI
CU000137,42,MALE,Salaried ,49477,849,KARNATAKA
CU001386,36,male,Salaried,"₹42,126",665,WB
CU002425,32,N/A,salaried,41341,575,Telangana
CU004094,27,male,Salaried,22262,747,TELANGANA
CU000134,51,male,salaried,"₹29,524",567,TN
CU002707,40,Male,Self-Employed,57078,631,telangana
CU001226,47,FEMALE,self employed,"₹19,580",645,Andhra Pradesh
CU003714,39,f,Salaried ,12000,583,TN
CU002000,33,f,self employed,"₹78,283",637,Kerala
CU003898,27,female,Salaried,62061,781,Karnatka
CU002033,41,Female,Salaried ,-,734,gujarat
CU002736,30,Male,Salaried ,38526,656,andhra pradesh
CU002400,30,MALE,Salaried ,56092,533,Uttar Pradesh 
CU004207,30,m,SALARIED,50983,663,uttar pradesh
CU002746,54,m,salaried,73396,704,West Bengal
CU002645,36,Male,selfemployed,60719,856,Uttar Pradesh 
CU001826,36,M,selfemployed,28252,unknown,Karnataka
CU002917,40,f,Salaried,46322,641,Kerala
CU001929,40,M,SALARIED,"₹28,050",775,Karnatka
CU000773,44,Male,Salaried ,74330,632,UP
CU004050,24,m,SALARIED,"₹62,434",697,WestBengal
CU000191,24,F,Salaried,30381,633,Maharashtra
CU002342,26,m,Salaried,"₹42,099",669,DELHI
CU001126,32,F,Salaried,27614,679,DELHI
CU001718,33,M,Salaried,52776,574,DELHI
CU001103,41,m,selfemployed,39573,570,karnataka
CU003677,31,MALE,Self Employed,75575,507,WB
CU003958,35,f,selfemployed,28921,751,GJ
CU002992,46,M,salaried,69187,620,Gujarat
CU003592,45,N/A,salaried,52073,744, Kerala
CU002018,41,M,SALARIED,35745,652,Kerala 
CU000847,41,male,Salaried,48510,674,New Delhi
CU004349,36,f,SELF-EMPLOYED,12000,765,Telangana
CU000448,33,MALE,Salaried ,28551,780,TELANGANA
CU002052,38,FEMALE,self employed,25441,624,karnataka
CU002107,47,f,Salaried,"₹29,487",510,KARNATAKA
CU003842,62,m,N/A,37019,716,WB
CU003310,33,m,Salaried,42168,839,GJ
CU001297,44,Male,SELF-EMPLOYED,23019,737,Kerala 
CU001686,43,m,SELF-EMPLOYED,73380,706,uttar pradesh
CU003700,39,F,SALARIED,67284,740,Maharashtra
CU004368,40,MALE,Salaried ,37516,627,uttar pradesh
CU002814,30,F,Salaried ,"₹44,154",663,andhra pradesh
CU002927,39,N/A,SELF-EMPLOYED,51592,597,gujarat
CU001062,24,Male,SALARIED,48818,676,maharashtra
CU000942,49,MALE,Self-Employed,44602,670,Uttar Pradesh 
CU000704,50,M,selfemployed,36641,497,West Bengal
CU003018,54,MALE,self employed,42025,723,KARNATAKA
CU002326,38,FEMALE,SALARIED,13455,603,New Delhi
CU000103,32,M,self employed,21042,617,Uttar Pradesh
CU001454,53,FEMALE,Salaried ,"₹61,663",623,New Delhi
CU002143,40,M,SALARIED,50019,605,uttar pradesh
CU003415,32,Male,Self-Employed,60573,598,Gujarat
CU004407,47,Male,N/A,80484,708,delhi
CU002342,26,m,Salaried,"₹42,099",669,DELHI
CU003006,39,MALE,N/A,"₹38,637",675,Tamilnadu
CU000487,45,f,Salaried,41375,621,Kerala
CU004380,31,MALE,Salaried,-,875,kerala
CU003485,47,FEMALE,N/A,31624,552,gujarat
CU002295,21,MALE,Salaried,82370,686,Karnatka
CU000609,33,N/A,selfemployed,48628,642,gujarat
CU003932,42,M,Salaried ,60945,541,telangana
CU001418,28,M,self employed,24478,unknown,Tamilnadu
CU000914,33,F,selfemployed,66946,539,Andhra Pradesh
CU004476,21,Female,selfemployed,-,708,GJ
CU003151,39,M,Self-Employed,67641,664,Gujrat
CU001124,33,M,SELF-EMPLOYED,42514,660,KERALA
CU002370,48,male,salaried,"₹71,316",738,GJ
CU001766,21,Male,salaried,27222,665,tamil nadu
CU001876,40,f,Salaried,57938,618,Kerala
CU000083,38,female,salaried,29539,810,Gujarat
CU004477,42,M,salaried,50260,726,Uttar Pradesh
CU003078,33,female,SALARIED,40280,635,KERALA
CU002405,32,FEMALE,Salaried,22339,679,Delhi
CU003729,32,Male,salaried,20922,736,WestBengal
CU002831,49,male,Self-Employed,-,727,WB
CU000988,49,male,Salaried,43937,630,karnataka
CU002660,39,N/A,Salaried,"₹51,617",831,gujarat
CU004305,39,N/A,SALARIED,"₹30,755",528,andhra pradesh
CU001254,25,Male,Salaried,47717,675,MH
CU003143,41,M,N/A,"₹33,713",639,TamilNadu
CU001118,150,Male,Salaried ,"₹17,388",640,telangana
CU003943,33,Male,Salaried ,-,828,karnataka
CU000902,41,m,SELF-EMPLOYED,57377,827,Kerala
CU002516,23,m,selfemployed,70061,671,Delhi
CU002636,37,M,Salaried,60807,726,Kerala
CU004482,27,MALE,self employed,59709,682,UP
CU002626,27,m,SELF-EMPLOYED,43039,752,Kerala 
CU002974,37,m,Salaried,34256,546,TamilNadu
CU000881,29,M,Self Employed,64134,677,New Delhi
CU002383,26,Male,SELF-EMPLOYED,"₹24,044",762,uttar pradesh
CU001428,46,m,Salaried,34667,587,Andhra Pradesh 
CU001931,35,MALE,self employed,20511,485,Andhra Pradesh
CU000014,34,f,selfemployed,35416,663,Tamil Nadu
CU003499,38,male,selfemployed,94506,606,Karnataka
CU000928,27,female,SALARIED,"₹28,278",808,Gujarat
CU003495,41,FEMALE,N/A,81369,636,WestBengal
CU003211,46,M,Salaried,64805,649,gujarat
CU000780,150,M,Salaried ,46425,563,UP
CU000600,35,MALE,Salaried,35683,666,WB
CU000058,30,m,Salaried,53876,749,maharashtra
CU000441,38,Female,selfemployed,-,535,New Delhi
CU004439,30,m,Self Employed,34480,888,KARNATAKA
CU002892,41,F,Self-Employed,-5000,unknown,West Bengal
CU001163,39,MALE,Salaried ,44816,722,Andhra Pradesh
CU003105,43,m,Self Employed,59516,769,delhi
CU002786,44,f,salaried,40131,690,New Delhi
CU003145,39,m,SALARIED,-,641,Telangana
CU002216,27,Female,selfemployed,49671,870,AP
CU001035,24,FEMALE,SELF-EMPLOYED,59029,680,Tamil Nadu
CU003723,46,f,self employed,45985,634,Telangana
CU002816,43,MALE,SALARIED,43713,unknown,WestBengal
CU002557,30,Female,Self Employed,42720,649,MH
CU004340,29,MALE,SALARIED,62797,705,gujarat
CU004495,37,Male,N/A,37263,605,KARNATAKA
CU000041,35,Male,self employed,99403,583,Gujarat
CU001411,31,M,Salaried ,47483,unknown,gujarat
CU004326,49,MALE,salaried,64174,693,Gujrat
CU000300,55,MALE,Salaried,74423,661,west bengal
CU002026,37,m,Salaried,39304,590,WB
CU001459,34,m,Self Employed,"₹50,361",681,andhra pradesh
CU003257,37,Male,Self Employed,83834,698,Maharastra
CU000344,43,FEMALE,Salaried,"₹13,749",632,uttar pradesh
CU002355,33,female,SELF-EMPLOYED,38218,999,Karnatka
CU004514,39,m,Salaried,39200,853,delhi
CU003197,42,Female,self employed,48786,653,Andhra Pradesh
CU004255,57,FEMALE,selfemployed,41734,638,KERALA
CU003317,42,m,self employed,43333,unknown,Kerala 
CU004047,37,FEMALE,Self-Employed,71860,758,telangana
CU000201,48,male,SALARIED,24469,787,TamilNadu
CU001335,40,F,Salaried ,30638,627,telangana
CU001760,32,F,salaried,23991,756,WestBengal
CU002671,47,M,Salaried,19056,528,TamilNadu
CU003795,42,Male,Salaried ,40665,480,Telangana
CU002198,32,Male,Self-Employed,12000,619,Uttar Pradesh 
CU000784,48,FEMALE,Salaried,51722,659,Maharastra
CU004211,46,N/A,Salaried ,"₹58,870",unknown,karnataka
CU002834,23,F,salaried,"₹40,154",626,Gujrat
CU003088,33,MALE,Self Employed,83803,746,Gujrat
CU001005,35,MALE,selfemployed,"₹63,749",581,Andhra Pradesh 
CU002360,32,male,SALARIED,28413,733,uttar pradesh
CU000018,35,male,salaried,"₹40,606",712,West Bengal
CU000162,47,M,selfemployed,12000,564,Maharashtra
CU001892,47,m,Salaried ,42923,573,tamil nadu
CU001508,34,Male,salaried,12000,unknown,Tamilnadu
CU004412,30,M,self employed,32073,583,Telangana
CU002751,21,female,SALARIED,51201,699,Delhi
CU000197,38,m,salaried,70569,697,Maharashtra
CU002939,45,m,Salaried,12000,544,delhi
CU002039,32,Male,Salaried ,51620,494,Andhra Pradesh 
CU003307,25,M,SALARIED,59696,649,Maharashtra
CU003586,21,male,SALARIED,53386,608,West Bengal
CU003576,29,male,SALARIED,61585,693,uttar pradesh
CU002662,43,f,Salaried,70966,582,Telangana
CU003625,38,F,SALARIED,56011,570,WB
CU001476,30,f,salaried,12000,465,gujarat
CU003058,54,Male,SALARIED,59795,813,
CU003168,43,male,SELF-EMPLOYED,38631,681,Andhra Pradesh
CU003936,39,N/A,Salaried ,68824,776,Keral
CU003203,33,Male,SELF-EMPLOYED,32886,705,KARNATAKA
CU002299,36,Female,SALARIED,72272,683,maharashtra
CU000759,34,M,Salaried ,"₹12,000",589,GJ
CU003769,26,MALE,Self-Employed,29317,543,maharashtra
CU002690,24,F,salaried,54784,722,Maharashtra
CU004269,47,m,Salaried,65595,617,Gujrat
CU002025,40,MALE,Self-Employed,65647,777,Gujarat
CU004146,46,m,Self Employed,49771,640,delhi
CU001439,52,m,salaried,"₹39,799",660,Delhi
CU002001,33,MALE,salaried,39344,774,West Bengal
CU000332,44,f,selfemployed,24516,unknown,Gujarat
CU003967,21,MALE,salaried,53867,742,WB
CU002965,22,m,SALARIED,69645,695,WB
CU004573,41,m,Salaried,60721,812,tamil nadu
CU000095,44,Male,SALARIED,-,775,Andhra Pradesh 
CU003321,41,male,salaried,78384,699,TN
CU003338,43,FEMALE,Salaried,35951,610,KARNATAKA
CU000331,30,M,Salaried ,12000,816,KARNATAKA
CU000286,46,m,Self-Employed,45207,561,Uttar Pradesh 
CU003594,48,M,Salaried ,48077,617,West Bengal
CU003298,31,male,salaried,31836,868,Uttar Pradesh
CU004489,46,Male,SALARIED,45528,793,TELANGANA
CU000033,40,MALE,SALARIED,"₹71,142",unknown,karnataka
CU000189,31,Female,Self Employed,"₹37,245",705,TN
CU001433,44,female,Salaried,73040,662,maharashtra
CU000567,50,m,self employed,-,511,Gujrat
CU002317,33,male,selfemployed,44440,776,Tamilnadu
CU004053,39,Male,SALARIED,42999,714,Gujarat
CU001248,31,M,Salaried ,-,706,WB
CU002545,21,m,SALARIED,28996,580,West Bengal
CU001751,31,MALE,salaried,"₹30,865",582,WestBengal
CU003533,31,MALE,selfemployed,29410,548,Tamil Nadu
CU002705,35,male,Salaried ,58668,757,WB
CU003235,43,MALE,N/A,-,703,TN
CU002162,30,FEMALE,selfemployed,51241,757,Keral
CU003665,37,Male,salaried,0,624,New Delhi
CU002805,45,male,SALARIED,49460,680,telangana
CU003172,22,M,Self Employed,56321,636,KARNATAKA
CU004044,39,male,N/A,12000,605,Delhi
CU000553,33,Male,Salaried,39098,767,andhra pradesh
CU000575,39,male,Salaried ,63826,842,karnataka
CU001679,41,F,N/A,18337,657,KARNATAKA
CU002722,51,M,Salaried ,55679,519,Kerala
CU004289,35,Male,SALARIED,34123,668,Kerala
CU004039,47,MALE,Self Employed,56367,624,TELANGANA
CU001961,36,f,SALARIED,"₹58,317",586,Karnataka
CU001561,49,male,Salaried,-,704,UP
CU001992,37,m,Salaried ,50452,710,karnataka
CU003710,42,Male,SALARIED,37724,610,maharashtra
CU003281,33,N/A,Salaried,18741,697,tamil nadu
CU001081,40,Female,selfemployed,70062,709,telangana
CU003399,41,F,Self Employed,58188,687,Andhra Pradesh
CU002903,44,M,SELF-EMPLOYED,22836,unknown,Uttar Pradesh
CU002419,29,MALE,salaried,64322,669,DELHI
CU003703,41,M,N/A,-,641,KARNATAKA
CU000100,28,MALE,Salaried,43746,765,Karnataka
CU002904,42,M,salaried,30115,605,Uttar Pradesh 
CU003390,32,FEMALE,SALARIED,72167,775,Tamil Nadu
CU003380,33,m,selfemployed,14107,900,Telangana
CU000855,47,m,self employed,43811,648,kerala
CU003872,37,Male,SELF-EMPLOYED,59142,615,WestBengal
CU002873,28,FEMALE,SALARIED,67956,738,TN
CU001773,23,male,self employed,35698,736,telangana
CU002702,23,male,Salaried,69571,878,GJ
CU003245,39,MALE,SELF-EMPLOYED,64929,733,Maharastra
CU004426,49,Male,Self-Employed,"₹60,984",712,karnataka
CU002246,21,male,Salaried,50040,733,maharashtra
CU002275,45,f,N/A,23981,649,karnataka
CU003156,36,M,Self-Employed,15504,665,karnataka
CU000646,55,male,Self Employed,67712,580,Keral
CU002488,32,F,Salaried,-,734,karnataka
CU000809,23,male,Salaried,18683,771, Kerala
CU002837,21,Male,Salaried ,"₹26,602",606,AP
CU000231,43,Male,Salaried ,37587,783, Kerala
CU004582,51,Female,SELF-EMPLOYED,41861,692,maharashtra
CU003695,50,Female,Self Employed,60970,717,Tamilnadu
CU003859,45,MALE,salaried,37642,745,Delhi
CU000427,40,M,Self-Employed,"₹38,136",713,GJ
CU001519,64,FEMALE,salaried,46943,780,maharashtra
CU003739,45,Male,Salaried,49994,724,Tamilnadu
CU003153,42,m,SELF-EMPLOYED,64756,720,Gujarat
CU002638,34,male,selfemployed,"₹71,902",625,UP
CU002388,36,M,SALARIED,57704,587,Andhra Pradesh
CU001273,21,M,Salaried ,37779,779,Gujrat
CU003937,46,Male,self employed,"₹70,834",unknown,Uttar Pradesh 
CU004150,33,FEMALE,Salaried ,50228,642,UP
CU002428,33,male,salaried,"₹24,229",780,telangana
CU001402,52,F,Salaried ,54828,659,Tamil Nadu
CU002819,29,MALE,Salaried ,23300,unknown,TN
CU003409,30,F,salaried,-,900,delhi
CU000408,35,f,self employed,"₹42,313",752,GJ
CU000135,21,Male,Self Employed,74920,705,Delhi
CU002458,24,M,SALARIED,59713,763,WestBengal
CU001938,44,MALE,SALARIED,"₹40,539",705,
CU000593,32,M,SELF-EMPLOYED,"₹47,470",584, Kerala
CU004165,39,FEMALE,Salaried ,49603,877,Gujarat
CU002673,25,MALE,SELF-EMPLOYED,59260,504,TamilNadu
CU003645,38,N/A,salaried,"₹41,218",702,west bengal
CU002237,39,F,Salaried,52831,711,Maharashtra
CU003093,52,m,Salaried,12000,697,Karnataka
CU001243,28,M,Salaried ,-5000,unknown,KERALA
CU004589,47,F,SALARIED,56154,670,WB
CU003492,36,male,Salaried,54289,647,Tamil Nadu
CU000545,25,m,salaried,61264,751,Gujrat
CU000882,31,f,salaried,"₹12,682",706,West Bengal
CU003393,38,male,Salaried ,"₹29,244",667,Karnataka
CU004400,45,female,salaried,"₹12,000",608,tamil nadu
CU003751,38,m,Self-Employed,63209,616,Andhra Pradesh 
CU002402,53,MALE,SALARIED,-,702,New Delhi
CU001247,36,male,Salaried ,57255,unknown,KARNATAKA
CU000580,29,Male,SELF-EMPLOYED,54264,556,Gujrat
CU000029,43,male,SELF-EMPLOYED,88809,590,karnataka
CU000561,38,M,salaried,16028,900,New Delhi
CU001730,47,F,Salaried,39592,554,Uttar Pradesh
CU004455,45,MALE,N/A,29246,860,karnataka
CU003621,23,Female,salaried,45808,737,west bengal
CU002853,48,m,selfemployed,"₹55,694",634,Maharastra
CU001495,38,M,N/A,"₹54,524",579,TELANGANA
CU003781,46,M,SALARIED,51063,649,Tamil Nadu
CU004502,38,male,SELF-EMPLOYED,58903,681,Uttar Pradesh
CU003148,40,Male,salaried,49926,616,maharashtra
CU002740,23,M,SELF-EMPLOYED,-,679,TELANGANA
CU003550,29,Male,Salaried ,54245,774,Telangana
CU000701,45,male,SALARIED,80635,613,karnataka
CU003016,51,m,selfemployed,49592,561,telangana
CU001808,45,FEMALE,SALARIED,"₹16,516",unknown,telangana
CU002242,42,Male,self employed,82752,593,karnataka
CU002105,27,female,Salaried,12976,587,WB
CU000757,30,Female,self employed,19308,768,UP
CU002499,26,f,selfemployed,41767,638,Uttar Pradesh
CU000124,33,M,Self-Employed,"₹50,795",866,WB
CU001838,42,f,self employed,27285,623,UP
CU001170,28,M,salaried,-,690,Maharashtra
CU002972,45,FEMALE,Salaried ,32343,806,Tamilnadu
CU003215,43,FEMALE,SELF-EMPLOYED,70175,722,TELANGANA
CU002966,45,f,salaried,"₹72,334",708,TELANGANA
CU002999,60,female,Salaried,57124,661,west bengal
CU002230,32,m,Salaried,"₹60,981",680,Delhi
CU001127,39,male,Salaried,103363,704,KERALA
CU002044,37,Female,Salaried ,57738,637,karnataka
CU000330,47,female,SALARIED,22166,662,delhi
CU002976,24,M,SELF-EMPLOYED,45441,496,karnataka
CU003248,-1,M,salaried,29994,732,WestBengal
CU001250,27,m,SALARIED,62134,715,Tamil Nadu
CU001551,21,male,salaried,52075,798,Gujarat
CU001051,5,m,SELF-EMPLOYED,12000,707,Gujrat
CU003826,28,female,Self Employed,34108,724,Kerala 
CU002891,35,M,Self-Employed,40321,unknown,karnataka
CU002843,39,m,selfemployed,69724,847,andhra pradesh
CU000108,28,MALE,SALARIED,29872,551,
CU002099,35,MALE,self employed,39144,708,Telangana
CU000663,42,f,Salaried ,25354,649,west bengal
CU000101,28,MALE,Salaried,"₹55,080",632,maharashtra
CU001621,22,m,SALARIED,57617,688,Telangana
CU000121,21,m,self employed,-,713,TN
CU003924,39,F,Salaried ,"₹12,000",682,Gujrat
CU000554,47,m,Salaried ,30808,566,Andhra Pradesh 
CU002218,43,male,selfemployed,50450,772,UP
CU000365,41,f,salaried,"₹39,091",589,telangana
CU003785,49,f,salaried,62138,810,Maharastra
CU000944,47,M,SELF-EMPLOYED,58627,576,uttar pradesh
CU001538,37,male,Salaried,64355,715,Andhra Pradesh 
CU000109,31,male,selfemployed,23369,831,gujarat
CU000793,36,M,Salaried ,54156,590,Delhi
CU001330,30,male,SALARIED,18268,800,Andhra Pradesh 
CU002389,44,m,Self-Employed,54494,844,tamil nadu
CU003255,37,Male,Salaried,61419,727,West Bengal
CU002074,59,m,salaried,21221,719,Keral
CU003889,56,Female,Salaried ,45648,536,gujarat
CU000796,29,FEMALE,self employed,45143,492,Uttar Pradesh
CU003839,57,male,Salaried,-,635,Uttar Pradesh 
CU001334,29,F,Salaried,22133,999,Andhra Pradesh
CU001622,45,MALE,Salaried,-,636,Uttar Pradesh
CU001885,34,m,SALARIED,62192,714,Karnatka
CU002672,30,m,Self Employed,61321,785,
CU004292,42,f,SELF-EMPLOYED,50709,583,TELANGANA
CU001457,40,Male,SELF-EMPLOYED,"₹31,686",764,TamilNadu
CU000896,51,female,Salaried ,67920,610,West Bengal
CU000933,32,F,N/A,25668,868,Uttar Pradesh
CU000142,54,m,Salaried,40085,655,Karnataka
CU004559,28,m,SALARIED,27607,661,West Bengal
CU001445,48,Male,SALARIED,92308,465,Maharastra
CU000574,42,female,self employed,78999,776,TELANGANA
CU000719,25,m,Self-Employed,23493,576,WestBengal
CU002530,64,FEMALE,SELF-EMPLOYED,54551,597,Gujrat
CU000894,32,f,SALARIED,"₹14,995",609,andhra pradesh
CU004383,60,M,N/A,49099,595,gujarat
CU001609,35,M,SELF-EMPLOYED,51282,651,New Delhi
CU004518,42,M,SALARIED,26562,764,Telangana
CU003816,50,male,SALARIED,41731,696, Kerala
CU000679,42,male,Salaried,"₹12,000",652,Tamil Nadu
CU003418,32,M,SALARIED,62203,unknown,MH
CU002676,30,m,salaried,41781,573,telangana
CU000556,32,Male,Self Employed,65427,867,MH
CU003812,53,M,SELF-EMPLOYED,55736,828,Delhi
CU000116,45,Male,salaried,31747,unknown,Tamil Nadu
CU000961,29,M,SELF-EMPLOYED,51971,668,AP
CU000685,47,M,self employed,24576,756,Gujarat
CU000956,39,MALE,Salaried ,32850,999,New Delhi
CU002855,29,m,SALARIED,83851,720,Uttar Pradesh
CU001578,40,M,SALARIED,58764,640, Kerala
CU002006,22,male,salaried,35169,623,WestBengal
CU001521,32,Female,SALARIED,43450,584,
CU000302,33,MALE,self employed,-,625,Kerala
CU003465,25,M,Salaried ,"₹53,227",766,TELANGANA
CU001356,33,male,Salaried,33954,581,UP
CU001627,33,M,SELF-EMPLOYED,57426,568,Karnatka
CU002657,43,m,Self-Employed,83444,551,West Bengal
CU003414,34,m,Salaried,48961,723,andhra pradesh
CU004481,43,Male,SELF-EMPLOYED,"₹42,177",591,Telangana
CU001597,49,M,salaried,53162,900,Tamilnadu
CU001957,31,Female,Self Employed,61023,724,gujarat
CU002514,39,f,SALARIED,32171,779,MH
CU001234,27,FEMALE,SALARIED,60728,629,Kerala 
CU003342,33,Male,Salaried,"₹74,142",578,Tamilnadu
CU004295,22,male,Salaried,"₹43,521",674,WB
CU003266,34,male,SALARIED,22906,728,Andhra Pradesh
CU003109,56,Female,Self Employed,"₹38,549",771,UP
CU003412,43,male,SALARIED,67841,632,WB
CU004364,51,N/A,SALARIED,34501,unknown,TELANGANA
CU001142,42,female,N/A,81152,725,Keral
CU004235,34,MALE,SELF-EMPLOYED,52916,668,AP
CU002794,38,M,Salaried ,40792,651,KARNATAKA
CU002964,42,Male,salaried,26588,816,Andhra Pradesh 
CU001893,53,FEMALE,Self Employed,"₹33,245",550,kerala
CU003818,47,Male,Salaried ,49526,724,Tamil Nadu
CU002417,41,MALE,Salaried,25173,741,AP
CU000129,41,MALE,Salaried ,36694,696,Kerala 
CU000932,32,male,N/A,12000,670,TELANGANA
CU002244,45,f,SALARIED,46980,632,WB
CU003523,52,M,salaried,74216,585,Karnatka
CU001962,46,FEMALE,Salaried,36269,776,
CU002415,42,FEMALE,salaried,51596,626,kerala
CU000750,31,Female,Salaried ,58908,577,Maharastra
CU002363,35,Male,SALARIED,37270,708,maharashtra
CU000237,35,m,Salaried,41073,745,MH
CU002763,28,Male,salaried,0,692,Gujrat
CU003092,52,M,Salaried,"₹13,235",601,west bengal
CU004066,26,F,SELF-EMPLOYED,34296,832,KARNATAKA
CU001852,50,f,N/A,40327,698,Andhra Pradesh 
CU001056,44,M,N/A,35630,611,UP
CU000590,48,M,self employed,"₹37,971",820,West Bengal
CU000746,37,female,Self Employed,12000,775,andhra pradesh
CU003511,39,female,Salaried,60649,740,AP
CU004051,49,female,Salaried,43272,675,West Bengal
CU000764,38,M,Salaried,51459,674,Andhra Pradesh
CU003548,36,MALE,Salaried,42228,448, Kerala
CU000206,37,m,selfemployed,14489,617,Gujarat
CU002840,48,M,salaried,41815,unknown,Telangana
CU001704,35,male,salaried,59069,672,UP
CU000421,30,MALE,Salaried ,32583,501,New Delhi
CU001829,58,male,SALARIED,12000,666,Gujarat
CU004090,45,FEMALE,salaried,45296,764,AP
CU003531,22,M,Salaried,60312,677,TamilNadu
CU004155,29,Male,Self Employed,61584,590,Kerala 
CU004351,37,F,salaried,0,unknown,Tamilnadu
CU002635,54,MALE,Self Employed,59520,607,Andhra Pradesh
CU003725,38,MALE,Salaried,52890,682,Uttar Pradesh
CU004404,35,m,self employed,54734,561,karnataka
CU000281,26,male,SALARIED,12000,679,Kerala 
CU000564,31,M,N/A,28999,674,New Delhi
CU000419,22,male,Salaried,22464,835,andhra pradesh
CU004083,65,MALE,SELF-EMPLOYED,31667,619,Tamil Nadu
CU004353,35,Male,self employed,25255,651,Andhra Pradesh 
CU001524,21,MALE,salaried,39462,619,Karnatka
CU000758,21,Male,SALARIED,68071,804,Uttar Pradesh 
CU003716,24,m,SALARIED,73940,794, Kerala
CU002735,45,male,SALARIED,51487,579,Andhra Pradesh
CU001380,50,Male,Salaried,67026,744,delhi
CU000458,36,f,Salaried ,51534,707,Keral
CU003554,37,Female,Self-Employed,56323,767,karnataka
CU003374,46,male,Salaried,44107,665,GJ
CU002328,46,male,Self Employed,58694,583,Maharashtra
CU000892,38,N/A,selfemployed,23027,807,Uttar Pradesh 
CU000762,32,Male,Salaried ,"₹61,310",675,Gujrat
CU003749,42,male,Salaried ,78533,620,West Bengal
CU003117,29,N/A,salaried,39424,648,Maharashtra
CU002375,29,male,Salaried,51732,673,UP
CU003074,40,Female,Salaried,12000,642,Telangana
CU003501,44,N/A,Salaried ,"₹21,420",629,maharashtra
CU001400,41,MALE,Salaried ,53789,671,west bengal
CU000535,40,FEMALE,Salaried ,40311,609,Kerala
CU001907,26,Male,salaried,56578,771,Maharastra
CU003642,43,FEMALE,SALARIED,32831,716,Andhra Pradesh 
CU004143,23,male,salaried,"₹14,270",529,maharashtra
CU000454,36,M,Self Employed,64307,791,Maharashtra
CU003682,31,M,SALARIED,"₹12,000",769,karnataka
CU002133,61,m,Self Employed,"₹24,688",694,West Bengal
CU001898,39,Female,Self-Employed,42233,646,Uttar Pradesh 
CU001374,48,male,salaried,24196,unknown,MH
CU003410,34,Male,Self-Employed,"₹42,754",682,West Bengal
CU003336,40,M,Salaried,58482,744,UP
CU001436,33,female,SALARIED,"₹48,175",unknown,Gujarat
CU004558,35,MALE,Self-Employed,"₹71,845",650,Gujarat
CU001449,30,m,SALARIED,37127,unknown,
CU003928,43,Male,SELF-EMPLOYED,65954,712,TamilNadu
CU002869,21,f,SELF-EMPLOYED,60685,566,DELHI
CU004208,27,m,SELF-EMPLOYED,"₹59,343",629,DELHI
CU000519,39,M,Self Employed,55035,647,AP
CU001343,48,FEMALE,Salaried,"₹33,576",636,Karnatka
CU004474,25,Male,SALARIED,"₹42,221",838,gujarat
CU002634,22,m,Salaried,44781,719,AP
CU002473,45,f,SALARIED,73448,684,Maharashtra
CU002524,48,male,Salaried ,38848,592,Uttar Pradesh 
CU001910,49,M,SELF-EMPLOYED,30306,-300,Tamil Nadu
CU002651,39,m,SALARIED,59155,642,Tamilnadu
CU004131,46,MALE,selfemployed,33621,778,telangana
CU003449,23,f,salaried,53897,737,TamilNadu
CU003259,30,F,Salaried,19467,687,delhi
CU001064,51,Male,SALARIED,32839,588,Telangana
CU004403,33,f,salaried,18987,706,andhra pradesh
CU000369,54,m,Self-Employed,38553,769,Gujrat
CU004032,44,f,SELF-EMPLOYED,101940,637,Delhi
CU003758,34,MALE,Salaried ,55420,716, Kerala
CU002250,37,Male,Salaried ,34445,unknown,Maharashtra
CU002934,29,m,self employed,22509,687,TN
CU000046,26,N/A,selfemployed,66661,774,UP
CU004049,36,M,SALARIED,36121,683,Kerala 
CU003005,36,Male,salaried,32324,622,DELHI
CU003081,47,MALE,Self-Employed,32764,693,gujarat
CU002595,35,M,Salaried ,96605,617,GJ
CU001849,56,male,salaried,39736,774,karnataka
CU004369,38,Male,Salaried ,25769,577,kerala
CU000217,55,female,salaried,-,805,Andhra Pradesh 
CU000779,29,MALE,Salaried,32234,871,west bengal
CU002911,37,male,SALARIED,33371,592,TELANGANA
CU001529,45,Female,Self-Employed,40325,824,andhra pradesh
CU003888,30,m,Self Employed,18357,unknown,uttar pradesh
CU002732,32,male,salaried,"₹29,557",738,gujarat
CU004417,36,N/A,Salaried ,43823,548,TamilNadu
CU000907,35,f,SALARIED,"₹12,000",653, Kerala
CU004023,21,Male,self employed,35020,705,Delhi
CU000725,22,M,Self-Employed,"₹50,159",679,karnataka
CU001115,40,f,selfemployed,-,587,AP
CU000805,46,F,SALARIED,38698,763,Andhra Pradesh 
CU003136,45,MALE,Salaried,"₹50,353",756,AP
CU001753,38,female,Salaried ,39236,696,KARNATAKA
CU000730,-1,m,selfemployed,"₹34,612",649,gujarat
CU000112,24,male,Salaried,"₹17,028",730,UP
CU003762,38,m,selfemployed,"₹24,481",682,Maharashtra
CU003862,52,M,self employed,"₹48,878",685,Tamilnadu
CU001716,48,Male,SALARIED,12000,630,KARNATAKA
CU002680,31,m,Salaried,67528,824, Kerala
CU002285,27,N/A,N/A,31315,616,delhi
CU000059,28,Male,SALARIED,43809,657,New Delhi
CU003441,37,f,SELF-EMPLOYED,27243,672,delhi
CU003568,52,m,selfemployed,12415,710,AP
CU003893,40,f,Self Employed,51440,574,andhra pradesh
CU003704,26,m,SALARIED,-,650,Tamilnadu
CU002664,33,Male,salaried,46040,691,GJ
CU000276,28,female,Salaried,66826,734, Kerala
CU000002,35,M,selfemployed,76584,749,KERALA
CU001237,36,m,Salaried ,67564,770,Maharastra
CU001082,24,FEMALE,SALARIED,43969,725,WestBengal
CU004089,34,M,Self-Employed,38221,692,tamil nadu
CU003811,37,MALE,Salaried,48806,658,Andhra Pradesh
CU002350,33,f,Salaried,62060,654,west bengal
CU000997,46,f,selfemployed,"₹20,416",810,
CU000211,37,MALE,SALARIED,16384,755,
CU002214,43,male,SELF-EMPLOYED,16612,700,
CU002347,41,male,Salaried ,46497,613,tamil nadu
CU001987,37,m,Self-Employed,"₹41,456",641,uttar pradesh
CU000439,36,MALE,Salaried,30101,608,Karnatka
CU002098,35,male,SALARIED,50289,685,tamil nadu
CU003590,52,Male,Self Employed,33700,736,New Delhi
CU004241,54,N/A,SALARIED,45259,651,Tamilnadu
CU004242,65,MALE,self employed,42761,765,WB
CU004052,28,M,Salaried,67625,554,Maharastra
CU001580,38,Male,Salaried,51725,613,andhra pradesh
CU000192,40,FEMALE,Salaried,"₹95,538",632,TN
CU004231,40,MALE,Self-Employed,31989,unknown, Kerala
CU002688,21,female,selfemployed,37684,673,uttar pradesh
CU001736,45,Male,salaried,"₹26,421",634,maharashtra
CU002955,41,male,Salaried,67481,869,MH
CU002290,47,male,SALARIED,13796,870,delhi
CU003422,32,male,salaried,30331,679,KERALA
CU002973,42,Male,Salaried ,12000,784,west bengal
CU001405,31,MALE,salaried,12000,692,tamil nadu
CU004418,44,Female,self employed,48099,749,Telangana
CU004338,29,N/A,Salaried,61424,729,Tamil Nadu
CU003204,39,Male,salaried,23584,766,Andhra Pradesh 
CU004260,44,m,Salaried,63530,765,Gujrat
CU004557,55,Male,salaried,68204,601,Karnataka
CU001207,45,MALE,Salaried,32709,780,maharashtra
CU000386,21,f,Salaried,42251,765,Karnatka
CU002334,45,Male,Self-Employed,41136,501,West Bengal
CU002576,44,M,N/A,59459,791,
CU003043,55,M,salaried,81591,551,TELANGANA
CU002643,39,male,Salaried,54639,765,Uttar Pradesh 
CU000841,34,MALE,Salaried ,-,614,west bengal
CU000588,24,M,N/A,57441,799,West Bengal
CU001930,38,m,Salaried,54266,650,Maharashtra
CU002202,42,M,salaried,95063,636,DELHI
CU002894,45,Male,salaried,35529,663,West Bengal
CU002695,32,M,Self-Employed,"₹47,975",726,KERALA
CU004533,41,m,Salaried,36995,607,Maharashtra
CU000307,49,male,Salaried ,"₹59,379",769,West Bengal
CU001178,22,m,Self-Employed,18385,483,Uttar Pradesh
CU003831,48,Male,Salaried,55463,686,Andhra Pradesh 
CU004487,51,Male,SELF-EMPLOYED,36237,782,Tamilnadu
CU003282,37,MALE,SALARIED,65800,715,kerala
CU001550,35,male,SELF-EMPLOYED,12000,666,Kerala 
CU003076,60,Male,selfemployed,81381,722,Maharashtra
CU003786,36,MALE,SALARIED,59423,703,Tamilnadu
CU001793,47,male,Self-Employed,25259,699,AP
CU002069,35,Male,salaried,-,846,maharashtra
CU000127,41,Male,salaried,40617,701,Delhi
CU002348,46,m,self employed,66148,672,delhi
CU003513,41,female,salaried,66502,690,Uttar Pradesh
CU003344,37,Female,Self Employed,"₹97,957",720,GJ
CU000875,38,female,salaried,16888,591,karnataka
CU002294,25,Female,N/A,66949,574,andhra pradesh
CU002130,54,M,Salaried,61453,999,uttar pradesh
CU003242,36,male,Salaried ,62098,728,maharashtra
CU001217,48,male,SALARIED,58832,679,Telangana
CU003663,47,male,Self Employed,24779,726,tamil nadu
CU004308,39,FEMALE,SALARIED,42377,649,AP
CU001670,33,M,SALARIED,"₹59,994",498,Andhra Pradesh 
CU003459,48,female,Salaried,62221,778,telangana
CU001963,40,m,Salaried ,31411,724,TELANGANA
CU003945,31,male,Salaried ,-,676,West Bengal
CU003394,37,M,Salaried ,12000,707,Maharashtra
CU001726,51,f,Salaried,12000,897,KERALA
CU003464,31,m,Self-Employed,46260,727,gujarat
CU001396,23,Female,selfemployed,12000,679,GJ
CU003194,28,F,Self-Employed,93367,677,west bengal
CU000291,39,f,salaried,38258,unknown,KARNATAKA
CU003987,21,Male,SELF-EMPLOYED,"₹67,401",379,Maharashtra
CU003660,29,MALE,SELF-EMPLOYED,45725,721,gujarat
CU003656,21,F,Salaried,58119,679,TamilNadu
CU000989,39,Female,selfemployed,63904,unknown,Telangana
CU004537,30,Male,Self Employed,64820,863,tamil nadu
CU002882,22,female,Salaried,"₹33,870",726,Uttar Pradesh
CU002983,34,N/A,Self-Employed,46706,527,Andhra Pradesh
CU002669,27,female,SELF-EMPLOYED,47056,820,Maharashtra
CU001104,26,M,Self Employed,42229,641,TamilNadu
CU002329,51,female,salaried,"₹87,974",726,Andhra Pradesh 
CU002874,49,Male,Salaried,33213,701,Andhra Pradesh
CU003909,35,male,salaried,28917,498,Kerala
CU000651,40,Male,Self-Employed,70447,531,west bengal
CU004189,26,Male,SELF-EMPLOYED,99133,686,KERALA
CU003802,34,Male,salaried,50549,773,Karnataka
CU002169,44,MALE,SELF-EMPLOYED,40309,636,KARNATAKA
CU002134,47,Male,Self-Employed,12000,661,gujarat
CU001133,35,MALE,Salaried,52350,unknown,Maharashtra
CU002865,33,m,salaried,27948,734,Andhra Pradesh 
CU000749,43,N/A,Salaried,19473,unknown,DELHI
CU003534,55,m,N/A,44930,725,maharashtra
CU002379,38,male,N/A,23265,unknown,Uttar Pradesh 
CU002314,35,MALE,Salaried,70997,615,TELANGANA
CU004229,58,MALE,Salaried,36043,859,DELHI
CU000346,37,male,salaried,30308,607,tamil nadu
CU004428,34,F,salaried,"₹43,095",563, Kerala
CU001934,43,male,Salaried ,22536,864,uttar pradesh
CU001792,21,Male,Salaried,66122,750,Karnatka
CU000558,43,male,salaried,51556,unknown,UP
CU004048,45,m,Salaried ,12000,763,telangana
CU003155,56,male,Self Employed,26063,514,WB
CU002158,45,MALE,self employed,71320,631,delhi
CU004098,31,MALE,self employed,32692,508,Kerala 
CU001434,52,female,SALARIED,74502,662,UP
CU002888,30,m,Salaried ,44941,608,TamilNadu
CU001065,24,male,Self Employed,53644,618,Tamilnadu
CU002422,46,m,Salaried ,30975,767,karnataka
CU001393,36,M,self employed,-,761,DELHI
CU003072,35,m,salaried,-,623,Uttar Pradesh 
CU000960,47,female,SELF-EMPLOYED,54746,unknown,andhra pradesh
CU004301,41,Male,Self Employed,42610,622,WestBengal
CU001549,35,m,Self-Employed,42451,689,KERALA
CU000269,54,male,Self-Employed,33928,731,Telangana
CU003619,52,m,N/A,12000,757,Gujarat
CU000343,45,MALE,SELF-EMPLOYED,39373,686,kerala
CU001298,38,m,Salaried,"₹58,447",694,kerala
CU001740,60,m,Salaried,51539,604,Maharastra
CU001750,36,Male,Salaried ,64063,751,UP
CU000317,41,MALE,N/A,79044,730,delhi
CU003815,39,Male,SALARIED,20946,735,West Bengal
CU003926,28,male,Self Employed,21926,671,Telangana
CU002851,28,Female,selfemployed,34023,742,tamil nadu
CU001095,21,FEMALE,SELF-EMPLOYED,85843,674,Andhra Pradesh
CU002124,32,m,Salaried,"₹48,964",709,Gujrat
CU000429,28,female,N/A,"₹31,924",487,Tamilnadu
CU000966,26,Male,Self Employed,47049,636,Karnataka
CU001415,35,MALE,Self Employed,50894,999,Gujrat
CU000696,56,FEMALE,salaried,90633,624,TELANGANA
CU001045,65,MALE,self employed,38887,491,
CU000182,28,N/A,salaried,44306,701,maharashtra
CU000900,55,Male,N/A,"₹40,138",680,WB
CU004583,34,MALE,salaried,72914,584,Maharashtra
CU000195,48,male,Self-Employed,68385,unknown,WestBengal
CU000314,40,Female,Salaried,54819,746,delhi
CU000502,52,M,self employed,46706,607,tamil nadu
CU000444,40,Male,Self Employed,12000,696,WestBengal
CU003302,38,female,Salaried,34251,749,Delhi
CU000871,21,f,Salaried ,45569,492,Telangana
CU000922,49,M,SALARIED,82376,717,gujarat
CU000013,48,FEMALE,Salaried,63625,604,Kerala 
CU003433,51,N/A,salaried,12000,424,TamilNadu
CU002949,42,M,SALARIED,35036,640,Uttar Pradesh 
CU003073,44,FEMALE,Salaried,63388,672,Maharashtra
CU001848,50,m,Salaried,95108,639,Telangana
CU001855,42,Male,SELF-EMPLOYED,72663,737,WB
CU003384,48,Female,SALARIED,78255,797,telangana
CU001218,32,m,Salaried ,"₹25,401",503,Tamilnadu
CU002910,36,F,salaried,"₹47,635",712,Gujrat
CU002820,21,m,SELF-EMPLOYED,71933,713,Karnatka
CU000496,27,Female,Self-Employed,"₹12,000",708,AP
CU002156,37,MALE,N/A,57731,889,WestBengal
CU001012,32,FEMALE,N/A,-,unknown,Uttar Pradesh 
CU003678,44,male,salaried,12000,630,karnataka
CU001833,46,MALE,Salaried ,-5000,611,Telangana
CU001031,48,m,SALARIED,-5000,672,karnataka
CU001269,21,M,SALARIED,46892,706,KERALA
CU002879,39,male,SALARIED,74213,747,Uttar Pradesh
CU001467,21,m,SELF-EMPLOYED,54216,774,uttar pradesh
CU001061,39,Male,Salaried,42169,618,delhi
CU003713,49,male,Salaried ,"₹43,418",638,DELHI
CU002116,38,F,Self-Employed,29987,653,WB
CU001579,29,Male,Self Employed,32136,669,Maharastra
CU002961,38,m,Self-Employed,25977,830,KERALA
CU002226,26,m,Self Employed,27123,580,gujarat
CU000055,43,m,Salaried,62315,637,maharashtra
CU002186,35,Female,SALARIED,28434,690,kerala
CU002457,34,MALE,Salaried,38065,632,TELANGANA
CU002065,43,m,Salaried,36295,545,TamilNadu
CU003327,32,FEMALE,self employed,"₹98,413",733,Karnataka
CU003295,52,MALE,Salaried ,16593,734,TELANGANA
CU002861,55,Male,salaried,43772,708,Andhra Pradesh 
CU002403,31,male,Salaried ,56471,600,KERALA
CU000633,32,MALE,Salaried ,51590,642,gujarat
CU000578,53,female,selfemployed,31843,756,Telangana
CU002102,21,Male,SELF-EMPLOYED,43960,705,Uttar Pradesh
CU000247,41,MALE,SELF-EMPLOYED,"₹53,438",658,Andhra Pradesh
CU000788,41,f,Self Employed,"₹25,283",654,Karnataka
CU002742,37,M,Salaried ,55666,648,karnataka
CU003108,45,Male,SELF-EMPLOYED,24116,756,New Delhi
CU000234,25,M,SELF-EMPLOYED,"₹13,868",641,tamil nadu
CU004250,40,male,Salaried ,"₹53,107",577,Maharashtra
CU002321,52,Male,Self Employed,27267,806,karnataka
CU001196,39,MALE,self employed,-,634,Andhra Pradesh
CU004370,21,M,selfemployed,42664,619,TamilNadu
CU003085,36,f,SALARIED,33666,748,
CU004284,45,N/A,Self Employed,26276,607,
CU002625,51,m,salaried,"₹30,733",836,KARNATAKA
CU001828,49,M,SELF-EMPLOYED,72047,467,andhra pradesh
CU002780,47,M,SALARIED,68864,654,Tamil Nadu
CU001376,42,male,SALARIED,26417,577,Gujrat
CU003949,25,M,selfemployed,56585,744,Maharastra
CU000786,38,MALE,SELF-EMPLOYED,29402,777,maharashtra
CU003362,30,F,salaried,18283,846,delhi
CU000525,32,MALE,Self-Employed,39566,563,Telangana
CU003587,21,M,Salaried ,40964,683,UP
CU004491,46,m,Self Employed,39480,600,KERALA
CU002276,35,M,selfemployed,"₹63,313",786,Telangana
CU002852,42,M,Salaried,53022,846,WB
CU001180,39,M,Salaried ,"₹16,778",752,Andhra Pradesh
CU003462,58,female,Self-Employed,-,679,New Delhi
CU002194,27,male,Salaried ,50473,821,Telangana
CU002248,42,f,Self Employed,29503,632,KERALA
CU003041,29,Male,SALARIED,51980,900,TELANGANA
CU004108,32,Female,SALARIED,24001,704,KARNATAKA
CU000858,45,f,salaried,69990,560,west bengal
CU001044,21,female,Self Employed,12000,591,TamilNadu
CU002080,38,M,Self-Employed,36391,860,Uttar Pradesh 
CU000293,42,male,SELF-EMPLOYED,68812,unknown,WestBengal
CU001797,21,F,Salaried,24495,780,TamilNadu
CU000562,26,male,selfemployed,"₹50,612",999,andhra pradesh
CU000557,22,N/A,self employed,"₹12,000",601,New Delhi
CU003647,34,MALE,self employed,"₹45,102",587,KARNATAKA
CU003922,29,f,Self Employed,40372,677,delhi
CU000094,38,Male,salaried,40020,767,maharashtra
CU000672,56,FEMALE,SELF-EMPLOYED,49680,657,West Bengal
CU002066,50,FEMALE,Salaried,35395,704,TELANGANA
CU000662,42,male,SALARIED,12000,620,Karnatka
CU003650,34,Female,salaried,44555,678,gujarat
CU000038,29,m,SELF-EMPLOYED,61441,850,Telangana
CU003314,28,F,Salaried,39376,656,New Delhi
CU001919,42,Female,salaried,"₹50,349",703,uttar pradesh
CU003509,48,m,self employed,50002,520,kerala
CU002604,42,FEMALE,Salaried ,85355,683,Andhra Pradesh
CU000394,39,FEMALE,salaried,"₹49,263",unknown,
CU000785,29,male,self employed,30617,864,delhi
CU002054,29,m,Salaried ,75850,552,WB
CU002344,54,MALE,self employed,12000,unknown,TELANGANA
CU001541,30,M,salaried,"₹47,342",645,West Bengal
CU003350,-1,M,Self Employed,37174,599,west bengal
CU000658,33,female,Salaried ,19256,554,Maharastra
CU002041,25,MALE,selfemployed,24893,614,New Delhi
CU002832,29,male,SALARIED,19371,673,Karnataka
CU004027,21,FEMALE,Salaried ,43479,747,GJ
CU001676,23,male,SALARIED,53897,756,Karnataka
CU003599,35,N/A,self employed,50057,736,andhra pradesh
CU000188,44,male,Salaried,75950,841,Andhra Pradesh
CU004422,34,female,SALARIED,58469,766,
CU001857,31,Female,Salaried ,44816,685,Delhi
CU003309,21,male,N/A,86841,578,
CU001074,34,MALE,SELF-EMPLOYED,78274,707,delhi
CU000390,39,Male,salaried,32764,676,DELHI
CU001948,34,male,self employed,54208,667,Telangana
CU003297,56,MALE,Salaried,48843,596,TamilNadu
CU004391,45,MALE,Salaried ,67175,720,Tamilnadu
CU001605,55,m,SALARIED,35613,698,TamilNadu
CU002264,52,MALE,Salaried ,"₹43,733",672,Andhra Pradesh
CU003582,34,Male,Self Employed,"₹14,127",767,AP
CU002838,34,M,Self Employed,66568,590,GJ
CU000257,21,male,Salaried ,43033,696,andhra pradesh
CU003061,46,male,N/A,55717,796,Uttar Pradesh 
CU001413,43,m,SALARIED,"₹31,731",691,Gujrat
CU000007,31,MALE,salaried,39166,678,Tamilnadu
CU001897,44,male,self employed,47929,652,telangana
CU001916,44,m,Salaried ,27662,677,gujarat
CU001381,61,MALE,SELF-EMPLOYED,34421,-300,west bengal
CU001365,35,male,selfemployed,-,625,
CU003782,25,M,Salaried,54034,659,New Delhi
CU000080,27,male,salaried,51454,605,Delhi
CU000225,41,f,Salaried ,57943,569,Gujrat
CU001959,41,Male,Salaried,67961,453,uttar pradesh
CU000614,31,MALE,SELF-EMPLOYED,"₹81,651",753,WB
CU002646,41,Male,salaried,37340,719,delhi
CU000204,21,MALE,self employed,24575,unknown,Tamilnadu
CU001837,44,Male,Salaried,"₹89,192",522,KARNATAKA
CU001238,37,m,SELF-EMPLOYED,43904,596,Tamilnadu
CU000991,40,female,Salaried,38932,586,west bengal
CU001721,34,m,SALARIED,45044,655,Andhra Pradesh 
CU000020,32,FEMALE,SELF-EMPLOYED,63308,709,Uttar Pradesh 
CU002282,49,male,self employed,67129,657,Delhi
CU001834,37,female,Salaried ,-,693,Tamilnadu
CU003329,36,f,self employed,30487,723,kerala
CU003536,39,F,Self-Employed,44866,746,karnataka
CU003264,64,f,salaried,51232,738,tamil nadu
CU003685,55,MALE,SALARIED,49683,719,WestBengal
CU001500,24,FEMALE,Self-Employed,18001,639,telangana
CU003993,34,male,Salaried ,37410,unknown,Andhra Pradesh
CU001774,54,M,self employed,54345,631,andhra pradesh
CU002234,36,Male,Self Employed,36468,668,Delhi
CU004438,31,M,SALARIED,23259,699,Karnatka
CU000315,44,male,salaried,68469,715,TELANGANA
CU001858,57,N/A,Self-Employed,46625,786,Kerala 
CU000835,26,male,SELF-EMPLOYED,54751,786,Andhra Pradesh
CU004081,36,F,SALARIED,49402,670,
CU002661,24,M,selfemployed,54630,754,Delhi
CU001397,22,female,Salaried,31706,unknown,Keral
CU002502,33,male,salaried,12000,580,GJ
CU003779,44,Female,Self-Employed,18734,811, Kerala
CU000792,45,FEMALE,Self-Employed,"₹38,217",713,Karnataka
CU004253,57,Male,SELF-EMPLOYED,45001,674,DELHI
CU003276,35,m,Self-Employed,58682,unknown,Telangana
CU004070,30,Male,Salaried ,"₹89,166",508,GJ
CU003220,42,m,Salaried ,80935,719,west bengal
CU003208,37,male,SALARIED,"₹76,791",804,TN
CU003708,55,female,SALARIED,"₹62,524",731,Delhi
CU004445,22,Male,selfemployed,21461,733,Uttar Pradesh 
CU003206,23,Female,Salaried,46086,748,Maharashtra
CU004355,30,f,SELF-EMPLOYED,30489,786,Andhra Pradesh 
CU001489,21,male,Salaried,-,unknown,Andhra Pradesh
CU004425,58,male,SELF-EMPLOYED,-,674,uttar pradesh
CU001786,33,F,salaried,57245,unknown,gujarat
CU001022,49,N/A,self employed,40373,628,TELANGANA
CU004431,33,MALE,SALARIED,29278,565,Uttar Pradesh 
CU003522,38,female,selfemployed,71672,782,Maharastra
CU002482,21,female,SELF-EMPLOYED,28313,617,Gujrat
CU000465,37,female,Salaried,39742,573,Gujrat
CU001698,39,Male,salaried,53559,835,Andhra Pradesh 
CU001043,21,N/A,Salaried,60652,581,KARNATAKA
CU001616,21,Female,selfemployed,60640,597,TELANGANA
CU003999,21,male,Salaried ,"₹44,885",515,New Delhi
CU000795,45,f,self employed,36377,720,kerala
CU003683,22,Female,Salaried,47143,709,Karnatka
CU001920,31,Male,SELF-EMPLOYED,23371,710,Delhi
CU000941,42,f,Salaried ,"₹52,668",578,telangana
CU002489,35,M,SALARIED,38159,381,Uttar Pradesh 
CU000232,21,male,Salaried ,19106,784,TELANGANA
CU002257,24,MALE,SELF-EMPLOYED,80296,610,Tamilnadu
CU000518,21,MALE,salaried,41882,630,tamil nadu
CU003101,45,Male,Salaried ,37135,0,West Bengal
CU000647,29,MALE,salaried,32828,790,Kerala 
CU004424,38,Female,selfemployed,-,646,WB
CU001703,39,Female,Salaried ,"₹22,005",737,TELANGANA
CU000120,150,MALE,Self Employed,55596,809,
CU002243,40,Female,Salaried,19523,666,TN
CU003849,40,M,SALARIED,"₹51,570",unknown,Maharastra
CU003920,34,m,salaried,53687,691,MH
CU001114,38,f,SELF-EMPLOYED,65575,725,Telangana
CU000800,46,M,Salaried ,43706,686,TamilNadu
CU001525,25,male,Salaried,33899,677,Andhra Pradesh
CU003184,43,male,Salaried,"₹33,490",595,Delhi
CU003385,27,m,Self Employed,43660,714,GJ
CU002713,41,F,selfemployed,40745,700,WestBengal
CU004399,43,Male,Salaried,66211,523,GJ
CU001239,38,M,SALARIED,15429,742,AP
CU003171,41,f,SALARIED,72220,786,MH
CU000774,22,Male,Salaried ,12000,677,Karnatka
CU001442,38,male,Self Employed,"₹43,806",526,
CU000202,22,m,Self Employed,-5000,713,kerala
CU004312,39,M,salaried,46474,770,GJ
CU003120,35,MALE,salaried,45543,624,maharashtra
CU000417,43,MALE,SELF-EMPLOYED,"₹39,090",742,maharashtra
CU004517,51,M,SALARIED,35922,824,Telangana
CU004408,36,FEMALE,Salaried,"₹35,437",652,west bengal
CU003807,36,MALE,Self Employed,46695,453,Andhra Pradesh
CU003376,43,Female,Salaried ,"₹62,439",625,Karnataka
CU000339,28,female,SELF-EMPLOYED,51035,670,Uttar Pradesh 
CU000261,37,F,Salaried,56049,691,Keral
CU003947,40,M,SALARIED,37751,756,karnataka
CU000720,49,Male,Self-Employed,49332,587,telangana
CU003948,21,M,SELF-EMPLOYED,64252,unknown,Maharashtra
CU001352,25,MALE,Self Employed,-,652,Karnataka
CU003538,29,m,salaried,"₹33,919",696,Gujrat
CU001654,39,F,salaried,29890,670,Telangana
CU002040,50,MALE,Salaried,44955,583,TamilNadu
CU002235,36,Male,SELF-EMPLOYED,55105,646,Andhra Pradesh
CU001925,34,female,salaried,47429,848,UP
CU000606,22,MALE,salaried,"₹39,876",658,Andhra Pradesh 
CU001772,41,F,salaried,32399,613,Kerala 
CU002824,41,F,salaried,21282,754,Gujrat
CU000303,45,male,salaried,50985,unknown,west bengal
CU003890,38,female,Salaried,"₹20,725",757,TELANGANA
CU001688,30,F,selfemployed,"₹25,878",888,Delhi
CU001514,37,m,Self-Employed,73931,638,Karnatka
CU000363,36,m,salaried,64714,-300,Kerala 
CU002366,52,m,salaried,30773,unknown,TamilNadu
CU001148,26,male,Salaried,"₹12,459",862,KARNATAKA
CU003192,40,N/A,Salaried,12000,633,Tamil Nadu
CU004279,39,M,N/A,32742,541,Telangana
CU000954,44,M,salaried,12000,863,kerala
CU000482,38,female,salaried,81086,662,WB
CU003730,57,Male,self employed,43657,605,maharashtra
CU003408,27,M,salaried,69689,718,Maharastra
CU004172,32,M,Salaried ,"₹46,641",609,maharashtra
CU000711,49,M,Salaried,73726,unknown,gujarat
CU004569,29,MALE,Self Employed,59886,836,Uttar Pradesh 
CU002184,32,MALE,SALARIED,38913,651,West Bengal
CU004079,39,Male,Salaried,40945,719,delhi
CU000710,48,MALE,SELF-EMPLOYED,27378,615,New Delhi
CU003069,33,Female,salaried,56193,615,Uttar Pradesh
CU000814,36,Male,salaried,37588,558,TELANGANA
CU001759,23,Male,Salaried,49702,719,MH
CU001851,40,F,Salaried ,54592,596,Gujrat
CU001157,44,M,salaried,50575,757,gujarat
CU003552,35,MALE,SELF-EMPLOYED,"₹21,890",448,Gujrat
CU000491,33,FEMALE,Salaried ,58726,857,TELANGANA
CU002607,51,M,Salaried ,52932,605,Karnataka
CU001954,54,Male,salaried,-,639,Andhra Pradesh 
CU003687,47,m,Salaried,62972,690,WestBengal
CU000352,30,MALE,Salaried ,47453,826,KARNATAKA
CU000187,52,MALE,SALARIED,33585,630,uttar pradesh
CU002998,25,MALE,SALARIED,-,743,WestBengal
CU003684,41,Female,Salaried ,54419,746, Kerala
CU001420,25,m,Salaried,66307,656,Karnataka
CU000400,30,M,Salaried ,42374,686,West Bengal
CU003347,21,M,SALARIED,21941,647,Uttar Pradesh
CU001050,44,Male,SALARIED,73546,642,TamilNadu
CU003212,61,Female,Self-Employed,52189,717,Gujrat
CU003783,36,MALE,self employed,60161,579,west bengal
CU001741,54,MALE,Salaried ,"₹86,555",664,Telangana
CU002352,50,Female,salaried,50801,683,MH
CU001520,40,m,Self Employed,48901,728,Karnataka
CU000422,45,MALE,salaried,86481,597,Maharashtra
CU003286,38,male,SELF-EMPLOYED,49158,738,DELHI
CU002606,21,male,Salaried ,28374,635,Andhra Pradesh
CU000964,44,m,salaried,37983,480,WB
CU003174,24,MALE,SALARIED,25898,650,karnataka
CU003799,24,Female,salaried,"₹12,000",703,Tamilnadu
CU003873,28,MALE,Salaried ,42857,663,west bengal
CU000488,51,M,Self Employed,12000,770,Delhi
CU003240,39,M,SALARIED,27692,678,Gujrat
CU000436,43,MALE,Salaried,59501,unknown, Kerala
CU001425,49,male,SALARIED,50661,681,New Delhi
CU000256,40,m,Self Employed,29920,654,telangana
CU001156,28,Male,self employed,46591,748,UP
CU000830,39,m,salaried,45694,unknown,West Bengal
CU000789,49,MALE,Salaried ,62892,501,delhi
CU001164,21,M,Salaried ,50123,unknown,New Delhi
CU003126,35,m,Salaried ,"₹26,298",777,telangana
CU001509,31,Male,selfemployed,68267,unknown,Uttar Pradesh 
CU000457,23,N/A,Salaried,-,634,telangana
CU002609,29,MALE,Salaried ,45929,687,Karnataka
CU001013,43,m,selfemployed,"₹20,593",498,uttar pradesh
CU004078,47,MALE,Salaried ,"₹44,287",622,gujarat
CU001106,35,female,SALARIED,44588,706,Gujarat
CU004503,24,m,selfemployed,34586,480,KERALA
CU000399,54,m,Salaried,62936,486,telangana
CU004212,35,Female,Salaried ,"₹25,551",872,telangana
CU003905,42,m,self employed,50578,unknown, Kerala
CU001233,39,F,salaried,50969,867,GJ
CU003124,35,MALE,SALARIED,47698,444,west bengal
CU004194,52,m,SALARIED,50498,698,telangana
CU003637,44,female,SALARIED,28382,858,maharashtra
CU003225,40,MALE,Salaried,"₹36,635",unknown,GJ
CU002619,38,m,selfemployed,48609,646,Kerala 
CU003720,40,MALE,SELF-EMPLOYED,32081,772,
CU000178,39,N/A,SELF-EMPLOYED,"₹50,341",760,west bengal
CU001922,47,male,selfemployed,34080,558,karnataka
CU003626,21,MALE,SALARIED,74558,843,karnataka
CU003652,21,m,self employed,27286,702, Kerala
CU000526,46,M,self employed,61227,576,MH
CU003112,29,f,Salaried,17339,491,TELANGANA
CU002032,38,MALE,self employed,45621,665,KARNATAKA
CU001991,32,female,selfemployed,42959,764,karnataka
CU000322,38,f,Salaried ,29302,738,Andhra Pradesh 
CU000665,32,male,Salaried ,"₹49,484",784,TamilNadu
CU003467,30,f,SALARIED,33891,635,Gujrat
CU003217,39,m,SELF-EMPLOYED,24101,784,Karnataka
CU000333,50,MALE,salaried,56641,646,Tamil Nadu
CU004384,51,m,SELF-EMPLOYED,82471,599,Uttar Pradesh
CU004265,32,m,Salaried ,45815,unknown,Kerala 
CU004141,39,m,Salaried ,36643,733,KERALA
CU000599,21,male,N/A,"₹39,067",714,Uttar Pradesh
CU004196,31,FEMALE,self employed,"₹76,715",775,telangana
CU000387,54,M,Self-Employed,71298,686,TELANGANA
CU001724,50,female,SALARIED,26875,692,kerala
CU003138,40,Male,Salaried ,47059,623,West Bengal
CU004018,48,M,Salaried,77113,601,Gujarat
CU004114,53,m,self employed,64350,652,Keral
CU002049,43,f,SELF-EMPLOYED,36907,569,WB
CU001029,42,male,SELF-EMPLOYED,52139,894,andhra pradesh
CU004034,38,M,Salaried,"₹42,254",663,Karnataka
CU000499,44,FEMALE,Self Employed,22024,524,UP
CU001231,55,F,self employed,-,607,gujarat
CU000903,41,m,salaried,51233,714,TN
CU000702,45,M,Salaried ,"₹72,410",742,uttar pradesh
CU002739,43,F,Self Employed,57110,640,uttar pradesh
CU003822,63,male,salaried,53245,624,Telangana
CU003370,54,MALE,Self-Employed,75787,719,Kerala
CU004398,47,Male,salaried,"₹18,631",unknown,Uttar Pradesh
CU001860,38,m,self employed,37950,873,telangana
CU002471,39,female,Salaried,35866,804,Telangana
CU002404,28,f,Salaried ,48278,613,telangana
CU002427,31,Male,Salaried ,51849,673,telangana
CU003403,27,Male,N/A,15537,620,Tamilnadu
CU004148,37,male,Salaried,34012,613,TamilNadu
CU002481,24,f,Self Employed,53241,727,West Bengal
CU001684,38,m,Salaried ,"₹99,206",726,UP
CU001329,43,f,self employed,14828,833,Telangana
CU002167,40,m,Salaried ,58941,715,WestBengal
CU003249,45,Male,Salaried,31965,630,West Bengal
CU000139,38,male,Salaried ,66883,665,kerala
CU003481,33,FEMALE,Salaried ,"₹66,374",unknown,gujarat
CU004539,49,m,Salaried ,41222,unknown,Karnataka
CU003470,25,male,Salaried,89812,606,MH
CU003382,40,M,salaried,"₹23,594",751,gujarat
CU001864,42,FEMALE,salaried,42102,716,kerala
CU001943,38,MALE,SELF-EMPLOYED,25266,591,Delhi
CU000581,46,Female,self employed,20349,617,Uttar Pradesh
CU003732,27,M,Self-Employed,18575,768,AP
CU001186,26,male,Salaried,63519,671,TamilNadu
CU000368,43,MALE,Salaried ,-,596,Kerala
CU002943,40,female,salaried,-,605,Gujrat
CU003508,28,f,SALARIED,"₹78,701",498,karnataka
CU003578,36,m,SALARIED,26236,712,Uttar Pradesh
CU004402,43,MALE,Self-Employed,12764,694,Karnatka
CU003543,23,F,SALARIED,24056,682,KARNATAKA
CU002147,39,M,Self Employed,44404,714,andhra pradesh
CU000111,53,male,salaried,55778,601,Karnataka
CU003201,33,M,Self Employed,29022,617,TamilNadu
CU001090,43,m,salaried,59228,900,Maharastra
CU000930,35,F,N/A,50817,500,Andhra Pradesh
CU002601,34,male,Salaried ,50223,751,Uttar Pradesh 
CU001249,30,FEMALE,self employed,82974,687,
CU000937,50,N/A,Salaried ,"₹14,456",0,GJ
CU003420,47,male,Salaried,68882,817,MH
CU003792,21,Female,self employed,-5000,832,Andhra Pradesh
CU003850,22,MALE,Self-Employed,32898,629,maharashtra
CU003318,45,male,Salaried,52526,734,maharashtra
CU002205,29,Male,Salaried,39527,-300,MH
CU003428,38,M,SALARIED,22224,621,KERALA
CU001785,21,male,Salaried ,69736,644,west bengal
CU002561,44,male,SALARIED,"₹74,489",626,Maharashtra
CU002947,46,M,Salaried ,41790,658,uttar pradesh
CU002741,26,m,Salaried,15975,unknown,TELANGANA
CU000706,25,N/A,salaried,48694,764,Andhra Pradesh
CU001198,48,male,Self Employed,46655,683,TELANGANA
CU001274,52,male,salaried,12000,741, Kerala
CU004056,46,M,salaried,57222,578,andhra pradesh
CU003610,61,female,Self-Employed,-,660,Kerala
CU003275,31,male,salaried,41027,590,west bengal
CU002386,36,Male,Salaried ,51992,692,maharashtra
CU000384,40,MALE,SELF-EMPLOYED,64503,725,West Bengal
CU003510,43,Male,Salaried,18631,734,telangana
CU003988,50,male,N/A,41588,716,New Delhi
CU002913,32,male,Self-Employed,30057,544,west bengal
CU002765,36,male,Salaried,"₹47,631",537,TamilNadu
CU002598,33,Male,SELF-EMPLOYED,47678,624,WB
CU000740,24,Male,self employed,55111,814,TELANGANA
CU001866,42,male,Self Employed,12616,736,WB
CU001353,21,MALE,salaried,"₹84,058",717,uttar pradesh
CU001691,44,Male,self employed,68330,653,DELHI
CU003017,42,F,SALARIED,50489,571,telangana
CU004232,28,Female,Salaried ,"₹18,087",765,uttar pradesh
CU002875,40,F,Salaried ,22560,unknown,West Bengal
CU000004,21,Male,SALARIED,24743,708,Maharastra
CU004195,34,m,Salaried ,47970,590,AP
CU002550,23,Female,Self-Employed,"₹12,000",819,Gujrat
CU000008,27,M,SELF-EMPLOYED,61450,570,Uttar Pradesh 
CU001815,39,Male,Self Employed,41574,900,Gujarat
CU001322,38,Male,N/A,61404,753,uttar pradesh
CU000404,39,MALE,SALARIED,-,510,KARNATAKA
CU004317,46,f,SALARIED,54934,646,maharashtra
CU000051,33,m,Salaried ,66779,615,New Delhi
CU003635,46,male,SALARIED,16292,unknown,Tamilnadu
CU004597,63,Female,SELF-EMPLOYED,44601,651,MH
CU000559,27,m,N/A,46713,599,Andhra Pradesh 
CU000727,53,M,selfemployed,56481,557,maharashtra
CU003918,44,female,Self-Employed,"₹12,000",677,
CU001900,36,m,Salaried ,"₹13,612",622,New Delhi
CU003545,56,female,Salaried ,44572,577,TELANGANA
CU003715,29,f,Self-Employed,48017,703, Kerala
CU000546,41,F,self employed,"₹38,373",unknown,andhra pradesh
CU003631,27,male,Salaried,"₹56,668",880,New Delhi
CU001072,26,male,SELF-EMPLOYED,34634,799,gujarat
CU000717,34,MALE,Salaried ,40766,807,AP
CU004224,48,Male,selfemployed,62048,715,delhi
CU004574,30,MALE,salaried,15363,694,uttar pradesh
CU002919,46,F,SELF-EMPLOYED,69522,537,Tamil Nadu
CU003601,49,M,Salaried,64274,unknown,GJ
CU002622,40,Female,SALARIED,55931,784,Karnatka
CU000319,36,m,salaried,20514,661,gujarat
CU003750,54,MALE,N/A,59649,634,west bengal
CU000428,37,m,Self-Employed,12000,793,Delhi
CU001782,24,N/A,Self Employed,58646,765,Gujarat
CU000481,58,M,SELF-EMPLOYED,"₹17,736",718,Karnataka
CU001651,32,m,selfemployed,16421,787,Karnatka
CU000547,27,MALE,salaried,"₹28,491",558,West Bengal
CU000263,30,m,salaried,-,568,TELANGANA
CU001292,48,Male,Salaried ,45750,unknown,WestBengal
CU003514,40,M,Salaried ,"₹47,882",751,Maharastra
CU002877,29,MALE,Salaried ,29634,589,WB
CU000667,35,MALE,Self-Employed,29324,630,New Delhi
CU000172,48,MALE,SELF-EMPLOYED,43596,530,Karnataka
CU001177,46,Female,salaried,45463,801,Delhi
CU001078,50,FEMALE,SALARIED,"₹64,653",553,karnataka
CU002351,21,F,self employed,35342,683,Maharastra
CU003974,43,F,Salaried ,28676,693,GJ
CU004225,40,male,self employed,65857,585,Uttar Pradesh 
CU000694,43,Male,selfemployed,22926,unknown,AP
CU003600,49,MALE,Salaried ,93508,672,Uttar Pradesh 
CU004016,51,Male,Salaried ,18863,838,Kerala 
CU003696,52,male,self employed,44867,677,Andhra Pradesh 
CU001923,52,FEMALE,SELF-EMPLOYED,56842,616,Karnatka
CU003424,-1,m,salaried,32594,706,Kerala
CU003784,53,m,Salaried,40062,539,AP
CU002464,24,M,Salaried,"₹63,135",716,WB
CU002577,26,N/A,Self Employed,61438,606,gujarat
CU004119,57,Male,Self-Employed,98443,649,KARNATAKA
CU002912,42,Female,SELF-EMPLOYED,"₹60,139",667,Andhra Pradesh
CU003230,33,f,Salaried ,30300,598,Andhra Pradesh 
CU000782,44,f,salaried,91072,546,delhi
CU002180,33,Male,SELF-EMPLOYED,23526,721,telangana
CU000542,44,male,Salaried,84850,611,uttar pradesh
CU000712,49,m,SALARIED,27433,645,maharashtra
CU002658,28,FEMALE,Self-Employed,50217,751,Uttar Pradesh 
CU004021,39,female,SALARIED,49931,567,WestBengal
CU001496,30,m,Salaried,45446,832,west bengal
CU000631,-1,M,SALARIED,49307,492,andhra pradesh
CU000255,43,F,salaried,62068,748,Karnatka
CU002641,36,Male,Self-Employed,85356,724,Keral
CU002274,32,Female,Salaried,54734,697,kerala
CU004336,61,FEMALE,self employed,60266,686,andhra pradesh
CU002016,33,MALE,selfemployed,24979,772,Andhra Pradesh 
CU001926,30,male,Salaried,41990,620,Maharastra
CU003580,21,f,self employed,55355,619,telangana
CU003879,38,Female,SELF-EMPLOYED,78969,683,karnataka
CU004590,39,f,selfemployed,12000,655,uttar pradesh
CU001172,23,m,Self Employed,35222,823,UP
CU001725,41,F,salaried,"₹15,307",664,TamilNadu
CU001561,49,male,Salaried,-,704,UP
CU001574,21,Male,SALARIED,40917,900,Gujrat
CU001546,21,MALE,SALARIED,"₹46,061",757,delhi
CU000589,41,MALE,selfemployed,66819,702,kerala
CU000791,22,MALE,SELF-EMPLOYED,32344,658,uttar pradesh
CU001145,45,M,Self-Employed,"₹58,088",626,Kerala 
CU004512,21,Female,Salaried ,33590,636,MH
CU003564,24,MALE,salaried,12000,688,delhi
CU002720,35,F,salaried,75524,749,uttar pradesh
CU000076,32,m,salaried,49899,634,MH
CU001562,37,MALE,Salaried,30152,669, Kerala
CU004273,42,Male,Salaried,"₹84,413",583,New Delhi
CU001978,48,f,selfemployed,25187,649,DELHI
CU004205,58,female,Self Employed,12000,728,telangana
CU003817,37,male,selfemployed,60362,652,KARNATAKA
CU003559,37,MALE,Salaried ,"₹22,247",704,Kerala
CU004367,55,FEMALE,SALARIED,38465,721,Uttar Pradesh 
CU002445,65,Male,SALARIED,75037,707,Telangana
CU001615,48,FEMALE,Salaried,46948,885,UP
CU001404,43,FEMALE,SALARIED,72056,638,kerala
CU000946,43,male,Salaried ,63823,697,TELANGANA
CU004332,38,FEMALE,salaried,-,654,Kerala
CU003882,29,m,Self-Employed,85444,727,West Bengal
CU003404,50,female,Self Employed,48590,846,Uttar Pradesh 
CU002582,36,MALE,SELF-EMPLOYED,65659,562,KERALA
CU001675,52,Female,Salaried,41797,772,Telangana
CU003431,45,f,SALARIED,27549,757,Telangana
CU004084,44,M,Salaried,23271,724,AP
CU004137,51,m,SALARIED,41365,655,kerala
CU000969,24,male,self employed,49463,729,Kerala 
CU004110,32,N/A,SELF-EMPLOYED,23432,723,
CU001282,28,m,Salaried ,49862,637,TN
CU000226,23,female,Salaried ,49489,774,telangana
CU003253,65,male,selfemployed,42008,769,Maharashtra
CU003964,31,Female,self employed,30330,599,maharashtra
CU004055,42,FEMALE,Salaried ,46453,637,uttar pradesh
CU003049,42,N/A,Salaried ,43590,718,kerala
CU004175,25,M,selfemployed,44167,641,Maharashtra
CU003180,34,Male,Salaried ,68453,unknown,gujarat
CU003269,46,M,self employed,38655,699,Uttar Pradesh
CU000846,40,m,salaried,-,662,Maharastra
CU001737,37,m,SALARIED,"₹82,785",701,
CU003577,40,MALE,SALARIED,-,827,maharashtra
CU001673,35,FEMALE,Self Employed,75845,635,Uttar Pradesh 
CU001132,38,N/A,selfemployed,-,639,New Delhi
CU004230,28,Male,Self Employed,"₹67,391",636,Karnataka
CU003159,41,Female,SALARIED,31319,592,gujarat
CU000155,30,M,SALARIED,16830,564,WestBengal
CU000477,21,male,Self Employed,48694,662,Karnatka
CU003620,33,m,Salaried,28720,625,GJ
CU000082,33,male,Self-Employed,49481,681,Maharastra
CU001908,39,f,Salaried,37497,821,Tamil Nadu
CU003494,43,m,SELF-EMPLOYED,-,638,Delhi
CU002850,54,f,Self-Employed,92968,727,Gujrat
CU000552,26,M,selfemployed,56110,597,Karnatka
CU001642,21,M,salaried,57197,676,Gujarat
CU003702,34,N/A,salaried,34526,745,Gujarat
CU001088,54,male,SALARIED,48851,895,telangana
CU002813,39,male,self employed,"₹32,218",560,maharashtra
CU000383,38,M,SELF-EMPLOYED,68237,596,Gujrat
CU001100,31,M,self employed,54981,527,Andhra Pradesh 
CU003484,44,Male,Salaried ,34849,755,UP
CU003813,57,m,SALARIED,-,900,Maharashtra
CU001563,56,M,selfemployed,42723,636,AP
CU003907,21,M,Salaried,-,703,Gujrat
CU003517,50,m,Salaried,37275,685,Tamil Nadu
CU004551,35,Female,Self Employed,19787,742,DELHI
CU000919,38,Male,salaried,56166,847,AP
CU000985,26,M,salaried,66156,663,MH
CU002785,49,M,salaried,72235,696, Kerala
CU000474,40,FEMALE,SELF-EMPLOYED,76610,588,Telangana
CU002353,47,MALE,SALARIED,31783,622,Karnatka
CU001121,42,Male,Self Employed,61876,715,West Bengal
CU002462,32,male,self employed,"₹40,058",578,TamilNadu
CU003403,27,Male,N/A,15537,620,Tamilnadu
CU000090,50,Male,SALARIED,45104,684,TN
CU000851,42,M,Salaried ,52592,830,KARNATAKA
CU002012,54,male,Salaried ,"₹49,381",637,AP
CU000298,43,male,Salaried ,"₹68,931",665,WestBengal
CU000528,40,f,SALARIED,"₹56,029",710,KERALA
CU000443,35,m,Self Employed,12000,685,TN
CU000073,27,N/A,self employed,20716,736,WB
CU001139,36,Female,selfemployed,52986,706,delhi
CU002106,53,m,SELF-EMPLOYED,37049,555,Tamil Nadu
CU001414,21,male,salaried,65743,598,DELHI
CU001007,44,M,N/A,28222,809,andhra pradesh
CU004453,34,MALE,Salaried ,66308,unknown,Delhi
CU003864,24,m,selfemployed,50665,770,UP
CU000084,47,m,Self Employed,62446,696,Keral
CU003711,34,F,N/A,65651,593,TamilNadu
CU002151,38,M,Salaried ,40148,572,Tamil Nadu
CU003519,50,m,N/A,42806,756,TamilNadu
CU004373,29,Male,N/A,24885,613,New Delhi
CU002566,42,m,Self-Employed,16377,673,Andhra Pradesh 
CU001940,46,m,Self-Employed,23245,668,West Bengal
CU000048,150,FEMALE,self employed,64080,738,Telangana
CU001803,34,male,SALARIED,72489,589,Maharastra
CU000398,46,F,Self Employed,35338,693,Uttar Pradesh 
CU004306,43,male,Salaried ,64939,634,Tamil Nadu
CU003407,30,f,salaried,"₹42,452",682,gujarat
CU004528,50,Female,self employed,60089,544,GJ
CU002602,32,FEMALE,Self Employed,32177,829,gujarat
CU000987,33,N/A,salaried,"₹66,486",786,uttar pradesh
CU002797,38,m,Salaried,55950,808,Karnataka
CU000485,46,Female,SALARIED,"₹35,958",640,telangana
CU003833,29,m,salaried,-,675,Maharashtra
CU003400,40,Female,Salaried ,47152,625,New Delhi
CU002578,39,Male,SALARIED,53663,535,Maharashtra
CU004243,47,Male,N/A,12000,561,Andhra Pradesh 
CU004077,21,m,N/A,52764,528,GJ
CU001105,34,MALE,Salaried,65938,746,AP
CU004159,40,Male,SELF-EMPLOYED,43185,649,Uttar Pradesh
CU002687,47,F,salaried,50489,572,Tamilnadu
CU004451,57,MALE,Salaried,-5000,764,
CU002020,21,Female,Self Employed,45402,760,Andhra Pradesh 
CU002906,50,F,Salaried ,28431,612,WB
CU000105,44,M,salaried,60150,655,WB
CU003392,22,f,Salaried ,29756,472,KERALA
CU002047,44,Male,SALARIED,81108,572,New Delhi
CU002501,25,f,SALARIED,20482,646,kerala
CU001853,33,m,SALARIED,24680,650, Kerala
CU000198,38,N/A,SALARIED,57909,874,WB
CU001687,45,FEMALE,SALARIED,72838,752,TN
CU001534,26,M,Salaried,17717,632,Karnatka
CU004003,28,male,N/A,79918,741,TELANGANA
CU000818,33,Male,Salaried ,47068,863,Keral
CU000565,50,female,SALARIED,35853,756,Maharashtra
CU001894,44,F,Self Employed,79886,739,Karnataka
CU004164,39,F,SALARIED,27877,688,KARNATAKA
CU003657,33,Female,Salaried,37204,-300,UP
CU000856,21,M,Salaried ,"₹64,206",721,Telangana
CU000310,47,N/A,salaried,75569,725,delhi
CU004490,55,M,salaried,38665,530,Karnatka
CU003331,26,female,SALARIED,14381,614,KERALA
CU003613,39,male,Salaried ,70639,unknown,Telangana
CU001722,33,Male,Salaried,"₹31,217",722,Andhra Pradesh
CU002331,43,male,Salaried,"₹30,870",663,GJ
CU003845,47,m,Self Employed,29368,635,Tamil Nadu
CU003766,26,M,Self Employed,40178,704,New Delhi
CU000721,49,Female,Self-Employed,66227,838,Gujarat
CU000292,34,Male,SALARIED,48211,680,TamilNadu
CU002191,35,MALE,Self-Employed,53674,640,Gujrat
CU000541,41,f,Salaried ,59431,559,Andhra Pradesh 
CU002390,42,m,Salaried ,"₹60,049",627,UP
CU004263,35,N/A,Salaried ,45439,456,TamilNadu
CU001037,150,m,N/A,"₹46,956",658,Tamil Nadu
CU001048,21,male,Salaried ,-,674,WB
CU002678,25,MALE,selfemployed,58122,749,Andhra Pradesh
CU000268,24,m,SALARIED,-,827,New Delhi
CU003263,40,MALE,SELF-EMPLOYED,44241,681,Telangana
CU000690,41,F,Salaried ,35818,617,Uttar Pradesh 
CU000061,52,Male,selfemployed,16282,591,Maharashtra
CU003910,43,MALE,self employed,"₹31,837",658,
CU001190,37,male,SALARIED,27987,631,west bengal
CU002539,40,Male,Self-Employed,64718,704,Telangana
CU002611,40,f,Salaried,15999,593,uttar pradesh
CU001620,28,Female,salaried,29549,674,Tamil Nadu
CU000005,28,m,selfemployed,16753,686,Maharashtra
CU003583,47,F,salaried,59215,760,UP
CU003190,26,m,Salaried,56925,675,MH
CU003757,29,Male,salaried,-5000,788,KARNATAKA
CU000536,31,Male,SALARIED,43656,615,Uttar Pradesh 
CU003320,37,male,self employed,60812,764,telangana
CU004414,30,MALE,N/A,38192,615,Andhra Pradesh 
CU002982,38,Male,Salaried,40709,757,delhi
CU003341,43,f,salaried,-,401,Delhi
CU004467,54,male,self employed,"₹49,327",767,WB
CU000582,43,m,SELF-EMPLOYED,"₹24,828",503,Andhra Pradesh 
CU003692,32,male,salaried,48457,850,WB
CU000196,39,M,selfemployed,52373,644,uttar pradesh
CU001264,34,male,Self Employed,49101,533,New Delhi
CU000173,42,Male,Salaried ,"₹49,153",582,Andhra Pradesh
CU003097,26,MALE,selfemployed,40493,689,WB
CU002909,21,MALE,Self Employed,"₹30,501",629,AP
CU003045,42,Male,SELF-EMPLOYED,"₹46,622",769,AP
CU001410,31,Male,Salaried,21360,769,Andhra Pradesh 
CU004145,30,male,Salaried ,46413,759,GJ
CU001788,28,Female,selfemployed,"₹34,867",701,Kerala
CU000925,52,Male,Salaried,-,626,Gujarat
CU000703,40,F,Salaried ,25242,unknown,DELHI
CU001014,21,MALE,self employed,40486,unknown,telangana
CU003053,35,MALE,salaried,40783,900,New Delhi
CU003032,21,Male,Salaried,31481,799,Gujarat
CU001174,37,Male,SELF-EMPLOYED,53632,746,tamil nadu
CU003535,47,male,SELF-EMPLOYED,29880,662,Andhra Pradesh
CU001448,42,M,N/A,37132,611, Kerala
CU002341,21,Female,Salaried ,41799,477,andhra pradesh
CU001301,50,m,Salaried,"₹89,629",680,Telangana
CU000643,41,m,selfemployed,"₹22,046",687,GJ
CU002460,25,male,Salaried,38988,639,MH
CU002817,44,M,salaried,45845,836,Maharashtra
CU003308,46,Male,SALARIED,28204,634,Karnataka
CU002339,33,Male,SELF-EMPLOYED,15902,605,kerala
CU002391,48,male,SALARIED,52640,643,Andhra Pradesh
CU002463,33,Male,Salaried ,22380,603,Tamilnadu
CU003624,40,m,Salaried ,74109,874,
CU001240,45,M,Self-Employed,12000,800,tamil nadu
CU003748,41,M,Salaried,58176,659,GJ
CU000416,34,MALE,SALARIED,39824,unknown,Andhra Pradesh 
CU003721,33,m,Salaried ,-,701,TELANGANA
CU004127,21,N/A,SALARIED,40001,571,Telangana
CU001994,34,FEMALE,SELF-EMPLOYED,70152,631,WestBengal
CU000983,22,F,Salaried,0,742,AP
CU001165,30,Male,Salaried ,"₹35,040",648,Gujarat
CU001939,36,M,selfemployed,53671,525,KARNATAKA
CU004221,46,Male,Salaried ,56826,670,Maharashtra
CU001566,34,male,SELF-EMPLOYED,45860,741,gujarat
CU003358,26,Female,selfemployed,12000,579,west bengal
CU000587,37,f,SALARIED,42310,777,telangana
CU001886,45,m,Salaried ,43651,787,uttar pradesh
CU000813,46,MALE,SALARIED,28436,751,Tamilnadu
CU001071,27,f,Self-Employed,37534,635,KERALA
CU001168,21,Male,Salaried,"₹57,275",713,Tamil Nadu
CU001960,39,male,SALARIED,12000,613,WestBengal
CU002254,63,m,SALARIED,37775,691,Telangana
CU000720,49,Male,Self-Employed,49332,587,telangana
CU004227,32,FEMALE,selfemployed,67529,692,Gujarat
CU001066,47,MALE,SALARIED,64875,803,Tamilnadu
CU000463,38,MALE,SELF-EMPLOYED,24956,unknown,TELANGANA
CU002114,37,M,salaried,-,624,Karnataka
CU002948,33,male,SALARIED,47977,543,Karnataka
CU002446,32,MALE,SELF-EMPLOYED,43114,696,uttar pradesh
CU001310,44,FEMALE,Self-Employed,25031,826,TN
CU001996,41,MALE,SELF-EMPLOYED,41576,unknown,WestBengal
CU001336,40,male,salaried,"₹27,092",775,TELANGANA
CU000306,28,M,SELF-EMPLOYED,24061,728,west bengal
CU001505,30,N/A,self employed,34224,615,Karnatka
CU000912,41,m,Salaried,36667,674,Andhra Pradesh
CU000440,34,FEMALE,SELF-EMPLOYED,12000,699,West Bengal
CU000714,45,male,SALARIED,26674,801,DELHI
CU004259,34,Female,SELF-EMPLOYED,50839,720,DELHI
CU003669,51,M,Salaried ,57416,614,TELANGANA
CU002166,40,Female,SELF-EMPLOYED,27203,593,Uttar Pradesh 
CU001502,21,m,Self-Employed,30420,662,GJ
CU004036,29,M,SALARIED,"₹48,742",631,Maharastra
CU001025,47,N/A,N/A,55537,725,andhra pradesh
CU001555,39,m,SALARIED,71197,733,WestBengal
CU001083,34,F,SALARIED,24403,620,karnataka
CU003906,36,m,SELF-EMPLOYED,33310,800,TELANGANA
CU001661,65,F,Salaried,61889,779,Maharastra
CU000735,37,MALE,Salaried ,21094,528,Keral
CU002683,29,FEMALE,Self-Employed,31381,729,andhra pradesh
CU002979,39,N/A,Self Employed,"₹49,007",820,maharashtra
CU001914,35,Male,salaried,34718,760,TN
CU001075,43,male,N/A,73283,639,GJ
CU001811,29,male,salaried,35141,842,Delhi
CU004333,44,m,Self-Employed,"₹44,372",736,karnataka
CU001331,53,Male,N/A,"₹51,404",671,Maharashtra
CU002480,36,FEMALE,Self Employed,57102,654,Maharastra
CU002085,21,M,N/A,60063,582,DELHI
CU003868,47,FEMALE,selfemployed,78766,625,Delhi
CU000066,46,Male,self employed,62991,707,Gujrat
CU002224,36,male,Salaried ,70493,763,Telangana
CU002362,31,Female,self employed,"₹27,711",742,Uttar Pradesh
CU002611,40,f,Salaried,15999,593,uttar pradesh
CU001220,48,male,selfemployed,68350,614,West Bengal
CU000358,50,f,Salaried,54694,603,Maharashtra
CU004516,29,MALE,salaried,56826,594,TELANGANA
CU003975,26,f,salaried,12000,763,Karnatka
CU003565,39,MALE,selfemployed,70229,unknown,Andhra Pradesh 
CU001588,37,MALE,SELF-EMPLOYED,66504,774,New Delhi
CU001360,26,F,salaried,68985,677,TELANGANA
CU001094,45,MALE,Salaried ,46532,633,MH
CU003623,52,Female,N/A,32446,546,GJ
CU004486,40,FEMALE,selfemployed,12000,666,Uttar Pradesh 
CU002011,51,f,Salaried ,12000,607,New Delhi
CU004488,34,male,Salaried ,23015,745, Kerala
CU001378,49,male,Self Employed,12000,768,gujarat
CU003722,49,Male,Salaried ,48443,693,Andhra Pradesh 
CU000397,21,female,self employed,13317,537,GJ
CU001278,36,MALE,Self Employed,22936,753,karnataka
CU000986,28,FEMALE,salaried,51966,599,Andhra Pradesh 
CU000873,29,female,SALARIED,44375,556,UP
CU000934,22,N/A,Salaried,68187,767, Kerala
CU003698,38,m,salaried,"₹22,365",603,gujarat
CU004204,41,male,Salaried ,55608,644,delhi
CU003332,48,male,self employed,69297,596,Karnatka
CU003912,35,F,SALARIED,20028,698,
CU001846,28,N/A,selfemployed,70333,592,Andhra Pradesh
CU003191,44,Male,salaried,39179,864,Andhra Pradesh 
CU002019,49,N/A,SALARIED,"₹47,129",697,karnataka
CU001927,40,m,salaried,47651,706,Tamil Nadu
CU001498,56,female,N/A,83667,703,UP
CU003737,37,MALE,Salaried,12000,unknown,gujarat
CU001802,45,male,salaried,"₹27,714",782,Keral
CU004475,44,m,salaried,17617,unknown,TamilNadu
CU001778,45,N/A,SELF-EMPLOYED,29935,unknown,Delhi
CU003584,54,MALE,selfemployed,18834,694,Andhra Pradesh 
CU003760,46,FEMALE,N/A,-,618,GJ
CU001289,44,Female,self employed,14990,546,andhra pradesh
CU003029,45,m,SALARIED,64185,721,AP
CU000138,51,Male,SELF-EMPLOYED,-,668,Andhra Pradesh
CU000974,44,MALE,Self-Employed,68771,846,tamil nadu
CU000798,41,Male,Self-Employed,68854,566,Karnataka
CU003356,39,FEMALE,selfemployed,12000,712,Kerala 
CU003570,28,N/A,Salaried ,36072,766,Tamilnadu
CU002283,24,M,Self-Employed,"₹57,243",658,Keral
CU002431,25,male,SALARIED,0,760,Karnataka
CU000616,46,M,Salaried ,43951,833,kerala
CU002734,32,F,SALARIED,30936,541,New Delhi
CU002795,34,M,selfemployed,49454,808,TELANGANA
CU000517,22,Female,SALARIED,67253,unknown,WB
CU003848,40,female,Salaried,67063,677,Karnatka
CU001917,42,F,SELF-EMPLOYED,"₹60,346",687,Tamil Nadu
CU000221,58,m,self employed,31216,621,maharashtra
CU003976,37,MALE,Salaried ,79939,628,DELHI
CU004483,44,m,N/A,57262,588,DELHI
CU000377,32,N/A,Self-Employed,43189,743,kerala
CU004561,29,MALE,salaried,41096,unknown,WestBengal
CU002859,32,M,SELF-EMPLOYED,25242,794,andhra pradesh
CU004130,44,f,SALARIED,64166,564,Andhra Pradesh
CU001367,32,male,SALARIED,-5000,645,gujarat
CU000415,43,m,Salaried ,45128,672,Kerala 
CU000726,32,M,salaried,63275,540,AP
CU002280,49,Male,Self-Employed,55479,688,AP
CU003367,39,Male,Self Employed,"₹29,484",666,UP
CU000283,47,F,self employed,"₹39,194",619,west bengal
CU001535,43,male,selfemployed,25353,538,Andhra Pradesh
CU003709,57,M,Salaried,54796,536,maharashtra
CU001781,21,f,SALARIED,50943,684,Tamil Nadu
CU003278,45,F,salaried,25805,530,Uttar Pradesh 
CU004252,38,m,self employed,12000,522,DELHI
CU001749,22,male,SALARIED,16928,661,Kerala 
CU004485,49,M,SALARIED,39142,688,Kerala 
CU001041,26,M,selfemployed,"₹39,944",681,KARNATAKA
CU000472,40,female,N/A,19796,624,TELANGANA
CU003500,28,N/A,Self-Employed,78474,811,Tamilnadu
CU001993,27,m,Self-Employed,45891,779,WB
CU004360,25,M,Self Employed,"₹70,791",608,Tamil Nadu
CU000012,21,MALE,Self Employed,31461,735,Kerala
CU003972,54,M,Self-Employed,80678,679,Uttar Pradesh 
CU002160,48,male,Salaried ,28312,658,West Bengal
CU001681,35,f,salaried,20285,694,kerala
CU002584,42,MALE,salaried,40253,772,Maharastra
CU000886,35,M,SELF-EMPLOYED,25981,708,TamilNadu
CU001974,54,female,Salaried ,72511,643,gujarat
CU003021,28,Male,self employed,40894,666,KARNATAKA
CU003065,59,m,Self Employed,24905,601,Tamil Nadu
CU004062,53,male,Salaried ,60430,679,karnataka
CU001643,45,male,Self-Employed,71982,681,West Bengal
CU004288,28,male,SELF-EMPLOYED,61642,unknown,karnataka
CU000947,57,male,SALARIED,65502,675,KERALA
CU002165,21,Female,salaried,-,758,karnataka
CU003177,31,M,Salaried ,-,698,Gujarat
CU001728,42,male,self employed,67419,752,Maharastra
CU001027,44,male,self employed,56559,unknown,telangana
CU002120,42,m,Salaried,-,unknown,kerala
CU002887,21,M,SELF-EMPLOYED,63421,524,TamilNadu
CU000544,21,M,Salaried,35137,809,West Bengal
CU000224,39,male,selfemployed,39852,unknown,TELANGANA
CU001638,35,m,salaried,64707,537,UP
CU004082,40,F,SELF-EMPLOYED,48212,678,Andhra Pradesh 
CU004113,43,M,SELF-EMPLOYED,78254,769,GJ
CU001403,26,MALE,SELF-EMPLOYED,-,630,Karnatka
CU000771,44,MALE,salaried,28751,709,Gujarat
CU002395,24,MALE,Salaried ,49828,709,Uttar Pradesh
CU003887,45,m,SELF-EMPLOYED,74852,761,Delhi
CU000181,53,Male,Salaried ,34542,558,Uttar Pradesh 
CU002907,42,Male,Self-Employed,92691,770,WestBengal
CU000126,27,M,Salaried,-,830,UP
CU000731,42,M,SALARIED,46543,687,DELHI
CU000617,50,Male,SELF-EMPLOYED,"₹43,759",526,TELANGANA
CU001784,47,male,Salaried,89129,687,Tamil Nadu
CU001323,47,Male,Self-Employed,69369,689,west bengal
CU001136,34,FEMALE,Salaried ,"₹38,384",634,Maharashtra
CU000035,40,Male,SALARIED,51928,706,GJ
CU002534,31,m,SALARIED,"₹74,878",650,Tamil Nadu
CU000540,35,Male,Salaried,29280,555,karnataka
CU002175,52,M,Salaried ,48829,787,KERALA
CU004246,35,male,salaried,17516,672,UP
CU001399,34,Female,Salaried ,55085,672,KARNATAKA
CU000290,50,male,Salaried,40731,814,tamil nadu
CU001989,44,male,Self-Employed,"₹49,643",653,WestBengal
CU001522,37,male,Salaried ,83240,784,Karnataka
CU003113,53,Male,self employed,55228,746,KERALA
CU000976,42,FEMALE,self employed,51463,795,TN
CU003027,26,MALE,salaried,-,804,Karnataka
CU002009,-1,Male,Self Employed,20746,678,UP
CU000509,42,FEMALE,salaried,"₹78,489",581,New Delhi
CU001232,41,f,Salaried,30190,757,uttar pradesh
CU001685,40,male,SELF-EMPLOYED,"₹57,303",unknown,tamil nadu
CU004076,41,M,salaried,75244,676,TELANGANA
CU000042,42,Female,Self-Employed,40530,744,WestBengal
CU004377,46,f,Salaried ,63049,765,Andhra Pradesh 
CU003670,50,MALE,SALARIED,"₹51,395",671,AP
CU000233,33,FEMALE,salaried,51930,686,Gujrat
CU002941,59,M,Self-Employed,32503,809,Tamil Nadu
CU004429,30,male,Salaried ,12000,667,UP
CU002709,28,F,SELF-EMPLOYED,14184,570,New Delhi
CU002014,35,M,SALARIED,57221,611,TELANGANA
CU001667,37,M,N/A,54655,unknown,GJ
CU000883,47,M,Salaried,36697,670,West Bengal
CU004264,32,female,Salaried ,62103,720,Tamilnadu
CU002157,48,female,N/A,73280,615,Andhra Pradesh 
CU004167,48,Female,Salaried,50697,794,GJ
CU000877,33,m,Salaried,58923,875,Karnataka
CU000336,22,female,self employed,55272,632,delhi
CU001392,33,m,Salaried,67377,794,Karnatka
CU002802,26,m,Self-Employed,88144,683,karnataka
CU000507,44,m,SELF-EMPLOYED,53431,629,tamil nadu
CU004072,32,MALE,Salaried,44106,645,Maharastra
CU001587,37,FEMALE,Salaried ,60399,857,gujarat
CU003629,37,f,selfemployed,31281,722,andhra pradesh
CU000349,27,male,Self Employed,12000,719,Tamilnadu
CU004188,42,Male,salaried,66738,596,West Bengal
CU002089,39,male,Salaried,"₹35,971",731,Keral
CU003903,46,male,Salaried ,41786,671,WestBengal
CU001337,61,MALE,Self Employed,27784,773,TN
CU004222,39,m,N/A,54262,647,West Bengal
CU002858,23,Male,SALARIED,12000,753,KERALA
CU004073,33,MALE,SALARIED,51410,888,GJ
CU001256,35,female,Salaried,32437,688,GJ
CU001339,46,Male,Self Employed,28260,669,Telangana
CU004024,51,m,Salaried ,46152,657,Tamilnadu
CU000341,47,Male,selfemployed,28936,678,west bengal
CU004300,32,Female,self employed,"₹54,566",683,Gujrat
CU002140,29,Male,N/A,88310,774,Gujarat
CU002475,29,f,SELF-EMPLOYED,46949,659,Maharastra
CU002663,24,m,salaried,44873,789,tamil nadu
CU000548,24,FEMALE,Self-Employed,55977,657,Uttar Pradesh 
CU000748,5,Male,Self-Employed,-,760,TN
CU002309,29,M,Self Employed,21281,696,WestBengal
CU004335,48,Male,SALARIED,"₹50,812",unknown,Andhra Pradesh
CU003337,25,N/A,Salaried ,15679,832,Delhi
CU003861,31,MALE,Self Employed,12000,721,Tamilnadu
CU002762,44,F,Self Employed,36998,675,andhra pradesh
CU001504,37,M,N/A,20110,720,Gujarat
CU001611,24,m,Salaried ,38097,804,Karnatka
CU003661,24,Male,Salaried ,44867,668,telangana
CU002491,21,M,salaried,43863,663,Telangana
CU003977,21,m,salaried,12000,622,Tamil Nadu
CU000435,31,male,self employed,"₹62,247",765,Gujrat
CU000926,44,male,Salaried,48285,877,TN
CU000857,26,FEMALE,Salaried ,"₹48,445",759,Andhra Pradesh 
CU000573,52,male,Salaried ,58958,unknown,Maharashtra
CU004523,49,M,SELF-EMPLOYED,53029,656,New Delhi
CU002521,47,M,Salaried,39938,626,telangana
CU003659,42,M,Salaried ,45190,821,TN
CU001115,40,f,selfemployed,-,587,AP
CU004390,23,f,salaried,56468,758,Tamil Nadu
CU001882,0,male,Salaried,56257,667,
CU001652,44,f,Salaried,58250,605,andhra pradesh
CU000752,25,MALE,salaried,0,864,Maharashtra
CU001036,42,m,SELF-EMPLOYED,47772,582,Andhra Pradesh
CU002529,29,male,Salaried,"₹49,515",739,maharashtra
CU003689,42,m,Salaried ,33878,492,KARNATAKA
CU002815,25,m,SALARIED,60709,813,
CU003917,21,N/A,Salaried ,"₹75,886",659,Delhi
CU000152,34,f,SELF-EMPLOYED,37780,784,UP
CU001033,26,Male,Salaried ,-,unknown,WB
CU000461,29,MALE,N/A,67508,598,MH
CU002712,53,m,Salaried,29462,unknown,MH
CU003705,36,m,SALARIED,42027,776,gujarat
CU003569,44,M,SELF-EMPLOYED,12000,unknown,Kerala
CU000347,40,MALE,SALARIED,67972,718,Karnatka
CU001421,50,m,salaried,54828,569,KARNATAKA
CU000131,38,F,SELF-EMPLOYED,35446,773,uttar pradesh
CU000583,41,MALE,Self-Employed,13703,741,TELANGANA
CU001671,41,M,Salaried ,39200,660,DELHI
CU004587,35,FEMALE,salaried,56985,617,Delhi
CU001942,39,Male,salaried,-,695,Tamil Nadu
CU003854,40,Male,Salaried ,59358,861,Tamilnadu
CU004404,35,m,self employed,54734,561,karnataka
CU000707,38,m,Salaried,-,529,AP
CU002908,50,MALE,SALARIED,29383,636,Maharashtra
CU004324,49,F,SALARIED,70845,554,Maharashtra
CU002046,34,MALE,Salaried ,-,661,kerala
CU002071,21,MALE,Self Employed,24603,768,West Bengal
CU001387,38,Female,salaried,46513,574,Uttar Pradesh
CU003068,35,Male,salaried,90251,634,Gujrat
CU001011,0,male,selfemployed,30340,540,GJ
CU004323,38,Male,Salaried ,"₹68,269",unknown,Telangana
CU001401,21,MALE,selfemployed,51629,564,telangana
CU001018,29,M,Self-Employed,"₹33,688",637,maharashtra
CU000840,23,FEMALE,salaried,70921,580,West Bengal
CU002674,37,M,N/A,67240,630,TELANGANA
CU001883,45,FEMALE,Salaried ,21515,686,tamil nadu
CU001650,52,MALE,Salaried,"₹12,000",677,West Bengal
CU000193,33,MALE,Salaried,65883,732,GJ
CU002094,31,male,self employed,48643,760,Maharastra
CU003747,33,male,SALARIED,80788,681,TamilNadu
CU002827,31,MALE,Self-Employed,60775,778,Gujarat
CU002271,49,F,SALARIED,19995,708,WestBengal
CU001302,22,F,SELF-EMPLOYED,32977,-300,TN
CU004181,31,f,Salaried,49844,510,gujarat
CU000522,28,N/A,selfemployed,12000,596,Maharastra
CU001752,26,male,SALARIED,34240,unknown,Maharashtra
CU004371,21,Female,Self-Employed,30429,737,WestBengal
CU001557,32,Male,Salaried,72061,unknown,uttar pradesh
CU003054,33,m,Salaried ,-,851,maharashtra
CU002137,27,f,Self Employed,"₹67,168",unknown,
CU002193,47,Male,SALARIED,38792,712,UP
CU000601,37,male,SALARIED,35966,578,Maharashtra
CU003771,40,FEMALE,Salaried ,48205,712, Kerala
CU001464,36,m,salaried,40012,575,UP
CU001202,53,female,SELF-EMPLOYED,48308,555,Kerala 
CU001431,37,m,selfemployed,68136,654,telangana
CU000088,56,F,N/A,68588,unknown,telangana
CU003316,21,female,SALARIED,42833,631,Maharashtra
CU002297,34,m,N/A,"₹59,250",999,Andhra Pradesh
CU004318,38,Male,SALARIED,42365,626,GJ
CU003897,34,MALE,SALARIED,48847,669,kerala
CU004238,38,MALE,self employed,"₹61,035",589,kerala
CU004099,43,male,Salaried ,-,752,KARNATAKA
CU003940,47,Female,Salaried ,"₹22,013",772,DELHI
CU000688,29,MALE,self employed,"₹12,000",unknown,gujarat
CU002951,24,Female,Self Employed,57502,840,GJ
CU002628,33,MALE,SELF-EMPLOYED,66650,620,Uttar Pradesh 
CU001143,27,male,Salaried,"₹39,861",554,Delhi
CU001859,33,m,Salaried,38766,unknown,Tamilnadu
CU000011,23,F,SALARIED,"₹30,603",710,TELANGANA
CU003082,24,m,SALARIED,"₹58,873",745,TN
CU002631,44,FEMALE,Salaried,48235,711,kerala
CU004191,38,F,SALARIED,26917,668,Keral
CU003129,31,f,Salaried ,12000,775,Tamil Nadu
CU003008,35,male,Salaried ,63126,698,GJ
CU002944,45,m,Salaried ,50596,703,Tamilnadu
CU002726,32,FEMALE,Self Employed,41307,575,TamilNadu
CU004296,57,m,Self Employed,39661,830,Andhra Pradesh
CU003876,44,MALE,Self Employed,"₹38,471",718,TamilNadu
CU000959,28,f,salaried,25715,unknown,New Delhi
CU002031,51,f,Self Employed,"₹40,755",595,telangana
CU004286,47,MALE,salaried,"₹90,570",660,KARNATAKA
CU000249,35,f,Salaried ,72514,664,tamil nadu
CU001876,40,f,Salaried,57938,618,Kerala
CU002873,28,FEMALE,SALARIED,67956,738,TN
CU000624,39,F,Salaried ,22954,741,Andhra Pradesh
CU001947,28,f,salaried,34071,575,telangana
CU004389,46,male,salaried,12641,549,Andhra Pradesh 
CU001746,28,MALE,SALARIED,"₹22,161",685,AP
CU000570,26,male,Salaried,56975,740,Tamil Nadu
CU004401,53,m,SALARIED,61627,689,kerala
CU002444,21,Male,self employed,62206,430,Uttar Pradesh
CU003736,36,f,Salaried ,"₹31,911",736, Kerala
CU000437,31,f,self employed,53638,787,Tamilnadu
CU003094,53,MALE,salaried,-,722,MH
CU001526,37,female,selfemployed,-,776,Andhra Pradesh
CU003491,31,M,Salaried ,62585,704,tamil nadu
CU001166,45,MALE,N/A,23923,718,Tamil Nadu
CU003835,34,m,self employed,65695,582,delhi
CU003330,40,Male,Salaried ,63407,776,Karnatka
CU000229,31,F,Self Employed,52916,630,Kerala 
CU001499,37,m,N/A,65613,632,TamilNadu
CU001674,43,MALE,Salaried ,53193,626,uttar pradesh
CU001409,21,N/A,salaried,51719,unknown,TELANGANA
CU001658,37,Male,salaried,28846,644,WB
CU003044,46,m,SELF-EMPLOYED,"₹31,652",712,Andhra Pradesh 
CU003181,28,Male,salaried,48300,790,karnataka
CU002729,22,Male,SALARIED,56042,648,WB
CU000449,38,m,Salaried ,44813,650,WestBengal
CU003188,60,Male,SALARIED,"₹12,000",882,tamil nadu
CU000803,62,M,N/A,50295,728,delhi
CU002384,50,Female,salaried,29890,880,AP
CU002744,21,male,SELF-EMPLOYED,-,675,TELANGANA
CU003585,40,m,Self Employed,59180,869,Gujarat
CU004037,40,Male,Salaried ,-,638,Kerala 
CU001648,21,Male,SALARIED,37831,569,karnataka
CU002756,23,f,self employed,83585,670,Gujrat
CU002304,65,m,salaried,35256,480,delhi
CU003935,39,FEMALE,Salaried,25682,666,Gujarat
CU002108,22,f,salaried,54694,652,tamil nadu
CU003588,49,Male,Salaried ,46961,772,Gujarat
CU001738,29,MALE,Self-Employed,51495,732,TN
CU002430,28,m,salaried,"₹90,379",696,Uttar Pradesh
CU004554,32,M,SALARIED,48456,489,andhra pradesh
CU003829,32,MALE,Self Employed,70862,705,
CU004531,21,f,SELF-EMPLOYED,70343,793,West Bengal
CU000823,21,Female,Self Employed,20431,493,TamilNadu
CU001626,26,M,selfemployed,"₹38,539",646,New Delhi
CU001950,22,Female,salaried,55673,814,tamil nadu
CU003020,34,f,Salaried ,47940,782,Uttar Pradesh
CU004100,21,M,Self Employed,22934,702,Karnatka
CU001040,44,FEMALE,N/A,25111,702,Kerala
CU002103,34,female,Salaried,"₹49,540",669,Delhi
CU001678,35,M,self employed,30464,601,WB
CU001150,29,M,SALARIED,"₹66,842",630,DELHI
CU003908,23,f,self employed,"₹28,679",603,Maharastra
CU002583,21,MALE,Self Employed,40731,790,West Bengal
CU003694,47,Female,SELF-EMPLOYED,"₹51,901",596,WB
CU003901,35,MALE,salaried,12000,778,KARNATAKA
CU002537,41,m,Salaried ,44370,815,Kerala
CU002472,40,Male,Salaried,76085,803,andhra pradesh
CU003529,31,Female,SALARIED,59253,693,West Bengal
CU000596,54,MALE,Self Employed,84741,unknown,telangana
CU002922,35,male,self employed,33298,785,TN
CU004074,27,M,Self Employed,"₹32,940",561,maharashtra
CU003962,31,FEMALE,Salaried ,56454,578,tamil nadu
CU004354,26,Male,Salaried ,59549,481,WB
CU002970,39,Male,Self-Employed,52238,unknown,Maharashtra
CU000504,22,male,Self-Employed,0,702,UP
CU000899,47,Male,SALARIED,"₹49,152",600,gujarat
CU002378,24,f,Self Employed,78846,656,West Bengal
CU001146,22,FEMALE,selfemployed,61387,718,WestBengal
CU001101,36,F,self employed,28743,493,delhi
CU002994,41,F,SELF-EMPLOYED,50438,675,Andhra Pradesh 
CU000918,32,FEMALE,SELF-EMPLOYED,-,512,TELANGANA
CU002227,23,female,SALARIED,47928,784,Karnataka
CU001152,44,FEMALE,Salaried,15590,unknown,TELANGANA
CU004228,41,M,Salaried ,68084,668,TELANGANA
CU003001,37,MALE,Salaried,28179,744,Karnataka
CU000560,33,M,Salaried ,62169,658,MH
CU003961,38,Male,selfemployed,50033,636,telangana
CU002997,37,MALE,Salaried,12000,614,delhi
CU003951,31,MALE,salaried,"₹26,531",696,maharashtra
CU003804,31,m,SALARIED,45741,614,Telangana
CU004511,32,Male,salaried,39515,718,Telangana
CU004129,23,FEMALE,Salaried ,38628,583,TELANGANA
CU003452,55,N/A,Self-Employed,34399,643,uttar pradesh
CU000708,48,Female,SALARIED,53826,614,telangana
CU003231,55,Male,SALARIED,64214,512,maharashtra
CU000584,34,Female,Salaried ,51701,708,Keral
CU001209,51,FEMALE,Self-Employed,"₹49,209",665,karnataka
CU003474,34,female,salaried,"₹25,639",629,West Bengal
CU000423,21,f,self employed,39279,unknown,Maharastra
CU002652,45,male,Self Employed,-,739,tamil nadu
CU004120,30,Male,salaried,88023,842,WB
CU004440,37,MALE,SALARIED,27787,582,tamil nadu
CU001388,30,M,SALARIED,"₹17,924",746,Keral
CU004088,34,m,Salaried ,0,unknown,west bengal
CU004509,38,M,Salaried ,24130,659,Maharashtra
CU002373,31,FEMALE,salaried,"₹37,512",596,Tamil Nadu
CU004038,42,M,Self Employed,27070,unknown,WB
CU003595,36,f,Salaried,53313,771,MH
CU003292,45,MALE,Salaried,28715,628,New Delhi
CU001567,21,Male,SALARIED,87432,694,WB
CU000689,27,MALE,salaried,12374,799,tamil nadu
CU004272,38,Male,SELF-EMPLOYED,39210,833,west bengal
CU003040,29,MALE,selfemployed,12000,632,Andhra Pradesh 
CU000228,46,M,Salaried,74530,804,Andhra Pradesh 
CU003775,31,male,Salaried,"₹68,949",687,andhra pradesh
CU001572,49,Male,SALARIED,19181,unknown,Andhra Pradesh 
CU004007,32,m,SALARIED,51726,774,New Delhi
CU000207,37,F,SALARIED,49866,unknown,TN
CU000222,33,F,Salaried ,-,628,TamilNadu
CU000274,42,male,Salaried,-,686,Delhi
CU002719,22,M,SALARIED,88684,703,TN
CU003911,30,male,SALARIED,36594,unknown,delhi
CU002960,29,Male,SALARIED,39117,582,telangana
CU002189,35,male,Salaried ,12000,692,maharashtra
CU004222,39,m,N/A,54262,647,West Bengal
CU002587,41,MALE,self employed,54045,830,delhi
CU004069,31,male,selfemployed,41049,871,Karnataka
CU002731,46,m,Salaried,43227,680,telangana
CU004343,47,FEMALE,selfemployed,12000,620,New Delhi
CU001222,53,m,Salaried,-,714,delhi
CU000102,30,Male,salaried,-5000,586,uttar pradesh
CU002118,49,Male,N/A,72152,667,telangana
CU001191,45,Male,SALARIED,40562,708,uttar pradesh
CU003965,35,MALE,self employed,23227,712,Gujarat
CU004494,24,M,SALARIED,47823,531,New Delhi
CU003325,35,m,Self Employed,"₹36,928",757,KERALA
CU001570,23,Male,SELF-EMPLOYED,61265,604,KARNATAKA
CU002969,38,Male,salaried,28648,900,Maharashtra
CU001046,36,Male,SALARIED,"₹42,707",703,delhi
CU000087,47,male,salaried,"₹33,461",561,gujarat
CU002528,39,FEMALE,Self-Employed,34114,583,delhi
CU003355,35,Male,Salaried ,20683,695,Gujrat
CU001809,31,m,Salaried,39698,701,UP
CU000826,29,male,Salaried,48621,797,UP
CU000345,45,m,salaried,19914,721,DELHI
CU000644,21,M,N/A,69119,749,Maharastra
CU000433,44,male,salaried,48894,781,Telangana
CU000500,31,MALE,self employed,35711,721,Andhra Pradesh 
CU001637,40,m,Salaried ,35704,840,Tamil Nadu
CU004091,36,Male,SALARIED,43421,609,Maharashtra
CU003925,47,male,salaried,32136,674,Delhi
CU003706,41,M,Self-Employed,22776,649,andhra pradesh
CU002926,47,female,salaried,12000,584,delhi
CU000817,52,F,Salaried ,15517,unknown,WB
CU001317,39,male,Self Employed,"₹66,883",876,telangana
CU004524,52,Male,SALARIED,32709,775,Maharashtra
CU002895,51,MALE,Salaried ,46848,652,telangana
CU002136,40,m,Salaried,"₹47,286",unknown,TELANGANA
CU004061,40,M,self employed,89224,645,uttar pradesh
CU000510,34,Female,N/A,39120,673,maharashtra
CU000147,30,female,N/A,47128,441,WestBengal
CU002337,21,male,salaried,22830,633,gujarat
CU004352,27,female,Salaried ,72074,unknown,andhra pradesh
CU000872,34,Female,Salaried,77867,712,TN
CU003346,45,MALE,salaried,75318,551,Delhi
CU001537,42,male,self employed,"₹14,553",681,AP
CU004459,34,female,SALARIED,46323,671,Uttar Pradesh
CU003457,33,Male,Salaried,72415,746,WestBengal
CU001271,43,f,SELF-EMPLOYED,32012,706,MH
CU001197,36,Male,Salaried ,77734,636,DELHI
CU004469,28,FEMALE,Self Employed,51950,546,gujarat
CU000471,36,M,SELF-EMPLOYED,78229,unknown,DELHI
CU002940,42,M,Salaried,51992,698,Keral
CU002159,36,M,SALARIED,46909,525,west bengal
CU001790,47,FEMALE,self employed,63420,636,Uttar Pradesh 
CU003486,43,MALE,SALARIED,-,789,MH
CU003627,23,m,Salaried ,70834,644,West Bengal
CU000205,40,Male,salaried,33718,738,KERALA
CU000775,44,M,Salaried,47461,700,maharashtra
CU002055,39,M,Self Employed,42829,unknown,gujarat
CU003270,40,MALE,SALARIED,69743,798,KERALA
CU001767,27,Male,salaried,51779,782,Uttar Pradesh
CU001042,28,Female,self employed,57911,681,Telangana
CU001841,47,f,salaried,37377,571,Tamilnadu
CU004320,35,Female,salaried,41629,715,Uttar Pradesh 
CU002038,51,m,selfemployed,14883,675,MH
CU003676,50,M,self employed,-,639,MH
CU000603,46,FEMALE,Salaried ,32368,702,MH
CU002277,28,male,Salaried,35182,641,Karnataka
CU001553,29,m,salaried,58744,636,Tamilnadu
CU001503,39,Male,Salaried,28702,623,MH
CU003042,43,Male,Self Employed,32402,711,Andhra Pradesh
CU000305,34,male,SALARIED,"₹48,693",558,TELANGANA
CU001755,29,m,self employed,46806,683,TELANGANA
CU001216,37,female,SALARIED,45629,742,Karnatka
CU002474,44,MALE,SALARIED,"₹71,590",626,Uttar Pradesh 
CU004126,40,m,selfemployed,-,707,Telangana
CU001816,24,m,Salaried ,"₹37,471",708,Keral
CU004054,46,Male,Self-Employed,41855,764,MH
CU003272,47,f,Salaried,"₹30,055",603,Gujrat
CU001452,40,MALE,selfemployed,-5000,710,MH
CU002127,34,f,Salaried,76748,715,Andhra Pradesh
CU004213,39,MALE,Salaried ,20533,897,TN
CU001904,35,m,Salaried ,62621,728,West Bengal
CU000980,32,male,Self-Employed,52908,593,Uttar Pradesh 
CU002301,33,M,Salaried ,77586,571,Gujarat
CU000550,29,M,salaried,52349,651,Uttar Pradesh 
CU003497,25,MALE,SELF-EMPLOYED,-,576,Maharastra
CU004444,50,m,SALARIED,35034,770,Gujrat
CU003228,34,FEMALE,SALARIED,"₹12,000",683,telangana
CU000219,44,FEMALE,self employed,-,unknown,Andhra Pradesh
CU003031,37,M,Salaried ,40476,546,Keral
CU001426,29,female,self employed,56578,721,andhra pradesh
CU000859,34,female,SALARIED,29548,626,andhra pradesh
CU001272,35,Male,Salaried,"₹68,543",692,
CU002868,33,M,self employed,26875,797,Maharashtra
CU000577,34,F,Salaried ,-,598,Tamilnadu
CU003091,42,m,Salaried ,55400,563,karnataka
CU002100,40,Male,SELF-EMPLOYED,67468,unknown,Uttar Pradesh
CU003605,43,f,salaried,65502,617,Tamilnadu
CU001453,32,FEMALE,Salaried,-,565,Karnatka
CU001052,35,Male,SELF-EMPLOYED,57552,654,Uttar Pradesh 
CU002839,25,MALE,Salaried,83526,523,Karnataka
CU002779,33,m,salaried,41302,884,UP
CU000446,28,female,self employed,66204,900,Gujarat
CU002513,31,Male,Self Employed,13590,unknown,Andhra Pradesh
CU001423,39,male,Self-Employed,30925,436,Kerala 
CU002411,31,MALE,Salaried,12623,621,TELANGANA
CU000628,150,MALE,Self Employed,12000,489,Telangana
CU000348,44,Male,selfemployed,28448,687,DELHI
CU000342,30,male,Salaried,12000,759,Uttar Pradesh 
CU003398,52,M,N/A,12000,842,Tamil Nadu
CU000778,51,f,SELF-EMPLOYED,19598,705,DELHI
CU002704,36,male,Salaried ,"₹60,141",742,maharashtra
CU002544,21,Male,salaried,18496,869,Maharashtra
CU000304,30,Male,self employed,85267,692,TamilNadu
CU000927,42,Male,selfemployed,"₹43,849",698,Karnataka
CU002654,38,MALE,Salaried ,12000,631,
CU000676,42,Female,Salaried ,65834,732,TamilNadu
CU000585,42,MALE,Salaried ,0,748,Maharastra
CU002013,29,MALE,Self-Employed,23082,unknown,Maharastra
CU002708,39,Male,SALARIED,70681,664,TamilNadu
CU004278,43,male,Salaried ,60679,unknown,TamilNadu
CU002666,51,male,Salaried ,64338,unknown,andhra pradesh
CU000242,57,FEMALE,Salaried,62401,724,Karnataka
CU001863,50,M,Salaried ,55549,615,KARNATAKA
CU003978,42,Male,Self Employed,54569,728,DELHI
CU003444,45,M,salaried,36914,606,MH
CU003386,46,MALE,salaried,38411,557,New Delhi
CU003250,40,F,self employed,34967,658,Delhi
CU002291,33,male,Salaried,"₹47,912",700,AP
CU003756,41,Female,Salaried,21433,581,TELANGANA
CU004411,38,Male,Salaried,12000,unknown,TN
CU000897,53,M,Self-Employed,14390,658,kerala
CU002693,31,male,SALARIED,-,466,Andhra Pradesh 
CU001377,34,MALE,SALARIED,33284,766,uttar pradesh
CU003991,46,F,SALARIED,59475,575, Kerala
CU002988,23,M,Salaried ,55431,783,WB
CU004276,55,M,Salaried,61976,715,Gujarat
CU002823,47,m,Salaried,"₹59,419",688,TELANGANA
CU000478,34,FEMALE,Salaried,12000,818,MH
CU002723,35,f,SALARIED,"₹42,316",584,TN
CU000338,55,m,SELF-EMPLOYED,32955,722,Andhra Pradesh
CU001896,33,male,Salaried,67154,730,Uttar Pradesh 
CU003820,26,Male,Salaried,15894,758,Gujarat
CU004239,36,MALE,SELF-EMPLOYED,43597,837, Kerala
CU000636,44,male,salaried,46961,796,Telangana
CU000621,32,MALE,Salaried ,28254,630,Tamilnadu
CU002296,21,female,Salaried,52086,761,uttar pradesh
CU002119,42,male,Salaried,35066,763,Uttar Pradesh 
CU001659,150,female,Salaried,-,561,New Delhi
CU003609,35,Female,SALARIED,56259,687,Uttar Pradesh 
CU004014,56,Female,Salaried,88439,648,West Bengal
CU003699,24,m,SELF-EMPLOYED,40348,631,TamilNadu
CU004540,25,M,Salaried,12000,750,Uttar Pradesh
CU004441,28,male,selfemployed,"₹53,310",659,Telangana
CU003401,37,MALE,salaried,50471,558,
CU000682,34,Female,SALARIED,12000,798,TamilNadu
CU003674,31,MALE,selfemployed,88297,798,WB
CU003971,30,female,Salaried ,46493,589,west bengal
CU001262,46,female,salaried,-,726,
CU003004,38,MALE,SALARIED,42255,unknown,Maharastra
CU004200,42,M,Self Employed,25614,755,andhra pradesh
CU001951,34,F,Salaried ,74589,753,Karnatka
CU004085,43,Male,salaried,38696,616,Kerala 
CU002847,40,male,SALARIED,76596,unknown,Telangana
CU003219,43,Male,SALARIED,28739,617,uttar pradesh
CU000736,27,m,SALARIED,55119,614,Uttar Pradesh
CU000537,44,m,salaried,-,unknown,maharashtra
CU002335,38,m,salaried,46425,737,KERALA
CU004173,48,F,salaried,47946,696,MH
CU001350,36,Female,SALARIED,27320,691,TamilNadu
CU000867,43,Male,SELF-EMPLOYED,73946,802,Maharastra
CU003767,50,M,SALARIED,-,548,DELHI
CU004530,35,FEMALE,selfemployed,"₹32,198",570,uttar pradesh
CU000123,49,Male,self employed,50088,636,Telangana
CU004293,35,Male,salaried,24913,738,West Bengal
CU001768,26,MALE,SELF-EMPLOYED,38330,759,Uttar Pradesh
CU002637,-1,Male,Self Employed,-,-300,Kerala
CU004138,41,m,Self Employed,"₹29,678",unknown,Gujrat
CU001608,41,M,SELF-EMPLOYED,38746,608,GJ
CU002096,58,male,Self-Employed,39036,617,UP
CU003490,49,male,salaried,69148,647,delhi
CU003617,31,M,selfemployed,26140,794,Maharastra
CU003834,0,female,Self Employed,56085,752,AP
CU004506,27,male,Salaried,18865,802,TN
CU001507,42,Female,SALARIED,35676,unknown,Uttar Pradesh
CU003681,44,M,SELF-EMPLOYED,28932,726,New Delhi
CU002416,44,Male,N/A,56231,662,TN
CU000672,56,FEMALE,SELF-EMPLOYED,49680,657,West Bengal
CU001194,35,FEMALE,Salaried,66803,612,Maharashtra
CU001221,31,m,SALARIED,12000,786,Telangana
CU001195,21,FEMALE,Self Employed,44575,650,Tamil Nadu
CU003560,55,MALE,Salaried,42828,772,WB
CU001699,54,male,SELF-EMPLOYED,12000,693,GJ
CU004006,29,f,Salaried ,"₹18,616",665,Andhra Pradesh
CU003193,38,M,SELF-EMPLOYED,81907,772,Karnatka
CU000371,26,m,Salaried ,68753,705,DELHI
CU000486,37,M,SELF-EMPLOYED,37833,unknown,UP
CU003480,49,m,SALARIED,"₹30,450",570,andhra pradesh
CU000521,41,Male,Salaried,44026,659,WB
CU000572,45,female,Salaried ,53195,602,KARNATAKA
CU001944,60,Male,selfemployed,-,845,TELANGANA
CU000948,22,m,Salaried,12000,684,MH
CU004266,56,Female,Self-Employed,25408,607,KERALA
CU001490,56,MALE,N/A,59985,626,Gujarat
CU003772,33,Male,Salaried,25447,772,telangana
CU002322,40,male,Salaried ,58552,679,Andhra Pradesh
CU001097,27,M,Self Employed,36194,568,andhra pradesh
CU002125,39,MALE,self employed,38965,743,andhra pradesh
CU002535,62,Female,salaried,52367,767,Uttar Pradesh
CU003867,39,FEMALE,SELF-EMPLOYED,"₹50,157",572,Gujrat
CU000511,22,M,SELF-EMPLOYED,"₹37,859",725,Maharastra
CU003473,49,F,Salaried ,42006,592,Karnatka
CU003163,43,FEMALE,SELF-EMPLOYED,38559,695,Andhra Pradesh
CU001360,26,F,salaried,68985,677,TELANGANA
CU001108,22,FEMALE,selfemployed,45825,773,DELHI
CU000534,51,m,salaried,34940,703,AP
CU002870,56,Male,N/A,43367,647,KARNATAKA
CU001662,42,Male,Salaried,66458,603,Uttar Pradesh
CU003186,39,M,Self-Employed,24244,812,Telangana
CU001731,51,male,SALARIED,"₹86,988",688,WB
CU004157,47,MALE,SALARIED,17032,716,New Delhi
CU001003,31,MALE,Salaried,48924,679,WestBengal
CU003651,48,male,salaried,64227,822,KERALA
CU003451,46,Male,Self Employed,45694,518,Tamilnadu
CU003256,44,MALE,SALARIED,93719,559,Uttar Pradesh 
CU000884,41,m,Salaried ,54205,697,delhi
CU001689,23,m,selfemployed,19037,587,Tamil Nadu
CU001348,28,m,SALARIED,47868,758,TamilNadu
CU002782,33,FEMALE,SELF-EMPLOYED,"₹16,339",877,West Bengal
CU001709,25,MALE,Salaried ,"₹27,280",864,GJ
CU004442,31,Male,salaried,47701,764,WB
CU003690,51,F,Self Employed,12000,656,WestBengal
CU000671,25,F,salaried,-,614,New Delhi
CU001267,38,M,Salaried ,58959,721,KERALA
CU002677,39,FEMALE,SALARIED,65541,704,Uttar Pradesh
CU001552,28,MALE,Self-Employed,80063,647,New Delhi
CU004179,53,male,self employed,48411,725,karnataka
CU004420,37,m,salaried,79433,655,west bengal
CU003741,34,m,salaried,40279,777,gujarat
CU004216,49,m,Salaried,35757,684,Tamil Nadu
CU004012,44,m,Self Employed,44441,unknown,west bengal
CU002703,51,N/A,Salaried ,-,840, Kerala
CU001366,42,female,selfemployed,12000,770,DELHI
CU004386,42,male,self employed,62861,693,WestBengal
CU002228,36,MALE,salaried,78714,621,DELHI
CU000364,63,FEMALE,Self Employed,"₹48,887",648,TamilNadu
CU003916,39,female,self employed,46114,739,New Delhi
CU003777,45,m,Salaried,49271,703, Kerala
CU000615,42,m,SALARIED,52374,654,UP
CU001761,36,Female,Salaried,35208,unknown,TELANGANA
CU000092,43,MALE,Self Employed,14317,794,WestBengal
CU001645,22,Male,SELF-EMPLOYED,21916,798,west bengal
CU003983,35,Female,SALARIED,38438,715,WestBengal
CU001965,45,f,SELF-EMPLOYED,44850,716, Kerala
CU002681,47,m,N/A,"₹70,410",609,karnataka
CU003439,37,Female,Salaried,64735,746,Kerala 
CU003391,44,m,SALARIED,15487,780,Uttar Pradesh
CU002409,26,m,salaried,32547,794,TN
CU002698,44,FEMALE,SALARIED,50896,662,Uttar Pradesh 
CU001662,42,Male,Salaried,66458,603,Uttar Pradesh
CU004163,41,Female,salaried,21652,unknown,TELANGANA
CU004472,36,MALE,Salaried ,29785,702,Uttar Pradesh
CU002568,31,male,salaried,22272,700,Gujarat
CU000259,28,m,self employed,40507,689,Maharastra
CU001497,39,Female,Salaried,39146,605,Telangana
CU001603,41,Male,Salaried ,40378,611,karnataka
CU004206,39,FEMALE,Self-Employed,56013,758,Tamilnadu
CU003668,37,m,Salaried ,65890,693,Karnataka
CU000971,29,Female,Salaried,46997,635,telangana
CU002822,31,Male,Self-Employed,67673,560,KERALA
CU001306,58,M,salaried,"₹45,697",556,tamil nadu
CU002857,38,Male,Salaried,45787,689,Uttar Pradesh
CU001783,44,F,Salaried ,36799,689,MH
CU001364,38,MALE,Salaried,29880,712,DELHI
CU001469,41,Female,salaried,12000,607,TN
CU001946,39,FEMALE,Self-Employed,-,571,Uttar Pradesh
CU003643,22,male,Salaried ,66107,702, Kerala
CU002324,37,Male,Salaried,15456,634,Maharashtra
CU000271,31,Male,Salaried,20521,701,AP
CU004593,38,f,Salaried,"₹28,431",719,KERALA
CU001697,39,MALE,salaried,12000,608,MH
CU004565,45,m,salaried,73267,708,Uttar Pradesh
CU001912,35,Male,Self Employed,"₹58,585",616,KARNATAKA
CU004521,52,f,SALARIED,76257,687,
CU001820,33,m,SELF-EMPLOYED,56372,714,GJ
CU000407,26,MALE,Self Employed,63383,805,KARNATAKA
CU001806,48,N/A,Self Employed,41255,772,DELHI
CU003827,32,female,Self Employed,61456,791,TELANGANA
CU002717,43,MALE,Salaried ,34400,758,Telangana
CU002938,51,Male,SELF-EMPLOYED,57794,720,Tamilnadu
CU004142,37,male,Salaried ,45115,unknown,Keral
CU004321,28,m,SALARIED,45640,601,WB
CU004316,39,FEMALE,SALARIED,39982,unknown,WestBengal
CU001545,41,m,N/A,69869,652,tamil nadu
CU003860,29,FEMALE,SALARIED,55876,599,gujarat
CU001224,35,male,Salaried ,47267,721,gujarat
CU004257,43,m,salaried,53218,627,karnataka
CU003416,33,m,N/A,45526,696,west bengal
CU001092,34,M,selfemployed,65969,723,WB
CU000692,33,Male,Salaried,18657,749, Kerala
CU001242,38,F,salaried,52194,unknown,WB
CU000104,40,female,self employed,"₹42,753",660,DELHI
CU003437,52,M,Self-Employed,63759,776,telangana
CU001632,46,male,SALARIED,39712,610,MH
CU004393,44,Male,Salaried,54755,746,Kerala 
CU000684,37,M,salaried,45826,719,KERALA
CU002580,41,f,self employed,82504,689,gujarat
CU002942,41,F,SALARIED,56314,683,Kerala 
CU003542,40,male,salaried,22347,794,KERALA
CU002449,40,Male,Salaried ,43072,791,Maharastra
CU003274,53,F,selfemployed,61399,765,telangana
CU003759,55,Male,Salaried,27944,541,tamil nadu
CU003998,37,M,Salaried ,-,753,MH
CU000200,40,M,Self Employed,36071,697,Keral
CU004147,34,f,Salaried ,27444,614,karnataka
CU003139,26,m,Salaried ,69028,706,KERALA
CU002122,49,m,SALARIED,"₹23,486",710,kerala
CU003187,31,MALE,SELF-EMPLOYED,75710,844,tamil nadu
CU001814,45,Male,SELF-EMPLOYED,-,558,DELHI
CU000040,41,Female,N/A,45260,810,Gujrat
CU000069,43,Female,Salaried,40956,754,Gujrat
CU002183,21,female,selfemployed,43337,725,uttar pradesh
CU002538,21,FEMALE,Self Employed,67939,674,Delhi
CU000680,25,F,SELF-EMPLOYED,-,611,Delhi
CU003717,25,m,SALARIED,51654,774,Telangana
CU003532,30,male,Self Employed,23047,725,Keral
CU003809,24,M,Salaried ,"₹24,148",739,delhi
CU000366,49,M,selfemployed,12000,625,Delhi
CU000734,39,FEMALE,Self Employed,53009,691,Uttar Pradesh
CU004563,50,Female,selfemployed,0,unknown,andhra pradesh
CU002072,35,Male,salaried,-,787,Gujrat
CU000955,40,female,Self-Employed,29470,619,maharashtra
CU000288,43,female,Salaried,46289,502,Kerala
CU004572,34,Male,SALARIED,"₹48,337",unknown,Uttar Pradesh 
CU002168,27,Female,SELF-EMPLOYED,23586,609,Telangana
CU002755,21,Male,Salaried,53580,699,Telangana
CU001582,56,f,salaried,"₹33,311",900,Uttar Pradesh
CU002029,30,FEMALE,Self Employed,66490,806,Gujrat
CU002063,42,M,Salaried,76523,488,Andhra Pradesh 
CU003301,35,male,N/A,13762,619,Karnataka
CU002773,31,MALE,Salaried,18335,655,uttar pradesh
CU004339,29,F,SALARIED,60131,571,andhra pradesh
CU002312,40,Male,SELF-EMPLOYED,"₹70,627",509,WB
CU002067,40,female,Salaried ,44099,596,Uttar Pradesh 
CU003541,54,m,SALARIED,27587,808,Andhra Pradesh 
CU000794,37,M,salaried,"₹50,173",699,Keral
CU002608,48,female,SELF-EMPLOYED,20946,590,gujarat
CU003836,37,m,Salaried ,61719,769,TamilNadu
CU001733,32,M,selfemployed,-,643,TELANGANA
CU002933,65,m,selfemployed,71888,692,Andhra Pradesh
CU001098,50,F,Self-Employed,59620,728,New Delhi
CU001598,45,M,Salaried ,0,707,UP
CU001294,48,male,SALARIED,"₹41,477",419,uttar pradesh
CU003405,42,M,SELF-EMPLOYED,"₹12,000",700,Andhra Pradesh 
CU002862,27,MALE,SALARIED,51994,457,delhi
CU003311,26,F,Self Employed,"₹46,607",878,Telangana
CU002426,52,male,SALARIED,68703,760,Andhra Pradesh 
CU002057,52,M,SALARIED,12000,645,KARNATAKA
CU002131,39,female,salaried,-,675,Karnatka
CU004534,34,MALE,Salaried,30914,730,DELHI
CU000829,28,N/A,SALARIED,24682,570,WestBengal
CU004356,26,M,Self-Employed,65860,733,tamil nadu
CU004112,33,male,Self-Employed,39475,807,karnataka
CU004501,35,Male,Self Employed,48611,733,maharashtra
CU004532,25,Male,SALARIED,50865,524,maharashtra
CU003294,49,f,N/A,58677,unknown,Telangana
CU001596,36,F,salaried,54492,743,gujarat
CU004011,37,Female,Salaried ,23935,643,Uttar Pradesh 
CU004128,42,M,Salaried ,17924,736,TELANGANA
CU000765,43,male,Self Employed,34327,834,delhi
CU003566,52,m,SELF-EMPLOYED,"₹45,759",692,TELANGANA
CU001593,27,M,salaried,25554,700,KERALA
CU002890,38,N/A,self employed,26836,642,gujarat
CU001422,52,m,Self Employed,29768,unknown,West Bengal
CU000655,40,m,selfemployed,-,508,andhra pradesh
CU002346,51,Male,Self Employed,13555,652,DELHI
CU000284,47,Male,SALARIED,55730,599,Andhra Pradesh
CU002574,25,Female,Salaried ,39316,821,Andhra Pradesh
CU003528,49,female,SALARIED,69168,610,West Bengal
CU002260,36,f,SALARIED,91982,765,uttar pradesh
CU002027,33,Male,Self-Employed,23036,639,KARNATAKA
CU004546,39,M,Salaried ,72557,860,uttar pradesh
CU004310,38,m,Salaried,30712,unknown,Tamilnadu
CU001446,39,MALE,self employed,"₹31,909",495,TELANGANA
CU000982,48,M,SALARIED,25824,558,telangana
CU001154,43,MALE,self employed,20662,802,maharashtra
CU004307,30,f,Self Employed,75054,547,
CU000675,21,m,salaried,60194,unknown,Maharashtra
CU000469,39,female,Salaried,49879,535,Delhi
CU003857,30,N/A,SALARIED,50044,819,Karnatka
CU002526,50,F,SALARIED,"₹12,263",900,Telangana
CU000430,65,Male,Self-Employed,-,705,Delhi
CU003166,33,m,selfemployed,55081,693,karnataka
CU001556,38,f,SALARIED,-,624,
CU001130,26,Male,Salaried,36707,590,WestBengal
CU001211,25,M,SALARIED,-,790,Andhra Pradesh 
CU000917,42,MALE,Salaried ,12000,656,west bengal
CU000167,63,M,N/A,43078,676,TamilNadu
CU004325,48,MALE,self employed,61378,676,andhra pradesh
CU001001,40,female,salaried,-,unknown,DELHI
CU001179,31,Male,selfemployed,48233,689,Tamil Nadu
CU000057,59,Male,Salaried,65649,794,kerala
CU000209,43,Female,Self Employed,53954,unknown,maharashtra
CU002112,47,male,Salaried ,24061,741,Uttar Pradesh
CU004030,39,M,Salaried,66850,unknown,delhi
CU001308,32,male,SELF-EMPLOYED,58717,486,West Bengal
CU003598,29,FEMALE,salaried,45405,542,KERALA
CU000426,42,MALE,self employed,"₹51,161",644,TELANGANA
CU000698,42,FEMALE,Self-Employed,49445,795,AP
CU001266,29,Male,Salaried,54041,647,TN
CU002610,53,Male,SELF-EMPLOYED,52701,436,Karnatka
CU002889,64,M,SALARIED,41624,632,Maharashtra
CU001594,21,Male,Salaried,26435,791,GJ
CU002302,42,m,SALARIED,"₹41,271",636,Karnataka
CU000493,36,FEMALE,salaried,"₹63,433",549,west bengal
CU000962,46,MALE,Salaried ,"₹55,818",758,Tamil Nadu
CU001861,37,female,Salaried,68260,763,gujarat
CU002498,39,Female,salaried,"₹70,738",668,telangana
CU004144,33,N/A,salaried,30925,681,maharashtra
CU000979,29,MALE,salaried,"₹56,067",717,DELHI
CU002743,21,MALE,Salaried ,35546,unknown,West Bengal
CU003671,40,Female,Self Employed,82796,unknown,GJ
CU001827,47,M,self employed,48373,701,Andhra Pradesh
CU002856,26,male,Self-Employed,76167,618,Karnataka
CU003135,30,MALE,Salaried,-,747,andhra pradesh
CU001468,37,MALE,Self Employed,56365,777,Gujrat
CU003780,35,f,self employed,56813,553,telangana
CU000622,46,Female,Self-Employed,22902,699,telangana
CU002897,39,male,Salaried ,25884,786,TELANGANA
CU003071,51,m,Salaried,19624,678,AP
CU001779,32,MALE,self employed,70277,637,kerala
CU000337,26,m,Salaried ,12000,677,Karnataka
CU001084,35,f,SALARIED,-,810,Karnataka
CU000391,33,FEMALE,Salaried ,31151,553,Gujrat
CU000738,32,male,SALARIED,62232,692,TamilNadu
CU000114,29,M,selfemployed,40221,unknown,TamilNadu
CU001069,32,male,SALARIED,"₹42,519",528,DELHI
CU000938,30,Male,Salaried ,25517,743,DELHI
CU002300,36,MALE,SALARIED,70782,unknown,Tamilnadu
CU001874,28,M,SALARIED,58874,822,telangana
CU004290,38,Female,salaried,37591,604,karnataka
CU001016,35,FEMALE,Salaried,45911,736,gujarat
CU000258,51,MALE,Salaried ,25207,764,Andhra Pradesh 
CU002656,41,F,Salaried,42908,554,Maharastra
CU001340,39,M,SALARIED,75606,609,gujarat
CU001153,30,f,N/A,46579,772,KARNATAKA
CU002265,49,M,Self-Employed,45286,642,Maharashtra
CU000993,36,M,Self-Employed,43852,805,KARNATAKA
CU002477,30,m,Self Employed,12000,580,KARNATAKA
CU001010,55,f,SALARIED,52125,793,gujarat
CU003778,43,Male,self employed,42440,unknown,Gujrat
CU002467,39,male,SALARIED,"₹58,513",711,west bengal
CU000527,46,m,SALARIED,75758,771,Karnataka
CU000133,33,male,SELF-EMPLOYED,52546,758,GJ
CU000036,30,male,salaried,82315,722,Tamilnadu
CU000442,30,male,Salaried,61589,unknown,Kerala 
CU000065,35,Female,Salaried ,35139,626,andhra pradesh
CU002030,34,F,SALARIED,55190,unknown,gujarat
CU001669,31,Female,selfemployed,58256,587,Andhra Pradesh
CU004058,35,male,Self-Employed,43120,715,
CU001283,-1,MALE,salaried,25428,479,Andhra Pradesh 
CU002176,51,male,salaried,54915,737,Andhra Pradesh
CU000639,46,N/A,Self Employed,-,599,Andhra Pradesh
CU002559,37,m,salaried,42651,758,Maharashtra
CU001225,36,MALE,salaried,42928,660,maharashtra
CU003243,41,f,SALARIED,62307,735,Delhi
CU003644,48,FEMALE,salaried,44436,677,gujarat
CU001219,31,MALE,salaried,48867,851,Andhra Pradesh
CU001599,37,f,SALARIED,12000,626,Telangana
CU003447,21,Male,Salaried,57457,652,GJ
CU000768,54,m,Salaried,33364,574,maharashtra
CU003728,28,m,Self-Employed,48279,716,Andhra Pradesh
CU001295,54,MALE,self employed,26972,793,New Delhi
CU002718,34,Male,Salaried,"₹12,000",675,karnataka
CU001109,41,male,Salaried ,-,687,Telangana
CU001660,41,M,salaried,28937,614,Andhra Pradesh
CU001745,59,m,Salaried,64556,516,Tamil Nadu
CU001279,39,MALE,N/A,36599,569,Telangana
CU002918,33,f,self employed,72602,730,Andhra Pradesh 
CU003808,38,f,N/A,12000,570,Kerala
CU000130,40,m,SALARIED,61606,602,TamilNadu
CU003832,44,M,selfemployed,"₹47,406",744,west bengal
CU003389,21,F,SALARIED,22762,670,gujarat
CU002452,27,Male,Salaried,44040,556,Karnatka
CU003753,33,MALE,N/A,34859,667,Telangana
CU003423,30,male,SALARIED,55870,781,Telangana
CU000453,41,male,Self-Employed,"₹42,935",460,west bengal
CU001235,21,Male,Salaried,72183,625,TELANGANA
CU004187,44,m,SALARIED,12000,636,Kerala
CU001720,45,F,Self Employed,40758,728,KARNATAKA
CU004433,38,male,SALARIED,55807,711,WestBengal
CU002596,37,m,salaried,42300,615,maharashtra
CU000460,27,MALE,Salaried,52528,598,Uttar Pradesh 
CU003456,34,N/A,SALARIED,38993,573,West Bengal
CU000681,48,m,Salaried ,78108,724,West Bengal
CU002010,26,MALE,Salaried ,52669,590,New Delhi
CU001748,53,M,Self Employed,38467,858,uttar pradesh
CU002573,23,Male,SELF-EMPLOYED,49300,607,andhra pradesh
CU003805,27,m,self employed,54582,803,GJ
CU000362,52,Female,Salaried ,23752,718,delhi
CU001805,37,M,Salaried,-,759,Gujarat
CU004116,50,male,SALARIED,35102,564,Andhra Pradesh 
CU002642,45,f,Salaried,38422,744,Keral
CU000203,53,MALE,SALARIED,43684,549,MH
CU000935,30,Male,Salaried,49064,815,Andhra Pradesh
CU002991,34,female,Salaried,"₹12,000",765,tamil nadu
CU004385,37,F,N/A,36002,561,WestBengal
CU003476,37,m,SALARIED,47653,630,Karnataka
CU000125,46,Male,SELF-EMPLOYED,"₹38,479",496,AP
CU004585,47,MALE,Self Employed,51228,642,GJ
CU001966,21,m,Salaried ,70565,674,tamil nadu
CU000447,41,m,salaried,34820,617,GJ
CU003455,55,M,salaried,13824,853,Tamil Nadu
CU003487,34,female,Salaried ,"₹67,145",865,AP
CU003397,37,m,Self Employed,"₹12,000",603,TELANGANA
CU003446,43,Male,SALARIED,68852,572,Telangana
CU002806,23,m,SELF-EMPLOYED,55672,549,New Delhi
CU003589,33,M,salaried,18355,723,TELANGANA
CU001589,46,MALE,Salaried,44688,623,TELANGANA
CU000936,44,m,self employed,15318,661,Tamil Nadu
CU001451,28,MALE,selfemployed,80969,779,Delhi
CU002821,23,Female,SELF-EMPLOYED,12000,unknown,DELHI
CU001354,49,female,Salaried ,66659,583, Kerala
CU002647,37,female,Salaried ,"₹46,485",-300,KERALA
CU001189,44,female,Salaried ,32740,710,Kerala
CU000218,47,MALE,SELF-EMPLOYED,46192,621,MH
CU001416,-1,MALE,SALARIED,59062,900,west bengal
CU002495,21,Male,SALARIED,"₹24,349",852,Uttar Pradesh 
CU004041,34,male,selfemployed,55037,686,
CU000878,23,male,N/A,31427,651,Tamilnadu
CU002801,27,f,self employed,33013,604,AP
CU002023,39,F,Self-Employed,23739,728,Andhra Pradesh 
CU000067,46,M,SALARIED,57592,747,Karnataka
CU002754,37,F,Salaried,-,unknown,KARNATAKA
CU001482,38,MALE,N/A,58689,642,New Delhi
CU004156,30,male,SALARIED,47614,728,DELHI
CU000737,59,f,SALARIED,"₹68,810",779,Maharashtra
CU001847,36,M,Salaried ,33894,728,WestBengal
CU000273,50,F,self employed,20807,830,Maharastra
CU001491,23,MALE,salaried,44754,719,tamil nadu
CU003019,53,male,SELF-EMPLOYED,47032,840,Andhra Pradesh 
CU003632,34,Male,salaried,79602,528,KARNATAKA
CU001945,36,MALE,Salaried,51947,unknown,AP
CU000661,33,Male,N/A,68078,697,Gujrat
CU001447,41,f,SALARIED,74108,538,west bengal
CU000289,28,MALE,SALARIED,42118,817,UP
CU001777,45,M,N/A,44559,unknown,gujarat
CU001358,39,male,Salaried,64677,691,gujarat
CU003205,43,M,Self Employed,"₹12,000",778,tamil nadu
CU002696,33,f,selfemployed,59998,528,TamilNadu
CU002749,45,m,Self Employed,53846,646,TN
CU004500,39,MALE,Salaried ,33927,708,Delhi
CU002618,28,MALE,salaried,38444,676,tamil nadu
CU000227,54,Male,Self Employed,35822,664,TELANGANA
CU000761,28,male,Salaried ,"₹13,048",724,Uttar Pradesh 
CU000515,44,Male,selfemployed,"₹17,680",unknown,Maharashtra
CU004111,31,MALE,salaried,64374,658,Gujrat
CU001606,38,male,salaried,54409,857,west bengal
CU004527,41,male,salaried,"₹58,887",704,maharashtra
CU003824,31,female,salaried,24439,686,Maharastra
CU003489,38,m,N/A,46235,526,Andhra Pradesh 
CU000801,38,M,N/A,"₹41,995",579,kerala
CU000769,36,male,SALARIED,86358,814,TamilNadu
CU000194,34,f,Self Employed,"₹61,409",unknown,Keral
CU003023,50,M,Salaried,75829,740,Karnatka
CU003618,28,male,salaried,51702,712,West Bengal
CU002536,39,Male,SALARIED,40807,734,Maharashtra
CU001455,46,N/A,SALARIED,12000,unknown,delhi
CU000613,37,Male,SELF-EMPLOYED,28338,669,KARNATAKA
CU001871,63,F,self employed,53381,552,Maharashtra
CU003160,21,MALE,SELF-EMPLOYED,30799,-300,Keral
CU000402,52,male,Salaried,59164,700,MH
CU003356,39,FEMALE,selfemployed,12000,712,Kerala 
CU000850,48,female,N/A,"₹72,869",743,MH
CU003280,50,MALE,Salaried ,22369,681,andhra pradesh
CU001729,47,FEMALE,selfemployed,45177,552,karnataka
CU003986,24,f,salaried,39743,812,maharashtra
CU000538,42,Female,Salaried ,54644,568,tamil nadu
CU004545,48,Male,selfemployed,50929,672,delhi
CU003164,32,MALE,salaried,29187,654, Kerala
CU004080,38,Male,SALARIED,59620,756,WB
CU004449,52,m,salaried,-5000,0,maharashtra
CU003313,33,male,Salaried ,-,644,Tamilnadu
CU002928,40,MALE,self employed,"₹32,523",655,Andhra Pradesh
CU000579,27,Female,selfemployed,"₹62,804",574,telangana
CU000693,27,m,Salaried ,29951,767,Telangana
CU001612,39,FEMALE,Salaried ,32397,731,west bengal
CU004544,36,m,Self Employed,36385,731,TELANGANA
CU003679,53,male,Salaried ,"₹50,296",790,Telangana
CU000656,29,m,Salaried,36727,849,TN
CU000445,56,Male,selfemployed,69778,752,TELANGANA
CU001830,48,MALE,SALARIED,33435,706,Uttar Pradesh 
CU002668,32,Male,Salaried ,65098,644,Maharastra
CU001229,150,male,Salaried,12000,715,gujarat
CU002985,47,FEMALE,Salaried ,66804,857,GJ
CU003034,34,N/A,Self Employed,12000,549,andhra pradesh
CU002540,-1,m,Self Employed,12000,617,WestBengal
CU000591,29,m,SALARIED,75647,713,TELANGANA
CU001576,44,MALE,SALARIED,49902,745,Uttar Pradesh
CU000479,23,male,selfemployed,39666,641,Telangana
CU004106,21,MALE,self employed,38852,791,KARNATAKA
CU002397,49,m,self employed,"₹60,103",unknown,Andhra Pradesh 
CU003351,32,Male,salaried,40609,744,TN
CU004331,46,N/A,Self Employed,-,771,kerala
CU001872,55,MALE,Salaried ,35819,732,gujarat
CU003477,51,M,selfemployed,68761,593,TamilNadu
CU000466,49,f,Self Employed,53769,681,west bengal
CU000744,-1,Male,selfemployed,33997,666,andhra pradesh
CU003080,54,male,salaried,12000,653,delhi
CU000183,53,Male,Self Employed,"₹25,032",768,delhi
CU000243,39,M,Salaried ,52299,698,delhi
CU001395,32,female,Salaried ,42469,unknown,Gujarat
CU001054,40,FEMALE,salaried,63470,585,Gujrat
CU003448,35,female,salaried,29945,812,andhra pradesh
CU000654,44,MALE,SELF-EMPLOYED,25961,686,KARNATAKA
CU000149,23,MALE,salaried,29443,764,Karnataka
CU000709,40,m,Self-Employed,12000,737,West Bengal
CU002962,42,Male,salaried,"₹46,104",596,west bengal
CU000024,29,FEMALE,salaried,"₹82,723",695,Maharastra
CU001286,31,m,salaried,32289,698,Uttar Pradesh 
CU001958,21,M,SALARIED,"₹40,947",768,Karnataka
CU002261,28,m,SALARIED,46999,569,karnataka
CU001533,32,m,Self Employed,"₹45,652",707,GJ
CU001437,31,m,Salaried,"₹24,842",654,TELANGANA
CU000920,33,F,Self-Employed,"₹51,489",517,TamilNadu
CU004281,21,male,Salaried,53077,unknown,Andhra Pradesh
CU002217,29,m,self employed,39683,649,gujarat
CU004215,26,m,N/A,-,631,West Bengal
CU000470,29,MALE,salaried,42934,532,UP
CU004478,53,m,SALARIED,22297,601,andhra pradesh
CU002901,32,MALE,salaried,61517,636,
CU004577,35,male,Self Employed,54556,647,UP
CU001485,53,f,Salaried ,76447,unknown,Kerala
CU003579,29,F,selfemployed,50420,613,kerala
CU000351,38,FEMALE,salaried,30439,621,uttar pradesh
CU001510,25,m,Salaried,80018,677,Uttar Pradesh 
CU001261,43,Male,Self-Employed,38371,633,KARNATAKA
CU000049,34,male,Salaried ,60179,636,TamilNadu
CU004000,28,male,Salaried,34009,672,west bengal
CU000713,40,male,Salaried,57929,759,
CU001444,47,m,Salaried,60349,999,Kerala 
CU004586,51,male,Self Employed,"₹29,944",752,Gujrat
CU003923,31,m,Self-Employed,63240,858,Andhra Pradesh 
CU003258,37,MALE,salaried,39400,690,TELANGANA
CU003675,47,f,self employed,17191,698,Gujarat
CU002512,41,male,Self Employed,20636,715,Uttar Pradesh 
CU000901,48,male,SALARIED,70437,674,DELHI
CU002915,29,F,salaried,27660,648,Karnataka
CU001932,34,MALE,SELF-EMPLOYED,-,718,kerala
CU004365,50,Male,Salaried,20207,664,TELANGANA
CU003493,35,Male,SELF-EMPLOYED,54407,738,Karnataka
CU004376,31,M,Self-Employed,69657,637,MH
CU004461,21,N/A,SELF-EMPLOYED,60409,624,uttar pradesh
CU002776,35,FEMALE,SELF-EMPLOYED,25770,675,kerala
CU002699,43,male,SALARIED,25942,695,West Bengal
CU002255,38,m,Salaried,30383,702,gujarat
CU004198,47,FEMALE,Salaried ,"₹34,702",858,
CU000031,27,Male,SALARIED,54471,609,Gujrat
CU002307,41,F,Salaried,55002,724,GJ
CU001227,46,FEMALE,SALARIED,45753,739,Andhra Pradesh
CU002808,39,male,Self Employed,"₹48,947",690,New Delhi
CU002330,21,Female,salaried,36570,794,DELHI
CU000174,48,F,Self Employed,44208,741,UP
CU004277,45,female,Self Employed,45273,795,
CU000860,21,F,salaried,55752,718,Delhi
CU003639,150,MALE,self employed,23192,802,Maharashtra
CU001918,44,m,SELF-EMPLOYED,39632,687,Uttar Pradesh
CU002777,44,m,Self Employed,64906,684,Tamil Nadu
CU003122,43,Female,selfemployed,56430,804,Andhra Pradesh 
CU003196,59,M,Self-Employed,49290,596,Uttar Pradesh
CU002492,50,male,SELF-EMPLOYED,"₹44,609",615,New Delhi
CU004538,50,N/A,Salaried ,"₹37,796",862,Karnatka
CU000808,51,MALE,Salaried ,53481,683,karnataka
CU001470,35,female,Salaried ,-,840,TELANGANA
CU002007,21,f,Salaried ,45390,686,KERALA
CU003884,21,m,selfemployed,"₹47,371",664,Tamilnadu
CU002757,36,FEMALE,salaried,25692,773,Gujrat
CU000494,37,Male,Salaried,"₹62,737",642,GJ
CU001624,48,m,Salaried,26806,748,KERALA
CU004103,47,MALE,selfemployed,57021,706,TELANGANA
CU001002,49,Male,Self Employed,-,582,Delhi
CU002318,35,MALE,Salaried ,29245,700,
CU001952,28,MALE,self employed,57511,659,gujarat
CU002884,52,male,selfemployed,65887,900,Gujarat
CU000973,50,m,Salaried ,50774,540,MH
CU001309,42,m,Salaried ,32228,828,Karnataka
CU003339,21,male,Salaried ,"₹47,047",473,GJ
CU002490,32,female,Salaried,"₹39,626",711,maharashtra
CU003840,54,male,salaried,52858,677,WestBengal
CU003179,150,M,salaried,21841,702,tamil nadu
CU003227,44,M,selfemployed,-5000,523,karnataka
CU004497,42,female,Self Employed,47910,759,delhi
CU004262,42,M,Salaried,69080,638,TELANGANA
CU004193,29,Male,Self-Employed,51306,479,Tamil Nadu
CU001664,34,M,Salaried ,12000,688,delhi
CU001702,40,F,self employed,43823,unknown,KERALA
CU000017,37,M,Salaried,76292,687,uttar pradesh
CU002812,39,male,self employed,52378,681,DELHI
CU001059,32,M,Salaried,-,unknown,Tamilnadu
CU000641,31,M,salaried,40409,769,Uttar Pradesh
CU002170,37,Male,SALARIED,26748,743,maharashtra
CU003697,32,male,Salaried,"₹77,637",706,karnataka
CU004374,27,male,self employed,64251,726,UP
CU001187,36,M,Self Employed,58117,610,Maharashtra
CU003673,59,Male,Salaried,45288,684,Uttar Pradesh
CU004347,49,Male,SALARIED,73188,744,Uttar Pradesh 
CU001717,51,M,Self-Employed,42588,559,kerala
CU002470,32,m,self employed,35396,682, Kerala
CU001967,36,m,Self Employed,62935,718,Uttar Pradesh
CU001921,43,male,SALARIED,20098,636,delhi
CU004153,29,m,self employed,28993,691,Karnataka
CU004382,37,M,Salaried,25825,843,AP
CU000586,44,Female,Self-Employed,24666,658,TELANGANA
CU000037,26,Female,Salaried,"₹58,131",784,TN
CU001073,46,male,salaried,"₹48,159",775,Kerala
CU000077,33,m,Self Employed,49640,549,karnataka
CU002239,37,Male,salaried,"₹45,184",627,DELHI
CU000998,38,Male,self employed,33071,653,uttar pradesh
CU002931,25,MALE,SALARIED,68345,764,andhra pradesh
CU002369,29,MALE,Salaried,30424,757,UP
CU003128,49,F,self employed,20681,657,Andhra Pradesh
CU003847,39,male,Salaried ,49297,606,karnataka
CU002050,29,MALE,self employed,47155,657,Telangana
CU001408,29,male,salaried,"₹29,679",638,telangana
CU001906,40,FEMALE,SALARIED,64428,563,Andhra Pradesh 
CU000640,47,m,Self-Employed,62520,812,KERALA
CU000376,28,Male,SELF-EMPLOYED,12000,756,Uttar Pradesh 
CU003133,25,FEMALE,Salaried ,68922,624,delhi
CU002171,46,m,Self Employed,"₹57,075",830,Kerala 
CU003496,46,m,Salaried,75307,748, Kerala
CU001328,35,f,SALARIED,62343,635,Maharastra
CU001385,44,M,selfemployed,-,unknown,West Bengal
CU000190,41,MALE,salaried,41461,608,Maharashtra
CU001516,47,MALE,salaried,"₹12,000",unknown,Tamil Nadu
CU004463,37,FEMALE,selfemployed,13544,606,Uttar Pradesh 
CU004285,41,Male,Salaried,63855,900,telangana
CU002060,35,MALE,Self-Employed,43075,703,AP
CU000354,22,FEMALE,selfemployed,62662,672,delhi
CU003503,30,FEMALE,Salaried ,43115,600,TELANGANA
CU002946,40,FEMALE,self employed,59356,801,Maharastra
CU002249,56,MALE,salaried,41993,698,uttar pradesh
CU003306,33,f,self employed,56805,670,uttar pradesh
CU001384,24,male,Salaried ,42708,687,Uttar Pradesh 
CU001629,21,MALE,Self-Employed,48908,659,gujarat
CU003267,26,M,SALARIED,38619,551,west bengal
CU002701,31,M,Salaried ,37778,650,Karnatka
CU002496,46,M,Salaried ,-,719,WestBengal
CU003571,29,N/A,Salaried,60175,680,delhi
CU002327,21,Male,Self-Employed,39808,634,telangana
CU002825,46,m,selfemployed,-,unknown,west bengal
CU004460,21,Male,Self-Employed,21738,unknown,New Delhi
CU001471,54,M,Salaried,"₹27,322",735,Kerala
CU004025,43,Male,Salaried ,27582,687,AP
CU003335,-1,Male,salaried,12000,695,uttar pradesh
CU000241,49,Male,Self Employed,"₹24,201",unknown,TELANGANA
CU001518,31,m,Salaried ,46890,842,delhi
CU002164,56,Male,salaried,41140,519,Andhra Pradesh 
CU000677,36,female,Salaried,56597,828,West Bengal
CU003959,24,m,Salaried,"₹46,984",640,Andhra Pradesh 
CU004350,32,MALE,SELF-EMPLOYED,75767,668,Maharashtra
CU002727,43,M,selfemployed,24641,611,GJ
CU003432,43,N/A,Salaried ,-,603,New Delhi
CU001383,32,Male,N/A,57380,798,telangana
CU001206,44,m,Salaried ,30081,620,Tamilnadu
CU002455,45,f,Salaried,"₹60,513",850,Tamil Nadu
CU002950,29,Male,selfemployed,30501,743,karnataka
CU001028,33,Male,selfemployed,"₹32,832",unknown,Karnatka
CU001020,38,F,self employed,58046,533,TELANGANA
CU001817,43,Male,salaried,70682,718,Gujrat
CU003505,44,Female,SELF-EMPLOYED,14641,795,Kerala 
CU003572,44,Male,SALARIED,"₹53,341",496,telangana
CU004097,39,MALE,Salaried ,20660,823,telangana
CU003377,32,male,self employed,27406,777,Karnataka
CU002393,54,female,N/A,41425,671,andhra pradesh
CU001484,33,m,self employed,40995,805,TELANGANA
CU002752,54,MALE,Salaried ,-,724,karnataka
CU002374,32,Male,SALARIED,43349,526, Kerala
CU002368,21,F,Self-Employed,18225,600,Andhra Pradesh
CU003291,38,M,Salaried,47762,479,Uttar Pradesh
CU002624,47,M,Salaried ,42513,672,Tamilnadu
CU001293,37,M,Salaried,12000,666,
CU000853,43,m,salaried,30264,770,Tamil Nadu
CU002772,43,Male,SALARIED,55213,764,Uttar Pradesh
CU001618,48,MALE,salaried,38469,574,
CU002615,63,F,salaried,79246,632,KERALA
CU004314,57,N/A,N/A,62203,669,Uttar Pradesh 
CU004248,21,N/A,Salaried ,58180,539,TN
CU004237,47,Male,salaried,36255,615,maharashtra
CU003507,38,m,SALARIED,59801,661,DELHI
CU002622,40,Female,SALARIED,55931,784,Karnatka
CU000141,46,m,Salaried ,0,649,uttar pradesh
CU001590,28,male,Self-Employed,"₹28,507",584,TELANGANA
CU003530,31,F,self employed,"₹37,956",673,Delhi
CU003324,37,M,salaried,45576,652,WB
CU002438,46,m,SALARIED,-,676,Karnatka
CU004581,46,FEMALE,N/A,"₹63,054",413,Gujrat
CU000821,44,MALE,self employed,33941,609,WestBengal
CU003841,43,m,Salaried ,21799,684,Uttar Pradesh 
CU003866,43,m,Salaried,68785,800,Uttar Pradesh 
CU002787,50,female,Self Employed,-,666,Telangana
CU002533,36,Male,salaried,25576,613,GJ
CU001137,39,male,Salaried,60415,784,MH
CU001818,45,Male,Salaried,43864,unknown,DELHI
CU000230,31,female,salaried,44488,785,Tamilnadu
CU001000,56,m,Self-Employed,33672,754,kerala
CU002716,26,male,selfemployed,41088,unknown,gujarat
CU003158,45,m,Salaried,21426,711,Andhra Pradesh 
CU002581,43,M,selfemployed,25489,unknown,TELANGANA
CU003561,23,Male,Salaried,-,unknown,West Bengal
CU000025,40,FEMALE,Salaried,43511,unknown,AP
CU001119,35,M,selfemployed,43607,655,WB
CU002150,24,Male,SELF-EMPLOYED,22810,834,Gujarat
CU000629,31,M,SALARIED,54153,632,Gujarat
CU001472,43,m,SELF-EMPLOYED,61234,709,TELANGANA
CU000262,33,f,N/A,45977,683,KARNATAKA
CU001389,21,m,salaried,"₹40,294",501,west bengal
CU002554,55,M,Salaried,37817,562,Maharashtra
CU002423,22,female,Salaried ,52895,712,Telangana
CU001696,33,FEMALE,Salaried ,18190,651,Tamil Nadu
CU000009,40,Male,SALARIED,12000,746,TamilNadu
CU001607,42,Male,self employed,57182,731,Karnatka
CU001067,29,Male,self employed,54507,610,Andhra Pradesh 
CU001903,58,FEMALE,SELF-EMPLOYED,"₹31,123",671,Maharastra
CU002412,39,male,Salaried,21459,820,Gujarat
CU004553,150,Female,Salaried ,39493,821,GJ
CU001714,35,male,SELF-EMPLOYED,47831,722,GJ
CU000401,35,Female,self employed,31999,581,Karnataka
CU003881,41,m,N/A,57471,668,WestBengal
CU001995,27,m,Salaried,35837,unknown,Gujarat
CU001540,37,MALE,N/A,75721,733,DELHI
CU004430,57,Female,Self-Employed,12134,647,KERALA
CU003899,33,FEMALE,Self-Employed,-,636,delhi
CU004117,54,m,SELF-EMPLOYED,67146,719,delhi
CU000039,35,M,Salaried,29925,673,TN
CU002293,53,female,SALARIED,34470,533,Uttar Pradesh 
CU002810,46,MALE,N/A,61553,755,TN
CU000865,41,Male,SALARIED,12000,644,andhra pradesh
CU004468,35,Male,salaried,22196,562,delhi
CU003838,37,Male,Salaried,45872,692,Kerala
CU003102,52,Female,Self Employed,63460,729,Uttar Pradesh 
CU001435,40,Male,SALARIED,70777,872,Tamil Nadu
CU002441,42,MALE,Self Employed,78544,740, Kerala
CU002434,39,Male,Salaried,60278,644,
CU002376,41,Male,Salaried ,28994,678,UP
CU003900,27,F,Self Employed,55040,526,TELANGANA
CU000208,52,FEMALE,Salaried,51854,721,Uttar Pradesh 
CU004059,26,MALE,Salaried,65635,676,DELHI
CU001070,26,FEMALE,Self-Employed,37162,588,Kerala 
CU002920,40,female,Salaried,63552,623,DELHI
CU002097,37,f,Salaried ,16865,unknown,Delhi
CU003524,21,N/A,Salaried,33806,unknown,Maharashtra
CU000670,41,M,Self Employed,49505,742, Kerala
CU000852,28,Male,Self Employed,71508,553,Uttar Pradesh
CU001655,52,M,Salaried,31783,769,Gujarat
CU000699,28,FEMALE,salaried,31460,761,karnataka
CU003814,22,M,selfemployed,35589,552,DELHI
CU000294,47,Male,SELF-EMPLOYED,"₹17,662",659,TN
CU004423,38,N/A,Salaried,17012,712,AP
CU000895,51,female,salaried,62723,653,TamilNadu
CU003604,33,M,self employed,"₹56,544",744,Karnataka
CU001326,53,F,Salaried,97840,733,TN
CU002298,23,m,Self-Employed,50480,656,delhi
CU000984,40,m,Self-Employed,58155,673,AP
CU001113,36,M,Self Employed,38081,610,MH
CU000632,55,f,Salaried,44089,641,gujarat
CU001968,150,m,SALARIED,12000,617,Karnatka
CU000213,22,MALE,SELF-EMPLOYED,60208,unknown,uttar pradesh
CU004256,44,M,SALARIED,68289,665,TamilNadu
CU001610,41,FEMALE,selfemployed,-,unknown,telangana
CU004541,47,Male,Salaried ,54144,575,tamil nadu
CU001288,41,MALE,salaried,12000,805,TN
CU002377,37,MALE,Salaried ,34458,826,Maharastra
CU000199,34,FEMALE,salaried,49383,671,Maharastra
CU003424,-1,m,salaried,32594,706,Kerala
CU003348,35,Male,SELF-EMPLOYED,60501,816,Tamil Nadu
CU003207,22,F,SALARIED,78038,758,Telangana
CU002667,41,Male,Salaried,55866,665,west bengal
CU004568,21,FEMALE,self employed,60926,656,Gujarat
CU001443,29,N/A,N/A,48756,741,DELHI
CU002272,37,FEMALE,SELF-EMPLOYED,14666,648,MH
CU003028,24,male,selfemployed,33354,638,GJ
CU000524,27,MALE,Self Employed,30565,695,Andhra Pradesh 
CU004465,52,MALE,salaried,"₹59,414",861,
CU001935,43,male,SALARIED,51089,669,WB
CU003516,62,m,salaried,38545,743,Andhra Pradesh
CU004448,26,FEMALE,Salaried,"₹44,862",780,West Bengal
CU003734,38,male,Self-Employed,40263,744,Kerala 
CU003858,52,m,Salaried,74690,900,WestBengal
CU002632,34,MALE,Salaried,54924,813,WestBengal
CU003383,57,MALE,Self-Employed,52343,672,maharashtra
CU003596,23,F,SALARIED,40195,763,Kerala 
CU003810,40,MALE,SALARIED,"₹51,365",650,AP
CU003252,29,f,SALARIED,"₹37,832",509,delhi
CU003693,21,f,salaried,44303,651,maharashtra
CU000822,30,male,salaried,"₹12,000",722,DELHI
CU001205,49,Male,salaried,"₹14,620",unknown,TamilNadu
CU003305,25,m,SALARIED,48219,815,TamilNadu
CU002447,24,female,self employed,45791,660,Telangana
CU001665,33,MALE,self employed,45154,511,Andhra Pradesh
CU002440,37,M,salaried,54001,626,
CU004217,24,male,selfemployed,77519,758,New Delhi
CU003472,44,M,SALARIED,"₹72,306",661,maharashtra
CU003567,34,M,self employed,"₹60,437",654,Uttar Pradesh 
CU002086,34,Male,Self-Employed,14348,704,gujarat
CU002510,45,MALE,selfemployed,71326,418,Telangana
CU002308,46,Female,self employed,68776,620,DELHI
CU003161,46,m,salaried,12000,732,KERALA
CU001646,37,Male,Salaried,14346,578,telangana
CU003417,43,M,Salaried,52716,553,Andhra Pradesh 
CU003363,41,m,Salaried,54329,666,TN
CU004118,39,m,SALARIED,29154,642,maharashtra
CU000751,36,m,Salaried ,"₹28,900",637,telangana
CU002421,42,male,SELF-EMPLOYED,-,775,KARNATAKA
CU001162,26,Female,Salaried,66683,unknown,
CU002597,26,FEMALE,SELF-EMPLOYED,50191,731,telangana
CU002571,21,M,SALARIED,29794,679,Gujarat
CU004299,53,m,Salaried ,-,750,telangana
CU002075,39,N/A,Self Employed,41960,542,DELHI
CU000278,39,M,self employed,48840,unknown,Uttar Pradesh
CU000159,24,M,Self-Employed,59865,681,tamil nadu
CU001147,28,male,salaried,-,606,Gujrat
CU000295,26,female,self employed,12000,628,Maharashtra
CU003319,42,Female,Salaried,54055,900,
CU000978,45,male,salaried,21109,705,Andhra Pradesh 
CU000260,24,M,Salaried ,13140,719,Telangana
CU002207,31,Female,Salaried,28496,unknown,DELHI
CU001762,64,FEMALE,Salaried ,68070,784,Karnataka
CU002640,49,Male,SALARIED,-,574,Telangana
CU001169,39,Female,SALARIED,"₹68,245",533,karnataka
CU002315,47,m,selfemployed,81210,650,Uttar Pradesh 
CU000414,40,male,Salaried,"₹35,523",678,Telangana
CU003119,52,M,Salaried,16064,575,Gujarat
CU004345,43,MALE,SALARIED,-,552,Uttar Pradesh
CU001370,39,female,salaried,64343,724,uttar pradesh
CU003373,56,f,SALARIED,53442,657,andhra pradesh
CU000905,38,N/A,SELF-EMPLOYED,30061,727,west bengal
CU002531,34,male,self employed,45631,648,tamil nadu
CU000514,29,MALE,self employed,66198,735,Kerala
CU000068,44,FEMALE,Salaried,"₹70,553",626,Gujrat
CU002586,54,Male,SALARIED,43667,479,Kerala 
CU003419,40,Male,Self Employed,"₹47,331",747,uttar pradesh
CU003483,40,Female,salaried,"₹45,375",726,tamil nadu
CU003241,32,m,Salaried,37554,762,KARNATAKA
CU001727,52,M,Salaried,39307,550,DELHI
CU002358,32,Male,self employed,33778,657,gujarat
CU004135,44,M,SALARIED,"₹19,569",675,Maharashtra
CU001791,33,FEMALE,Salaried ,88714,680,Gujarat
CU004009,43,MALE,Salaried ,-5000,608,Andhra Pradesh
CU003265,42,m,self employed,39743,774,Maharashtra
CU003371,31,m,salaried,54411,653,MH
CU004274,43,MALE,SALARIED,74920,unknown,Tamilnadu
CU002174,34,M,Salaried ,25381,610,MH
CU001937,33,M,Salaried ,29687,730,Andhra Pradesh 
CU002117,38,Female,salaried,17498,565,UP
CU003114,40,female,Self Employed,-,808,DELHI
CU001398,25,male,self employed,51602,606,karnataka
CU001245,38,Male,Salaried,12000,833,gujarat
CU003333,41,F,salaried,81688,769,Andhra Pradesh
CU000150,50,M,N/A,59433,578,gujarat
CU001173,25,f,SALARIED,-,581,Gujarat
CU002349,21,F,selfemployed,35895,656,Gujarat
CU001193,47,m,Salaried,72989,586,west bengal
CU000185,39,MALE,SALARIED,54849,622,Gujarat
CU000888,48,male,Self Employed,14248,666,New Delhi
CU000921,21,m,Self-Employed,61895,679,Andhra Pradesh
CU001819,32,m,selfemployed,33145,560,Tamil Nadu
CU001488,23,Male,salaried,16520,696,WestBengal
CU003738,43,MALE,Self Employed,47956,452,New Delhi
CU002967,29,Male,Salaried,46112,761,TELANGANA
CU001873,40,Female,N/A,"₹41,663",678,GJ
CU003664,35,Female,Salaried,"₹40,065",unknown,gujarat
CU004287,38,M,Self Employed,25791,610,tamil nadu
CU000668,40,M,SALARIED,51349,650,TN
CU002900,48,male,Salaried ,48141,686,Tamilnadu
CU000673,50,N/A,SALARIED,47807,663,TELANGANA
CU001909,30,male,Self-Employed,58138,649,Karnataka
CU002109,63,male,Salaried ,"₹40,442",691,Telangana
CU001647,47,m,Salaried ,-,712,Karnatka
CU002036,41,Male,Salaried ,73479,unknown,TamilNadu
CU001682,38,Male,salaried,19288,534,AP
CU002232,30,Male,Salaried ,58717,656,Gujarat
CU000265,31,Male,N/A,50579,573,Telangana
CU001324,33,female,salaried,18099,602,telangana
CU002505,50,F,SELF-EMPLOYED,43849,637,Gujrat
CU000597,34,M,SELF-EMPLOYED,51846,819,TELANGANA
CU000093,41,male,SELF-EMPLOYED,30030,786,gujarat
CU001412,43,Male,SALARIED,28005,636,KARNATAKA
CU004392,32,F,salaried,12000,522,maharashtra
CU004526,51,MALE,selfemployed,33602,unknown,AP
CU001692,42,N/A,SELF-EMPLOYED,65801,588,andhra pradesh
CU000210,45,female,SALARIED,-,842,delhi
CU003340,39,Male,salaried,55437,654,Karnatka
CU002697,35,female,Salaried ,-,746,Delhi
CU002251,33,MALE,Salaried,12000,735,maharashtra
CU002396,49,m,SELF-EMPLOYED,21436,718,telangana
CU003277,51,m,Salaried,22171,unknown,Gujarat
CU001501,24,male,Self-Employed,-,652,Delhi
CU003733,39,m,Salaried ,49299,766,Tamilnadu
CU003360,45,FEMALE,SALARIED,"₹61,876",648,GJ
CU001085,53,m,Salaried,43379,547,KARNATAKA
CU004093,34,F,salaried,65306,unknown,Tamil Nadu
CU001110,27,m,Salaried ,64125,889,DELHI
CU002750,34,Male,selfemployed,50825,unknown,Tamil Nadu
CU000635,30,M,salaried,"₹60,158",664,delhi
CU003026,35,male,Salaried,51035,0,Karnataka
CU002883,42,M,Salaried ,69423,775,KERALA
CU003036,54,male,Self Employed,12000,491,MH
CU002316,22,MALE,salaried,29137,999,Gujrat
CU002233,33,Female,Salaried,44342,733,andhra pradesh
CU002163,25,Male,SALARIED,12000,628,WestBengal
CU000810,36,M,salaried,"₹41,371",670,delhi
CU002876,62,female,Salaried,"₹62,129",678,AP
CU004303,40,male,Self Employed,30319,821,karnataka
CU003345,33,M,Salaried ,33772,683,Telangana
CU000052,44,m,salaried,"₹45,911",621,WestBengal
CU002354,43,MALE,Salaried ,42996,699,Andhra Pradesh 
CU004409,39,Male,Salaried,40433,741,maharashtra
CU002129,26,m,Salaried,"₹51,464",697,west bengal
CU003515,31,M,selfemployed,"₹78,401",682,Tamil Nadu
CU001038,33,FEMALE,SALARIED,"₹34,304",706,Uttar Pradesh
CU004372,39,m,selfemployed,66703,645,WestBengal
CU002775,36,Male,Self-Employed,16052,557,TamilNadu
CU000370,33,male,Self-Employed,26925,709,Karnataka
CU003941,41,FEMALE,Self Employed,29372,742,Uttar Pradesh 
CU002714,44,M,Self Employed,50891,621,telangana
CU001483,47,male,salaried,22357,672,Tamilnadu
CU001363,36,f,Salaried,12000,623,Kerala
CU001515,33,FEMALE,salaried,18977,796,maharashtra
CU002153,40,m,selfemployed,22614,647,WB
CU000113,31,MALE,salaried,"₹35,257",684,Andhra Pradesh 
CU000169,44,MALE,Salaried ,64451,614,TamilNadu
CU002323,46,m,salaried,63297,750,gujarat
CU003359,46,MALE,Salaried ,-,688,Karnatka
CU001600,42,Male,Self Employed,35973,588,Delhi
CU000576,35,MALE,Salaried ,23207,unknown,MH
CU003075,48,female,self employed,"₹36,531",unknown,Tamilnadu
CU004019,38,F,self employed,79216,790,uttar pradesh
CU003921,42,Female,selfemployed,49280,523,Karnataka
CU003553,48,Male,self employed,"₹44,925",648,MH
CU003895,59,m,salaried,12000,612,WestBengal
CU000161,42,male,SELF-EMPLOYED,12000,703,New Delhi
CU001246,43,F,SELF-EMPLOYED,37002,612,Maharashtra
CU001355,31,m,Salaried,64150,551,WB
CU001290,54,M,Salaried,"₹12,000",648,uttar pradesh
CU000140,33,N/A,SALARIED,24757,531,delhi
CU001158,43,f,Salaried,"₹42,419",603,Uttar Pradesh 
CU002895,51,MALE,Salaried ,46848,652,telangana
CU001116,38,m,SALARIED,35387,900,Tamilnadu
CU002484,30,M,N/A,32220,582,West Bengal
CU000854,29,MALE,SALARIED,43251,729,Karnatka
CU003077,49,F,Salaried ,12000,609,delhi
CU004123,35,male,Self Employed,35033,676,tamil nadu
CU002436,43,F,self employed,"₹61,508",524,telangana
CU004240,24,female,self employed,57401,606,Tamilnadu
CU002259,47,N/A,Salaried ,60829,664,Keral
CU000054,39,f,salaried,"₹29,149",669,WB
CU002828,5,m,Salaried,15862,623,Andhra Pradesh 
CU001494,32,m,Self-Employed,-,719,maharashtra
CU002706,29,male,salaried,76797,615,karnataka
CU002435,33,F,Salaried,24170,770,uttar pradesh
CU004177,30,N/A,Self-Employed,67085,524,WestBengal
CU002178,39,Male,Self Employed,"₹65,016",609,TELANGANA
CU002195,43,M,salaried,48513,749,Gujrat
CU003646,35,MALE,Salaried,"₹27,728",635,MH
CU004203,38,FEMALE,salaried,37494,695,Kerala 
CU000620,22,m,Self-Employed,49335,581, Kerala
CU000996,55,M,SALARIED,"₹60,837",628,telangana
CU003086,37,m,Salaried,22420,895,MH
CU003427,49,N/A,self employed,"₹24,639",594,gujarat
CU001602,39,FEMALE,Salaried ,71223,unknown,West Bengal
CU002842,37,FEMALE,Salaried,55201,628,Delhi
CU003742,21,m,selfemployed,"₹35,019",521,karnataka
CU001213,33,m,Salaried ,71561,664,Uttar Pradesh 
CU003421,33,M,Salaried,49732,613,Karnatka
CU000168,55,m,SALARIED,59155,629,Andhra Pradesh 
CU002002,21,m,Salaried ,49945,759,delhi
CU003995,24,M,self employed,34921,614,karnataka
CU003290,48,m,SALARIED,40513,673,TELANGANA
CU004406,52,Male,Salaried ,73408,771,TamilNadu
CU004547,53,FEMALE,Salaried,18534,552,Delhi
CU004471,47,F,SALARIED,91776,755,karnataka
CU002766,41,MALE,self employed,57952,724,KARNATAKA
CU002829,42,MALE,SELF-EMPLOYED,27928,703,gujarat
CU003612,29,Female,selfemployed,"₹52,896",632,west bengal
CU000516,39,MALE,Salaried ,24412,558,Andhra Pradesh 
CU004244,46,Male,Self-Employed,"₹67,008",842,karnataka
CU002710,46,MALE,Salaried,38587,625,Karnataka
CU000357,47,Male,Self-Employed,31637,639,GJ
CU002867,32,f,Self-Employed,"₹53,614",627,New Delhi
CU003789,32,male,self employed,75922,628,KARNATAKA
CU003984,34,male,SELF-EMPLOYED,31900,547,maharashtra
CU002711,30,male,Salaried ,46700,801,west bengal
CU003195,50,m,salaried,21899,unknown,maharashtra
CU000530,37,m,salaried,56441,674,telangana
CU003506,36,MALE,Salaried,52582,632,delhi
CU000060,25,MALE,Salaried,36199,691,tamil nadu
CU000949,35,Male,Self-Employed,12000,716,Uttar Pradesh 
CU003226,36,f,selfemployed,45384,543,maharashtra
CU004344,32,m,salaried,44764,676, Kerala
CU000282,46,f,self employed,46636,671,Kerala
CU001184,49,MALE,Salaried ,29716,758,TELANGANA
CU001630,40,FEMALE,Self-Employed,33824,651,Andhra Pradesh
CU002783,26,FEMALE,SELF-EMPLOYED,49402,523,GJ
CU003957,41,Male,SALARIED,28919,620,New Delhi
CU003892,30,male,salaried,37291,695,Telangana
CU004033,30,MALE,Self Employed,42143,691,MH
CU003837,42,Male,Self Employed,37132,837,telangana
CU003445,45,f,Self Employed,"₹39,273",550,Uttar Pradesh
CU000452,46,F,self employed,"₹62,017",667,TELANGANA
CU001327,38,M,Salaried,59448,696,Uttar Pradesh 
CU002733,27,m,self employed,71664,680, Kerala
CU004071,36,Female,Salaried,54525,615,TN
CU001277,36,female,salaried,45687,658, Kerala
CU001284,32,male,Salaried ,69868,790,AP
CU004359,41,m,N/A,25187,803,Gujrat
CU004068,23,M,self employed,"₹55,747",740,Uttar Pradesh
CU003106,38,male,SALARIED,12000,663,New Delhi
CU000806,35,Male,self employed,66303,810,Andhra Pradesh
CU004401,53,m,SALARIED,61627,689,kerala
CU001530,51,m,Self-Employed,50827,682,west bengal
CU002555,52,F,SALARIED,"₹31,086",634,Tamil Nadu
CU004107,41,male,SALARIED,51790,764,gujarat
CU003300,35,m,Self-Employed,"₹54,030",703,West Bengal
CU000050,38,M,SALARIED,58725,534,uttar pradesh
CU001571,21,F,salaried,48136,565,KERALA
CU002692,45,Female,N/A,"₹49,157",675,WB
CU001559,43,MALE,Self-Employed,12000,741,Andhra Pradesh
CU003055,32,M,Salaried,83385,649,Uttar Pradesh 
CU003790,35,male,SALARIED,47507,625,New Delhi
CU000802,34,f,salaried,57061,603,WestBengal
CU004067,29,MALE,selfemployed,50669,663,DELHI
CU003608,25,f,Salaried ,45226,740,delhi
CU001311,57,Male,selfemployed,52858,608,Karnatka
CU004005,36,m,Self Employed,63046,714,Gujrat
CU002898,40,Female,Salaried,79150,762,Tamilnadu
CU000425,64,M,self employed,"₹14,940",702,Maharastra
CU004462,33,M,Self Employed,55930,688,GJ
CU000001,42,Female,Salaried ,42234,658,Tamilnadu
CU003229,43,Male,Salaried ,31770,614,WB
CU004013,29,male,SALARIED,25905,607,TELANGANA
CU004102,38,M,Self Employed,19140,588,Gujarat
CU000977,50,m,Self-Employed,"₹55,884",638,Karnatka
CU002035,21,FEMALE,selfemployed,54650,644,UP
CU001270,39,m,SALARIED,106965,656,GJ
CU000177,50,male,SALARIED,27107,810,Uttar Pradesh
CU004158,27,M,SALARIED,50409,681,AP
CU003142,45,m,salaried,27921,782,Gujarat
CU000513,42,m,Salaried,34479,636,
CU002585,34,N/A,self employed,-,736,KARNATAKA
CU001287,41,MALE,self employed,"₹26,787",534,WestBengal
CU002968,45,female,Self Employed,35867,558,Keral
CU001463,26,FEMALE,SELF-EMPLOYED,28523,787,Telangana
CU002410,34,Female,Salaried,74489,716,Keral
CU001813,38,f,SALARIED,"₹42,501",693,Maharastra
CU001140,32,m,salaried,80695,681,Karnatka
CU003233,46,M,self employed,-5000,720,Tamilnadu
CU001856,54,f,selfemployed,38584,557,TELANGANA
CU004379,41,MALE,SALARIED,50666,545,GJ
CU002385,31,male,self employed,65521,619,Tamilnadu
CU000767,50,M,SALARIED,12000,593,New Delhi
CU001349,25,male,selfemployed,"₹14,349",782,TELANGANA
CU002483,39,m,Salaried,28932,-300,WB
CU003525,42,m,Salaried ,38918,599,Telangana
CU001055,46,m,Salaried,21273,732,andhra pradesh
CU001318,39,female,SALARIED,49989,715,WestBengal
CU003985,47,f,salaried,45247,637,Maharastra
CU003125,51,f,self employed,30725,709,DELHI
CU002579,23,M,SALARIED,45385,677,GJ
CU002456,38,MALE,self employed,87706,649,Kerala
CU001263,28,MALE,Self-Employed,16903,689,Uttar Pradesh
CU002357,26,female,Salaried ,39433,630,WB
CU002345,45,male,SALARIED,"₹85,128",759,UP
CU000533,33,f,salaried,12868,837,uttar pradesh
CU004136,41,MALE,SALARIED,34174,659,Gujrat
CU004184,38,M,salaried,-5000,642,New Delhi
CU000381,45,male,salaried,12673,765,Uttar Pradesh
CU001867,35,MALE,Salaried,56137,617,AP
CU004199,45,m,Salaried ,80950,638,New Delhi
CU003038,35,F,Self-Employed,49156,644,Uttar Pradesh 
CU002682,44,M,self employed,70902,716,tamil nadu
CU003803,55,female,N/A,0,715,Gujarat
CU000931,26,Female,salaried,63588,668,delhi
CU002627,54,MALE,Self-Employed,50029,771,maharashtra
CU002527,32,m,SALARIED,42590,580,MH
CU004600,43,M,Self-Employed,"₹39,823",712,maharashtra
CU002392,43,female,SALARIED,63884,697,Kerala
CU003199,39,male,Salaried ,"₹88,551",717,Kerala 
CU000420,60,F,Self-Employed,"₹12,000",unknown,GJ
CU000626,50,F,salaried,12000,627, Kerala
CU002088,45,N/A,selfemployed,"₹70,046",782,Gujarat
CU001481,46,Male,Self-Employed,-,788,telangana
CU001060,39,MALE,Salaried ,"₹62,414",765,maharashtra
CU001971,29,male,Self Employed,56468,763,karnataka
CU000081,43,FEMALE,salaried,75654,742,uttar pradesh
CU004313,39,Male,SALARIED,49531,616, Kerala
CU000074,44,M,salaried,46516,619,karnataka
CU003178,26,M,Salaried ,40750,702,New Delhi
CU002605,43,male,SALARIED,-,794,Andhra Pradesh
CU002881,39,m,Self-Employed,70137,691,TELANGANA
CU001253,30,m,N/A,"₹32,923",639,WestBengal
CU004280,44,Male,Salaried ,"₹29,686",654,Telangana
CU003214,21,m,Self Employed,20664,604,karnataka
CU003252,29,f,SALARIED,"₹37,832",509,delhi
CU003173,29,m,N/A,47810,634,DELHI
CU001895,40,MALE,self employed,53182,669,Andhra Pradesh 
CU003686,44,FEMALE,salaried,-,740,TELANGANA
CU002590,34,MALE,self employed,38370,687,WB
CU001865,38,MALE,SELF-EMPLOYED,-,476,Karnataka
CU001462,42,N/A,selfemployed,64941,781,Karnataka
CU000508,26,m,N/A,53790,750,MH
CU001182,41,Male,SALARIED,55687,688,Delhi
CU000215,53,m,Salaried,62547,698,West Bengal
CU000489,31,m,Salaried,60812,570,DELHI
CU001125,45,Male,SALARIED,51511,726,telangana
CU003955,47,FEMALE,Self Employed,60676,691,GJ
CU001542,35,Male,Salaried ,69116,595,Kerala
CU000389,39,Female,Salaried ,56029,623,Kerala 
CU003934,28,male,salaried,20918,584,UP
CU003066,30,f,Salaried ,58397,595,New Delhi
CU003296,56,Male,SALARIED,57208,650,telangana
CU002212,39,M,N/A,80398,761,DELHI
CU001291,35,male,salaried,59309,720,Maharastra
CU002511,25,MALE,salaried,26687,706,Karnatka
CU002451,34,MALE,SALARIED,57410,638,gujarat
CU002996,46,male,SELF-EMPLOYED,58967,780,KARNATAKA
CU000862,43,male,SALARIED,"₹43,141",658,Maharastra
CU004434,56,male,SELF-EMPLOYED,48028,806,Andhra Pradesh 
CU002553,43,male,Self-Employed,-,603,MH
CU003902,44,f,SALARIED,33921,745,west bengal
CU002332,32,Male,Salaried,"₹16,376",506,New Delhi
CU000816,39,m,SALARIED,12000,696,tamil nadu
CU001087,26,male,self employed,62741,730,west bengal
CU002921,41,Male,Self-Employed,48353,712,telangana
CU002639,45,m,Salaried ,48244,666,Uttar Pradesh 
CU003680,39,Male,Salaried ,85694,753,DELHI
CU001577,31,F,SELF-EMPLOYED,70727,656,Karnatka
CU002113,25,MALE,self employed,38379,720,Gujarat
CU003131,31,FEMALE,Salaried,82157,621,telangana
CU004529,35,FEMALE,selfemployed,26424,unknown,WB
CU000612,64,m,SELF-EMPLOYED,43090,520,Andhra Pradesh 
CU001280,32,M,Self Employed,52166,572,UP
CU000605,35,m,salaried,30068,664,TELANGANA
CU003374,46,male,Salaried,44107,665,GJ
CU002778,42,male,Salaried,"₹15,854",863,GJ
CU002223,46,Male,N/A,12000,798,uttar pradesh
CU000353,41,Female,SELF-EMPLOYED,39952,653,Delhi
CU003002,36,Male,selfemployed,37801,657,Gujrat
CU000324,34,female,Salaried ,79539,644,WestBengal
CU004311,34,Female,salaried,42611,635,DELHI
CU003852,35,Male,Salaried,12000,665,KERALA
CU003956,36,Male,SALARIED,69206,646,maharashtra
CU001656,40,MALE,salaried,54707,603,maharashtra
CU002199,29,f,self employed,34074,730,Gujarat
CU002083,28,M,self employed,55336,646,TELANGANA
CU003328,44,m,SELF-EMPLOYED,"₹52,350",560,Tamilnadu
CU001406,34,male,salaried,55106,727,Uttar Pradesh
CU003952,37,M,selfemployed,54153,784,Kerala
CU001700,34,FEMALE,selfemployed,33420,599, Kerala
CU001706,34,Male,Salaried ,27169,686,MH
CU002914,47,MALE,salaried,"₹41,505",567,Uttar Pradesh
CU002068,25,MALE,Self-Employed,"₹46,317",829,AP
CU000623,50,M,Salaried,34736,786,Karnataka
CU002993,33,N/A,salaried,91240,730,Gujarat
CU003688,27,Female,SALARIED,93976,649,Kerala 
CU004223,43,M,Self Employed,31581,807,MH
CU002439,47,M,salaried,15963,802,maharashtra
CU001832,47,m,Salaried,57269,677,TamilNadu
CU001275,29,MALE,salaried,48523,683,karnataka
CU002208,36,m,SALARIED,45684,603,Uttar Pradesh
CU003130,31,m,Self-Employed,56134,735,Tamilnadu
CU000164,30,m,salaried,"₹26,535",558,Maharashtra
CU001754,28,Female,Self Employed,14939,769,New Delhi
CU002048,33,f,salaried,44301,598,TELANGANA
CU003430,31,f,SALARIED,63152,unknown,kerala
CU002871,39,M,selfemployed,-,598,TELANGANA
CU002247,48,M,Salaried ,"₹39,490",692,Maharastra
CU003942,32,male,Self Employed,12000,591,TELANGANA
CU000409,45,MALE,salaried,12000,-300,TELANGANA
CU000143,21,F,salaried,"₹43,914",846,uttar pradesh
CU000023,38,male,N/A,40308,649,TELANGANA
CU002253,39,m,Salaried,"₹14,500",unknown,Tamilnadu
CU001771,22,MALE,salaried,42551,534,Uttar Pradesh
CU001006,35,male,Salaried ,38096,724,Karnataka
CU000642,33,F,SALARIED,57809,unknown,Kerala
CU003279,43,FEMALE,Salaried,79880,590,Karnatka
CU002655,21,Male,salaried,38404,543,MH
CU001344,37,F,Salaried,44668,741,Andhra Pradesh 
CU000385,39,MALE,Salaried ,"₹65,020",621,Uttar Pradesh 
CU000889,33,Male,Salaried ,47262,645,telangana
CU003927,47,MALE,Self-Employed,45348,813,WestBengal
CU001086,24,Male,Self-Employed,52792,480,TN
CU003973,63,female,SALARIED,"₹47,893",794,Gujarat
CU000532,36,M,Self-Employed,42370,754,karnataka
CU003288,33,m,salaried,"₹66,647",825,Keral
CU001854,40,Male,SELF-EMPLOYED,27360,550,Gujarat
CU001936,40,M,Salaried,"₹25,467",694,gujarat
CU003154,31,m,Salaried ,47829,668,Uttar Pradesh 
CU002448,49,female,Salaried,-,672,MH
CU001076,40,MALE,Salaried,"₹66,930",482,Gujarat
CU004571,22,F,SALARIED,58226,845,KARNATAKA
CU002689,29,f,selfemployed,47861,467,Keral
CU003788,38,M,Salaried,39239,unknown,maharashtra
CU001933,41,m,salaried,"₹42,432",652,gujarat
CU002768,22,male,Salaried ,12000,667,Karnataka
CU001672,21,m,Salaried ,55655,unknown,telangana
CU002439,47,M,salaried,15963,802,maharashtra
CU002984,41,female,SALARIED,58923,812,Uttar Pradesh
CU002110,-1,m,SELF-EMPLOYED,40080,720,GJ
CU002187,42,Female,selfemployed,49193,520,Karnatka
CU001149,50,F,SELF-EMPLOYED,29419,787,Tamilnadu
CU000787,24,FEMALE,N/A,36695,663,Gujrat
CU001586,35,MALE,SELF-EMPLOYED,23905,673,gujarat
CU003167,41,MALE,self employed,68741,683,AP
CU000267,38,male,Salaried ,"₹42,059",629,AP
CU004520,43,Female,Self-Employed,46235,674,uttar pradesh
CU000361,58,MALE,SELF-EMPLOYED,"₹23,649",682,Andhra Pradesh 
CU001461,42,male,salaried,30941,658,Karnataka
CU000953,21,Male,Salaried ,34079,769,AP
CU002161,44,M,Salaried,-,739,Maharashtra
CU003361,38,MALE,Self-Employed,32029,597,Karnataka
CU004560,51,male,SELF-EMPLOYED,44281,587,Keral
CU003244,34,Male,Self Employed,"₹42,877",637,tamil nadu
CU002700,21,FEMALE,SELF-EMPLOYED,43454,893,Keral
CU001575,37,MALE,Salaried,-,694,TN
CU003774,44,m,Salaried ,58036,721,Uttar Pradesh
CU001956,39,M,Salaried,68344,822,Uttar Pradesh 
CU003770,43,Female,SALARIED,34055,841,Tamil Nadu
CU002177,31,Male,N/A,38890,626,GJ
CU001314,25,MALE,Self Employed,"₹22,718",623,WB
CU003931,49,F,Salaried ,"₹54,033",647,maharashtra
CU001332,34,M,SALARIED,50285,676,telangana
CU001843,42,male,SALARIED,33455,879,Gujarat
CU002209,33,f,salaried,"₹16,835",581,DELHI
CU002980,5,Male,Salaried ,54224,633,Andhra Pradesh
CU003666,46,m,Salaried ,12000,547,Gujarat
CU000755,33,f,selfemployed,-,639,GJ
CU003406,30,MALE,Salaried ,87854,809,kerala
CU001379,29,N/A,Salaried ,"₹62,139",663,TamilNadu
CU004513,33,f,SALARIED,35419,680,uttar pradesh
CU000981,32,MALE,Salaried ,35827,607,DELHI
CU002101,39,F,Salaried,75368,734,AP
CU000287,27,m,Salaried ,38895,685,Karnataka
CU003611,29,male,Self-Employed,"₹16,142",590,Maharashtra
CU003089,50,MALE,Salaried,33311,775,West Bengal
CU004176,25,m,Salaried,53928,670,Kerala
CU004268,39,M,SALARIED,22126,642,KARNATAKA
CU001155,31,male,selfemployed,"₹63,208",545,KARNATAKA
CU001080,48,m,Salaried,37286,719,
CU003009,29,F,Salaried ,54124,813,karnataka
CU001512,30,Male,Salaried,-,578,Gujarat
CU003870,34,m,selfemployed,"₹67,455",739,andhra pradesh
CU000136,26,M,SALARIED,-,745,telangana
CU003636,38,F,self employed,"₹67,184",625, Kerala
CU003372,21,female,Salaried ,63719,778,KERALA
CU002192,26,male,salaried,64757,721,Andhra Pradesh 
CU000212,31,male,Salaried ,35953,461,maharashtra
CU004042,48,m,Self Employed,34665,659,KERALA
CU003165,28,f,salaried,-,765,Tamilnadu
CU000275,43,male,Salaried ,26586,669,MH
CU003707,32,MALE,Self Employed,46058,672,kerala
CU000089,21,F,Self-Employed,72077,669,Delhi
CU002799,39,Male,Self-Employed,15641,764,delhi
CU002325,49,f,SALARIED,48556,605, Kerala
CU000299,37,male,Salaried ,26334,664,maharashtra
CU002546,28,m,Salaried,84038,687,Uttar Pradesh 
CU000568,44,male,SALARIED,32513,663,gujarat
CU004234,50,MALE,self employed,67245,584,Maharashtra
CU000316,31,f,Salaried ,69765,681,karnataka
CU004154,32,m,selfemployed,49576,801,Tamilnadu
CU002152,42,MALE,SELF-EMPLOYED,42194,649,Telangana
CU003289,41,female,Salaried ,29670,527,Kerala 
CU003118,29,male,Salaried,47865,611,Karnataka
CU000523,23,M,N/A,31999,unknown,Telangana
CU002021,31,MALE,Salaried ,-,855,telangana
CU003980,43,F,SELF-EMPLOYED,31990,792,TELANGANA
CU002975,54,Male,Salaried,47145,543,uttar pradesh
CU001276,40,male,salaried,33062,529,delhi
CU003182,38,MALE,salaried,48241,unknown,kerala
CU002414,37,Male,Self Employed,12000,824,Uttar Pradesh
CU002753,54,N/A,Self-Employed,"₹56,215",636,TELANGANA
CU000529,41,N/A,self employed,18470,659,tamil nadu
CU004484,29,f,salaried,36592,769,TELANGANA
CU000309,51,m,SALARIED,"₹56,124",622,gujarat
CU001506,26,male,Salaried,63936,684,TN
CU002497,32,male,Salaried,14800,650,KARNATAKA
CU001375,52,f,Salaried ,38698,725,Tamilnadu
CU002620,33,F,SALARIED,32069,756,
CU001135,43,MALE,SALARIED,33174,772,Gujarat
CU001204,36,F,Salaried,-,703,Andhra Pradesh 
CU003221,39,MALE,salaried,84704,643,Kerala
CU001319,62,MALE,Self Employed,39497,651,uttar pradesh
CU002648,26,F,N/A,37948,743,Uttar Pradesh 
CU002333,35,F,SELF-EMPLOYED,"₹14,631",unknown,WB
CU000834,40,f,SALARIED,31597,785,andhra pradesh
CU002990,44,Male,Salaried ,60993,627,West Bengal
CU002111,43,male,Self Employed,"₹45,130",820,gujarat
CU001683,41,male,Self-Employed,48329,643,Gujarat
CU003035,45,MALE,Self Employed,85383,678,KARNATAKA
CU002288,45,Male,Salaried,54840,578,tamil nadu
CU002381,40,f,N/A,23593,741,KARNATAKA
CU004366,40,female,salaried,"₹64,201",706,Kerala
CU002005,28,male,Self-Employed,36731,764,telangana
CU003988,50,male,N/A,41588,716,New Delhi
CU003460,56,male,Salaried ,22803,unknown,Karnatka
CU002617,42,F,SALARIED,"₹21,376",670, Kerala
CU001167,21,f,SALARIED,"₹33,773",655,andhra pradesh
CU000630,51,female,Salaried ,47825,488,Maharastra
CU004185,25,male,Salaried ,41971,692,uttar pradesh
CU004161,45,m,Salaried,48625,unknown,UP
CU000728,36,M,Salaried,59121,658,gujarat
CU004002,48,N/A,SELF-EMPLOYED,72814,651,DELHI
CU002141,48,Male,salaried,68371,580,uttar pradesh
CU002872,29,MALE,Salaried,33315,900,telangana
CU001862,40,F,Salaried ,12000,681,Uttar Pradesh 
CU001223,49,FEMALE,Salaried ,12000,716,KERALA
CU004504,37,Male,Salaried ,76022,999,Gujrat
CU004101,27,M,salaried,30857,827,Maharashtra
CU002509,31,female,Salaried ,17109,652,DELHI
CU003425,41,M,N/A,34733,658,maharashtra
CU000160,41,M,SALARIED,0,591,gujarat
CU002788,41,m,Salaried ,12000,672,telangana
CU001983,21,Male,Self Employed,16555,734,delhi
CU003855,38,Female,Salaried ,28658,unknown,Telangana
CU002104,34,MALE,Salaried ,"₹48,742",714,West Bengal
CU000372,35,m,N/A,62425,558,karnataka
CU002971,21,MALE,self employed,28618,733,DELHI
CU002132,41,MALE,N/A,63676,725,gujarat
CU001539,150,Male,salaried,"₹51,493",655,Delhi
CU004498,40,M,Self Employed,42231,597,Karnatka
CU002476,44,Female,Salaried ,"₹19,206",792,KERALA
CU002338,32,MALE,Salaried ,-5000,589,Maharashtra
CU002745,25,MALE,selfemployed,22160,671,TN
CU001554,37,m,Salaried,-,736,tamil nadu
CU000240,41,M,salaried,86767,667,Karnatka
CU001430,34,M,salaried,"₹52,824",732,AP
CU001979,45,male,salaried,53961,817,Maharashtra
CU003246,50,female,Self Employed,0,579,UP
CU002818,65,Female,Salaried,"₹46,948",unknown,andhra pradesh
CU002450,35,m,SELF-EMPLOYED,27810,741,Andhra Pradesh
CU002203,44,M,SALARIED,12847,722,West Bengal
CU000619,57,male,selfemployed,77519,706,west bengal
CU002382,34,Male,Self Employed,12000,739,Gujrat
CU001091,46,MALE,SALARIED,28038,518,AP
CU000296,21,MALE,Salaried,34075,715,TELANGANA
CU000431,43,male,Self-Employed,57904,662,Gujarat
CU000280,24,Male,SELF-EMPLOYED,12000,725,GJ
CU002630,40,m,Salaried,32919,699,Gujrat
CU000950,45,MALE,Self-Employed,56828,741,GJ
CU003352,33,m,SALARIED,29617,595,
CU000028,45,male,SELF-EMPLOYED,73055,553,Kerala 
CU000117,30,male,SALARIED,12000,703,Karnatka
CU003015,40,FEMALE,Salaried ,78502,864,west bengal
CU002767,48,MALE,SELF-EMPLOYED,49030,741,Tamilnadu
CU003468,42,N/A,Self Employed,"₹67,241",830,andhra pradesh
CU001657,41,male,SALARIED,30374,unknown,Andhra Pradesh 
CU000723,34,M,Self-Employed,53328,675,Andhra Pradesh
CU004584,-1,female,N/A,"₹38,415",562,gujarat
CU000970,44,M,SELF-EMPLOYED,"₹12,000",611,uttar pradesh
CU003526,35,male,SALARIED,71855,655,gujarat
CU002747,21,M,SALARIED,55107,605,New Delhi
CU003025,28,m,Self Employed,48855,691,delhi
CU003152,39,N/A,salaried,31644,482,delhi
CU001775,32,male,selfemployed,-,696,Keral
CU003387,41,M,SELF-EMPLOYED,82676,637,Tamil Nadu
CU004435,45,m,salaried,12000,519,Uttar Pradesh 
CU000951,41,F,Salaried,"₹28,507",626,west bengal
CU001212,36,Male,salaried,85717,722,gujarat
CU001429,40,Male,salaried,12000,687,West Bengal
CU000427,40,M,Self-Employed,"₹38,136",713,GJ
CU004567,29,m,SELF-EMPLOYED,30460,612,Tamilnadu
CU000176,33,MALE,SALARIED,"₹49,442",636,DELHI
CU001924,45,Male,Salaried,53704,613,Gujrat
CU004464,44,female,salaried,91928,739,Maharashtra
CU000594,52,f,SALARIED,84251,680,Gujarat
CU003396,49,M,Salaried ,"₹12,000",669,KERALA
CU003914,29,f,salaried,12000,591,Gujrat
CU000405,32,M,salaried,46856,793,TELANGANA
CU000492,22,male,SELF-EMPLOYED,27024,unknown,WestBengal
CU004258,34,MALE,salaried,"₹68,737",801,kerala
CU002082,29,FEMALE,Salaried,54400,unknown,Tamilnadu
CU003823,46,Male,selfemployed,27665,789,WestBengal
CU000825,27,M,Self Employed,21555,708,TN
CU002543,46,m,Self-Employed,34225,671,tamil nadu
CU002848,37,M,Salaried ,41938,717,Delhi
CU002168,27,Female,SELF-EMPLOYED,23586,609,Telangana
CU000848,43,Male,Salaried ,47860,756,Tamilnadu
CU002791,42,M,self employed,79962,831,maharashtra
CU003648,24,male,salaried,"₹34,627",726,Gujarat
CU004045,45,FEMALE,Self Employed,71475,668,Delhi
CU002936,38,Male,self employed,37182,698,andhra pradesh
CU004505,53,male,Salaried ,33769,667,andhra pradesh
CU001712,57,MALE,Salaried,101484,648,GJ
CU004275,27,male,Salaried ,36708,660,Gujarat
CU001789,52,MALE,Salaried,12000,531,Gujrat
CU004201,46,f,SELF-EMPLOYED,"₹92,940",637,Karnataka
CU004017,42,Male,Salaried ,28533,727,uttar pradesh
CU002292,37,Male,Salaried,67610,682,UP
CU004341,55,female,Salaried ,40056,unknown,maharashtra
CU001371,34,male,salaried,59836,643,MH
CU003798,33,Male,SALARIED,37420,752,DELHI
CU003299,27,F,Self Employed,47932,674,Uttar Pradesh
CU002146,58,F,Self-Employed,55616,583,delhi
CU000410,49,M,Salaried,22885,660,MH
CU002061,43,M,Self-Employed,20008,809,andhra pradesh
CU004432,46,M,Salaried ,44891,785,Telangana
CU003853,38,M,salaried,49838,539,Telangana
CU002453,41,Female,self employed,72324,778,delhi
CU003247,51,M,self employed,34404,617,WestBengal
CU003146,58,f,salaried,36193,unknown,Maharashtra
CU003268,65,Male,Salaried,"₹67,866",773,Tamilnadu
CU004294,46,M,SALARIED,50018,712,AP
CU003381,40,m,SELF-EMPLOYED,47233,581,Maharastra
CU001842,32,female,N/A,31832,626,TN
CU000952,58,Male,Salaried,31550,700,Andhra Pradesh 
CU001305,43,Female,salaried,62162,639,Tamilnadu
CU001210,63,m,self employed,23887,648,TELANGANA
CU002392,43,female,SALARIED,63884,697,Kerala
CU000975,46,M,Salaried,0,756,Andhra Pradesh 
CU000475,29,FEMALE,Salaried,19848,768,delhi
CU003502,49,female,salaried,54492,684,gujarat
CU000216,21,male,Salaried ,"₹24,967",654,West Bengal
CU000657,43,male,salaried,18290,777,WB
CU000501,45,N/A,SELF-EMPLOYED,39969,unknown,KARNATAKA
CU003236,33,F,Self-Employed,44388,700,WestBengal
CU002520,37,m,self employed,56397,unknown,Uttar Pradesh 
CU001584,31,male,SALARIED,62479,687,WestBengal
CU002286,35,M,salaried,69946,692,West Bengal
CU001635,45,m,Salaried ,46996,698,TN
CU002037,37,N/A,self employed,47786,650,gujarat
CU000539,46,M,Salaried,62745,741,andhra pradesh
CU004202,43,m,salaried,-,unknown,maharashtra
CU001131,43,M,salaried,81028,668,Andhra Pradesh
CU003039,27,M,Self Employed,29308,735,Uttar Pradesh
CU003353,21,female,SELF-EMPLOYED,46389,628,AP
CU002064,38,Female,salaried,47412,773,Kerala 
CU003057,34,female,Salaried,26706,515,Karnatka
CU000965,51,male,Self-Employed,23278,598,maharashtra
CU002923,27,female,Self-Employed,"₹25,444",675,Tamilnadu
CU000497,32,MALE,selfemployed,43369,619,
CU000312,21,Male,SALARIED,40574,655,gujarat
CU000132,32,M,selfemployed,39602,591,Delhi
CU000252,48,N/A,Salaried,64635,650,Kerala
CU004029,25,MALE,Salaried,44330,799,Gujarat
CU001315,28,FEMALE,Salaried,34040,651,uttar pradesh
CU003096,28,m,Self Employed,-,780,KERALA
CU004297,37,M,Self-Employed,51633,683,karnataka
CU002185,44,Male,Salaried ,84713,691,Andhra Pradesh 
CU000648,35,male,selfemployed,12000,704,Maharastra
CU000595,48,male,Salaried ,71829,790,New Delhi
CU000909,33,FEMALE,salaried,"₹25,675",679,west bengal
CU002633,45,M,Self Employed,"₹61,190",706,west bengal
CU000811,47,M,Salaried ,"₹79,063",624,AP
CU000248,47,male,SELF-EMPLOYED,"₹56,948",743,uttar pradesh
CU003672,38,M,SALARIED,-,574,Karnataka
CU000279,39,FEMALE,Self-Employed,41950,609,KERALA
CU002408,30,M,Salaried,33561,753,WestBengal
CU000030,32,m,SALARIED,13986,686,TELANGANA
CU001120,37,MALE,self employed,47991,688,gujarat
CU003364,48,Female,N/A,36323,697,west bengal
CU003067,28,FEMALE,N/A,26667,unknown,UP
CU001732,34,Female,salaried,29397,746,uttar pradesh
CU003475,40,Female,Self-Employed,55232,536,TamilNadu
CU003312,44,F,Self-Employed,"₹47,518",725,WestBengal
CU002399,36,male,self employed,29466,664, Kerala
CU003478,38,female,N/A,41993,625,Karnataka
CU003726,38,male,Self-Employed,21090,736,telangana
CU002287,53,N/A,self employed,-,682,WestBengal
CU002793,21,M,self employed,77140,659,uttar pradesh
CU003170,22,Male,salaried,15201,566,TELANGANA
CU002076,32,female,self employed,61402,637,Andhra Pradesh
CU001878,49,MALE,Salaried ,70493,577,karnataka
CU000148,48,MALE,N/A,38146,646,Maharashtra
CU000660,21,f,Salaried ,69005,638,delhi
CU003896,56,male,salaried,68375,684,Andhra Pradesh
CU001975,58,MALE,Salaried ,84841,742,UP
CU003744,44,m,SALARIED,54093,729,Karnataka
CU000571,30,F,SALARIED,46639,743,Karnatka
CU003574,48,female,SELF-EMPLOYED,25831,628,Telangana
CU000047,24,Female,self employed,"₹26,243",726,TN
CU004166,63,M,Salaried ,56909,unknown,AP
CU000650,39,male,Self-Employed,"₹55,869",697,KERALA
CU001887,34,Female,SELF-EMPLOYED,63041,718,GJ
CU000869,43,M,Salaried ,"₹34,035",853,West Bengal
CU003540,65,Male,Salaried ,73241,637,Kerala 
CU000891,51,f,Salaried,40513,757,Uttar Pradesh
CU001321,21,MALE,self employed,36503,551,AP
CU003537,42,MALE,SALARIED,14836,844,TN
CU003100,43,f,Salaried,68259,666,New Delhi
CU004109,38,M,Self-Employed,44946,633,TamilNadu
CU000828,34,FEMALE,Self-Employed,41713,699,West Bengal
CU003070,56,male,self employed,33226,633,KERALA
CU003819,30,male,salaried,33426,742,TamilNadu
CU003518,45,male,salaried,"₹41,466",751,Karnatka
CU004315,34,m,self employed,34088,729,west bengal
CU001663,47,M,selfemployed,59086,581,maharashtra
CU002024,21,Female,SELF-EMPLOYED,"₹61,603",713,MH
CU000034,45,m,Salaried ,55438,706,MH
CU001844,24,female,SELF-EMPLOYED,38564,677,Delhi
CU001417,35,f,Salaried,16860,689,west bengal
CU004095,28,MALE,SALARIED,71347,-300,UP
CU002504,39,female,self employed,49530,999,Uttar Pradesh
CU001058,36,MALE,selfemployed,12000,632,West Bengal
CU000598,46,f,selfemployed,45870,730,uttar pradesh
CU003059,49,m,SALARIED,"₹55,037",633,West Bengal
CU000861,35,Male,Self-Employed,"₹19,419",876,Keral
CU000010,39,MALE,SALARIED,42687,652,WB
CU002139,43,FEMALE,self employed,31937,588,West Bengal
CU003994,30,Female,Salaried,26968,610,karnataka
CU001985,50,Female,Self Employed,85271,542,Uttar Pradesh 
CU000790,38,m,self employed,28313,748,Keral
CU002311,35,m,selfemployed,67444,696,Karnatka
CU002760,33,M,Salaried ,"₹72,187",557,Keral
CU002532,47,FEMALE,Salaried ,38711,unknown,AP
CU002880,24,F,Self-Employed,106931,682,uttar pradesh
CU003224,32,f,salaried,55905,759,Andhra Pradesh
CU002197,36,m,self employed,76982,643,Andhra Pradesh 
CU000849,44,male,Salaried,"₹56,651",644,KARNATAKA
CU001244,23,MALE,Self Employed,"₹19,637",664,Kerala 
CU003954,31,FEMALE,self employed,32662,756,KERALA
CU004446,25,F,SALARIED,38500,787,TELANGANA
CU000079,41,m,self employed,74507,unknown,telangana
CU004270,26,M,Salaried,-,715,Gujrat
CU003602,41,m,Salaried,35479,999,WestBengal
CU002407,52,M,self employed,12000,754,Maharashtra
CU003046,45,m,N/A,39912,746,KARNATAKA
CU002084,32,M,Salaried,-,603,KARNATAKA
CU004357,39,MALE,Salaried,"₹33,906",727,andhra pradesh
CU003461,28,FEMALE,Self-Employed,51469,628,MH
CU000235,53,m,Salaried ,62004,651,MH
CU003691,26,male,SELF-EMPLOYED,27312,593,Gujarat
CU002372,43,female,Salaried ,"₹14,789",618,WestBengal
CU000003,33,m,SALARIED,"₹55,851",701,Delhi
CU003079,21,M,Self-Employed,52720,728,AP
CU004522,21,female,Salaried ,30004,870, Kerala
CU000634,26,F,Salaried ,34293,712,TELANGANA
CU001756,34,m,Self-Employed,"₹32,632",608,Keral
CU001477,41,male,self employed,54840,753,WB
CU003322,46,Female,Salaried ,31766,577,Andhra Pradesh
CU002864,50,MALE,self employed,41945,723,telangana
CU001049,24,m,salaried,30841,0,Telangana
CU001241,62,male,salaried,"₹45,920",561,Maharastra
CU001419,47,male,salaried,68637,790, Kerala
CU000939,24,Female,Self Employed,13042,623,Gujrat
CU000396,37,f,Salaried,30831,543,tamil nadu
CU004396,36,MALE,Self Employed,12000,787,DELHI
CU000863,49,Male,SALARIED,48728,0,Delhi
CU004031,48,m,Salaried ,17675,unknown,delhi
CU000715,49,F,Salaried,47685,602,andhra pradesh
CU002552,37,male,Self Employed,67815,706,Kerala 
CU001758,51,Female,N/A,34421,749,gujarat
CU004591,35,f,Salaried,58385,582,Andhra Pradesh
CU002432,41,male,SALARIED,58223,725,Gujrat
CU000311,43,MALE,Salaried ,66450,0,MH
CU001619,40,MALE,Salaried,13860,721,Uttar Pradesh
CU003954,31,FEMALE,self employed,32662,756,KERALA
CU001941,26,M,Salaried ,57857,589,Tamilnadu
CU002953,42,female,SALARIED,"₹63,077",999,TELANGANA
CU002569,31,m,Self-Employed,"₹67,232",540,New Delhi
CU003794,44,M,Self-Employed,"₹17,800",716,DELHI
CU001780,49,M,SALARIED,60140,657,Gujarat
CU004121,45,Female,salaried,25787,760,karnataka
CU003435,42,Male,salaried,"₹51,264",554,Uttar Pradesh 
CU001230,36,Male,SALARIED,26200,722,TamilNadu
CU004022,31,m,SALARIED,63063,498,DELHI
CU002725,45,male,salaried,47469,689,Maharashtra
CU000760,32,MALE,selfemployed,75603,739,telangana
CU001812,54,Female,Salaried ,41798,658,KERALA
CU004394,44,male,SALARIED,"₹36,495",755,GJ
CU001368,21,MALE,Self Employed,24931,650,tamil nadu
CU002238,37,m,SELF-EMPLOYED,47429,708,UP
CU001734,49,Male,self employed,31904,634,TamilNadu
CU003566,52,m,SELF-EMPLOYED,"₹45,759",692,TELANGANA
CU000664,39,m,SALARIED,57204,694,west bengal
CU003064,28,Female,SALARIED,75130,614,west bengal
CU004342,52,male,Salaried ,68551,762,Gujarat
CU002623,47,M,Salaried,54825,553,Maharashtra
CU001394,38,male,Salaried ,86156,550,New Delhi
CU002364,24,M,selfemployed,42007,559,maharashtra
CU000743,44,M,Salaried ,47523,619,MH
CU003933,50,N/A,Salaried ,32259,712,andhra pradesh
CU004496,30,m,SALARIED,86563,631,delhi
CU004298,33,M,Salaried ,14045,711,West Bengal
CU002835,51,MALE,Self Employed,"₹12,000",672,WestBengal
CU001513,37,FEMALE,SALARIED,23506,702,gujarat
CU002406,46,Male,Self-Employed,41268,875, Kerala
CU003010,21,female,Self-Employed,47221,523,uttar pradesh
CU000027,36,Male,salaried,51030,782,DELHI
CU000763,36,m,self employed,37866,684,Gujarat
CU003349,33,f,salaried,59740,538,New Delhi
CU001015,44,male,N/A,77326,unknown,Andhra Pradesh
CU004479,40,f,self employed,12000,518,west bengal
CU002305,29,Male,selfemployed,19654,715,Karnataka
CU004086,36,Male,SALARIED,38842,742,West Bengal
CU003169,46,MALE,selfemployed,63303,659,Keral
CU003438,39,FEMALE,Self-Employed,42570,602,AP
CU003261,45,Female,Self Employed,29907,674,maharashtra
CU003262,32,MALE,Salaried ,"₹57,578",668,andhra pradesh
CU000967,21,m,Self-Employed,12000,630,DELHI
CU001601,29,m,Salaried ,19247,597,New Delhi
CU001973,34,male,salaried,21907,670,MH
CU003315,49,MALE,selfemployed,"₹58,905",584,Telangana
CU003442,35,MALE,Salaried ,28923,732,TamilNadu
CU000683,38,m,SELF-EMPLOYED,"₹36,770",671,WestBengal
CU002737,31,FEMALE,self employed,29836,659,Maharastra
CU004375,30,MALE,SALARIED,46522,580,UP
CU000864,45,MALE,Salaried,32835,712,Delhi
CU002547,49,male,Salaried,55139,652,maharashtra
CU002090,34,MALE,Salaried,48804,645,TELANGANA
CU000992,57,m,Salaried,52404,732,uttar pradesh
CU000915,21,male,Self-Employed,56423,701,DELHI
CU003662,38,M,SALARIED,-,624,West Bengal
CU004261,50,Male,Salaried,55682,531,Gujrat
CU002148,34,M,selfemployed,-,569,kerala
CU000186,32,m,Salaried,32252,787,AP
CU001765,37,m,Self Employed,61375,593,gujarat
CU000923,40,male,Salaried ,"₹45,171",625,Telangana
CU004043,52,m,salaried,39417,743,AP
CU000075,47,m,SALARIED,42058,717,Uttar Pradesh 
CU003557,42,m,salaried,36872,816,AP
CU003930,26,M,N/A,"₹31,059",unknown,Andhra Pradesh
CU002769,49,M,Salaried,0,648,Telangana
CU001620,28,Female,salaried,29549,674,Tamil Nadu
CU001831,37,Male,SALARIED,46858,705,DELHI
CU003323,41,male,self employed,43456,728,WB
CU002485,41,male,SALARIED,56422,610,gujarat
CU003149,35,male,SELF-EMPLOYED,"₹22,291",781,Andhra Pradesh
CU000741,60,female,Self Employed,36912,697,andhra pradesh
CU004105,30,m,Salaried ,42716,742,andhra pradesh
CU000972,33,m,Salaried ,"₹67,993",706,tamil nadu
CU001744,37,F,SALARIED,30341,unknown,Tamilnadu
CU002565,21,Male,selfemployed,59542,732,Telangana
CU000820,46,M,SELF-EMPLOYED,25492,797,Karnatka
CU003869,36,MALE,Salaried ,51533,724,uttar pradesh
CU001117,37,N/A,SALARIED,"₹16,915",830,Maharashtra
CU001710,39,male,Salaried ,35822,588,maharashtra
CU000157,32,female,Salaried,52982,690,andhra pradesh
CU002804,55,M,Salaried,21620,516,karnataka
CU003512,33,male,salaried,40793,unknown,uttar pradesh
CU002468,41,f,self employed,16500,592,Kerala 
CU000832,38,male,SALARIED,37343,668,uttar pradesh
CU001359,33,m,Salaried,18908,681,TamilNadu
CU000836,42,M,Salaried,"₹65,721",unknown,Delhi
CU002826,22,male,SALARIED,65497,590,Telangana
CU000503,29,F,Salaried,55450,738,delhi
CU001122,42,MALE,N/A,54590,unknown,
CU002365,37,male,N/A,38433,675,West Bengal
CU002599,33,M,Salaried,46477,624,maharashtra
CU003141,37,f,Self Employed,19061,619,Andhra Pradesh 
CU000990,29,MALE,Self Employed,59849,622,maharashtra
CU000924,43,M,salaried,73701,648,
CU003273,50,MALE,salaried,35747,unknown,KARNATAKA
CU002398,30,male,SALARIED,49133,668,WB
CU002045,32,M,self employed,57798,744,TamilNadu
CU001981,48,female,Salaried ,38529,825,DELHI
CU000250,38,m,SALARIED,76890,603,Keral
CU001057,51,Male,Salaried,31926,741,KERALA
CU002684,56,male,self employed,28228,562,telangana
CU001347,45,M,SALARIED,53969,665,tamil nadu
CU004249,48,female,salaried,36816,602,DELHI
CU002367,50,female,SELF-EMPLOYED,50638,807,UP
CU003871,32,male,Salaried ,26511,774,kerala
CU002592,30,Male,SALARIED,26746,654,New Delhi
CU003654,36,M,Self-Employed,"₹27,416",667,WestBengal
CU000356,49,Female,Self Employed,47265,550,maharashtra
CU000745,46,male,Salaried,49156,625,Andhra Pradesh 
CU003098,36,M,SALARIED,18432,694,gujarat
CU002542,32,m,SELF-EMPLOYED,47028,612,Kerala
CU003013,57,Male,Self Employed,46109,654,WB
CU000845,27,F,salaried,15461,765,MH
CU000724,28,male,Salaried,48922,598,Gujrat
CU002229,33,Male,N/A,"₹55,313",825,KERALA
CU001977,25,M,salaried,"₹20,409",649,Tamil Nadu
CU002956,45,M,Self-Employed,34506,748,Telangana
CU000245,150,MALE,Self Employed,22139,707,Maharashtra
CU002215,45,m,SALARIED,57377,565,Gujrat
CU001299,49,Male,salaried,-,689,Andhra Pradesh 
CU000718,21,FEMALE,SELF-EMPLOYED,70539,unknown,WestBengal
CU004302,28,male,SALARIED,-,745,Kerala
CU000393,34,Female,salaried,29956,511,Gujarat
CU001747,21,M,Salaried,"₹46,658",642,west bengal
CU003293,49,MALE,Salaried ,48932,711,Uttar Pradesh 
CU003752,54,M,Salaried,"₹65,026",671,KERALA
CU001259,37,Male,Self Employed,25471,675,Kerala
CU002989,23,Female,Salaried ,52039,574,Telangana
CU003107,44,male,Self Employed,51795,723,West Bengal
CU000086,32,M,Salaried,51835,848,Keral
CU000747,40,f,Self Employed,72690,721,KERALA
CU001181,40,MALE,self employed,"₹59,661",509,Gujrat
CU003885,56,MALE,Salaried,59141,695,West Bengal
CU001316,22,Male,Self Employed,43825,720,Gujarat
CU002091,46,male,salaried,75492,551,Keral
CU001102,37,m,SELF-EMPLOYED,59581,711,Uttar Pradesh
CU000913,41,M,SALARIED,50271,465,Uttar Pradesh
CU003436,39,male,Self-Employed,27150,764,Maharashtra
CU000963,31,M,SALARIED,43778,698,Keral
CU000555,35,N/A,Salaried ,38830,556,DELHI
CU000266,41,FEMALE,Self Employed,41294,668,New Delhi
CU003030,43,Male,Self Employed,45400,583,west bengal
CU002429,33,m,salaried,41613,799,tamil nadu
CU003052,44,male,SELF-EMPLOYED,48818,689,Keral
CU004535,36,Male,salaried,57777,730,Andhra Pradesh 
CU003087,45,M,salaried,48772,785,WestBengal
CU002558,57,Male,Self Employed,"₹20,489",692,WB
CU003140,32,N/A,Self Employed,50232,702,Tamil Nadu
CU002070,47,F,Salaried ,-,754,MH
CU000107,43,m,SALARIED,51225,668,WB
CU003603,49,male,Self Employed,81346,589,Maharastra
CU002008,36,MALE,Self-Employed,55727,529,Andhra Pradesh 
CU000438,45,F,salaried,44469,600,DELHI
CU001801,32,MALE,SALARIED,"₹37,228",900,MH
CU002236,34,MALE,Self-Employed,29787,731,MH
CU003544,36,f,Salaried ,58364,778,West Bengal
CU003063,30,m,Self Employed,25791,607,tamil nadu
CU002213,44,N/A,Salaried,52128,672,Maharashtra
CU002442,43,f,Self-Employed,67089,668,New Delhi
CU004519,22,female,SALARIED,53498,785,gujarat
CU000171,39,female,SELF-EMPLOYED,18293,730,KARNATAKA
CU004096,45,FEMALE,selfemployed,"₹33,524",858,DELHI
CU004381,46,M,SALARIED,53961,727,Maharashtra
CU001986,32,female,Salaried,"₹32,779",751,TN
CU001372,38,M,Salaried,-,663,Karnatka
CU002123,33,M,SELF-EMPLOYED,65934,668,KARNATAKA
CU003402,48,Female,Self Employed,"₹38,860",732,gujarat
CU001677,46,female,Salaried,"₹22,734",611,Maharashtra
CU003731,46,MALE,N/A,56325,633,karnataka
CU004458,50,FEMALE,Salaried ,"₹76,652",unknown,west bengal
CU001159,30,female,N/A,-,655,UP
CU001128,21,male,Salaried,60892,767,West Bengal
CU002058,45,female,salaried,32484,unknown,andhra pradesh
CU004456,34,female,salaried,31747,665,Karnatka
CU004134,27,m,Salaried,12000,577,UP
CU002059,45,Male,Self-Employed,30354,774,Uttar Pradesh 
CU002356,55,M,salaried,-,713,Andhra Pradesh 
CU003712,36,MALE,SALARIED,18765,724,gujarat
CU002905,51,F,Salaried,45359,467,Uttar Pradesh
CU000827,43,m,Self-Employed,36751,680,TELANGANA
CU003287,44,MALE,selfemployed,0,646,Maharashtra
CU004169,42,male,selfemployed,64922,603,KARNATAKA
CU004599,34,male,selfemployed,"₹85,610",595,WB
CU000285,38,m,selfemployed,44817,677,uttar pradesh
CU000096,21,N/A,SALARIED,"₹39,611",744,TELANGANA
CU004436,29,M,SALARIED,39251,653,karnataka
CU002665,43,M,N/A,41547,625,telangana
CU003443,51,MALE,Self-Employed,"₹20,461",592,KERALA
CU003830,49,male,SALARIED,54100,844,Uttar Pradesh 
CU004562,47,FEMALE,salaried,77103,751,Delhi
CU002650,35,male,self employed,"₹59,004",594,KARNATAKA
CU003198,29,N/A,selfemployed,61555,752,Kerala 
CU002932,33,Male,Self Employed,46248,710,Gujarat
CU001432,23,male,Self-Employed,42837,-300,delhi
CU003929,46,Female,Salaried ,27538,820,MH
CU003764,37,m,salaried,65822,738,
CU002281,33,m,Salaried,25936,590,Karnataka
CU003763,24,Male,SELF-EMPLOYED,42518,596,TELANGANA
CU001441,32,m,SALARIED,32843,563,Andhra Pradesh 
CU002522,41,Female,SALARIED,69320,615,TELANGANA
CU003863,50,Female,Salaried ,51216,790,Telangana
CU003614,36,female,salaried,12000,550,gujarat
CU002188,44,MALE,SALARIED,"₹22,910",719,uttar pradesh
CU003891,43,M,salaried,"₹41,581",680,Delhi
CU001285,34,Male,Salaried,12000,620,GJ
CU003546,31,m,selfemployed,"₹20,836",545,telangana
CU003238,28,MALE,Self Employed,70674,684,
CU002004,43,F,Salaried ,69130,704,WB
CU001251,41,FEMALE,SELF-EMPLOYED,-,720,Uttar Pradesh
CU001955,54,MALE,salaried,"₹62,836",unknown,Andhra Pradesh 
CU002154,35,m,Salaried ,36131,655,DELHI
CU003765,62,FEMALE,Self-Employed,68849,661,Uttar Pradesh 
CU002240,30,m,SALARIED,27405,664,uttar pradesh
CU003379,54,M,Salaried ,12000,553,Uttar Pradesh 
CU003880,36,M,Salaried ,48925,798,WB
CU001257,41,M,salaried,"₹25,148",520,Karnataka
CU000056,31,M,Self Employed,19782,unknown,tamil nadu
CU000483,45,Male,SALARIED,19134,813,WB
CU000044,22,female,salaried,49281,567,Kerala
CU003556,40,female,N/A,20969,559,Delhi
CU004251,25,FEMALE,salaried,49964,709,AP
CU003768,40,F,SALARIED,65620,798,Delhi
CU001822,21,FEMALE,Self Employed,41314,661,telangana
CU001544,58,m,self employed,56174,665,Uttar Pradesh
CU000321,26,male,selfemployed,53892,0,Kerala
CU001342,32,Male,Self-Employed,28956,576,gujarat
CU002135,32,F,salaried,30960,668,Karnataka
CU002803,56,m,salaried,21592,787,Tamilnadu
CU003090,34,F,Salaried,24144,698,telangana
CU004395,51,Male,selfemployed,-,657,Gujarat
CU002479,42,male,Salaried ,44455,661,DELHI
CU002258,35,male,Self-Employed,47868,731,Karnatka
CU004245,29,MALE,Self-Employed,12000,739,tamil nadu
CU001438,40,MALE,SALARIED,76883,689,TN
CU004171,33,F,self employed,52695,891,Kerala
CU002443,44,Male,salaried,37338,673,andhra pradesh
CU002256,25,Male,Salaried,"₹24,686",728,AP
CU000238,38,Male,SALARIED,59652,672,uttar pradesh
CU001798,40,F,Salaried ,34627,834,Andhra Pradesh 
CU001810,29,Female,Self-Employed,41245,755,AP
CU001004,39,F,SALARIED,53435,797,WB
CU004493,30,m,Self Employed,36797,819,maharashtra
CU002394,45,M,Salaried,33106,641,KARNATAKA
CU003011,62,MALE,Self-Employed,35637,607,Telangana
CU003989,44,f,SELF-EMPLOYED,62856,753,Telangana
CU001077,53,female,salaried,67447,680,Telangana
CU004035,37,F,SALARIED,63870,838,uttar pradesh
CU003413,21,f,salaried,"₹44,226",860,maharashtra
CU003856,47,f,SALARIED,57419,900,Maharastra
CU002506,31,MALE,Salaried,-,717,Telangana
CU001200,34,F,Salaried,37424,867,karnataka
CU004361,38,male,salaried,12000,519,andhra pradesh
CU000301,31,Male,Salaried ,"₹65,798",741,west bengal
CU004064,36,MALE,SALARIED,33111,576,Tamilnadu
CU002508,34,MALE,selfemployed,65168,688,Karnatka
CU000943,50,female,Salaried ,23466,626,Kerala 
CU003992,48,FEMALE,Salaried,14571,838,kerala
CU002371,38,f,Self-Employed,54466,677,TN
CU001260,25,Male,selfemployed,41084,unknown,Delhi
CU004247,45,Male,Salaried ,42020,678,Tamilnadu
CU002523,36,f,Salaried,54226,729,uttar pradesh
CU003877,49,F,selfemployed,42095,672,telangana
CU003963,31,MALE,Salaried,-,801, Kerala
CU003157,29,m,Self Employed,-5000,616,West Bengal
CU000464,28,Male,salaried,93252,750,TamilNadu
CU000006,23,M,salaried,21980,713,
CU000842,36,M,Salaried ,44859,660, Kerala
CU001869,37,f,SALARIED,41038,640,Karnataka
CU000327,32,MALE,SALARIED,48691,865,Uttar Pradesh 
CU003970,35,Male,SALARIED,68002,548,AP
CU004020,34,m,Salaried,47103,623,WB
CU003209,31,Female,N/A,"₹12,000",660,TN
CU004492,38,MALE,SELF-EMPLOYED,24303,537,Kerala 
CU001465,33,Male,SELF-EMPLOYED,45647,776,Maharastra
CU000893,36,MALE,Self Employed,49431,733,Andhra Pradesh 
CU003132,28,M,self employed,29212,550,uttar pradesh
CU002062,21,FEMALE,SELF-EMPLOYED,31303,671,DELHI
CU003202,43,FEMALE,self employed,30055,733,TELANGANA
CU000695,30,M,salaried,71611,760,Tamil Nadu
CU000388,21,male,salaried,88418,664,karnataka
CU002572,38,m,salaried,46444,629,
CU003104,44,m,Self-Employed,19999,707,gujarat
CU004186,30,male,Salaried ,14336,523,WB
CU002388,36,M,SALARIED,57704,587,Andhra Pradesh
CU003334,28,male,Salaried,47082,762,gujarat
CU000604,46,N/A,salaried,34671,662,Delhi
CU000843,34,F,SALARIED,30430,708,WB
CU000323,36,MALE,Salaried ,53390,745,WB
CU002748,65,Male,self employed,"₹45,400",747,maharashtra
CU001868,35,Male,SALARIED,83717,692,Keral
CU000866,26,male,selfemployed,52113,697,
CU003062,30,Male,salaried,38720,675,Uttar Pradesh 
CU004008,39,m,Salaried,72578,706,Maharastra
CU004271,43,Male,SELF-EMPLOYED,25911,572,andhra pradesh
CU002614,34,female,Self-Employed,46547,760,UP
CU004214,29,MALE,Salaried ,54985,633,UP
CU004388,27,F,salaried,"₹30,863",606,Gujarat
CU002564,45,MALE,Salaried ,45147,582,delhi
CU003368,49,F,salaried,29620,690,KERALA
CU002603,47,Female,SALARIED,60813,750,delhi
CU001281,23,MALE,self employed,"₹12,000",900,TN
CU003633,40,M,Salaried,86745,624,Andhra Pradesh
CU000831,44,male,Salaried,61215,602,Maharastra
CU003150,50,MALE,SALARIED,43965,601,Delhi
CU003800,46,m,SALARIED,58077,558,Uttar Pradesh 
CU001905,44,F,N/A,37489,635,New Delhi
CU000456,50,MALE,N/A,45010,734,Kerala
CU000308,150,MALE,salaried,38546,657,UP
CU002121,43,m,SALARIED,58019,618,kerala
CU002306,34,Male,Salaried ,43376,755,KERALA
CU002263,48,MALE,Self Employed,37814,637,andhra pradesh
CU002051,40,m,Self-Employed,50604,758,Maharastra
CU001303,21,M,Salaried ,15104,692,andhra pradesh
CU000329,29,M,SALARIED,44932,unknown,UP
CU000671,25,F,salaried,-,614,New Delhi
CU001705,35,M,Salaried,37765,739,gujarat
CU003938,49,M,Self Employed,"₹30,676",697,Karnataka
CU004596,33,male,SELF-EMPLOYED,"₹49,169",478,andhra pradesh
CU004480,28,M,self employed,46593,667,West Bengal
CU001719,49,Male,Self-Employed,43577,749,Andhra Pradesh 
CU002978,35,Male,Self Employed,-,783,gujarat
CU002613,41,male,Salaried ,89739,452,Karnataka
CU004168,24,MALE,SALARIED,46968,659,MH
CU000480,43,Female,SALARIED,13037,721,telangana
CU003630,35,Male,salaried,85720,642,UP
CU001176,32,MALE,SALARIED,26824,831,kerala
CU004254,33,MALE,Salaried,-,531,Andhra Pradesh 
CU002958,30,female,SELF-EMPLOYED,"₹46,018",695,Karnatka
CU003658,27,m,salaried,17978,604,gujarat
CU000118,28,MALE,salaried,43678,571,Karnataka
CU001972,32,m,Salaried,86090,unknown,GJ
CU001558,21,MALE,SALARIED,51194,722,TELANGANA
CU002863,48,M,Salaried,"₹35,110",677,TamilNadu
CU003755,32,MALE,SALARIED,41338,868,WestBengal
CU000880,46,m,SELF-EMPLOYED,21976,424,karnataka
CU001030,49,Male,Salaried,59456,690,Kerala 
CU003283,36,N/A,salaried,"₹63,561",593,West Bengal
CU000467,44,m,SALARIED,56836,689,Gujrat
CU002266,48,M,SALARIED,68099,697,Delhi
CU004190,40,FEMALE,SALARIED,15358,694,tamil nadu
CU004140,21,f,salaried,40098,580,maharashtra
CU004152,21,female,Self-Employed,-,682,delhi
CU002494,46,MALE,salaried,-,603,Kerala 
CU001161,22,FEMALE,SALARIED,40589,700,Karnataka
CU003084,29,male,Self-Employed,12000,711,tamil nadu
CU001970,38,male,N/A,54127,646,karnataka
CU001199,21,f,Self-Employed,59903,unknown,tamil nadu
CU001357,60,MALE,salaried,82349,644,UP
CU001902,23,FEMALE,SALARIED,47622,759,Andhra Pradesh 
CU001976,34,m,SALARIED,"₹69,328",693,DELHI
CU000777,40,f,Salaried ,66486,653,Andhra Pradesh
CU002653,31,female,Salaried,43282,673,Uttar Pradesh
CU000569,31,female,SELF-EMPLOYED,12000,738,uttar pradesh
CU001787,27,N/A,self employed,51863,609,Karnataka
CU004499,37,Female,SALARIED,49825,716,Kerala
CU004010,26,F,SALARIED,48510,758,New Delhi
CU000026,37,Male,SALARIED,46204,900,WestBengal
CU003127,36,female,Salaried,34562,811,TELANGANA
CU001093,30,male,selfemployed,42169,unknown,Karnataka
CU001258,41,female,self employed,37322,698,WestBengal
CU001999,27,MALE,SELF-EMPLOYED,14405,456,TN
CU000085,59,MALE,Salaried,28834,488,Maharashtra
CU001666,58,MALE,N/A,67074,645,Maharastra
CU003488,27,Male,N/A,50840,900,Delhi
CU004405,29,MALE,self employed,40141,776,Telangana
CU002686,35,female,self employed,12000,642,WestBengal
CU002790,47,m,N/A,25471,767,UP
CU003260,34,M,Self Employed,-,679,Kerala
CU000756,35,MALE,SALARIED,46045,584,Andhra Pradesh
CU002144,44,m,Salaried ,58735,622,andhra pradesh
CU002200,36,F,SALARIED,"₹31,070",847,uttar pradesh
CU003904,25,F,SELF-EMPLOYED,52340,705,telangana
CU000512,-1,male,salaried,58976,717,Karnataka
CU002126,21,male,SALARIED,16504,660,uttar pradesh
CU002437,36,male,Salaried ,39397,648,uttar pradesh
CU003210,35,FEMALE,selfemployed,40004,727,Tamil Nadu
CU000732,21,m,SELF-EMPLOYED,21933,528,West Bengal
CU002221,53,male,SALARIED,14848,652,TN
CU004087,50,Female,Self-Employed,34054,789,WestBengal
CU000531,49,male,selfemployed,"₹38,318",677,Maharashtra
CU004525,24,M,selfemployed,"₹21,036",631,West Bengal
CU000766,21,female,Self-Employed,29088,unknown,Delhi
CU001480,38,MALE,SALARIED,23062,753,TELANGANA
CU002784,34,Male,self employed,56736,655,TELANGANA
CU002003,23,f,selfemployed,26514,789,Maharashtra
CU001362,41,M,SELF-EMPLOYED,50824,647,Telangana
CU004507,21,male,N/A,"₹72,402",792,West Bengal
CU003667,51,f,SELF-EMPLOYED,"₹45,324",685,Karnataka
CU004236,35,MALE,SALARIED,61357,701,Gujrat
CU000180,52,Male,self employed,36089,810,Maharashtra
CU000375,42,MALE,N/A,"₹40,174",unknown,Telangana
CU001634,59,MALE,SALARIED,-,690,karnataka
CU004022,31,m,SALARIED,63063,498,DELHI
CU002758,46,male,Self-Employed,15996,661,TN
CU002986,31,male,SELF-EMPLOYED,27960,706,west bengal
CU002860,41,m,Self Employed,98592,625,MH
CU001185,30,MALE,Salaried ,57891,628,GJ
CU001715,49,MALE,self employed,12000,694,KARNATAKA
CU003123,26,Male,selfemployed,"₹35,536",838,Karnataka
CU003185,35,F,salaried,75233,878,maharashtra
CU002056,35,M,N/A,25556,687,maharashtra
CU002719,22,M,SALARIED,88684,703,TN
CU002081,23,male,SALARIED,59679,651,Keral
CU001794,37,FEMALE,self employed,41522,800,Andhra Pradesh 
CU000239,38,Male,salaried,12000,762,Andhra Pradesh
CU000128,45,male,selfemployed,15428,782,Uttar Pradesh 
CU000355,36,MALE,Self-Employed,108862,641,WB
CU000165,28,m,Salaried,66072,724,WestBengal
CU001511,40,F,Salaried,32383,718,maharashtra
CU004104,42,male,Self-Employed,58905,781,West Bengal
CU002320,40,Male,SALARIED,27988,810,Karnatka
CU003200,31,male,SELF-EMPLOYED,36995,850,gujarat
CU001891,43,m,Salaried,42608,676,maharashtra
CU001320,39,N/A,SELF-EMPLOYED,12000,627,New Delhi
CU004220,34,FEMALE,Salaried,"₹42,398",760,AP
CU003547,38,m,selfemployed,-,860,Andhra Pradesh
CU002541,52,MALE,Self-Employed,"₹66,850",600,WestBengal
CU000473,34,N/A,selfemployed,38645,579,Gujrat
CU003022,40,male,salaried,47252,684,Uttar Pradesh
CU001998,54,m,SALARIED,57361,711,Kerala
CU000019,52,M,Salaried,-,607, Kerala
CU003953,150,male,self employed,19762,692,andhra pradesh
CU002957,22,male,SALARIED,36644,520,Karnatka
CU002043,48,FEMALE,salaried,61167,660,maharashtra
CU004162,26,Female,salaried,15276,724,GJ
CU002138,33,M,salaried,12000,625,DELHI
CU001026,50,male,Self Employed,"₹25,142",549,telangana
CU000098,37,MALE,selfemployed,12000,671,Karnataka
CU004170,36,Female,Salaried ,52763,864,Telangana
CU001840,53,m,Salaried,54167,580,gujarat
CU003115,39,m,Salaried,37078,733,karnataka
CU001024,28,Male,salaried,"₹43,345",701,gujarat
CU003649,41,f,Salaried,55417,685,Karnataka
CU002015,28,m,salaried,58469,840,DELHI
CU002836,32,m,Self Employed,45234,727,Maharashtra
CU003162,44,MALE,SELF-EMPLOYED,60933,744,Tamil Nadu
CU000846,40,m,salaried,-,662,Maharastra
CU004026,36,male,Salaried,"₹48,170",785,tamil nadu
CU003793,31,MALE,SALARIED,53821,624,tamil nadu
CU000450,39,Female,Salaried,61501,601,Uttar Pradesh
CU000551,47,female,self employed,54653,865,andhra pradesh
CU001333,45,M,selfemployed,46870,665,Gujarat
CU000277,27,N/A,self employed,38671,789,WB
CU002267,38,M,Salaried ,48558,680,Gujrat
CU003745,36,F,SALARIED,"₹33,565",484,TamilNadu
CU000179,38,Female,Self-Employed,66309,633,telangana
CU000434,47,Male,Salaried,25566,555,uttar pradesh
CU003655,46,Female,SALARIED,57874,604,karnataka
CU001341,49,m,SALARIED,74961,707,DELHI
CU004510,39,Male,SALARIED,55208,711,Uttar Pradesh 
CU003549,33,F,Self-Employed,62040,820,TELANGANA
CU004132,41,MALE,Salaried ,61465,793,Keral
CU003521,47,MALE,selfemployed,20764,754,Kerala
CU002616,23,F,selfemployed,36876,594,
CU001592,41,MALE,SALARIED,65432,809,WB
CU001644,28,Male,salaried,51842,852,KARNATAKA
CU004452,40,male,Self Employed,20307,600,GJ
CU001517,34,male,Salaried ,59050,548,KARNATAKA
CU003458,31,Male,Salaried,31631,900,Keral
CU000742,37,male,SELF-EMPLOYED,53719,unknown,UP
CU003354,47,male,Salaried ,81258,595,Uttar Pradesh
CU000868,54,M,salaried,49857,492,delhi
CU001770,43,Female,Salaried,50623,844,uttar pradesh
CU004309,41,MALE,selfemployed,"₹48,791",717,KERALA
CU000484,41,male,salaried,19991,734,delhi
CU004362,35,MALE,salaried,65225,747,Keral
CU002811,41,Male,Salaried ,12000,587,Gujarat
CU002022,28,N/A,salaried,29803,616,Andhra Pradesh
CU002899,43,MALE,SELF-EMPLOYED,59511,731,Kerala
CU004594,53,female,Salaried ,19151,642,Tamil Nadu
CU004092,29,f,SALARIED,60515,582,UP
CU002486,53,f,SALARIED,32157,497,maharashtra
CU001531,46,F,Salaried,-,676,WB
CU000781,31,MALE,Self Employed,26637,776,West Bengal
CU000549,36,Male,salaried,51557,659,telangana
CU002902,21,M,SELF-EMPLOYED,33233,761,MH
CU003134,0,M,selfemployed,"₹74,006",579,gujarat
CU001964,26,F,Salaried ,45660,801,uttar pradesh
CU000078,23,Female,selfemployed,"₹30,631",660,andhra pradesh
CU000783,50,female,self employed,67928,592,Tamil Nadu
CU003007,31,N/A,SALARIED,66964,753,KARNATAKA
CU002594,48,m,Self Employed,12000,592,Maharastra
CU002952,43,female,self employed,79194,999,uttar pradesh
CU001890,39,FEMALE,salaried,55210,698,Delhi
CU001008,32,Male,Salaried ,46117,652,uttar pradesh
CU004151,49,Male,SALARIED,"₹25,522",648,West Bengal
CU004291,34,M,salaried,49845,687,tamil nadu
CU003653,48,Female,SELF-EMPLOYED,28416,583,Karnataka
CU004149,31,FEMALE,Salaried,55066,671,TELANGANA
CU000674,41,Female,Salaried,"₹12,000",692,
CU002204,21,male,Salaried,"₹51,486",586,Andhra Pradesh 
CU000687,30,F,self employed,30756,670,Telangana
CU000876,39,Male,salaried,"₹43,418",627,DELHI
CU000459,44,m,Self Employed,22223,740,Uttar Pradesh
CU002866,36,FEMALE,SALARIED,42722,681,Karnataka
CU001990,33,Female,Self-Employed,72956,787,WestBengal
CU001911,49,m,SALARIED,21706,736,AP
CU001268,58,Female,Salaried ,42860,854,Karnatka
CU000753,48,Male,Salaried,37473,832,DELHI
CU000122,31,FEMALE,Salaried ,46731,665,telangana
CU003638,29,male,Salaried,46595,709,WestBengal
CU000700,42,MALE,self employed,78344,817,telangana
CU002925,58,male,Salaried,54189,731,Gujrat
CU004124,37,N/A,salaried,"₹25,332",594,KARNATAKA
CU001493,47,m,Salaried ,12000,622,Tamil Nadu
CU004580,37,Male,self employed,30435,581,TN
CU001949,40,M,Salaried ,40430,740,WB
CU002087,49,Female,SELF-EMPLOYED,13513,unknown,telangana
CU003366,34,MALE,SELF-EMPLOYED,72878,606,maharashtra
CU000032,34,female,selfemployed,61270,569,Delhi
CU002155,54,male,self employed,63932,579, Kerala
CU002759,35,f,Salaried,65975,787,tamil nadu
CU000070,46,M,N/A,71109,681,maharashtra
CU001450,37,MALE,Salaried,"₹27,930",unknown,MH
CU003176,35,FEMALE,Salaried,30548,719,Tamil Nadu
CU003628,32,m,SALARIED,59959,569,
CU003878,44,MALE,SALARIED,"₹27,417",507,karnataka
CU003960,40,Male,selfemployed,58537,670,uttar pradesh
CU004415,36,F,SELF-EMPLOYED,28661,703,MH
CU003222,46,Male,self employed,"₹64,959",643,west bengal
CU003147,30,Male,SALARIED,65875,810,telangana
CU001532,29,M,selfemployed,85974,533,Gujrat
CU002433,40,Female,SALARIED,63668,647,Tamil Nadu
CU003575,30,F,SALARIED,"₹12,000",771,maharashtra
CU003183,21,Male,Salaried ,53994,709,TELANGANA
CU001913,21,FEMALE,self employed,36521,685,Andhra Pradesh 
CU000505,57,MALE,self employed,"₹107,198",728,West Bengal
CU000340,35,Male,salaried,40470,713,delhi
CU003581,30,male,N/A,-,718,Gujrat
CU004358,22,M,SALARIED,20326,702,Andhra Pradesh 
CU000799,45,f,Salaried,56808,772,andhra pradesh
CU004542,28,female,Salaried ,66208,531,telangana
CU004466,32,M,Salaried,40649,589,Maharastra
CU000062,42,MALE,Self-Employed,46396,645,Tamil Nadu
CU001776,27,male,selfemployed,42165,759,telangana
CU002846,53,Male,selfemployed,44085,640,Gujrat
CU004579,37,Female,self employed,33153,596,telangana
CU002461,40,M,Salaried ,45705,590,Maharastra
CU001568,38,female,selfemployed,"₹43,362",769,AP
CU002849,43,F,selfemployed,88409,685,
CU001690,44,m,Self Employed,96976,524,Karnatka
CU002987,45,male,Salaried,63235,618,Telangana
CU002420,42,MALE,selfemployed,66859,767,TELANGANA
CU001569,45,male,self employed,50957,839,uttar pradesh
CU003966,51,Male,SELF-EMPLOYED,61349,724,andhra pradesh
CU002340,34,Male,self employed,41365,595,TN
CU002095,25,M,Salaried,31401,602,GJ
CU002042,41,N/A,SELF-EMPLOYED,29085,837,Andhra Pradesh 
CU002201,31,m,SALARIED,46783,720,Gujarat
CU002273,54,M,Salaried ,-,672,uttar pradesh
CU000382,55,Female,SALARIED,42911,664,Keral
CU003865,32,m,salaried,64083,590,Telangana
CU002413,46,male,selfemployed,79610,799,Tamilnadu
CU003913,31,Male,Salaried,50811,452,Kerala
CU001391,51,M,Salaried,80746,606,Kerala
CU004233,32,male,salaried,44855,673,Andhra Pradesh 
CU003915,39,female,N/A,46697,710,
CU001953,34,Female,SALARIED,72381,659,tamil nadu
CU002916,21,M,Salaried,"₹40,501",623,Gujarat
CU002343,42,MALE,Self Employed,-,651,karnataka
CU000246,30,FEMALE,salaried,43717,709,tamil nadu
CU001440,26,M,SELF-EMPLOYED,"₹12,000",799,WB
CU001023,52,MALE,salaried,31010,608,Keral
CU003234,53,m,N/A,57663,620,karnataka
CU000412,51,M,Salaried ,-,607,Karnataka
CU002262,33,Male,Self Employed,12000,789,Telangana
CU001063,39,M,Self-Employed,34557,900,TN
CU004556,37,m,SELF-EMPLOYED,0,754,Kerala
CU003562,45,Female,Salaried ,26983,651,WB
CU000666,34,FEMALE,Salaried,-,616,Karnataka
CU004578,38,Male,Salaried ,38010,585,uttar pradesh
CU004330,60,male,SELF-EMPLOYED,12000,unknown,WB
CU004588,42,M,SALARIED,"₹36,758",746,maharashtra
CU000115,32,male,Self Employed,60107,688, Kerala
CU003990,40,M,Self-Employed,-,760,Uttar Pradesh 
CU002303,41,MALE,salaried,39627,582,Andhra Pradesh 
CU002478,21,female,SALARIED,56699,685,UP
CU003251,23,FEMALE,SELF-EMPLOYED,67659,796,Kerala 
CU000119,31,Male,Salaried,"₹45,947",770,Telangana
CU001982,45,female,Salaried ,43336,803,Karnataka
CU002181,30,Male,self employed,80890,802,maharashtra
CU000163,31,m,Self Employed,45521,696,kerala
CU000264,31,FEMALE,Salaried ,39101,792,Keral
CU000776,30,M,SALARIED,"₹64,167",unknown,MH
CU004218,52,m,salaried,-,602,tamil nadu
CU000652,28,M,Self-Employed,42545,688,Karnataka
CU003724,40,M,Salaried ,38558,unknown,GJ
CU004470,37,MALE,SALARIED,54581,574,karnataka
CU001171,38,M,Salaried,26448,662,Telangana
CU004283,41,m,salaried,54322,787,Telangana
CU003012,28,Female,Salaried ,76713,766,telangana
CU004598,32,N/A,N/A,64012,596,West Bengal
CU003875,41,f,SALARIED,20421,811,Telangana
CU004592,40,MALE,self employed,95272,787,Uttar Pradesh
CU001369,52,FEMALE,Salaried ,60464,625,WB
CU000898,21,m,salaried,32847,667,Telangana
CU000929,37,m,selfemployed,27244,748,telangana
CU000015,26,f,selfemployed,21075,673,Maharashtra
CU002549,32,MALE,SALARIED,24727,718,maharashtra
CU000968,44,M,selfemployed,-,725,Uttar Pradesh 
CU001107,26,FEMALE,self employed,0,unknown,WB
CU004267,41,MALE,Salaried ,34502,709,Karnatka
CU003969,34,female,salaried,-,645,Karnataka
CU001255,36,male,Self-Employed,45860,628,Maharashtra
CU002649,48,Male,salaried,61293,481,TELANGANA
CU002924,30,MALE,Salaried,-,589,Karnataka
CU004355,30,f,SELF-EMPLOYED,30489,786,Andhra Pradesh 
CU001640,33,MALE,salaried,70216,735,Uttar Pradesh
CU001134,40,MALE,Salaried,32291,676,west bengal
CU004348,24,Male,SALARIED,"₹70,188",745,TELANGANA
CU003520,32,male,Salaried ,"₹32,763",606,
CU001879,43,m,salaried,"₹32,678",825,Andhra Pradesh 
CU000272,22,FEMALE,selfemployed,12000,713,Karnatka
CU001474,34,N/A,Salaried ,"₹24,973",597,AP
CU001548,21,MALE,Salaried ,27450,553,Andhra Pradesh
CU004334,37,m,self employed,"₹50,647",597,uttar pradesh
CU000839,54,male,selfemployed,"₹61,564",unknown,DELHI
CU002196,53,M,SALARIED,12000,591,karnataka
CU001836,51,m,Salaried,48761,603,West Bengal
CU000413,47,m,Salaried,77311,677,Tamil Nadu
CU001713,32,f,SALARIED,51541,561,TamilNadu
CU002796,34,F,salaried,56082,624,
CU002222,42,m,selfemployed,12000,593,west bengal
CU000378,33,male,Self-Employed,59776,735,Tamil Nadu
CU001492,30,male,Salaried ,52719,574,Telangana
CU000739,22,male,SALARIED,28943,857,Maharastra
CU003378,51,male,Salaried ,45332,759,Kerala 
CU003616,24,f,SALARIED,"₹21,056",830,Karnatka
CU004282,150,F,Salaried,-,641,Delhi
CU000053,59,f,SELF-EMPLOYED,57678,497,gujarat
CU004115,29,Male,SALARIED,"₹37,955",654, Kerala
CU002270,43,Male,SELF-EMPLOYED,44195,634,Tamil Nadu
CU003095,42,m,self employed,41440,504,Maharastra
CU001390,23,N/A,Self Employed,34748,741,New Delhi
CU003189,33,F,Salaried ,-,616,kerala
CU003479,26,f,Salaried ,"₹44,169",739,AP
CU003434,24,m,selfemployed,76462,819,Maharashtra
CU004192,58,Male,SALARIED,14054,571,KERALA
CU002310,21,N/A,self employed,67692,619,Maharastra
CU003223,50,M,Salaried,24347,unknown,Karnatka
CU002591,38,M,SALARIED,60223,663,TELANGANA
CU001633,31,MALE,salaried,-,633,karnataka
CU003175,51,m,Self-Employed,12721,576,Delhi
CU002977,24,Female,Salaried,"₹57,196",800,Gujarat
CU000468,53,Male,Salaried,48295,684,TN
CU004437,46,Male,Salaried ,39695,772,west bengal
CU000904,37,male,salaried,43791,781,Maharashtra
CU004419,45,Male,Salaried,60752,645, Kerala
CU000072,36,FEMALE,SALARIED,28635,868,tamil nadu
CU003218,36,M,Salaried ,65336,736,Tamil Nadu
CU001899,65,MALE,Self Employed,63135,639,Tamil Nadu
CU003996,39,M,SALARIED,41749,710,west bengal
CU001208,38,Male,Salaried ,"₹70,841",612,
CU002078,32,Male,SELF-EMPLOYED,-,668,andhra pradesh
CU001591,30,m,Salaried ,67429,638,gujarat
CU002845,29,Male,self employed,35288,559,Maharastra
CU002206,21,M,Self Employed,41426,747,MH
CU002981,55,Female,SALARIED,75927,840,
CU000659,32,male,salaried,65767,543,Andhra Pradesh
CU000064,21,FEMALE,SALARIED,50619,623,
CU001839,26,M,selfemployed,59643,602,DELHI
CU004001,25,MALE,Salaried ,-,625,Delhi
CU003037,51,m,Salaried,44058,612,Telangana
CU000455,38,Male,SALARIED,48946,735,New Delhi
CU000403,47,f,Salaried,50742,577,KARNATAKA
CU001473,65,f,self employed,"₹24,441",526,Keral
CU000678,48,Male,Salaried,19137,731,maharashtra
CU003357,49,FEMALE,SALARIED,"₹67,989",740,AP
CU001617,37,Male,Salaried ,-,unknown,gujarat
CU001252,35,male,Salaried ,36322,834,Maharashtra
CU001984,38,Male,SELF-EMPLOYED,56409,769,WB
CU003426,43,m,Salaried ,42244,604,Uttar Pradesh 
CU003844,21,Male,selfemployed,41285,579,karnataka
CU001034,47,Male,self employed,"₹29,182",683,Gujarat
CU000175,38,male,SELF-EMPLOYED,45595,688,Karnataka
CU000940,45,MALE,salaried,45887,522,Tamilnadu
CU003103,26,M,N/A,"₹79,019",646,Karnatka
CU002588,36,M,SELF-EMPLOYED,37871,542,Uttar Pradesh 
CU000335,39,Male,self employed,12000,638,Gujrat
CU000874,43,Male,salaried,35234,736,Maharastra
CU002854,30,male,Salaried ,69165,637,WB
CU001487,28,MALE,Salaried,58903,unknown,karnataka
CU000297,23,MALE,salaried,48667,678,tamil nadu
CU004508,5,M,Salaried,34031,736,UP
CU004450,49,male,SELF-EMPLOYED,44777,806,DELHI
CU003846,40,MALE,SALARIED,73044,unknown,Andhra Pradesh 
CU004219,30,M,self employed,-,761,Tamil Nadu
CU003761,27,m,salaried,45752,751,MH
CU000379,28,N/A,SALARIED,66719,713,TamilNadu
CU003111,41,Female,Self Employed,37401,714,karnataka
CU002771,24,Male,selfemployed,-,663,Uttar Pradesh
CU003919,45,N/A,salaried,64890,624,Tamilnadu
CU004139,23,f,Salaried ,13191,758,Uttar Pradesh 
CU002211,40,Male,SALARIED,42958,816,DELHI
CU002173,33,male,Self-Employed,34925,572,TN
CU002600,29,M,salaried,37014,761,andhra pradesh
CU002053,21,F,Salaried,85536,757,Gujarat
CU000916,27,Male,salaried,47210,623,Karnataka
CU000657,43,male,salaried,18290,777,WB
CU004447,26,MALE,Salaried ,74538,646,TELANGANA
CU002336,30,N/A,Salaried,"₹36,298",546,DELHI
CU003821,32,Male,Salaried ,48768,748,
CU000957,31,Female,SALARIED,16346,726,uttar pradesh
CU001888,21,M,N/A,"₹12,000",754,TELANGANA
CU000955,40,female,Self-Employed,29470,619,maharashtra
CU003718,59,M,Self-Employed,"₹38,203",696,Andhra Pradesh 
CU004028,43,Female,SALARIED,14397,523,New Delhi
CU001183,29,M,Salaried,45125,661,west bengal
CU002474,44,MALE,SALARIED,"₹71,590",626,Uttar Pradesh 
CU001424,41,male,salaried,37627,752,tamil nadu
CU002572,38,m,salaried,46444,629,
CU002401,45,Female,self employed,-,691,AP
CU002893,34,MALE,Self-Employed,48336,658,kerala
CU003597,42,M,SELF-EMPLOYED,64117,607,Delhi
CU001723,51,m,self employed,68422,566,WB
CU001668,21,Male,self employed,72445,692,West Bengal
CU002885,39,Female,salaried,18765,535,Uttar Pradesh
CU002995,53,M,self employed,18746,771,West Bengal
CU000887,28,Female,SELF-EMPLOYED,32342,unknown,andhra pradesh
CU004057,22,m,N/A,46261,748,GJ
CU004443,41,male,SALARIED,60110,715,WB
CU000334,48,MALE,Salaried ,-,579,MH
CU000154,25,Male,self employed,34545,774,kerala
CU000722,37,male,SALARIED,86720,588,Kerala 
CU000374,39,FEMALE,SELF-EMPLOYED,57694,779,UP
CU000313,41,M,self employed,61314,664,Maharashtra
CU001850,29,F,Salaried ,45061,732,Andhra Pradesh 
CU001623,50,F,salaried,"₹39,910",unknown,Gujarat
CU000043,42,Female,self employed,43543,unknown,Delhi
CU002694,36,M,Self Employed,-,684,Delhi
CU000418,34,m,Self-Employed,42853,720,Maharastra
CU004549,47,Female,Salaried,34818,764,karnataka
CU004337,28,female,selfemployed,"₹63,094",835,karnataka
CU000705,27,MALE,Salaried,83228,770,Uttar Pradesh
CU000733,21,M,Salaried ,17891,632,New Delhi
CU000945,45,Male,Self Employed,48988,530,Andhra Pradesh 
CU003615,36,Female,Salaried,"₹76,027",700,KARNATAKA
CU001807,52,M,SALARIED,35400,754,Uttar Pradesh
CU001019,45,f,salaried,41845,602,WB
CU000908,35,Male,self employed,14143,665,delhi
CU001694,64,MALE,Self Employed,47123,622,KARNATAKA
CU002792,34,Male,salaried,"₹25,746",622,WestBengal
CU000520,24,F,SALARIED,25724,593,TELANGANA
CU000815,30,m,Salaried,-,708,AP
CU000819,40,m,selfemployed,44554,606,Karnataka
CU003450,30,male,Salaried,"₹25,182",625,
CU001523,51,F,salaried,45488,820,tamil nadu
CU001639,39,male,salaried,54024,771,Uttar Pradesh 
CU003558,50,M,salaried,"₹62,000",734,Karnataka
CU004378,41,male,Self-Employed,79270,534,gujarat
CU001701,33,F,Self-Employed,-,635,Telangana
CU003527,55,m,Salaried ,73632,675,tamil nadu
CU003735,45,female,Salaried,60951,779,delhi
CU003047,39,M,SELF-EMPLOYED,32136,759,tamil nadu
CU001884,39,male,Salaried,-,829,WB
CU002593,34,Female,Salaried,0,526,KARNATAKA
CU000380,56,m,Salaried,44611,652,KARNATAKA
CU003776,45,male,Self-Employed,67402,697,karnataka
CU004004,40,male,Salaried,-,736,TELANGANA
CU002252,31,f,selfemployed,60623,660,Kerala
CU002149,34,M,Self Employed,72816,850,Gujrat
CU003727,35,m,SALARIED,48424,639,TN
CU002145,32,MALE,salaried,56833,730,WestBengal
CU002567,34,m,Self Employed,28154,672,Uttar Pradesh 
CU001804,47,Male,salaried,"₹32,328",508,
CU003622,54,f,Self Employed,52326,726,Kerala 
CU003968,36,Female,Salaried,"₹79,194",749,Andhra Pradesh 
CU001595,41,Male,SALARIED,12000,737,Tamil Nadu
CU004329,42,MALE,SALARIED,47784,641,UP
CU001707,31,M,SELF-EMPLOYED,38467,712,TELANGANA
CU004564,43,m,Self Employed,18175,653,west bengal
CU003791,39,male,salaried,49876,799,Tamil Nadu
CU001821,54,male,Salaried,49720,702,Telangana
CU002563,38,MALE,salaried,61359,673,Gujarat
CU002560,44,M,Salaried,50995,530,Telangana
CU004209,23,f,salaried,34217,693,WestBengal
CU001583,57,female,salaried,45237,666,Uttar Pradesh
CU002548,51,Male,Salaried ,74677,637,Andhra Pradesh
CU000320,29,female,SALARIED,78398,715,TamilNadu
CU004322,47,male,Salaried ,60950,660,TN
CU003365,29,male,Salaried ,69330,651,TamilNadu
CU001764,31,M,Salaried,21851,501,Uttar Pradesh 
CU002844,31,male,selfemployed,59037,800,WestBengal
CU004395,51,Male,selfemployed,-,657,Gujarat
CU002142,51,MALE,SALARIED,36380,658,Uttar Pradesh 
CU000214,37,male,selfemployed,44927,unknown,karnataka
CU003498,29,M,self employed,59069,769,Gujarat
CU000804,46,male,SELF-EMPLOYED,-,775,
CU004133,32,MALE,Salaried ,22339,562,kerala
CU000106,21,male,Salaried ,77899,657,TELANGANA
CU003806,35,f,self employed,38944,739,karnataka
CU002807,36,m,Salaried,50827,709,Telangana
CU001466,52,FEMALE,salaried,73686,705,UP
CU002954,34,male,SALARIED,32122,780,AP
CU000566,21,female,Salaried ,32865,699,delhi
CU001684,38,m,Salaried ,"₹99,206",726,UP
CU004346,42,m,salaried,12000,652,Maharashtra
CU002525,43,female,Salaried ,"₹21,764",889,Karnatka
CU001475,28,M,salaried,"₹55,364",760,TN
CU003237,51,female,self employed,54463,698,Telangana
CU002830,40,female,salaried,40432,700,Telangana
CU002503,31,F,Salaried,69150,606,TELANGANA
CU000318,21,m,SELF-EMPLOYED,70795,740,Andhra Pradesh 
CU001201,42,m,Salaried ,19486,482,Kerala
CU002279,35,MALE,salaried,30824,606,Telangana
CU000653,26,male,SELF-EMPLOYED,"₹93,233",816,MH
CU000071,44,M,salaried,38794,709,delhi
CU002659,45,male,self employed,55130,620,New Delhi
CU001175,63,female,Self Employed,"₹12,000",734,TELANGANA
CU001089,21,MALE,Salaried ,58664,669,West Bengal
CU000943,50,female,Salaried ,23466,626,Kerala 
CU000411,34,MALE,salaried,60593,797,New Delhi
CU004065,21,MALE,N/A,52271,unknown,Andhra Pradesh 
CU004548,26,m,Salaried,33223,806,karnataka
CU002387,21,MALE,Salaried ,19687,706,West Bengal
CU002092,42,f,SALARIED,35015,511,West Bengal
CU000602,44,Female,self employed,57590,607,AP
CU003014,27,male,Salaried ,53838,695,karnataka
CU002220,38,f,Salaried,44987,787,New Delhi
CU002466,150,Female,Salaried,54192,unknown,AP
CU000838,34,m,Salaried,64577,556,Telangana
CU003326,39,m,SELF-EMPLOYED,90135,unknown,delhi
CU000625,42,MALE,salaried,38843,728,KARNATAKA
CU001628,50,MALE,salaried,43093,835,Maharastra
CU000807,28,Female,SALARIED,28261,632,gujarat
CU003116,40,FEMALE,SALARIED,17322,626,Karnatka
CU000638,40,f,Salaried,76562,768,TN
CU000424,57,M,SALARIED,35693,670, Kerala
CU001997,21,male,Salaried,52833,671, Kerala
CU002487,42,male,Salaried ,49970,676,delhi
CU000151,0,M,Salaried ,54787,658,KARNATAKA
CU003110,39,Male,Salaried ,54172,761,TN
CU001581,48,Female,Salaried,64336,744,andhra pradesh
CU000627,37,female,Salaried ,"₹26,806",unknown,Delhi
CU003003,38,Male,SALARIED,22144,596,TamilNadu
CU003797,42,FEMALE,salaried,52541,750,Andhra Pradesh
CU003482,34,male,Self-Employed,26348,847,Telangana
CU000144,49,MALE,self employed,"₹39,622",580,Tamilnadu
CU002575,44,m,SELF-EMPLOYED,59079,690,TN
CU004015,38,MALE,salaried,41243,779,
CU001881,21,FEMALE,SALARIED,40588,702,Gujrat
CU003453,40,male,Salaried ,57501,754,KARNATAKA
CU003606,28,female,Self-Employed,55642,789,Maharashtra
CU003343,31,Male,SELF-EMPLOYED,12000,640,Keral
CU004457,34,Male,Salaried,76353,690,Telangana
CU002172,28,F,selfemployed,24746,521,WestBengal
CU002781,41,MALE,Self-Employed,44701,693,
CU002833,28,m,Salaried,60812,605,New Delhi
CU004549,47,Female,Salaried,34818,764,karnataka
CU002231,32,F,SELF-EMPLOYED,64887,727,tamil nadu
CU000618,28,Male,Self Employed,40132,653,WestBengal
CU001325,51,FEMALE,Salaried,65400,710,Tamilnadu
CU000691,26,M,salaried,"₹12,000",671,gujarat
CU002289,28,m,salaried,45004,694,gujarat
CU003303,41,male,self employed,70919,524,Tamil Nadu
CU001351,34,m,self employed,"₹18,590",665,GJ
CU002730,46,m,Salaried ,54714,869,
CU001188,21,MALE,Salaried,47141,648,Andhra Pradesh
CU001192,23,m,N/A,"₹79,091",580,Gujarat
CU000146,36,MALE,N/A,44344,631,uttar pradesh
CU003573,32,MALE,Salaried,"₹43,913",704,karnataka
CU004421,39,M,Salaried ,69890,unknown,tamil nadu
CU003743,35,Male,Salaried,35549,unknown,TELANGANA
CU001763,42,Female,Salaried ,48329,464,tamil nadu
CU003801,46,Male,Salaried ,42769,803,telangana
CU001835,39,Female,SALARIED,48899,608,telangana
CU004550,32,Male,N/A,18373,660,West Bengal
CU001112,30,F,Salaried ,17160,833,New Delhi
CU002128,39,m,self employed,35846,776,KARNATAKA
CU002278,54,male,Salaried,31267,unknown,KERALA
CU003796,30,m,Self Employed,25380,unknown,Andhra Pradesh
CU002500,52,m,SELF-EMPLOYED,"₹68,422",689,andhra pradesh
CU001825,54,MALE,Salaried ,"₹52,406",715,Gujrat
CU002789,49,M,SELF-EMPLOYED,17722,646,Tamil Nadu
CU004197,34,M,SELF-EMPLOYED,14179,619,Tamil Nadu
CU004387,50,M,SALARIED,14555,439,andhra pradesh
CU003828,41,f,salaried,75776,762,uttar pradesh
CU002493,32,Male,salaried,53547,645,DELHI
CU000879,30,F,SELF-EMPLOYED,39803,823,kerala
CU001456,28,MALE,salaried,"₹52,714",743,GJ
CU000392,37,MALE,SALARIED,46648,548,kerala
CU004183,38,M,salaried,48301,672,TELANGANA
CU002284,47,m,SALARIED,24837,687,kerala
CU002715,31,N/A,Salaried,16205,608,Uttar Pradesh
CU002959,21,male,N/A,37548,733,TELANGANA
CU000476,37,MALE,salaried,"₹28,297",868,UP
CU001695,37,M,Salaried,67555,596,telangana
CU001296,42,M,salaried,60957,511,Andhra Pradesh 
CU002093,33,M,Self Employed,53136,772,Uttar Pradesh 
CU003051,25,m,SALARIED,21586,653,DELHI
CU001138,32,Male,Salaried ,47143,582,WestBengal
CU002073,35,M,salaried,36906,765,Kerala
CU000833,34,f,salaried,21319,644,TELANGANA
CU000592,21,MALE,SELF-EMPLOYED,57510,759,Andhra Pradesh 
CU003593,33,M,selfemployed,12000,682,GJ
CU000110,46,female,N/A,46547,602,maharashtra
CU004319,49,m,SALARIED,16754,519,Uttar Pradesh 
CU001053,36,M,Salaried,"₹41,322",674,telangana
CU001312,38,M,SELF-EMPLOYED,55755,707,delhi
CU000669,37,m,self employed,34413,543,West Bengal
CU000254,21,MALE,salaried,"₹72,685",730,Maharastra
CU002691,34,M,Salaried ,38447,614,Maharastra
CU000844,54,FEMALE,SALARIED,17195,694,tamil nadu
CU004160,32,MALE,Salaried ,"₹56,105",799,WestBengal
CU003375,30,male,SALARIED,55749,732,
CU003395,21,male,SELF-EMPLOYED,39210,744,Uttar Pradesh 
CU000885,27,Male,Self Employed,49127,766,AP
CU003997,47,m,self employed,-,862,Kerala 
CU001880,30,male,self employed,50043,502,Gujarat
CU001486,28,Male,salaried,27720,668,Gujarat
CU002418,21,M,Self Employed,41143,559,Kerala 
CU002738,39,FEMALE,SALARIED,55161,unknown,Gujrat
CU002268,36,m,selfemployed,"₹62,098",680,delhi
CU004174,47,M,Salaried ,60466,641,Karnataka
CU003369,26,F,Salaried ,"₹31,749",689,Kerala 
CU002809,40,MALE,salaried,"₹46,446",480,Andhra Pradesh 
CU000870,30,male,SALARIED,12000,747,Maharashtra
CU002469,40,male,salaried,30512,672,MH
CU003894,21,N/A,salaried,30441,648,West Bengal
CU000451,31,Male,salaried,38925,637,tamil nadu
CU001980,42,M,selfemployed,81962,728,UP
CU000697,22,male,salaried,"₹12,000",646,gujarat
CU001742,45,male,Self-Employed,47034,814,West Bengal
CU003719,51,MALE,Salaried,44105,726,TELANGANA
CU000812,43,f,Self-Employed,21006,471,TN
CU003285,57,FEMALE,Salaried ,26251,822,kerala
CU002190,40,m,Salaried,17706,675,UP
CU000506,46,female,SALARIED,49601,724,Gujarat
CU003304,41,M,Self-Employed,"₹34,430",unknown,Delhi
CU000406,29,M,SELF-EMPLOYED,32075,839, Kerala
CU003641,49,MALE,SALARIED,68204,840,Uttar Pradesh 
CU000184,35,FEMALE,Salaried,22545,unknown,Telangana
CU004555,44,m,Salaried,87569,423,Karnataka
CU001877,24,f,salaried,39229,816,WestBengal
CU000610,28,f,SALARIED,44371,603,telangana
CU002675,22,F,salaried,47924,600,telangana
CU002034,34,FEMALE,self employed,"₹24,856",695,uttar pradesh
CU003982,31,male,Self-Employed,35175,740,Karnatka
CU001969,36,MALE,Salaried ,42700,670,Delhi
CU000021,32,Female,SALARIED,"₹55,265",616,maharashtra
CU002219,50,FEMALE,self employed,51140,724,New Delhi
CU002225,31,MALE,Salaried ,"₹46,735",765,TELANGANA
CU000328,50,MALE,SELF-EMPLOYED,60567,630,Maharastra
CU003271,29,M,salaried,41924,685,Gujarat
CU002519,39,m,SALARIED,"₹22,141",776,Keral
CU001875,30,FEMALE,Salaried ,58856,771,west bengal
CU004363,31,MALE,salaried,13229,725,TN
CU001757,21,FEMALE,SALARIED,48080,712,WestBengal
CU002179,29,FEMALE,Self-Employed,61371,561,Karnatka
CU003411,36,MALE,selfemployed,94260,652,DELHI
CU004552,30,MALE,SALARIED,31717,599,Keral
CU000490,45,m,selfemployed,45285,594,MH
CU000607,37,Male,Self-Employed,54588,571,
CU003213,21,f,Salaried,-,684,Delhi
CU002465,37,N/A,Self-Employed,29050,714,Kerala 
CU001739,50,Male,selfemployed,44514,616,Kerala
CU000153,27,male,selfemployed,57318,709,Uttar Pradesh 
CU000890,34,M,SELF-EMPLOYED,78573,507,delhi
CU004595,41,male,Salaried ,-,612,GJ
CU003083,51,Female,Self Employed,"₹24,600",719,Andhra Pradesh
CU000270,54,male,salaried,33366,588,UP
CU000097,53,MALE,self employed,"₹46,481",526,Andhra Pradesh
CU003825,21,m,SELF-EMPLOYED,"₹23,241",714,uttar pradesh
CU003886,37,M,N/A,33521,680,TN
CU001800,27,F,Salaried ,15466,775,
CU001573,38,female,SALARIED,56275,579,Tamil Nadu
CU001068,54,Female,self employed,28558,570,karnataka
CU002761,53,Female,Salaried ,52642,801,delhi
CU000716,38,m,salaried,13770,815,maharashtra
CU004060,41,FEMALE,self employed,33198,546,Karnatka
CU004477,42,M,salaried,50260,726,Uttar Pradesh
CU004566,27,m,Salaried,44440,687,Gujarat
CU001799,36,male,Salaried,43273,755,KERALA
CU000462,44,N/A,salaried,34117,unknown,Gujrat
CU002945,23,MALE,Self Employed,"₹70,725",718,karnataka
CU001796,44,FEMALE,selfemployed,36813,584,KARNATAKA
CU001870,48,Male,Salaried ,37316,611,tamil nadu
CU001346,40,male,Self Employed,"₹29,539",601,TamilNadu
CU001215,38,f,SALARIED,"₹65,977",585,West Bengal
CU001373,25,FEMALE,N/A,46134,762,AP
CU000244,48,M,Self Employed,67110,786,andhra pradesh
CU004040,45,MALE,Salaried,29645,810,Gujrat
CU002800,31,N/A,Salaried,54927,582,delhi
CU001680,41,m,Self-Employed,"₹30,718",786,DELHI
CU003851,26,f,SALARIED,59991,680,karnataka
CU001313,28,m,Self-Employed,55375,783,WB
CU000649,21,MALE,salaried,43627,762,maharashtra
CU003239,21,M,SELF-EMPLOYED,12000,719,telangana
CU002644,37,M,self employed,62974,625,
CU004410,52,f,SALARIED,0,575,maharashtra
CU000156,55,male,SALARIED,49220,671,gujarat
CU003429,25,Male,self employed,17846,692,GJ
CU003454,45,F,Salaried ,63685,555,Telangana
CU001304,38,Male,SALARIED,30668,752,andhra pradesh
CU001151,24,Male,salaried,59482,572,GJ
CU003048,41,f,Salaried,71300,628,WestBengal
CU001047,36,Male,salaried,19719,723,gujarat
CU001641,38,male,Salaried,36194,641,KERALA
CU001307,51,f,Self Employed,47518,710,gujarat
CU001928,39,MALE,SALARIED,"₹54,427",794,maharashtra
CU003440,35,M,selfemployed,75190,719,Karnatka
CU004122,35,m,Salaried,28161,607,andhra pradesh
CU002245,32,F,Salaried,"₹61,218",790,west bengal
CU003137,36,Male,selfemployed,"₹39,639",810,Gujarat
CU000016,48,Male,self employed,52227,818,Maharashtra
CU003539,52,Female,Salaried ,54119,607,TN
CU002670,65,MALE,Self-Employed,54057,656,Delhi
CU001361,37,MALE,N/A,"₹82,597",551,GJ
CU001845,57,MALE,self employed,18503,717,delhi
CU003099,51,male,Salaried ,39379,605,Uttar Pradesh 
CU001613,36,male,salaried,41318,646,TN
CU000498,38,F,Salaried,23255,582,MH
CU002841,36,f,SALARIED,91881,752,Gujarat
CU000917,42,MALE,Salaried ,12000,656,west bengal
CU003634,40,Male,salaried,71616,649,Keral
CU001479,59,M,self employed,50640,677,West Bengal
CU001096,30,m,salaried,90541,568,delhi
CU000543,32,male,salaried,62191,682,uttar pradesh
CU004075,39,male,Salaried,74067,770,DELHI
CU000432,36,f,SALARIED,"₹56,871",415,Uttar Pradesh
CU000729,27,MALE,Salaried ,69600,654,DELHI
CU004413,36,m,SELF-EMPLOYED,42907,711,Maharashtra
CU002562,50,f,salaried,-,701,Uttar Pradesh
CU001338,25,M,SELF-EMPLOYED,40860,587,Gujrat
CU003607,42,MALE,selfemployed,45416,578,Maharashtra
CU002878,23,Male,self employed,60719,732,Telangana
CU004416,55,f,Salaried,49591,658,Gujarat
CU001032,21,male,Self Employed,76853,681,Uttar Pradesh 
CU001111,37,MALE,salaried,55100,516,andhra pradesh
CU001889,46,male,Salaried,51543,863,Gujarat
CU003551,38,Female,Self-Employed,12000,594,Karnatka
CU001528,41,male,Salaried,60703,520,west bengal
CU000754,56,Female,Salaried,-,559,West Bengal
CU003050,31,F,Salaried,26259,560,MH
CU002629,36,Male,Salaried ,-,678,Andhra Pradesh
CU000563,41,FEMALE,salaried,52783,778,TamilNadu
CU003563,33,M,Salaried ,42988,900,maharashtra
CU000253,21,Male,Salaried,90818,554,Tamilnadu
CU002517,49,male,SELF-EMPLOYED,"₹67,695",718,KARNATAKA
CU002963,21,Female,self employed,71990,625,Maharashtra
CU004454,53,MALE,Salaried ,57937,872,andhra pradesh
CU001203,33,male,salaried,61835,659,Delhi
CU003463,57,MALE,salaried,74762,660,Delhi
CU002798,30,FEMALE,selfemployed,34087,723,Delhi
CU004226,30,Male,salaried,57002,678,Maharastra
CU000145,5,M,self employed,"₹46,184",697,delhi
CU002896,35,male,Salaried,36416,687,Gujrat
CU002764,34,MALE,salaried,55044,533,Delhi
CU000906,33,male,Salaried ,45256,723,WB
CU003981,32,M,Salaried ,34107,655,Kerala
CU000236,150,f,N/A,65605,701,Maharastra
