Loan_ID,Customer_ID,Disbursal_Date,Loan_Amount,Tenure_Months,Interest_Rate,EMI_Amount,Vehicle_Type,Branch
LN001555,CU002818,16 Aug 2021,108069,48,15.15,3015.86,TWO WHEELER,Kozhikode
LN002279,CU000016,08/09/2022,87272,36,18.15,3161.66,Two-Wheeler,Kochi
LN003733,CU003811,14/02/2024,"₹178,347",24,14.01,8563.8,Two-Wheeler,Thrissur
LN004137,CU000363,2023-12-27,66550,60,11.7,1470.3,commercial vehicle,Chennai
LN003296,CU000011,12/01/2022,"₹203,808",36,18.4,7409.11,commercial vehicle,Bangalore
LN003885,CU001202,20 Aug 2023,247674,24,16.66,12205.14,Two Wheeler,Hyderabad
LN000863,CU004507,09/01/2023,150775,24,13.71,7218.5,car,Chennai
LN002235,CU004436,2021-12-31,40000,36,10.48,1299.72,2 Wheeler,  Delhi NCR 
LN003062,CU004334,18 Apr 2022,138221,48,15.5,3881.92,CAR,Kochi
LN002056,CU001831,03/21/2021,142507,36,10.09,4604.32,car,Bangalore
LN000596,CU001259,25 Mar 2021,58935,60,13.52,1356.69,CV,Bangalore
LN001832,CU001636,10/14/2022,"₹115,614",24,13.32,5513.89,2 Wheeler,Hyderabad
LN004197,CU001095,05/24/2023,158099,24,15.96,7738.0,Two-Wheeler,Mumbai
LN000465,CU002015,14-03-2022,76306,60,14.95,1813.31,two wheeler,Coimbatore
LN003891,CU002107,13 Jun 2024,155984,36,18.19,5654.07,Commercial  Vehicle,Pune
LN001724,CU001828,2022-07-28,53345,24,15.23,2592.35,Two-Wheeler,Thrissur
LN004352,CU003270,14-07-2021,"₹118,393",36,13.57,4021.71,Commercial Vehicle,Bangalore
LN001500,CU003343,2023-10-13,79465,36,12.13,2644.31,Two Wheeler,Mumbai
LN004487,CU001646,2021-06-12,127203,36,13.49,4316.06,commercial vehicle,Ahmedabad
LN004933,CU000580,02 May 2022,"₹167,897",24,,7915.26,Commercial  Vehicle,Delhi NCR
LN004438,CU001945,2022-11-12,105705,36,12.96,3559.58,Car ,Kochi
LN003552,CU001111,28-08-2023,"₹146,147",60,17.45,3667.59,Car,Coimbatore
LN004499,CU004521,08/02/2022,"₹92,012",24,16.41,4523.24,N/A,Kolkata
LN001461,CU004360,20-02-2021,120730,60,15.26,2888.66,Car,Pune
LN000890,CU002348,04/22/2023,66426,36,16.9,2364.96,CV,Delhi NCR
LN001602,CU003618,2023-02-15,161454,12,13.92,14490.41,Two Wheeler,Ahmedabad
LN001098,CU001033,23/09/2022,114660,48,13.23,3089.15,two wheeler,Thrissur
LN002923,CU003527,13-01-2021,302917,24,,14446.8,Tractor,Pune
LN004657,CU001560,06 Aug 2022,233458,24,10.46,10822.54,two wheeler,Hyderabad
LN002496,CU002794,2023-06-16,59940,48,16.01,1699.02,TWO WHEELER,Delhi NCR
LN004277,CU002811,23-05-2024,112349,36,17.7,4044.8,Car ,Ahmedabad
LN000318,CU000170,10/28/2023,101820,24,17.04,5036.17,Car,Delhi NCR
LN000550,CU003657,23-11-2022,96286,48,18.36,2846.55,Commercial  Vehicle,Delhi NCR
LN003395,CU003947,27-01-2024,110618,36,16.9,3938.33,Car,Mumbai
LN003951,CU001530,07/29/2021,"₹200,814",12,16.48,18265.67,2 Wheeler,Coimbatore
LN002822,CU001855,31/05/2021,"₹152,442",48,9.87,3856.81,two wheeler,Thrissur
LN004591,CU000333,11/02/2023,137541,36,10.36,4461.34,Commercial  Vehicle,Kolkata
LN002724,CU000375,19 Dec 2022,53111,12,11.92,4716.86,CAR,Coimbatore
LN004810,CU002474,11/16/2022,168226,48,11.66,4402.0,Two Wheeler,Pune
LN000563,CU000344,11 May 2021,161177,60,15.69,3893.01,TWO WHEELER,Ahmedabad
LN004660,CU000054,09 Oct 2022,148759,60,11.09,3241.06,TWO WHEELER,Ahmedabad
LN000329,CU004401,19/07/2022,230186,48,17.26,6673.03,Two-Wheeler,Delhi NCR
LN000965,CU000708,12-10-2023,226826,60,18.47,5818.04,CAR,Thrissur
LN003523,CU000621,20 Mar 2021,191429,48,9.76,4833.1,car,Delhi NCR
LN003912,CU002477,29/01/2024,373654,36,15.72,13084.97,two wheeler,Delhi NCR
LN003423,CU001115,28 Sep 2021,153386,48,12.98,4113.44,car,Kozhikode
LN000073,CU002741,03/25/2021,98748,12,13.75,8854.69,TRACTOR,Kozhikode
LN001807,CU004303,16/04/2022,50705,12,14.43,4562.92,car,Kochi
LN004483,CU000443,22 Feb 2024,"₹88,607",48,13.8,2412.44,car,Kolkata
LN003598,CU003267,09/29/2023,138929,36,17.86,5012.86,CAR,Kochi
LN002278,CU001749,11/09/2022,"₹137,984",36,10.51,4485.47,commercial vehicle,Ahmedabad
LN002164,CU002641,12/07/2022,"₹133,197",24,17.55,6620.82,CV,Coimbatore
LN002003,CU000550,06/03/2022,"₹102,783",36,12.68,3447.34,two wheeler,Kochi
LN003174,CU001827,15 Oct 2023,175520,60,12.42,3941.7,TWO WHEELER,Pune
LN001108,CU001816,23/10/2021,170106,60,17.48,4271.6,2 Wheeler,Kolkata
LN004855,CU003251,28-03-2024,239609,24,13.76,11477.17,commercial vehicle,Kolkata
LN002055,CU000443,09-05-2021,146433,24,13.98,7029.29,TWO WHEELER,Pune
LN000281,CU000585,24/08/2023,73880,36,13.58,2510.0,two wheeler,Coimbatore
LN002464,CU003174,26/03/2024,"₹276,475",60,11.74,6113.77,Car,  Bangalore 
LN002778,CU003210,03/16/2022,74421,48,17.86,2180.68,Car,Kochi
LN002670,CU003758,19-11-2021,416138,36,15.59,14546.08,CAR,Kochi
LN000381,CU002307,08/08/2022,110540,48,17.1,3195.36,2 Wheeler,Pune
LN002922,CU003200,06/21/2023,"₹60,731",36,11.72,2009.03,CAR,Kochi
LN003835,CU001910,15 Apr 2022,176859,36,17.63,6361.1,2 Wheeler,Kozhikode
LN004888,CU000323,2023-07-07,"₹76,520",24,15.62,3732.78,Car,Ahmedabad
LN004568,CU003012,2023-04-22,62704,48,14.36,1724.82,2 Wheeler,Thrissur
LN003848,CU001796,20/06/2023,264059,36,9.77,8491.96,Car ,Thrissur
LN001446,CU004217,21-11-2023,149597,48,17.19,4331.35,CAR,Kochi
LN004828,CU002128,06/24/2021,88673,24,18.29,4439.35,CV,Kozhikode
LN001586,CU002750,03/08/2021,"₹90,967",48,17.78,2661.71,Two-Wheeler,Kozhikode
LN000990,CU000545,13/04/2023,92742,24,16.84,4578.25,TWO WHEELER,Delhi NCR
LN003925,CU002340,2022-12-18,56408,36,16.22,1989.27,Car,Ahmedabad
LN001796,CU003961,01/21/2022,143096,36,11.05,4688.17,Commercial  Vehicle,Pune
LN003988,CU000778,29/04/2024,231028,24,10.24,10686.38,Car ,Bangalore
LN000055,CU003501,04/13/2021,54960,12,17.82,5034.03,TWO WHEELER,Mumbai
LN004476,CU002756,13 Feb 2024,156440,48,15.25,4373.69,Two Wheeler,Bangalore
LN000883,CU001660,2023-03-07,50001,36,13.98,1708.43,Two Wheeler,Ahmedabad
LN002476,CU003069,18 Aug 2023,274854,24,13.11,13081.27,Two-Wheeler,Kochi
LN001092,CU002647,2021-01-19,"₹136,547",36,14.08,4672.16,Car ,Delhi NCR
LN003319,CU001853,06 Apr 2022,186511,48,10.58,4782.52,commercial vehicle,Hyderabad
LN002224,CU003240,06-01-2021,313036,24,14.58,15115.68,Two Wheeler,Ahmedabad
LN000885,CU002776,08/31/2023,112561,36,10.09,3636.78,Car ,  Thrissur 
LN004719,CU000919,29-04-2024,"₹148,967",24,17.17,7377.44,Car,Chennai
LN002468,CU002113,18 Feb 2023,177078,12,14.71,15958.54,2 Wheeler,Delhi NCR
LN002240,CU002616,07/04/2024,"₹160,410",48,12.58,4270.04,Two-Wheeler,Kochi
LN000378,CU002636,12-06-2022,54186,36,13.38,1835.67,TWO WHEELER,Mumbai
LN003645,CU001159,02/05/2023,88099,48,10.37,2250.11,Commercial Vehicle,Delhi NCR
LN003176,CU003100,04 Sep 2023,183026,36,17.9,6607.65,two wheeler,Delhi NCR
LN000744,CU002365,10/05/2022,93003,36,10.25,3011.87,Two-Wheeler,Bangalore
LN000956,CU002697,12 Sep 2022,200755,60,11.35,4400.02,Two Wheeler,Delhi NCR
LN004550,CU003982,17 Feb 2024,194619,24,12.24,9183.22,TWO WHEELER,Mumbai
LN003546,CU003231,10/04/2022,286820,24,17.74,14283.22,2 Wheeler,Thrissur
LN000979,CU001537,24-05-2024,"₹218,520",24,10.26,10109.83,TRACTOR,Thrissur
LN004943,CU000789,04/06/2024,157031,48,15.69,4425.41,Two-Wheeler,Hyderabad
LN000983,CU002346,2021-12-13,114398,36,12.29,3815.52,Car ,Bangalore
LN003367,CU004570,14 Jun 2023,70943,36,13.44,2405.41,N/A,Bangalore
LN003278,CU003605,2021-11-15,93879,36,15.6,3282.0,Car ,Kozhikode
LN004644,CU003624,06 Apr 2024,321093,36,12.41,10727.87,CV,  Mumbai 
LN004202,CU003285,25-03-2023,133960,24,13.95,6428.64,commercial vehicle,Kochi
LN004177,CU000963,25-11-2021,178999,36,17.03,6384.48,car,Chennai
LN001173,CU004417,30/12/2022,95190,12,15.35,8607.42,car,Kolkata
LN002392,CU000435,10-09-2021,"₹113,512",36,18.29,4120.26,Car,Delhi NCR
LN002625,CU000105,2021-01-24,208645,48,12.72,5568.47,Two Wheeler,Coimbatore
LN004199,CU001619,23 Jan 2021,"₹112,245",36,14.16,3845.0,commercial vehicle,Mumbai
LN001268,CU000293,09-08-2022,327001,36,16.24,11535.17,Car ,Mumbai
LN003466,CU003189,06 Oct 2021,117791,24,14.48,5682.23,car,Hyderabad
LN003210,CU002246,21/08/2023,140927,36,13.6,4789.22,2 Wheeler,Hyderabad
LN003843,CU004403,2023-11-20,138231,60,12.43,3104.99,two wheeler,Bangalore
LN004251,CU000152,2022-10-01,271283,60,17.24,6777.14,Tractor,  Coimbatore 
LN000678,CU003623,29-04-2022,289545,12,9.78,25425.99,CAR,Kozhikode
LN001243,CU000925,2021-05-18,"₹98,446",48,16.99,2840.15,car,Chennai
LN001306,CU004172,01-12-2021,132364,48,10.66,3399.2,2 Wheeler,Mumbai
LN004712,CU003160,04 Nov 2023,180462,48,12.91,4833.29,Car,  Chennai 
LN000239,CU000094,06 Nov 2022,107869,36,13.44,3657.44,car,  Kolkata 
LN002837,CU002145,10-06-2021,182125,48,13.47,4928.55,TWO WHEELER,Mumbai
LN000684,CU000767,2023-12-11,112804,24,11.17,5266.46,two wheeler,Ahmedabad
LN004208,CU000751,19-08-2021,"₹195,835",36,12.8,6579.61,Two-Wheeler,Delhi NCR
LN000794,CU001622,11/01/2021,122973,24,13.42,5870.65,Car ,Pune
LN004554,CU004267,11/01/2022,188251,24,13.12,8960.41,CAR,Ahmedabad
LN002810,CU004562,21/02/2023,63078,36,11.4,2077.06,Car,Bangalore
LN000812,CU000852,31/01/2021,"₹171,532",24,12.62,8124.36,TRACTOR,Ahmedabad
LN002220,CU003165,01/09/2022,60356,60,16.77,1492.55,Car ,Hyderabad
LN004051,CU000333,25 Sep 2023,177810,48,15.79,5020.08,Car,Mumbai
LN004640,CU003036,07/13/2022,405368,24,16.85,20013.11,Commercial  Vehicle,Delhi NCR
LN000314,CU001940,03 Dec 2022,"₹143,386",36,12.83,4819.51,tractor,Kozhikode
LN004347,CU003854,2022-11-16,65927,36,13.06,2223.25,Tractor,  Hyderabad 
LN001093,CU002311,2022-01-13,146782,12,17.2,13401.15,CAR,Bangalore
LN001318,CU003523,2024-04-28,"₹60,266",24,16.19,2956.28,Two-Wheeler,Delhi NCR
LN001212,CU003431,01-11-2022,276121,24,12.45,13056.08,two wheeler,Hyderabad
LN001354,CU002307,11-10-2021,168263,36,14.71,5809.02,CAR,Coimbatore
LN003784,CU003870,20 Jan 2021,193673,48,17.85,5673.98,N/A,Kozhikode
LN004619,CU003262,03/30/2021,"₹161,774",36,12.29,5395.65,two wheeler,Chennai
LN000522,CU003958,2021-04-29,118168,36,16.07,4158.52,Commercial  Vehicle,Pune
LN003537,CU001967,04 Mar 2023,126490,12,14.84,11407.23,Car ,Chennai
LN002533,CU000055,23 Aug 2023,175443,48,11.47,4574.56,two wheeler,Kochi
LN000342,CU003636,05/11/2021,"₹277,889",48,17.99,8161.54,Commercial Vehicle,Mumbai
LN000323,CU000963,05/12/2024,160488,48,12.46,4262.6,Commercial Vehicle,Kozhikode
LN002329,CU001487,01 May 2023,273298,24,13.13,13009.78,Car ,Bangalore
LN002127,CU000127,2022-03-15,240463,36,11.66,7947.82,two wheeler,Delhi NCR
LN000650,CU002160,02/02/2024,151593,48,14.27,4163.06,2 Wheeler,Delhi NCR
LN004639,CU001882,19/04/2022,131819,48,12.21,3484.91,Two-Wheeler,Kochi
LN003401,CU001483,18/05/2023,40000,36,13.63,1359.93,Two Wheeler,Ahmedabad
LN004995,CU003237,04/01/2021,125567,24,18.21,6281.57,commercial vehicle,Thrissur
LN003332,CU002368,03/03/2024,"₹40,000",24,17.17,1980.96,Tractor,Ahmedabad
LN000799,CU000067,08/16/2022,77412,36,,2715.47,Commercial  Vehicle,Kochi
LN001206,CU002405,20/04/2024,240981,36,11.29,7922.54,car,Hyderabad
LN000122,CU002940,04/03/2024,104957,48,14.95,2918.37,two wheeler,Kolkata
LN000623,CU002964,28/11/2022,"₹111,117",24,12.24,5243.13,two wheeler,Kolkata
LN002593,CU001408,13-06-2022,89760,60,16.46,2204.79,Commercial  Vehicle,Mumbai
LN000219,CU001415,11-04-2021,"₹101,469",48,10.62,2603.83,CAR,Delhi NCR
LN000804,CU004329,05/02/2023,180738,36,16.52,6400.71,Two Wheeler,Delhi NCR
LN000627,CU001094,08/01/2023,133746,12,16.89,12191.29,TRACTOR,Kozhikode
LN001035,CU000949,04/13/2022,"₹155,746",48,14.92,4328.21,car,Pune
LN001720,CU001860,2021-06-11,89635,36,17.84,3233.33,Car,Pune
LN000036,CU001609,24/10/2023,126471,12,16.45,11501.77,car,Hyderabad
LN002086,CU002220,14-10-2023,104724,24,11.86,4922.88,Car,Kolkata
LN001331,CU000950,2021-09-05,267978,36,17.13,9571.49,CV,Delhi NCR
LN004156,CU003923,18/07/2021,148461,24,16.67,7316.73,2 Wheeler,Thrissur
LN001957,CU002906,14/06/2021,184931,12,11.84,16417.06,CAR,Mumbai
LN004836,CU002751,07/07/2022,123598,24,16.49,6080.72,two wheeler,Thrissur
LN000747,CU003150,19 Jan 2022,"₹160,343",24,14.06,7703.08,car,Thrissur
LN003729,CU001330,05/16/2023,134562,60,13.73,3112.22,Tractor,Mumbai
LN002926,CU002617,2023-08-06,"₹122,445",60,12.23,2737.97,Car,Kolkata
LN003660,CU003529,10/09/2023,293877,12,12.6,26193.17,CV,Kozhikode
LN004763,CU001891,14 Mar 2024,115422,12,9.87,10140.45,two wheeler,Chennai
LN003797,CU003358,13/12/2022,97274,12,10.65,8581.36,2 Wheeler,  Kochi 
LN003468,CU003861,22-10-2021,344393,24,13.76,16496.28,2 Wheeler,Delhi NCR
LN001800,CU003855,29/01/2022,129176,36,14.33,4435.66,commercial vehicle,Hyderabad
LN000120,CU001945,11/01/2022,106901,24,14.25,5145.26,Commercial  Vehicle,Mumbai
LN002918,CU003926,06 Mar 2023,76115,60,17.84,1926.2,CAR,Delhi NCR
LN003102,CU000383,07 Aug 2021,"₹173,464",36,18.23,6291.17,CAR,Thrissur
LN004908,CU001917,2024-04-04,249395,36,17.47,8950.06,CAR,Delhi NCR
LN004007,CU004432,2021-01-15,"₹125,395",24,16.54,6172.13,Two-Wheeler,Hyderabad
LN000130,CU002277,18-05-2022,271903,24,17.31,13484.04,Two Wheeler,Kochi
LN002317,CU002539,04-12-2021,"₹119,978",48,10.58,3076.48,CAR,Ahmedabad
LN002742,CU003781,12/06/2021,"₹213,562",24,17.38,10598.02,CAR,Mumbai
LN001593,CU002528,10/26/2023,106264,36,13.96,3629.79,Two Wheeler,Pune
LN000376,CU001090,08/08/2023,94346,36,18.43,3431.22,car,Pune
LN000583,CU003094,2023-10-05,53404,24,15.32,2597.51,car,Mumbai
LN004176,CU000369,03/08/2022,122909,48,16.46,3512.3,Commercial  Vehicle,  Bangalore 
LN000320,CU000349,02 Nov 2023,"₹193,446",36,12.6,6480.75,Tractor,Kozhikode
LN002070,CU000452,04 May 2023,45879,24,,2202.78,commercial vehicle,Mumbai
LN001987,CU000001,29/07/2022,91636,24,10.52,4250.56,Two-Wheeler,Kozhikode
LN002551,CU003263,2021-04-24,120260,60,11.78,2661.77,Two-Wheeler,Ahmedabad
LN001480,CU000833,04 Nov 2021,125518,48,,3690.37,Car,Pune
LN000897,CU004476,06/08/2021,"₹82,813",36,18.09,2997.63,Two-Wheeler,Hyderabad
LN002353,CU001773,06/30/2023,"₹40,000",24,11.27,1869.33,CAR,Kozhikode
LN004867,CU004444,2021-10-28,192064,24,12.54,9089.63,TWO WHEELER,Ahmedabad
LN001885,CU003608,18-06-2021,217821,24,10.26,10077.49,2 Wheeler,Thrissur
LN001745,CU003545,07 Jun 2021,106778,36,9.52,3421.41,Two-Wheeler,Ahmedabad
LN000028,CU000709,2023-10-10,46372,48,17.42,1348.16,Car ,Kolkata
LN001806,CU002215,12-07-2021,75457,36,10.07,2437.27,CAR,Kozhikode
LN002226,CU003937,05/12/2022,120577,24,18.39,6042.44,Two Wheeler,  Thrissur 
LN003279,CU002106,03 Dec 2022,45721,24,14.68,2209.91,tractor,Chennai
LN003738,CU004583,08/01/2022,141969,36,9.79,4566.96,Commercial  Vehicle,Thrissur
LN002119,CU003121,13 Dec 2022,97437,36,13.52,3307.5,Commercial  Vehicle,Hyderabad
LN003968,CU004119,2021-05-24,"₹162,187",12,11.09,14341.17,two wheeler,Coimbatore
LN003203,CU001991,02-01-2023,97831,36,9.99,3156.27,two wheeler,Pune
LN000490,CU003373,05/26/2021,109693,24,16.58,5401.36,Two Wheeler,Mumbai
LN003897,CU003850,04/30/2021,184997,36,13.76,6301.22,Car ,Delhi NCR
LN000506,CU004490,14/04/2024,"₹338,058",12,9.72,29676.66,Commercial Vehicle,Kozhikode
LN001081,CU001179,2023-06-29,200779,60,10.19,4284.75,Car,Hyderabad
LN003679,CU004231,05/29/2024,93974,60,17.73,2372.54,tractor,Chennai
LN004026,CU004137,05/24/2024,46183,48,17.5,1344.59,Tractor,Thrissur
LN002144,CU004332,28/04/2023,260367,36,14.71,8988.78,Two-Wheeler,  Pune 
LN001849,CU001539,2022-07-08,232301,12,16.22,21101.06,TWO WHEELER,Hyderabad
LN002557,CU003260,01/01/2024,117932,60,,2671.26,Two Wheeler,Kozhikode
LN001502,CU004039,03/03/2022,316255,48,14.48,8718.48,Car ,Pune
LN001154,CU000106,31-08-2021,132176,36,18.1,4785.11,Commercial  Vehicle,Kolkata
LN001776,CU002802,05 Aug 2021,74387,36,11.69,2459.71,Commercial  Vehicle,Ahmedabad
LN003601,CU001784,28/01/2024,92944,36,14.14,3182.93,TWO WHEELER,Kolkata
LN000977,CU004179,25/01/2023,166725,60,13.76,3858.69,Car,Ahmedabad
LN001712,CU002566,02/12/2023,154702,36,12.78,5196.14,Commercial Vehicle,Delhi NCR
LN000089,CU004163,11/05/2023,"₹366,001",48,13.15,9846.16,Car ,Hyderabad
LN004761,CU001614,18/08/2022,140896,48,10.43,3602.65,TWO WHEELER,Kozhikode
LN002765,CU002320,01/27/2024,160489,48,11.0,4147.92,Car,Ahmedabad
LN001424,CU004494,2022-03-11,136850,36,17.6,4920.04,CAR,Coimbatore
LN000271,CU001556,03-09-2022,54971,60,11.93,1220.86,2 Wheeler,Kozhikode
LN000538,CU003418,21 Jun 2021,54355,12,14.01,4880.63,Car ,Hyderabad
LN002418,CU000386,01 Jul 2021,84836,48,14.65,2346.03,tractor,Chennai
LN004168,CU004348,09 Dec 2023,253656,36,15.8,8892.77,TWO WHEELER,Delhi NCR
LN001112,CU004406,13 Oct 2021,125540,24,11.7,5892.03,2 Wheeler,Delhi NCR
LN004044,CU000095,24/04/2024,"₹135,884",48,11.65,3555.04,TRACTOR,Coimbatore
LN000587,CU000155,2022-11-21,"₹89,175",48,18.1,2624.18,two wheeler,Kolkata
LN004186,CU004067,06/08/2022,116044,48,15.38,3251.99,2 Wheeler,Kochi
LN003491,CU001827,2024-03-31,86194,60,11.57,1898.66,tractor,Ahmedabad
LN001282,CU000902,25-09-2023,127729,36,16.63,4530.4,two wheeler,Ahmedabad
LN003941,CU004163,10/16/2022,178688,48,12.1,4714.32,Car ,Kolkata
LN001836,CU001430,11/05/2022,206462,36,15.22,7179.34,2 Wheeler,Ahmedabad
LN002117,CU004032,24/12/2023,243953,36,12.26,8133.06,CAR,Delhi NCR
LN004392,CU001353,19/05/2022,140620,36,11.88,4662.54,commercial vehicle,Pune
LN003921,CU000191,05/12/2024,78986,48,13.79,2150.1,two wheeler,  Bangalore 
LN002714,CU001774,05/13/2024,"₹234,742",36,12.28,7828.22,CV,Chennai
LN004479,CU001535,09/09/2021,150971,48,12.26,3994.95,TRACTOR,Hyderabad
LN001827,CU000319,18-10-2022,229898,36,16.16,8100.7,CAR,Mumbai
LN003428,CU003103,13/03/2021,191638,24,18.25,9590.52,commercial vehicle,Chennai
LN004238,CU000107,2023-10-01,83121,12,11.13,7351.41,CAR,Hyderabad
LN000525,CU003150,07-06-2021,190868,36,12.41,6376.99,car,Kozhikode
LN001519,CU001997,22-11-2021,176435,36,11.11,5785.45,CAR,Coimbatore
LN001508,CU001628,07/03/2022,160283,48,16.53,4586.09,car,Delhi NCR
LN001130,CU000063,14 Jan 2022,103245,36,12.35,3446.5,Tractor,Chennai
LN003396,CU003887,01/05/2022,341414,24,,16575.12,commercial vehicle,Thrissur
LN001365,CU000568,24-03-2023,"₹88,233",48,11.44,2299.33,Two-Wheeler,Kozhikode
LN001838,CU003469,05/13/2024,"₹92,425",48,10.59,2370.41,2 Wheeler,Chennai
LN003141,CU001862,15 Jan 2021,210254,12,13.66,18844.48,Tractor,Coimbatore
LN001916,CU003157,06 Feb 2022,174461,36,14.61,6014.48,Car ,Pune
LN001862,CU002204,23-02-2022,78950,48,14.68,2184.45,two wheeler,Pune
LN001421,CU000031,13-12-2022,135768,36,15.18,4718.42,Two-Wheeler,Kozhikode
LN000199,CU000604,22/09/2021,160088,24,11.34,7486.65,Two-Wheeler,Pune
LN002188,CU002301,14 Jan 2024,"₹306,324",36,11.95,10167.03,Commercial Vehicle,Kozhikode
LN002999,CU000458,07/03/2023,158976,12,16.99,14498.61,2 Wheeler,Kozhikode
LN002497,CU003210,2022-10-24,65324,24,17.61,3248.95,Commercial Vehicle,Chennai
LN003272,CU002120,05/02/2023,108035,36,10.98,3535.9,car,Kozhikode
LN002809,CU003981,06/11/2024,70000,24,18.36,3506.88,Car,Kochi
LN003810,CU003254,06-06-2024,41682,24,11.81,1958.42,Commercial Vehicle,Bangalore
LN002585,CU002450,24-02-2024,113846,24,11.65,5340.54,Tractor,Ahmedabad
LN001471,CU004306,05/28/2023,345631,12,14.55,31122.73,Car ,Kochi
LN000019,CU003801,08/21/2023,45036,36,10.63,1466.54,Two-Wheeler,Coimbatore
LN002325,CU001871,01/16/2023,135665,48,12.6,3612.68,Car ,Coimbatore
LN000499,CU002311,08 May 2024,167159,24,16.57,8230.22,car,Kozhikode
LN002090,CU001061,09/29/2021,221644,36,17.6,7968.56,CAR,  Delhi NCR 
LN002072,CU000844,16/02/2021,121799,48,16.26,3468.06,TWO WHEELER,Hyderabad
LN003894,CU002625,08/09/2022,231340,12,10.81,20425.72,Car ,Hyderabad
LN004345,CU000260,16-01-2022,121726,60,10.32,2605.53,Two Wheeler,Ahmedabad
LN003592,CU000959,18-03-2024,96121,24,14.83,4652.83,CV,Thrissur
LN002860,CU004303,11-07-2023,270491,36,17.1,9657.21,CV,Kochi
LN002192,CU004260,2022-06-05,228666,60,15.96,5555.85,Car,Hyderabad
LN003592,CU000959,18-03-2024,96121,24,14.83,4652.83,CV,Thrissur
LN001558,CU001577,2024-02-09,84856,24,12.55,4016.3,Two-Wheeler,Kozhikode
LN001129,CU002475,12/25/2023,252153,36,,8441.48,N/A,Pune
LN001291,CU003189,05/19/2023,73415,36,10.44,2384.09,Two-Wheeler,Delhi NCR
LN002058,CU000085,11/07/2023,116005,36,9.89,3737.17,TWO WHEELER,Ahmedabad
LN003157,CU001944,14 Oct 2023,"₹134,300",36,17.8,4841.8,car,Kolkata
LN003868,CU003050,2021-02-16,49353,36,16.27,1741.69,car,Bangalore
LN004239,CU000942,01/15/2023,76522,60,17.48,1921.57,TWO WHEELER,Kochi
LN003145,CU003926,03/28/2024,373564,36,,13552.13,two wheeler,Kolkata
LN004539,CU003104,04/09/2024,104432,24,15.81,5103.84,Two-Wheeler,Kochi
LN001994,CU000556,2022-07-20,134257,12,16.31,12200.96,two wheeler,Kozhikode
LN001388,CU001053,18 Aug 2022,75502,24,16.16,3702.59,tractor,Kochi
LN001608,CU004271,02/20/2022,108733,60,15.63,2622.85,Two-Wheeler,Coimbatore
LN000500,CU001701,20 Oct 2021,133330,60,17.91,3379.18,Car ,Hyderabad
LN000339,CU002282,30-08-2022,92372,36,18.47,3361.29,Tractor,Ahmedabad
LN000069,CU000275,03 May 2021,130219,36,9.56,4174.95,Car,Chennai
LN004609,CU001147,11 Aug 2021,"₹145,691",36,17.38,5221.88,2 Wheeler,Hyderabad
LN001403,CU004312,2024-05-03,202881,36,13.16,6851.51,Commercial  Vehicle,Kolkata
LN002019,CU002541,15-10-2023,134615,36,13.58,4573.41,Commercial  Vehicle,Ahmedabad
LN002555,CU004159,2023-10-08,89676,36,10.77,2926.12,N/A,Chennai
LN004191,CU001141,28-11-2021,135670,24,18.06,6777.14,Tractor,Delhi NCR
LN003268,CU001235,22 Nov 2021,88998,24,17.82,4435.41,Two-Wheeler,Kozhikode
LN000893,CU000215,26 Apr 2023,147072,24,16.97,7269.45,2 Wheeler,Thrissur
LN002651,CU000502,06/06/2023,"₹251,382",36,16.53,8903.76,TWO WHEELER,Ahmedabad
LN002928,CU000995,03/07/2023,79302,48,16.71,2276.38,car,Chennai
LN003815,CU000271,08/04/2023,159489,48,14.18,4372.69,two wheeler,Mumbai
LN001248,CU001677,03/12/2022,82555,12,15.12,7455.95,TWO WHEELER,Hyderabad
LN000501,CU003576,31 Aug 2022,201619,24,,9576.81,two wheeler,Bangalore
LN002780,CU004311,03/27/2022,95242,60,15.97,2314.58,car,Coimbatore
LN004120,CU002842,09/19/2021,73276,36,18.26,2658.67,2 Wheeler,Hyderabad
LN001083,CU004589,05/22/2021,101272,36,18.29,3675.98,TWO WHEELER,Mumbai
LN000187,CU000649,28 Dec 2023,121858,24,16.41,5990.45,car,Ahmedabad
LN002213,CU001258,24/10/2023,116550,60,10.89,2527.69,Car,Pune
LN004465,CU001383,2023-07-12,143294,36,12.59,4799.89,commercial vehicle,Hyderabad
LN003940,CU000356,26/05/2024,165800,12,15.44,14999.27,Commercial  Vehicle,Hyderabad
LN000046,CU000100,07 Jan 2021,"₹209,960",24,17.77,10458.75,Two Wheeler,Kolkata
LN002234,CU000822,05/30/2023,"₹220,310",12,14.76,19859.87,Car,Mumbai
LN000605,CU000031,23/10/2023,113088,12,15.18,10216.74,Car ,Delhi NCR
LN004454,CU000316,04 Feb 2021,116419,12,16.71,10601.95,2 Wheeler,Ahmedabad
LN003190,CU002786,24/09/2021,127712,24,12.9,6065.66,Two-Wheeler,Delhi NCR
LN000185,CU002908,01-04-2022,113642,36,16.17,4004.86,Commercial Vehicle,Kozhikode
LN003104,CU002660,17/10/2022,96236,36,15.14,3342.65,Two-Wheeler,Delhi NCR
LN003191,CU002729,2021-03-30,114941,48,17.55,3349.42,TWO WHEELER,Kozhikode
LN000386,CU002850,19-12-2022,161554,12,11.07,14283.69,tractor,Delhi NCR
LN004698,CU000532,06/09/2021,137741,36,13.43,4669.62,CAR,Delhi NCR
LN000626,CU003444,11/09/2021,126123,36,14.52,4342.51,CV,Bangalore
LN001605,CU002714,23/08/2022,"₹132,178",36,18.25,4795.14,CAR,Kolkata
LN000771,CU002517,2021-10-14,221329,36,12.07,7358.69,CAR,Hyderabad
LN000744,CU002365,10/05/2022,93003,36,10.25,3011.87,Two-Wheeler,Bangalore
LN000937,CU001765,09/03/2023,51562,48,9.51,1295.65,CV,Coimbatore
LN003230,CU001122,2023-09-27,178416,24,15.86,8723.87,two wheeler,Hyderabad
LN004808,CU000758,24 Apr 2023,172750,48,11.9,4540.69,Tractor,Mumbai
LN002734,CU002882,05/11/2023,64841,24,17.64,3225.86,Commercial  Vehicle,Mumbai
LN000193,CU004242,27-01-2023,104483,24,11.85,4911.06,CV,Mumbai
LN002906,CU000011,2021-04-24,314717,12,,28097.85,Commercial  Vehicle,Mumbai
LN001596,CU003026,29 May 2024,216891,48,14.38,5968.29,CV,  Bangalore 
LN002404,CU000206,02/02/2024,"₹75,248",36,11.55,2483.17,CAR,Kozhikode
LN002843,CU000949,2023-07-01,78943,24,17.05,3905.02,TWO WHEELER,Kolkata
LN003080,CU002714,06/02/2024,"₹114,291",12,15.23,10328.12,Two-Wheeler,Kochi
LN004667,CU000088,07 Jul 2022,"₹147,134",48,12.85,3936.29,tractor,Ahmedabad
LN000131,CU001202,04/06/2021,178425,12,10.32,15712.96,Two-Wheeler,Ahmedabad
LN001065,CU000113,10/16/2022,68031,36,17.8,2452.66,Car,Pune
LN003503,CU001461,25 May 2021,"₹145,215",48,12.87,3886.39,Two-Wheeler,Kozhikode
LN002806,CU001473,22-03-2022,131470,48,18.33,3884.64,2 Wheeler,Kolkata
LN004441,CU001724,25 Jan 2023,"₹270,547",48,13.07,7267.5,2 Wheeler,Pune
LN001003,CU002792,06 Jun 2023,236510,48,11.45,6164.54,N/A,Ahmedabad
LN001607,CU002120,02/02/2022,91271,24,13.67,4367.97,Car,Thrissur
LN000955,CU002113,10/25/2023,41361,24,17.21,2049.16,Commercial Vehicle,Kozhikode
LN004677,CU001940,27 Feb 2024,158625,36,10.44,5151.21,Car,Bangalore
LN001380,CU003174,04 Aug 2022,97756,24,9.93,4507.79,N/A,Coimbatore
LN002785,CU000146,05-10-2023,"₹91,491",24,17.24,4534.08,Car,Kozhikode
LN000722,CU002084,06/01/2024,"₹82,508",60,18.1,2099.65,Car ,Bangalore
LN002284,CU002012,2022-08-19,"₹120,750",24,14.42,5821.54,Car ,Thrissur
LN001578,CU004188,2023-06-25,"₹523,657",36,10.9,17119.07,2 Wheeler,Hyderabad
LN002955,CU002482,08-02-2023,103051,48,12.82,2755.4,Two-Wheeler,Kolkata
LN001673,CU004593,18 Jan 2023,"₹206,780",36,9.57,6630.54,N/A,Kochi
LN004914,CU004500,24/05/2023,111539,12,16.29,10135.34,Two-Wheeler,Delhi NCR
LN004997,CU001633,07-09-2021,87290,36,14.35,2998.23,TWO WHEELER,Bangalore
LN003905,CU001523,12/15/2021,105086,36,12.33,3506.95,N/A,Kozhikode
LN002876,CU003183,2022-08-15,"₹85,477",12,13.82,7667.5,Car ,Kochi
LN002364,CU000094,05-02-2022,94241,48,13.8,2565.83,two wheeler,  Kochi 
LN002935,CU002685,09 Jan 2023,"₹119,827",24,14.77,5796.92,2 Wheeler,Ahmedabad
LN003287,CU000434,08 Jun 2023,141933,48,11.39,3695.27,2 Wheeler,Thrissur
LN004684,CU004093,27/02/2021,98530,48,13.79,2682.11,Two-Wheeler,Delhi NCR
LN004029,CU003315,01/27/2024,294970,24,18.03,14730.39,Car,Kochi
LN002230,CU001255,18 Mar 2024,82963,36,15.21,2884.48,Two-Wheeler,Coimbatore
LN004987,CU003918,2021-01-23,92362,36,15.3,3215.34,Car ,Bangalore
LN004142,CU003872,10/04/2022,40000,48,17.57,1166.03,2 Wheeler,Bangalore
LN003216,CU003320,31 Jul 2021,83069,24,17.4,4123.1,N/A,Chennai
LN002064,CU003333,05-06-2023,149293,48,15.76,4212.68,2 Wheeler,Bangalore
LN000832,CU000845,08-10-2022,140264,36,15.45,4893.26,Two Wheeler,Thrissur
LN001020,CU000484,11 Jul 2022,108803,48,17.96,3193.81,Two Wheeler,Thrissur
LN002174,CU002742,04 Apr 2022,148556,60,16.71,3668.87,2 Wheeler,Mumbai
LN004759,CU001015,21 Aug 2021,166557,24,9.84,7673.47,2 Wheeler,Chennai
LN000936,CU001898,2022-07-12,"₹154,175",24,13.2,7344.25,CAR,Mumbai
LN001258,CU000426,2021-08-21,256032,48,15.72,7219.36,Commercial  Vehicle,Bangalore
LN003586,CU002502,02/22/2024,"₹131,948",36,15.34,4596.02,2 Wheeler,Kochi
LN002719,CU000939,02-03-2023,101818,48,18.23,3003.15,Car,Bangalore
LN000375,CU004370,01/06/2023,120147,36,16.44,4250.16,Commercial  Vehicle,Kochi
LN001143,CU004212,01/25/2023,210324,12,15.74,19057.01,two wheeler,Pune
LN004913,CU001571,07 Dec 2021,81186,60,15.42,1949.35,CAR,Ahmedabad
LN002147,CU004382,16 Jan 2022,66083,24,10.16,3054.28,Car ,Chennai
LN001865,CU004285,06/26/2024,159354,24,10.05,7357.06,commercial vehicle,Pune
LN002255,CU001009,14-11-2022,281990,48,12.15,7446.66,Car ,Coimbatore
LN000092,CU003173,2023-08-23,40000,36,10.56,1301.23,Car ,Bangalore
LN004834,CU002765,13/06/2023,55324,36,15.65,1935.48,two wheeler,Mumbai
LN001742,CU002916,25/11/2023,"₹162,296",36,11.77,5372.74,two wheeler,  Kozhikode 
LN003597,CU001242,04/24/2022,130238,36,16.34,4600.67,Car ,Hyderabad
LN000419,CU000655,11 Dec 2023,77062,36,13.55,2616.99,commercial vehicle,Coimbatore
LN002545,CU003325,01/05/2023,174042,12,9.97,15298.63,commercial vehicle,Chennai
LN004786,CU000823,2023-04-14,202019,36,15.14,7016.91,TWO WHEELER,Delhi NCR
LN003715,CU002912,07 Jun 2022,111220,24,16.35,5464.3,Two-Wheeler,  Mumbai 
LN001396,CU004060,23 Aug 2021,"₹75,935",24,10.57,3524.03,CV,Hyderabad
LN002467,CU000086,31 May 2024,"₹197,807",24,15.52,9639.94,TRACTOR,Delhi NCR
LN002782,CU000652,20/08/2022,126166,36,13.42,4276.6,tractor,  Bangalore 
LN000492,CU003979,2024-04-15,"₹117,419",24,12.46,5552.58,Tractor,  Bangalore 
LN002137,CU002937,10 Jul 2021,"₹160,616",12,11.72,14249.51,Two Wheeler,Kozhikode
LN000825,CU001516,26/10/2023,87797,48,16.15,2494.94,CAR,Hyderabad
LN001117,CU000813,22/09/2023,89181,36,11.17,2926.86,N/A,Mumbai
LN000745,CU000235,07/11/2021,81702,36,11.17,2681.4,2 Wheeler,  Hyderabad 
LN003380,CU003719,2022-02-11,113906,24,17.99,5686.1,car,Coimbatore
LN002677,CU002657,2023-12-31,107004,24,11.9,5032.05,Car,Ahmedabad
LN000259,CU000595,02/02/2022,185301,36,10.38,6012.26,Commercial Vehicle,Ahmedabad
LN000016,CU000813,03/08/2023,"₹77,573",48,14.38,2134.61,Two-Wheeler,Pune
LN004755,CU002716,2021-12-31,69937,24,17.36,3469.95,commercial vehicle,Hyderabad
LN000138,CU000844,17 Feb 2023,142234,12,18.33,13062.36,Car ,Coimbatore
LN000031,CU002352,22/02/2024,127213,24,12.14,5996.68,N/A,Bangalore
LN004938,CU001404,30/11/2021,"₹290,441",36,11.05,9515.54,Car,Pune
LN002485,CU000267,14-04-2023,84518,36,18.29,3067.84,2 Wheeler,  Delhi NCR 
LN000564,CU000163,2022-05-18,101695,48,13.82,2769.79,CV,Hyderabad
LN004385,CU003046,12/06/2023,160488,36,16.9,5713.85,Car,Kochi
LN000498,CU002581,05/10/2022,320469,12,15.79,29044.59,Commercial Vehicle,Kochi
LN000080,CU004172,2022-05-19,78408,60,17.65,1976.15,car,Bangalore
LN003382,CU000327,11/16/2021,73556,48,,2155.71,TWO WHEELER,Chennai
LN001304,CU003028,21 May 2022,129814,36,11.77,4297.44,CAR,Pune
LN004226,CU003275,08/03/2023,225594,60,13.52,5193.21,CAR,Hyderabad
LN004822,CU000407,14-04-2021,123244,60,11.98,2740.25,Car ,Hyderabad
LN000496,CU002111,11-05-2024,165092,60,16.58,4065.77,TWO WHEELER,Kozhikode
LN002111,CU004118,11/04/2024,159034,36,15.49,5551.2,Two Wheeler,Delhi NCR
LN002430,CU002078,22 Feb 2023,"₹195,499",48,17.01,5642.14,Two-Wheeler,Kochi
LN002336,CU001364,23-10-2022,347050,36,10.09,11213.0,Commercial Vehicle,Chennai
LN001616,CU001037,10-03-2023,110684,36,18.03,4003.16,2 Wheeler,Pune
LN003470,CU001993,03 Nov 2021,182459,24,11.02,8505.71,tractor,Kochi
LN004851,CU002215,10/29/2023,79418,24,15.03,3851.84,Two-Wheeler,Thrissur
LN004655,CU000269,10-10-2022,193292,24,11.35,9040.36,2 Wheeler,Thrissur
LN001080,CU000680,29-03-2023,"₹107,052",60,15.37,2567.6,TRACTOR,Pune
LN002414,CU002552,11/24/2022,299534,60,12.33,6713.03,N/A,Mumbai
LN001778,CU001510,2022-10-23,136543,36,14.73,4715.27,Car,Delhi NCR
LN004993,CU003370,10/01/2023,300213,48,10.99,7757.7,commercial vehicle,Thrissur
LN002522,CU001080,11 Jan 2024,306064,48,16.69,8782.48,two wheeler,Ahmedabad
LN001222,CU002468,06/15/2023,102101,48,14.26,2803.4,2 Wheeler,Coimbatore
LN003101,CU001626,05 May 2024,121261,48,17.61,3537.38,Car,Pune
LN003194,CU001603,2021-11-21,106612,36,13.36,3610.69,CAR,Ahmedabad
LN002016,CU001851,31-10-2023,81013,36,14.45,2786.57,N/A,Ahmedabad
LN003529,CU001358,14 Nov 2023,128115,24,10.08,5916.59,Commercial Vehicle,Ahmedabad
LN001714,CU003958,14/02/2021,"₹70,905",24,12.53,3355.32,Car ,  Bangalore 
LN003326,CU000005,15 Apr 2021,78683,60,9.59,1655.95,commercial vehicle,Coimbatore
LN002848,CU003713,07/24/2021,113709,36,13.69,3869.21,2 Wheeler,Mumbai
LN004459,CU000865,13/06/2023,"₹40,000",60,14.45,940.09,Car ,Hyderabad
LN002731,CU000015,09 Feb 2024,147871,48,14.57,4083.2,CV,Thrissur
LN001793,CU004411,10/08/2023,123082,12,16.07,11171.41,CAR,  Chennai 
LN004616,CU003633,2022-08-01,61383,36,17.28,2197.03,Commercial  Vehicle,Bangalore
LN004974,CU004174,08/02/2021,"₹202,531",36,16.49,7169.48,2 Wheeler,Bangalore
LN001292,CU003461,20 Aug 2021,149533,24,11.19,6982.61,Car,Thrissur
LN002492,CU000226,13/02/2023,"₹196,457",24,12.63,9305.82,Two Wheeler,  Kolkata 
LN000279,CU000043,22 Aug 2023,131500,48,13.3,3547.43,TWO WHEELER,  Hyderabad 
LN000214,CU004217,09 Aug 2023,214569,24,11.03,10003.59,two wheeler,Kozhikode
LN003820,CU003275,08/09/2023,70606,24,13.9,3386.66,car,Pune
LN004788,CU004267,05-01-2024,231123,36,10.69,7532.79,2 Wheeler,Pune
LN002888,CU003937,04-10-2022,71187,24,16.28,3495.07,2 Wheeler,Kolkata
LN004724,CU004348,06/02/2024,"₹169,720",24,17.96,8469.84,two wheeler,Chennai
LN000935,CU000667,2022-02-03,214407,60,12.6,4834.63,CAR,Bangalore
LN001517,CU004297,23/08/2023,112844,24,14.52,5445.73,Tractor,Kochi
LN001452,CU003800,2022-08-20,"₹116,703",24,11.85,5485.44,Two-Wheeler,Kolkata
LN000659,CU004424,12/08/2023,"₹132,035",36,13.74,4495.99,Two Wheeler,Coimbatore
LN001960,CU002598,08/23/2023,194140,36,17.25,6945.8,2 Wheeler,Bangalore
LN000186,CU003481,08 Jun 2022,224456,24,17.89,11193.84,2 Wheeler,Delhi NCR
LN000552,CU002386,04/28/2021,133433,36,17.72,4805.2,Commercial Vehicle,Pune
LN000516,CU001324,30/11/2022,"₹52,772",48,10.16,1342.49,CV,Hyderabad
LN001194,CU000773,2021-07-21,84961,48,14.22,2331.07,commercial vehicle,Mumbai
LN002312,CU002213,24 Jun 2021,129295,36,16.51,4578.25,CAR,Bangalore
LN000398,CU003678,11/12/2021,345461,36,16.62,12251.39,2 Wheeler,Hyderabad
LN000840,CU001069,13 Jan 2022,102233,60,,2298.47,two wheeler,Coimbatore
LN003134,CU000953,2022-02-25,126541,12,11.13,11191.58,Two Wheeler,Bangalore
LN003800,CU002595,24/06/2023,"₹51,011",24,15.54,2486.46,Two Wheeler,Chennai
LN003716,CU003172,05/27/2023,84846,24,17.63,4220.71,CV,Kolkata
LN004965,CU003467,16-05-2022,"₹99,937",36,12.3,3333.68,two wheeler,Ahmedabad
LN003120,CU002889,2024-02-29,169979,36,16.58,6024.74,TWO WHEELER,Hyderabad
LN003844,CU004370,30-07-2022,"₹244,049",48,10.85,6289.81,Two Wheeler,Pune
LN000008,CU001638,10 Jul 2022,133745,24,18.49,6708.81,TRACTOR,Hyderabad
LN002910,CU003913,2023-07-24,177866,60,16.7,4391.79,TWO WHEELER,Bangalore
LN000823,CU003312,10-03-2021,162540,48,9.63,4093.61,Two Wheeler,  Kochi 
LN003876,CU000302,2023-04-06,114361,60,16.51,2812.12,Two-Wheeler,Coimbatore
LN000231,CU000969,2021-02-04,58919,24,11.69,2765.0,two wheeler,Bangalore
LN001618,CU001325,2023-11-09,215327,36,13.23,7279.1,two wheeler,Thrissur
LN000119,CU001921,28 Jun 2021,96065,36,12.51,3214.18,Commercial  Vehicle,Coimbatore
LN001168,CU004482,24-06-2023,113428,12,13.07,10134.81,Tractor,Kochi
LN003419,CU003921,22-05-2024,191078,24,12.39,9029.54,CAR,Bangalore
LN004016,CU000394,05/10/2021,202633,24,10.06,9356.1,Two Wheeler,Delhi NCR
LN001059,CU004582,21-02-2021,156512,60,13.68,3615.85,TWO WHEELER,Coimbatore
LN002905,CU001919,08-01-2023,161723,60,17.67,4077.72,two wheeler,Bangalore
LN001560,CU002804,06/14/2021,"₹268,445",48,11.15,6957.67,Commercial  Vehicle,Mumbai
LN003119,CU000371,30-10-2022,229233,24,10.42,10622.43,tractor,Kozhikode
LN000278,CU001848,08/10/2022,306982,48,17.16,8883.41,Two Wheeler,Thrissur
LN003726,CU001509,25/04/2022,134856,24,13.32,6431.59,commercial vehicle,Pune
LN000295,CU004030,08/27/2023,184008,48,16.03,5217.67,N/A,  Kochi 
LN004391,CU001794,13 Feb 2021,158203,48,16.26,4504.61,CAR,Kolkata
LN003082,CU000779,2023-10-01,103269,36,14.07,3533.0,2 Wheeler,Hyderabad
LN003932,CU000246,11/11/2022,255062,12,12.1,22673.88,Commercial  Vehicle,Hyderabad
LN001967,CU002380,24/06/2022,207956,24,14.71,10054.46,Tractor,Pune
LN004367,CU004350,05-07-2022,156783,24,18.26,7846.96,2 Wheeler,Delhi NCR
LN003138,CU003757,06 Jun 2023,103694,24,13.78,4967.88,Two Wheeler,Coimbatore
LN004945,CU000816,23/02/2021,124416,36,16.1,4380.24,Car,Kolkata
LN002609,CU003433,27/12/2022,178692,48,12.7,4767.29,CAR,Ahmedabad
LN001240,CU001615,14/04/2023,232599,36,11.66,7687.9,Car ,Coimbatore
LN002120,CU001947,01 Jun 2021,298866,24,10.03,13795.29,CV,Bangalore
LN004741,CU000658,06/06/2024,92581,24,11.74,4346.88,Two-Wheeler,Bangalore
LN002635,CU000163,2021-12-12,"₹204,620",24,18.12,10227.34,TWO WHEELER,Chennai
LN000260,CU002587,2023-04-09,"₹78,343",36,15.86,2748.9,Car,Thrissur
LN002530,CU000941,05/25/2023,118765,36,11.84,3935.63,CV,Kochi
LN001152,CU003088,17-08-2022,153264,24,10.12,7080.85,TWO WHEELER,Ahmedabad
LN002162,CU001893,02 Jan 2023,157926,24,12.57,7476.23,CV,Coimbatore
LN004827,CU002764,01-10-2021,158374,24,16.15,7765.84,Car ,Thrissur
LN003142,CU004062,30 Jul 2022,141934,36,12.33,4736.64,N/A,Hyderabad
LN004274,CU003329,11/08/2023,79661,48,11.38,2073.61,N/A,Delhi NCR
LN003388,CU003968,01/28/2024,129025,36,12.97,4345.5,TWO WHEELER,Thrissur
LN001323,CU002457,24 May 2023,55041,48,13.82,1499.11,TWO WHEELER,  Thrissur 
LN000280,CU002633,06/06/2021,137389,36,10.7,4478.45,car,Kolkata
LN000664,CU000971,07-04-2021,110373,36,13.17,3727.95,TRACTOR,Ahmedabad
LN003416,CU004227,19/05/2024,127970,24,10.06,5908.71,2 Wheeler,Kochi
LN000123,CU003429,10/07/2023,117505,36,16.65,4168.93,Car,Kochi
LN000290,CU002838,21-01-2024,250167,36,15.63,8749.5,car,Kozhikode
LN000929,CU000909,09-03-2021,343871,36,15.66,12031.84,tractor,Thrissur
LN003467,CU004437,24/11/2022,102633,36,11.34,3376.62,2 Wheeler,Chennai
LN002842,CU001897,17/11/2021,"₹53,821",24,10.56,2497.5,Commercial Vehicle,Pune
LN004348,CU003854,05/04/2021,"₹100,435",60,14.46,2360.97,CAR,Ahmedabad
LN000886,CU001284,27/07/2023,223556,24,10.08,10324.23,2 Wheeler,Coimbatore
LN000251,CU000023,08/07/2023,"₹189,078",48,13.12,5083.76,TWO WHEELER,Kolkata
LN002541,CU003003,11 Jul 2022,"₹71,889",36,16.87,2558.39,Car,Thrissur
LN002471,CU001491,2023-04-16,67793,24,15.38,3299.31,two wheeler,Thrissur
LN000750,CU001009,05/13/2024,234811,36,16.77,8344.8,Two-Wheeler,Kozhikode
LN003126,CU002503,10/11/2022,87753,24,16.73,4327.33,TWO WHEELER,Ahmedabad
LN003802,CU002953,20/07/2022,126823,36,16.09,4464.36,two wheeler,  Thrissur 
LN003149,CU003980,13 Jan 2024,"₹301,152",36,17.45,10804.46,N/A,Delhi NCR
LN000208,CU003344,2021-12-29,99140,24,10.58,4601.39,Commercial  Vehicle,Bangalore
LN004136,CU003111,2023-02-15,78781,36,11.51,2598.26,Two Wheeler,Kozhikode
LN004999,CU003730,15 Mar 2024,106040,48,17.17,3069.12,CV,Mumbai
LN004961,CU001885,25 Dec 2022,78462,24,16.89,3875.19,2 Wheeler,Mumbai
LN003471,CU004144,17/09/2023,237869,12,10.93,21015.49,TWO WHEELER,Ahmedabad
LN002052,CU003290,30-06-2021,197694,36,17.88,7135.22,CAR,Bangalore
LN004699,CU003573,16-11-2023,98871,36,12.34,3300.01,2 Wheeler,Kochi
LN003500,CU004219,06/26/2022,135479,48,12.22,3582.33,2 Wheeler,Kozhikode
LN004249,CU004298,18/03/2023,93761,36,17.28,3355.92,TWO WHEELER,Thrissur
LN001615,CU000940,08/16/2023,257789,48,13.75,7012.18,Car,Kolkata
LN000888,CU004482,2022-04-05,170797,36,14.78,5902.35,Car,Pune
LN003654,CU001578,10/25/2021,136735,48,11.2,3547.28,two wheeler,Bangalore
LN000429,CU001990,09/07/2023,81262,48,12.72,2168.78,2 Wheeler,Ahmedabad
LN000126,CU004413,2023-06-19,151384,36,10.89,4948.24,Car ,Bangalore
LN001735,CU004266,2022-06-01,210006,24,13.86,10069.11,Commercial Vehicle,Kolkata
LN003907,CU003703,07/03/2022,142486,24,11.53,6676.08,Car ,Kolkata
LN002726,CU002737,03/31/2023,"₹101,265",36,10.19,3276.58,Car ,Delhi NCR
LN001400,CU001645,27-01-2021,40000,12,16.82,3644.77,Two Wheeler,Thrissur
LN004166,CU004447,12/30/2022,"₹60,685",12,16.88,5531.31,Two Wheeler,Delhi NCR
LN000104,CU003202,2022-02-26,"₹94,682",60,14.18,2211.93,commercial vehicle,Chennai
LN002859,CU002116,2024-06-20,99138,12,9.94,8713.04,two wheeler,  Coimbatore 
LN001904,CU003561,28-05-2021,76287,60,17.66,1923.11,Two Wheeler,Ahmedabad
LN004665,CU003694,09-07-2023,118025,48,17.67,3446.67,car,Kochi
LN003408,CU000568,28 Apr 2022,86779,12,17.94,7953.42,Car ,Mumbai
LN002357,CU003130,03 Oct 2021,96155,48,13.3,2593.94,Two-Wheeler,Chennai
LN000802,CU003568,2023-05-21,183646,24,14.94,8899.14,commercial vehicle,Thrissur
LN004736,CU002729,01 Feb 2024,216187,36,17.51,7762.64,Two-Wheeler,Mumbai
LN004622,CU002784,11/11/2023,"₹198,230",12,14.01,17799.43,Two-Wheeler,Kochi
LN000620,CU004339,04 Jul 2021,246666,60,17.32,6172.81,Two-Wheeler,Ahmedabad
LN002979,CU001869,01/03/2022,148465,36,11.71,4910.62,Car ,Pune
LN001177,CU003393,28-03-2022,"₹105,053",36,9.93,3386.31,two wheeler,  Ahmedabad 
LN002694,CU003541,04/18/2022,145296,36,12.25,4843.27,car,Chennai
LN001929,CU003461,18-03-2022,130452,36,17.36,4674.38,two wheeler,  Mumbai 
LN002294,CU000256,2021-03-22,125266,48,16.48,3580.94,Two Wheeler,Thrissur
LN003340,CU002633,03 May 2024,45087,36,14.24,1546.23,TWO WHEELER,Kozhikode
LN004268,CU000059,08/31/2021,158821,24,15.32,7724.87,Car,Thrissur
LN000306,CU003046,01/20/2024,147016,48,13.95,4013.74,CAR,Delhi NCR
LN004682,CU000604,09/27/2023,71183,24,10.41,3298.22,two wheeler,Kolkata
LN002518,CU000616,12/09/2023,"₹94,730",24,11.08,4418.68,Car ,Kochi
LN001687,CU000953,24 Oct 2023,104742,48,14.64,2895.97,Two-Wheeler,Delhi NCR
LN002319,CU003541,04/10/2023,40000,24,14.78,1935.29,2 Wheeler,Coimbatore
LN004846,CU002697,2021-12-30,211406,36,11.17,6938.19,Commercial  Vehicle,Kozhikode
LN002775,CU003754,2022-05-01,55378,24,15.11,2687.99,2 Wheeler,Delhi NCR
LN002340,CU002508,19-03-2023,278480,24,12.65,13193.71,two wheeler,Pune
LN004547,CU004590,02 Oct 2023,"₹216,325",24,9.53,9935.44,CAR,Chennai
LN004535,CU002680,2022-11-08,61186,24,12.05,2881.67,Tractor,Hyderabad
LN000209,CU002825,12-02-2023,181403,12,13.59,16252.68,Car,Kolkata
LN001734,CU002742,07/07/2023,263138,36,12.3,8777.7,car,Delhi NCR
LN002700,CU003544,02/05/2022,"₹98,362",12,17.78,9007.53,Car ,Pune
LN001657,CU002963,29/04/2022,225160,36,18.29,8172.87,Tractor,  Chennai 
LN000369,CU002149,26/11/2022,102078,24,16.16,5005.86,2 Wheeler,Chennai
LN002676,CU000736,19/01/2023,"₹154,834",24,11.88,7279.9,TRACTOR,Pune
LN003237,CU000143,01/12/2022,"₹318,629",36,13.62,10831.27,two wheeler,Coimbatore
LN003936,CU003682,26 Jun 2023,172599,24,10.92,8038.06,Car,Thrissur
LN000455,CU004053,25 May 2021,"₹100,201",12,13.58,8976.97,TWO WHEELER,Kolkata
LN003055,CU004406,09/06/2022,46225,36,15.18,1606.48,commercial vehicle,Kozhikode
LN001872,CU000368,14-06-2022,159572,36,11.1,5231.74,N/A,Ahmedabad
LN004442,CU004165,2023-11-13,140262,60,15.1,3344.19,CAR,Thrissur
LN003532,CU003016,2023-08-06,176305,24,9.71,8112.0,Commercial  Vehicle,Kozhikode
LN003792,CU001922,14 Jul 2022,119478,36,18.28,4336.22,car,Delhi NCR
LN002047,CU001984,2021-04-17,"₹125,983",24,15.6,6144.47,Two Wheeler,Kolkata
LN002345,CU000626,08/13/2021,113300,36,13.37,3837.75,CAR,Delhi NCR
LN004567,CU001357,2023-08-15,187651,24,13.48,8963.64,Car ,Kochi
LN002604,CU002432,09/14/2021,"₹143,567",60,13.0,3266.59,CV,Mumbai
LN003683,CU002116,26/12/2021,42988,24,17.18,2129.14,Commercial Vehicle,Kozhikode
LN003408,CU000568,28 Apr 2022,86779,12,17.94,7953.42,Car ,Mumbai
LN000930,CU003192,08/09/2021,91561,24,14.54,4419.5,Two Wheeler,Chennai
LN003302,CU003289,14 Feb 2023,110148,24,9.51,5057.9,TWO WHEELER,Mumbai
LN001136,CU000695,21/05/2024,"₹188,413",48,11.57,4921.95,commercial vehicle,Kochi
LN002239,CU003559,19-12-2022,151635,48,12.44,4025.97,Two-Wheeler,Hyderabad
LN001626,CU003966,08/22/2021,"₹131,872",48,16.87,3796.31,Car ,Kochi
LN002740,CU002092,11 Dec 2022,142657,12,14.49,12841.67,TWO WHEELER,Mumbai
LN004797,CU000875,11/12/2023,96532,12,13.93,8664.15,Two-Wheeler,Thrissur
LN000922,CU000900,2022-01-07,236883,36,10.89,7742.91,Two-Wheeler,Coimbatore
LN000200,CU002543,03/07/2024,120875,36,11.08,3961.87,Car,Ahmedabad
LN002437,CU003308,07/26/2023,112345,36,9.64,3606.1,Two Wheeler,Ahmedabad
LN001699,CU002474,01-09-2022,"₹99,056",24,14.41,4775.17,Car ,Hyderabad
LN001264,CU000899,09/01/2023,"₹142,349",48,18.48,4217.29,car,Pune
LN003670,CU000909,06-07-2022,"₹149,694",36,11.21,4915.69,car,Mumbai
LN001610,CU003052,06/04/2022,152599,60,15.37,3660.02,two wheeler,Thrissur
LN003365,CU002093,28 Jun 2022,89230,60,13.22,2040.32,Car ,Pune
LN002855,CU003870,13-05-2024,140813,48,12.13,3717.14,commercial vehicle,Mumbai
LN000392,CU000429,07-10-2022,97317,48,17.37,2826.75,Commercial Vehicle,Kozhikode
LN003976,CU000003,02/23/2021,136895,60,11.57,3015.49,commercial vehicle,Chennai
LN004583,CU000718,23-06-2022,92103,24,13.42,4396.94,two wheeler,Bangalore
LN001920,CU004500,2024-03-29,"₹102,814",36,16.8,3655.37,TWO WHEELER,Hyderabad
LN000242,CU001902,05/03/2021,195217,36,9.88,6288.11,Car ,Kolkata
LN003397,CU002149,05/31/2023,94582,36,12.72,3174.1,car,Thrissur
LN003722,CU000920,2023-04-30,156504,60,11.78,3463.97,CAR,Kozhikode
LN001609,CU002451,2022-05-25,166605,48,9.65,4197.58,car,Hyderabad
LN001817,CU000060,15-05-2024,171405,24,18.08,8563.87,Two Wheeler,Mumbai
LN000822,CU001469,06 Feb 2022,66287,24,11.12,3093.19,Commercial Vehicle,Kochi
LN003304,CU000526,2021-10-23,130691,24,12.03,6153.91,Commercial  Vehicle,Ahmedabad
LN004235,CU004460,02 Sep 2022,98406,24,18.25,4924.73,Car,Chennai
LN002844,CU000019,27 Sep 2022,"₹158,586",36,13.1,5351.03,Two Wheeler,Mumbai
LN001919,CU000651,2021-10-17,59016,48,12.72,1575.06,two wheeler,Ahmedabad
LN001590,CU000819,21-12-2021,169055,36,14.94,5855.38,CAR,Bangalore
LN001178,CU000687,20/06/2021,506198,60,15.67,12221.17,Commercial Vehicle,Mumbai
LN004881,CU001028,2021-10-30,207027,36,16.06,7284.59,commercial vehicle,Kozhikode
LN004401,CU004575,31-10-2022,137147,36,13.71,4668.07,TWO WHEELER,Kochi
LN002710,CU000345,29/04/2024,62434,12,17.37,5705.25,2 Wheeler,  Kochi 
LN000577,CU002758,2021-11-10,263125,36,10.04,8495.25,two wheeler,Delhi NCR
LN002881,CU004251,04/25/2024,126681,36,17.17,4527.25,car,Mumbai
LN001561,CU003534,25 Mar 2021,124375,60,9.7,2624.28,Car,Kolkata
LN001383,CU001137,04/15/2023,242180,12,15.35,21898.78,Two-Wheeler,Hyderabad
LN002874,CU000776,06-12-2021,"₹121,798",60,9.73,2571.7,TWO WHEELER,Pune
LN004291,CU000642,16-12-2022,"₹121,515",48,18.03,3571.41,car,Pune
LN000867,CU003039,12 Nov 2022,137002,48,,3894.61,TWO WHEELER,Kolkata
LN002268,CU002573,07/11/2021,56517,36,11.9,1874.47,Two-Wheeler,Bangalore
LN001858,CU002329,05/26/2022,178914,60,10.73,3865.98,Commercial Vehicle,Kozhikode
LN000021,CU003905,11/05/2023,"₹167,804",48,10.61,4305.27,2 Wheeler,Kochi
LN002803,CU000099,21-11-2022,"₹184,419",48,10.77,4745.83,Two-Wheeler,Thrissur
LN003952,CU002914,08 Mar 2023,"₹75,372",12,13.98,6766.73,car,Kochi
LN000476,CU002745,06/12/2024,"₹200,093",36,15.79,7013.95,CAR,Pune
LN001694,CU001700,29-07-2023,"₹434,706",24,10.58,20176.05,TWO WHEELER,Thrissur
LN001598,CU000379,24 Oct 2021,61780,12,14.88,5572.66,Two-Wheeler,Delhi NCR
LN001850,CU001568,17-02-2022,201704,24,15.49,9826.97,TWO WHEELER,Mumbai
LN001641,CU003249,07 Apr 2021,114690,60,13.11,2616.01,Commercial Vehicle,Bangalore
LN004019,CU001816,05-02-2022,282404,60,16.65,6965.43,2 Wheeler,Kochi
LN000604,CU004282,22-11-2021,261529,36,14.2,8963.87,car,Bangalore
LN000022,CU003457,2022-03-03,141847,60,15.21,3390.19,2 Wheeler,Mumbai
LN004426,CU000337,15 May 2022,149427,12,15.75,13539.97,Car ,Kochi
LN002156,CU004057,26/10/2023,63908,24,13.28,3046.71,CAR,  Kochi 
LN003688,CU001626,18 Aug 2022,266435,36,13.88,9090.6,TWO WHEELER,Coimbatore
LN001924,CU004012,07/31/2023,135744,48,15.86,3837.3,Car,Pune
LN004574,CU002049,07/23/2023,131069,48,14.29,3600.75,Tractor,Kozhikode
LN001399,CU003448,21-03-2022,"₹387,850",36,15.64,13566.82,TWO WHEELER,Hyderabad
LN004779,CU000260,18 Apr 2024,"₹61,931",24,14.2,2979.34,CAR,Chennai
LN001381,CU001967,11/16/2021,201675,12,16.55,18350.68,tractor,Kochi
LN004423,CU002992,15/08/2023,"₹180,946",48,16.54,5178.24,2 Wheeler,Coimbatore
LN001368,CU001103,2023-04-02,52243,60,12.43,1173.5,2 Wheeler,Pune
LN002039,CU001806,30/09/2022,152540,24,10.77,7093.28,CAR,Delhi NCR
LN000276,CU000211,29/06/2023,103029,48,11.76,2701.02,commercial vehicle,Kozhikode
LN000065,CU003311,08-02-2024,190234,48,9.63,4791.09,Commercial  Vehicle,Thrissur
LN001837,CU003132,21 Feb 2023,45045,12,10.99,3980.94,CAR,Hyderabad
LN002701,CU001077,01/19/2021,147454,12,15.92,13373.05,CV,Kochi
LN000370,CU001639,2023-08-01,275609,36,14.81,9528.45,CV,Pune
LN002129,CU000994,10-06-2022,134306,36,13.35,4547.97,two wheeler,Delhi NCR
LN004233,CU002835,27 Mar 2022,80374,12,12.45,7158.06,TWO WHEELER,Delhi NCR
LN002359,CU004279,05/15/2022,210745,24,13.58,10076.71,TWO WHEELER,  Bangalore 
LN000995,CU002977,03-08-2022,125427,12,13.64,11240.49,Car ,Ahmedabad
LN001064,CU003298,06-05-2024,107938,36,9.89,3477.28,tractor,Kolkata
LN001727,CU000772,06/17/2021,74852,24,17.6,3722.47,commercial vehicle,Delhi NCR
LN001707,CU002421,2023-11-14,140340,12,13.52,12569.05,CV,Bangalore
LN001511,CU004482,29-05-2023,93194,24,17.78,4642.73,Commercial  Vehicle,Coimbatore
LN001611,CU000313,18-11-2021,161307,60,13.39,3702.51,Two Wheeler,Coimbatore
LN004862,CU000424,22-06-2024,143298,24,16.11,7023.85,two wheeler,  Delhi NCR 
LN003765,CU004072,16 Sep 2023,148510,36,9.68,4769.72,Two Wheeler,Mumbai
LN004356,CU004268,02-09-2022,177794,48,17.63,5188.39,car,Coimbatore
LN004336,CU003781,02 Sep 2023,"₹42,547",36,16.38,1503.82,CAR,Kolkata
LN000749,CU003090,2023-07-16,130244,36,13.95,4448.27,Two-Wheeler,Ahmedabad
LN000266,CU001470,2021-04-03,126991,36,17.64,4568.13,Car,Chennai
LN003384,CU002836,15 Jun 2024,"₹169,211",24,13.77,8105.93,Car,Ahmedabad
LN003596,CU001695,12-07-2021,"₹93,273",48,15.3,2610.06,Two Wheeler,Ahmedabad
LN002342,CU002236,13/02/2023,70401,48,18.08,2070.97,Tractor,Pune
LN001347,CU002867,28/03/2023,240356,48,14.37,6612.78,car,Hyderabad
LN003292,CU000503,11 May 2024,177530,24,18.11,8872.46,TRACTOR,Chennai
LN000843,CU000226,15 Jul 2021,157003,36,16.62,5567.94,CV,Coimbatore
LN003530,CU000581,15 Oct 2022,277924,24,,12923.78,2 Wheeler,Hyderabad
LN001427,CU003669,06/21/2024,63054,12,12.1,5605.22,Two Wheeler,Delhi NCR
LN000743,CU001028,03/01/2024,106367,36,10.7,3467.23,Two Wheeler,Hyderabad
LN003866,CU003840,27-11-2023,130084,12,12.67,11598.62,commercial vehicle,Bangalore
LN001183,CU004407,2024-03-02,125103,36,16.64,4437.88,TRACTOR,Kozhikode
LN000777,CU002744,31-12-2022,68242,48,17.91,2001.4,N/A,Kolkata
LN001741,CU003353,19 Nov 2022,270053,12,14.7,24336.32,two wheeler,Hyderabad
LN000216,CU001535,02/02/2023,"₹68,476",36,10.96,2240.52,Two Wheeler,Hyderabad
LN001026,CU001879,10/20/2021,61126,24,10.31,2829.41,Car ,Delhi NCR
LN000964,CU002654,12 Sep 2023,100484,24,17.0,4968.16,Commercial  Vehicle,Thrissur
LN003906,CU001676,2022-08-07,157662,24,17.13,7805.02,CV,Delhi NCR
LN002254,CU000418,08-04-2021,"₹356,700",36,17.56,12816.96,Two Wheeler,Thrissur
LN004147,CU000781,12-03-2021,90209,24,18.04,4505.35,tractor,Ahmedabad
LN004758,CU002078,11-09-2023,119951,48,10.02,3043.42,Two-Wheeler,Delhi NCR
LN000739,CU000480,2024-04-24,97306,24,18.43,4878.16,Car ,Mumbai
LN003391,CU004423,28-07-2022,191643,36,12.59,6419.43,2 Wheeler,Ahmedabad
LN002891,CU004324,31-07-2021,57113,24,17.03,2824.62,Two Wheeler,Thrissur
LN000597,CU000790,29-02-2024,90264,24,13.57,4315.52,Two Wheeler,Kozhikode
LN001774,CU001785,21/05/2024,149737,48,12.6,3987.41,Two Wheeler,Coimbatore
LN003982,CU003071,02/19/2024,138998,36,16.69,4934.24,CV,Kochi
LN001203,CU003214,06-10-2022,221052,36,10.12,7145.19,Commercial Vehicle,Hyderabad
LN000900,CU003225,22 Nov 2023,92152,48,15.48,2587.14,Car,Coimbatore
LN004289,CU002125,2024-04-09,"₹167,124",48,16.95,4818.05,two wheeler,Coimbatore
LN000361,CU004350,29-06-2021,129710,48,17.34,3765.64,CAR,Coimbatore
LN004240,CU000272,12/07/2021,"₹129,557",24,18.03,6469.9,2 Wheeler,Thrissur
LN002664,CU001706,14-04-2021,189756,48,11.99,4996.07,Car ,Chennai
LN002668,CU000178,13-03-2024,"₹155,820",24,9.57,7159.42,Car ,Delhi NCR
LN001797,CU000762,2023-05-08,142988,36,12.44,4779.35,two wheeler,Hyderabad
LN000396,CU004439,17/05/2023,140600,24,14.12,6758.58,CAR,Kochi
LN004006,CU001266,09 Jul 2023,"₹106,342",36,,3457.38,N/A,Mumbai
LN001779,CU000547,05 Jun 2022,91012,48,11.27,2364.2,Car,Ahmedabad
LN000701,CU003493,16-11-2023,"₹63,776",36,16.2,2248.48,CV,Mumbai
LN000232,CU004232,2024-03-23,"₹229,928",36,14.12,7871.8,Car ,Ahmedabad
LN000435,CU001982,21 Mar 2022,114002,24,15.89,5575.9,N/A,Bangalore
LN002953,CU000385,2024-02-13,71908,48,15.56,2021.73,CV,Delhi NCR
LN004905,CU003579,12/26/2023,123345,24,12.92,5859.41,TWO WHEELER,Kolkata
LN001704,CU003409,18-07-2021,140353,24,11.95,6603.63,CAR,Coimbatore
LN004325,CU000306,05/23/2022,"₹288,964",24,14.93,14001.29,Car,Bangalore
LN002408,CU001631,24 Jan 2023,81004,24,11.5,3794.25,Car ,Delhi NCR
LN001717,CU002280,14-01-2024,61361,24,17.37,3044.75,Car ,Bangalore
LN000982,CU000911,2023-02-16,232151,24,14.95,11250.71,Two-Wheeler,Thrissur
LN004549,CU003832,2022-03-02,130520,24,11.24,6097.81,two wheeler,Bangalore
LN001522,CU001998,01-06-2023,135691,36,17.67,4883.12,Car ,Kolkata
LN004343,CU001724,01 Dec 2022,72181,36,15.81,2530.9,commercial vehicle,Kochi
LN001989,CU003276,25 Feb 2023,160916,36,13.51,5461.51,Two-Wheeler,Delhi NCR
LN000800,CU002640,2022-08-08,179357,24,14.36,8641.98,two wheeler,Bangalore
LN001146,CU001169,10-04-2022,126892,36,10.65,4133.28,Two Wheeler,Kochi
LN003548,CU001516,09 Jul 2021,104128,24,10.08,4808.82,CAR,Mumbai
LN002141,CU003227,08/10/2023,154557,60,17.75,3903.74,TWO WHEELER,Kochi
LN002189,CU001762,09/18/2022,89595,24,15.16,4350.98,car,Coimbatore
LN000194,CU003278,04/22/2023,253257,60,15.04,6030.29,Car,Chennai
LN003004,CU002183,11-03-2023,"₹138,472",36,11.43,4561.64,Car ,Bangalore
LN002097,CU004559,2023-08-07,185707,36,17.54,6670.98,two wheeler,Thrissur
LN003789,CU003561,02/04/2024,118872,60,15.13,2836.07,Car ,Bangalore
LN004515,CU002237,10/04/2021,150881,48,13.95,4119.26,two wheeler,Kozhikode
LN004178,CU001526,15-04-2022,279904,24,9.72,12880.01,Commercial Vehicle,  Kolkata 
LN002871,CU000297,16-06-2021,"₹245,944",48,16.17,6991.55,Commercial Vehicle,Kochi
LN004323,CU003499,30-06-2022,209823,24,15.73,10246.54,Car,Kozhikode
LN000810,CU003549,13 Sep 2023,168389,36,12.63,5643.73,Two-Wheeler,Delhi NCR
LN003507,CU000087,17-05-2023,152545,36,18.45,5549.36,Commercial Vehicle,Chennai
LN001476,CU004598,04 Oct 2023,118561,36,11.58,3914.18,Car ,Pune
LN001005,CU002996,16-01-2023,"₹712,626",36,12.47,23829.67,Two Wheeler,Delhi NCR
LN004520,CU002393,12-09-2023,217104,24,17.21,10756.03,Commercial Vehicle,Mumbai
LN003152,CU004196,24 Mar 2023,213307,48,12.29,5647.61,2 Wheeler,Delhi NCR
LN002101,CU004193,02/17/2021,94392,36,14.5,3249.06,TWO WHEELER,Kozhikode
LN003105,CU003567,07-01-2022,108951,48,9.69,2747.09,2 Wheeler,Ahmedabad
LN000910,CU001704,08/30/2021,170363,36,9.69,5472.37,commercial vehicle,Chennai
LN004414,CU004305,2021-11-04,77488,48,10.95,2000.84,two wheeler,Mumbai
LN000523,CU004479,18/08/2022,"₹164,567",36,13.78,5606.94,tractor,Thrissur
LN001329,CU001368,2023-09-18,"₹172,700",48,17.8,5055.03,CAR,Ahmedabad
LN002153,CU004213,12/04/2022,122727,24,17.85,6118.14,Commercial  Vehicle,  Hyderabad 
LN000672,CU002591,04/01/2021,192175,48,12.37,5095.69,Car,Hyderabad
LN002629,CU004322,13-07-2022,159281,24,11.45,7457.06,CV,Ahmedabad
LN004260,CU001485,06/05/2023,52667,48,18.28,1554.81,Two-Wheeler,Mumbai
LN002308,CU004319,02 May 2024,79495,24,17.76,3959.5,car,Hyderabad
LN000004,CU002306,2022-03-24,168493,24,15.53,8212.15,two wheeler,Kozhikode
LN003027,CU001314,25 Feb 2022,122537,36,14.5,4217.84,Car ,Bangalore
LN003492,CU003754,21/03/2021,316752,12,15.27,28629.87,Tractor,Mumbai
LN004648,CU003244,2022-06-27,111159,36,12.94,3742.17,Two-Wheeler,Hyderabad
LN003146,CU001038,2023-08-14,130102,60,17.67,3280.42,CAR,Thrissur
LN002688,CU002829,13 Feb 2021,264301,24,12.32,12481.1,2 Wheeler,Pune
LN004900,CU000599,2021-02-08,143273,12,10.43,12624.64,two wheeler,Kozhikode
LN000172,CU001464,23 Jan 2021,101997,36,13.84,3478.09,Car ,Kozhikode
LN001582,CU003535,08-05-2022,120970,36,14.28,4150.94,Commercial  Vehicle,Kochi
LN004542,CU003199,07 May 2023,77815,24,13.22,3707.51,Commercial Vehicle,Coimbatore
LN002657,CU001501,2022-12-12,225624,48,17.1,6522.07,Car ,Chennai
LN002997,CU002736,12/10/2022,128263,48,17.75,3750.99,2 Wheeler,Kozhikode
LN003613,CU001258,2023-01-04,83230,36,15.75,2915.86,CAR,Kozhikode
LN002793,CU001272,16-07-2023,72424,24,11.62,3396.41,Car ,Pune
LN004835,CU000704,2023-12-19,"₹90,878",36,10.6,2958.04,CAR,Kozhikode
LN001147,CU002341,12/06/2022,106522,36,18.03,3852.63,Car,Kozhikode
LN000222,CU004325,24 Jan 2022,224187,36,18.06,8111.65,two wheeler,Kolkata
LN001765,CU002699,03-07-2022,"₹94,248",24,16.65,4644.0,CAR,Kolkata
LN001528,CU003285,08-08-2023,92222,36,14.45,3172.12,Two-Wheeler,Chennai
LN002246,CU004036,28/07/2021,186331,36,12.1,6197.76,Commercial Vehicle,Pune
LN000829,CU000783,07/16/2021,148924,24,15.91,7285.38,Car ,Mumbai
LN000559,CU001178,18 Feb 2022,"₹70,769",36,17.64,2545.71,TWO WHEELER,Bangalore
LN004263,CU003595,21/11/2021,"₹184,711",24,10.76,8588.41,Commercial  Vehicle,Mumbai
LN003273,CU003434,19 Jan 2023,252871,36,10.63,8234.43,Two Wheeler,Delhi NCR
LN003301,CU000087,17-02-2022,57518,36,12.01,1910.7,tractor,Thrissur
LN001151,CU000619,07 Aug 2022,152644,36,17.59,5487.1,two wheeler,Pune
LN002831,CU001017,28-07-2021,198269,48,9.58,4988.72,TWO WHEELER,Kolkata
LN001560,CU002804,06/14/2021,"₹268,445",48,11.15,6957.67,Commercial  Vehicle,Mumbai
LN001353,CU003004,08-11-2021,148130,48,17.94,4346.68,2 Wheeler,Chennai
LN004704,CU003829,11-04-2021,99728,24,11.77,4683.84,two wheeler,Kochi
LN003093,CU001333,2021-09-30,542136,24,15.02,26291.51,CAR,Coimbatore
LN003627,CU002012,08-10-2021,213110,12,18.08,19546.04,car,Bangalore
LN001305,CU001962,22 May 2022,"₹134,505",36,9.74,4323.7,CV,Kolkata
LN004649,CU004329,16 Nov 2022,208235,48,15.03,5798.5,two wheeler,Coimbatore
LN002482,CU001953,01/03/2023,192973,36,12.34,6440.85,Tractor,Thrissur
LN002967,CU001748,2021-06-17,131984,36,14.38,4535.3,Commercial  Vehicle,Delhi NCR
LN001692,CU004456,25 Mar 2022,86212,24,14.05,4141.32,two wheeler,Kochi
LN004460,CU001087,09/02/2022,97101,48,14.84,2694.52,CAR,Coimbatore
LN001946,CU004063,27-06-2022,102678,12,14.58,9247.21,two wheeler,Ahmedabad
LN003919,CU002289,07 Jul 2021,292141,36,14.6,10070.03,tractor,Ahmedabad
LN001279,CU000345,25-01-2021,269076,24,10.02,12418.98,Two-Wheeler,Thrissur
LN002543,CU004082,22 Jun 2024,"₹162,637",60,16.25,3976.65,car,Chennai
LN003306,CU001428,22-06-2022,56260,48,12.06,1483.2,two wheeler,Chennai
LN001397,CU001663,2021-04-27,148898,48,13.36,4021.22,2 Wheeler,Coimbatore
LN002290,CU001005,04/08/2023,138637,24,13.55,6626.93,two wheeler,Kochi
LN000111,CU001261,08-05-2023,259137,36,13.99,8855.43,TWO WHEELER,Kozhikode
LN004817,CU000033,01/10/2023,118940,12,13.53,10652.99,Car ,Thrissur
LN002207,CU001115,09-04-2021,256943,24,16.97,12700.14,TWO WHEELER,Coimbatore
LN002028,CU004320,01/07/2024,192883,48,14.58,5327.1,Two-Wheeler,Pune
LN004517,CU002450,11/16/2023,98040,24,14.29,4720.63,CAR,Kozhikode
LN001831,CU000579,02/25/2021,41876,60,13.12,955.38,2 Wheeler,Coimbatore
LN003369,CU001995,12/10/2022,63585,48,15.76,1794.21,two wheeler,Chennai
LN003324,CU000440,11/02/2022,157959,48,16.1,4484.7,car,  Thrissur 
LN003671,CU000652,28/01/2023,133338,36,17.88,4812.47,Two-Wheeler,Ahmedabad
LN004598,CU000172,2022-11-15,130729,48,16.97,3770.16,commercial vehicle,Chennai
LN003034,CU003821,04/03/2022,120027,48,17.08,3468.35,2 Wheeler,  Chennai 
LN001665,CU003817,2023-11-12,99714,24,16.72,4916.68,two wheeler,Kolkata
LN003562,CU000181,25/03/2024,54512,48,9.72,1375.25,Two-Wheeler,Mumbai
LN000827,CU000155,2022-10-31,403412,48,11.15,10455.8,Two-Wheeler,Chennai
LN003445,CU002898,06/06/2023,57103,48,17.41,1659.85,Two-Wheeler,Pune
LN003260,CU004186,2022-04-23,54011,36,10.82,1763.65,2 Wheeler,Coimbatore
LN002534,CU000159,26-10-2022,119821,48,18.4,3544.84,CAR,Thrissur
LN004180,CU000336,06/19/2023,"₹111,715",12,14.33,10047.92,car,Kochi
LN004117,CU003566,03/21/2022,167890,60,13.69,3879.58,two wheeler,Coimbatore
LN000939,CU001681,15 Jul 2022,92675,36,14.72,3199.92,2 Wheeler,Delhi NCR
LN004807,CU003027,03/22/2023,"₹198,697",48,13.06,5336.46,Two-Wheeler,Kochi
LN002107,CU002462,09/05/2023,"₹155,525",12,15.45,14070.47,Two Wheeler,Mumbai
LN000706,CU001786,03 Oct 2021,111540,36,17.2,3987.82,Tractor,Kolkata
LN003771,CU001285,27-06-2021,"₹163,721",24,15.7,7992.84,car,Coimbatore
LN002889,CU002540,04 May 2024,155635,36,13.33,5268.73,2 Wheeler,Bangalore
LN000082,CU003605,09 Mar 2022,207298,24,12.92,9847.54,N/A,Kochi
LN002184,CU000309,25/06/2021,146305,24,18.2,7318.29,2 Wheeler,Kozhikode
LN004918,CU001893,2021-06-11,103711,12,11.82,9205.87,CV,  Delhi NCR 
LN002925,CU000830,09/06/2023,"₹148,924",48,14.57,4112.28,two wheeler,Bangalore
LN002692,CU004074,10/06/2022,"₹135,816",48,17.1,3926.01,Car,Pune
LN002833,CU001172,09/15/2022,62016,48,12.37,1644.41,Car ,Kozhikode
LN004607,CU000329,27/05/2023,113681,36,15.58,3973.15,TWO WHEELER,Thrissur
LN002065,CU002503,10/29/2022,"₹118,343",60,14.5,2784.41,two wheeler,Mumbai
LN001816,CU002290,17 May 2022,"₹40,000",36,13.56,1358.57,CAR,Pune
LN003791,CU000288,14 Mar 2024,163185,36,9.58,5233.4,Commercial  Vehicle,Delhi NCR
LN004652,CU000283,16-09-2022,212797,36,11.83,7050.64,tractor,Thrissur
LN001577,CU002110,12/13/2023,115842,60,15.59,2791.88,Two-Wheeler,Thrissur
LN001915,CU003336,02/20/2024,73587,36,10.64,2396.62,Two-Wheeler,Kochi
LN003806,CU002868,08/01/2021,78524,36,16.46,2778.54,Two Wheeler,Kochi
LN004143,CU000592,2022-03-17,206923,24,17.43,10273.55,two wheeler,Kozhikode
LN000969,CU002486,09-08-2023,220616,36,16.64,7826.09,2 Wheeler,  Coimbatore 
LN004174,CU003581,26/03/2022,81361,60,9.55,1710.72,TWO WHEELER,Delhi NCR
LN002564,CU000817,25 Jun 2024,"₹185,684",12,16.91,16927.33,Commercial Vehicle,Coimbatore
LN003003,CU000803,08-11-2021,146544,36,12.5,4902.43,Two-Wheeler,Kochi
LN000685,CU001824,11/24/2023,68602,12,12.73,6118.66,2 Wheeler,Mumbai
LN002168,CU003747,2022-07-21,98688,36,18.07,3571.27,two wheeler,Thrissur
LN002415,CU003092,21 Mar 2024,"₹457,486",48,17.31,13274.27,CAR,  Bangalore 
LN003570,CU001939,2021-11-12,183454,36,17.72,6606.56,Two-Wheeler,  Pune 
LN003443,CU004184,2022-11-10,168755,24,12.44,7978.6,CV,Delhi NCR
LN000029,CU001547,12/20/2021,"₹129,453",48,13.47,3503.17,tractor,Mumbai
LN001462,CU000241,29/05/2021,255448,12,17.86,23402.45,TWO WHEELER,Kozhikode
LN002818,CU003219,01/27/2022,390555,36,14.06,13359.63,Car ,Kozhikode
LN003942,CU001756,28 Oct 2023,57578,48,15.14,1606.53,Car,Kochi
LN004167,CU003387,2021-05-21,90587,36,11.81,3000.57,CAR,Kozhikode
LN001322,CU001031,27/11/2023,129862,48,13.91,3542.81,TWO WHEELER,Pune
LN004481,CU003056,2023-09-18,71650,36,12.36,2392.14,CAR,Kozhikode
LN000460,CU003187,28/04/2021,189981,60,18.32,4857.4,tractor,Ahmedabad
LN002777,CU002539,13 Feb 2023,46958,36,10.28,1521.38,two wheeler,Thrissur
LN001131,CU000370,07 May 2023,178838,36,17.33,6405.47,N/A,Thrissur
LN002041,CU000337,24 Apr 2021,"₹110,389",36,15.34,3845.08,car,Bangalore
LN002150,CU004317,24-03-2022,162279,48,10.82,4180.01,two wheeler,Chennai
LN001576,CU003476,28-02-2021,349710,36,17.94,12632.33,TWO WHEELER,Delhi NCR
LN002712,CU002331,06/05/2023,72357,24,17.55,3596.65,CV,Kozhikode
LN003790,CU001346,03/16/2021,"₹162,698",24,11.44,7616.28,CAR,Ahmedabad
LN000539,CU003284,29-09-2021,108282,36,11.16,3553.22,Two-Wheeler,  Kochi 
LN000254,CU002730,11 Sep 2023,127064,60,15.62,3064.35,two wheeler,Chennai
LN000400,CU001612,12/25/2022,100085,12,12.97,8937.91,CV,  Thrissur 
LN003829,CU004365,28 Dec 2022,226768,36,13.6,7706.41,2 Wheeler,Kozhikode
LN002161,CU002743,28/10/2021,185934,36,13.87,6343.05,two wheeler,Thrissur
LN001549,CU001958,24/12/2022,126937,36,9.54,4068.54,car,Kolkata
LN002121,CU003190,2021-04-18,173680,60,15.54,4181.23,car,Hyderabad
LN000003,CU003572,09/23/2021,"₹42,586",36,12.41,1422.82,two wheeler,Hyderabad
LN004474,CU004067,04/12/2021,163728,12,13.03,14626.04,Two Wheeler,Kochi
LN001494,CU002127,21/03/2024,88517,36,10.48,2876.18,CV,Ahmedabad
LN003253,CU000595,05/06/2024,336338,36,13.52,11416.98,Two Wheeler,Chennai
LN001581,CU001918,21 Jun 2021,294018,60,11.17,6417.62,2 Wheeler,Kolkata
LN003961,CU002263,31 Jul 2023,133802,48,9.89,3386.5,Car ,Hyderabad
LN000958,CU001717,16/10/2022,"₹98,056",60,17.18,2446.44,CAR,Bangalore
LN001874,CU001650,2021-01-10,102543,36,16.57,3634.03,N/A,Kochi
LN003381,CU002253,26/12/2023,175074,48,14.94,4867.12,CAR,Kochi
LN001573,CU002601,02 Sep 2023,88843,60,17.95,2253.61,Two Wheeler,  Pune 
LN003143,CU000867,28 Aug 2021,88279,60,17.49,2217.29,Car,Kozhikode
LN003221,CU002890,2022-05-24,94267,24,12.04,4439.24,Two-Wheeler,Coimbatore
LN002977,CU001998,29-10-2021,396707,60,12.26,8876.74,TWO WHEELER,Bangalore
LN001955,CU002173,11/04/2021,82631,24,14.32,3979.86,N/A,Kochi
LN001344,CU003500,04/09/2021,83030,12,13.76,7445.65,two wheeler,Coimbatore
LN004205,CU001658,01/06/2022,64173,60,17.38,1608.01,2 Wheeler,Coimbatore
LN000477,CU001389,10/29/2023,96869,48,16.44,2767.17,Car,Mumbai
LN003285,CU002234,2023-05-04,87210,12,13.29,7801.23,Commercial Vehicle,Pune
LN000600,CU003771,13 Jan 2023,77733,36,10.48,2525.78,CAR,Kolkata
LN003450,CU001404,2023-12-08,192158,48,17.86,5630.59,TWO WHEELER,Kozhikode
LN001761,CU001407,24 Aug 2021,40000,36,16.1,1408.26,Commercial  Vehicle,Hyderabad
LN003486,CU002822,07/07/2023,216052,60,11.09,4707.2,two wheeler,Kochi
LN004903,CU002266,10-01-2022,"₹151,021",48,13.95,4123.08,Car,Hyderabad
LN003617,CU000214,06-02-2022,111112,48,16.41,3172.33,two wheeler,Coimbatore
LN001975,CU002012,23/09/2022,97266,48,15.97,2755.05,Car ,  Kolkata 
LN003859,CU001192,12-07-2023,198421,12,17.27,18122.37,two wheeler,Bangalore
LN004048,CU003264,2023-06-05,74192,60,11.44,1629.44,Two-Wheeler,Kolkata
LN004088,CU003199,09/05/2021,"₹97,216",12,14.24,8739.73,Two Wheeler,Ahmedabad
LN003793,CU002223,01 May 2024,184448,48,,5437.46,2 Wheeler,Chennai
LN000274,CU004506,2024-06-01,"₹190,467",36,9.78,6126.18,2 Wheeler,Kochi
LN003959,CU000481,03/11/2022,160249,36,15.92,5627.55,Car ,Ahmedabad
LN003175,CU003414,05/02/2024,87847,36,9.58,2817.28,CAR,Thrissur
LN002217,CU000161,16 Oct 2023,53363,48,13.37,1441.41,car,Ahmedabad
LN004877,CU000839,01/06/2023,100413,36,10.34,3256.1,N/A,Hyderabad
LN004416,CU004312,03 Aug 2021,61769,36,11.0,2022.24,CV,Pune
LN003465,CU003626,12-09-2023,76981,36,17.64,2769.17,Tractor,Delhi NCR
LN002781,CU000487,26 Feb 2021,89195,36,16.72,3167.63,Two Wheeler,Kochi
LN001993,CU003072,04-02-2021,"₹93,965",24,13.21,4476.54,Car ,Delhi NCR
LN004431,CU000847,25 Nov 2022,116629,24,12.68,5527.24,TWO WHEELER,Kochi
LN004879,CU002375,01/10/2022,110081,24,12.03,5183.44,Two-Wheeler,Delhi NCR
LN003281,CU003712,01 Feb 2024,107789,24,15.47,5250.43,TWO WHEELER,Ahmedabad
LN004910,CU004552,31-07-2021,203468,60,11.45,4469.69,Car ,Delhi NCR
LN004608,CU000089,2024-05-04,188485,48,10.9,4862.34,Commercial  Vehicle,Chennai
LN003812,CU003187,08-06-2022,98478,48,10.23,2508.55,Tractor,Pune
LN001554,CU003116,11-01-2022,50720,24,16.36,2492.14,commercial vehicle,Coimbatore
LN003309,CU003268,02/06/2021,188653,36,10.26,6110.36,Commercial  Vehicle,Thrissur
LN003447,CU000236,05 Dec 2021,123900,48,14.77,3433.8,CAR,Coimbatore
LN002644,CU002554,09-09-2022,63876,60,18.21,1629.34,TWO WHEELER,Chennai
LN002491,CU003106,2021-02-16,258584,48,15.75,7295.28,two wheeler,Hyderabad
LN002756,CU000266,03/10/2021,187146,24,12.31,8836.73,Two Wheeler,Pune
LN001101,CU002684,31/12/2023,269149,48,14.36,7403.59,Car,Pune
LN000751,CU003093,01 May 2023,287587,36,18.07,10407.06,CV,Hyderabad
LN000896,CU001937,2024-06-15,106808,48,17.33,3100.21,CAR,Kolkata
LN000740,CU001667,25 Sep 2023,81628,48,14.12,2235.52,commercial vehicle,Ahmedabad
LN003926,CU002023,07/11/2022,104035,36,,3464.9,Two-Wheeler,Hyderabad
LN004887,CU004399,05/19/2023,156104,24,10.7,7253.95,car,Ahmedabad
LN001429,CU004569,12/04/2024,135569,48,14.71,3753.09,two wheeler,Thrissur
LN002185,CU002682,24-03-2024,106573,24,9.7,4903.06,two wheeler,Ahmedabad
LN001216,CU004033,01/03/2022,188087,36,18.01,6800.74,TWO WHEELER,Kolkata
LN003254,CU003096,06/02/2024,151189,36,14.81,5226.96,Commercial Vehicle,Chennai
LN000308,CU000173,30-06-2023,135479,36,16.75,4813.36,CV,Delhi NCR
LN002720,CU004546,12/08/2023,76632,36,18.29,2781.59,CAR,Thrissur
LN002988,CU002469,02/12/2023,112037,24,13.77,5367.05,Car,Mumbai
LN003917,CU001620,19 Aug 2023,149426,12,14.5,13451.71,CV,Delhi NCR
LN004575,CU000818,26/01/2023,129169,36,15.17,4488.45,Car,Chennai
LN002885,CU000208,04/20/2021,198860,36,10.22,6437.21,two wheeler,Ahmedabad
LN003099,CU002508,15-10-2023,88554,48,17.6,2582.8,Commercial  Vehicle,Hyderabad
LN000096,CU000198,10/07/2022,212545,24,16.16,10423.12,Car,Coimbatore
LN002751,CU002994,04/04/2023,237290,24,16.48,11672.95,car,Bangalore
LN003484,CU001031,05 Aug 2023,192959,48,15.35,5404.49,two wheeler,Bangalore
LN003769,CU001205,29/11/2022,143571,36,11.07,4705.09,CV,Bangalore
LN004405,CU000320,02/27/2023,69040,12,15.07,6233.71,CV,Delhi NCR
LN000380,CU002342,15 Feb 2024,"₹145,238",36,13.68,4941.35,two wheeler,Kolkata
LN002221,CU002129,03/22/2022,"₹156,873",24,18.23,7849.19,Two-Wheeler,Kolkata
LN004848,CU001395,25-06-2021,79105,60,12.95,1797.86,car,Kolkata
LN002579,CU003048,23/10/2022,100052,24,12.17,4717.74,CAR,Thrissur
LN004346,CU000238,07 Apr 2023,"₹85,459",36,13.55,2902.14,Two-Wheeler,Delhi NCR
LN000698,CU003657,01/07/2024,62555,24,11.97,2943.8,CAR,Kochi
LN003529,CU001358,14 Nov 2023,128115,24,10.08,5916.59,Commercial Vehicle,Ahmedabad
LN000433,CU001344,02/22/2021,"₹86,779",48,17.61,2531.48,CAR,Kolkata
LN002656,CU002271,17-10-2022,74091,36,12.81,2489.64,Two-Wheeler,Bangalore
LN004252,CU000734,2022-12-03,165114,48,15.43,4631.32,car,Ahmedabad
LN001307,CU001305,03/06/2023,132950,24,12.5,6289.51,Car,Hyderabad
LN001070,CU000006,09/05/2023,85883,36,12.49,2872.69,Car ,Kolkata
LN004393,CU003274,12/24/2022,"₹423,630",36,13.06,14286.01,Commercial Vehicle,Mumbai
LN002402,CU001152,2021-12-23,252914,24,18.32,12665.64,TRACTOR,Thrissur
LN004744,CU001219,02/21/2023,76675,60,17.81,1939.12,Car,Ahmedabad
LN002393,CU000567,2023-02-05,146057,48,14.74,4045.65,Two Wheeler,Delhi NCR
LN001126,CU002908,03/09/2021,"₹100,384",24,9.73,4619.71,Commercial  Vehicle,Bangalore
LN000061,CU003074,18-06-2021,144554,48,10.27,3685.04,Two Wheeler,Delhi NCR
LN000132,CU004414,17-08-2021,131476,24,11.77,6174.92,TWO WHEELER,Hyderabad
LN002526,CU002538,08 Mar 2024,"₹71,854",36,13.25,2429.71,tractor,Pune
LN001395,CU002293,03/03/2022,72706,36,16.21,2563.67,tractor,Chennai
LN004654,CU002497,01/20/2024,97247,12,11.52,8618.46,Commercial Vehicle,Delhi NCR
LN002965,CU004345,26 Jan 2024,163004,24,10.92,7591.21,Car,Chennai
LN003250,CU000606,2024-02-03,69250,60,11.37,1518.47,Tractor,Coimbatore
LN003041,CU001507,2021-01-06,119140,48,11.3,3096.62,car,Ahmedabad
LN000817,CU002709,20/07/2023,245022,36,16.95,8729.61,CAR,Kochi
LN000647,CU002479,27 Jan 2023,88908,24,9.65,4088.31,Car,Delhi NCR
LN003697,CU003864,2022-07-01,181886,24,17.65,9049.77,Two Wheeler,Coimbatore
LN003349,CU001538,04/05/2022,102079,36,16.04,3590.81,TWO WHEELER,Ahmedabad
LN003315,CU000842,22 Jan 2023,339124,36,15.29,11804.06,CV,Chennai
LN003747,CU001135,30 Apr 2023,"₹226,250",48,12.63,6028.25,TWO WHEELER,Pune
LN003018,CU003699,06 Jul 2022,71410,24,14.08,3431.3,car,Coimbatore
LN003990,CU000668,25 Oct 2023,183488,36,16.74,6518.13,Two Wheeler,Hyderabad
LN004843,CU003599,08-06-2024,85170,36,14.57,2934.54,car,Thrissur
LN003226,CU002727,28-05-2023,83854,36,16.27,2959.25,Two Wheeler,Kochi
LN004832,CU003272,18-05-2021,121462,36,12.17,4044.15,2 Wheeler,Hyderabad
LN004122,CU004282,2023-12-28,200119,36,14.56,6894.15,Tractor,Chennai
LN001072,CU000401,03/09/2022,268237,48,11.76,7032.14,CAR,Pune
LN003166,CU002906,03/09/2024,169727,48,16.52,4855.43,2 Wheeler,Thrissur
LN004170,CU003306,20-04-2021,137624,36,14.26,4721.06,N/A,Kozhikode
LN003528,CU001060,07/11/2023,103568,12,15.16,9355.69,Two Wheeler,Ahmedabad
LN001497,CU002676,10/11/2023,141212,24,13.39,6739.37,commercial vehicle,Kozhikode
LN001113,CU003170,04/09/2022,"₹99,542",12,15.06,8987.31,two wheeler,Kochi
LN003030,CU002042,07 Mar 2021,165389,48,14.74,4581.13,Commercial  Vehicle,Kozhikode
LN001191,CU004071,04/26/2023,206906,36,16.07,7281.35,CV,Pune
LN003707,CU003374,16-06-2022,236867,24,17.51,11769.37,two wheeler,Kochi
LN002177,CU003571,09/29/2022,110569,24,10.58,5131.85,2 Wheeler,Thrissur
LN001390,CU001158,12/02/2021,97692,48,12.4,2591.83,Commercial  Vehicle,Delhi NCR
LN002074,CU003118,15/06/2024,63216,36,17.21,2260.44,Commercial Vehicle,Thrissur
LN000869,CU003196,11/19/2021,142497,60,10.24,3044.5,2 Wheeler,Pune
LN000689,CU000626,09/30/2022,355136,24,15.75,17346.17,Commercial  Vehicle,Thrissur
LN002792,CU001285,25 Oct 2021,"₹98,213",36,14.38,3374.84,Commercial Vehicle,Pune
LN003446,CU002429,13 Jun 2021,102321,36,11.58,3378.03,CAR,Delhi NCR
LN002684,CU000718,27-09-2021,"₹84,378",48,11.24,2190.64,Commercial  Vehicle,Pune
LN001947,CU003067,2024-06-09,319697,48,14.69,8847.25,CAR,Mumbai
LN001261,CU001763,02/06/2023,"₹102,807",24,12.79,4877.5,car,  Kochi 
LN000483,CU004148,12/09/2021,154839,24,14.64,7481.17,commercial vehicle,Hyderabad
LN003583,CU000708,02/22/2022,"₹85,685",36,10.9,2801.16,Car,Delhi NCR
LN002005,CU000723,26 Dec 2023,"₹122,817",48,12.8,3282.69,Two Wheeler,Hyderabad
LN001431,CU003459,26-05-2024,"₹85,068",36,15.97,2989.48,CAR,Bangalore
LN000118,CU001690,2024-04-26,"₹183,859",60,16.53,4523.03,2 Wheeler,Delhi NCR
LN002012,CU002478,20 Sep 2021,167873,60,12.51,3777.65,CAR,Kochi
LN004562,CU002764,18 May 2021,"₹158,070",36,14.15,5413.98,TRACTOR,Kozhikode
LN000335,CU003726,22 Nov 2021,129622,24,14.45,6251.12,TWO WHEELER,Chennai
LN004952,CU004025,2022-05-02,102878,24,12.61,4872.18,two wheeler,Ahmedabad
LN002076,CU004313,29-09-2021,162642,60,13.47,3739.85,TWO WHEELER,  Chennai 
LN004555,CU004108,2022-05-16,66433,24,11.94,3125.37,two wheeler,Kochi
LN000364,CU000090,03/20/2022,"₹83,240",24,17.44,4133.19,N/A,Kolkata
LN000495,CU002276,10/05/2024,40318,12,10.7,3557.73,CAR,Thrissur
LN002236,CU002004,26 Nov 2023,216757,24,11.79,10182.26,Two-Wheeler,Coimbatore
LN001912,CU004213,27/05/2021,294719,24,13.84,14128.04,2 Wheeler,Coimbatore
LN004506,CU001991,2023-10-21,64499,48,,1850.46,Car ,Kolkata
LN001407,CU000368,22-12-2021,"₹60,849",36,13.66,2069.64,2 Wheeler,Delhi NCR
LN001088,CU003265,2024-06-15,"₹320,167",36,12.41,10696.93,two wheeler,Kolkata
LN004439,CU003635,2023-04-26,"₹164,900",36,11.34,5425.2,TWO WHEELER,Kolkata
LN001227,CU004037,07 Mar 2024,"₹154,565",36,12.03,5135.98,car,Ahmedabad
LN003656,CU002115,2022-04-28,107434,24,16.95,5309.2,Car ,Hyderabad
LN001753,CU001786,09/27/2023,123926,12,18.04,11363.89,CV,  Delhi NCR 
LN000005,CU004307,26-12-2022,"₹105,823",36,10.29,3429.04,Two-Wheeler,Kochi
LN001737,CU003677,14-05-2024,158221,36,14.16,5419.92,Commercial Vehicle,Kochi
LN003568,CU003920,2024-05-29,158567,36,10.6,5161.3,CAR,Mumbai
LN001661,CU003368,01/04/2022,69246,12,17.38,6328.06,two wheeler,  Hyderabad 
LN001124,CU001720,2023-08-31,147367,48,18.34,4355.13,Commercial  Vehicle,Kochi
LN001023,CU003340,2021-12-12,164939,36,11.93,5472.82,Car ,Bangalore
LN001180,CU001578,14-02-2021,204968,36,10.66,6677.44,Two Wheeler,Kochi
LN003964,CU000949,11/24/2022,130941,48,11.5,3416.12,car,Kochi
LN001584,CU002753,01 Jun 2021,"₹102,150",36,10.98,3343.29,Commercial  Vehicle,Hyderabad
LN001600,CU002018,2022-06-07,148651,60,15.72,3592.83,CAR,Chennai
LN003842,CU001611,11/09/2021,107865,24,13.84,5170.76,Two Wheeler,Coimbatore
LN001544,CU001141,09-08-2023,"₹102,094",36,14.69,3523.64,two wheeler,Kolkata
LN000241,CU001497,24/04/2022,105616,36,16.16,3721.49,two wheeler,Pune
LN001913,CU003370,2022-05-26,72296,48,17.48,2104.1,Car ,Delhi NCR
LN001334,CU004129,03/10/2023,229390,36,11.2,7531.68,Car ,Bangalore
LN002650,CU004037,05/11/2024,105467,36,18.32,3829.84,CV,Chennai
LN001495,CU002978,05/05/2022,"₹80,716",36,12.97,2718.47,Two-Wheeler,Ahmedabad
LN000736,CU002349,22/07/2021,101506,36,13.63,3451.02,Two Wheeler,Bangalore
LN001855,CU003574,06/07/2024,173249,48,17.5,5044.04,TWO WHEELER,Mumbai
LN001501,CU000408,2023-02-19,117662,36,12.43,3932.27,2 Wheeler,Delhi NCR
LN004433,CU002308,13-04-2024,58308,24,14.35,2809.19,CV,Kozhikode
LN002549,CU003665,02/06/2022,82340,60,12.09,1835.35,two wheeler,Mumbai
LN003969,CU000364,28-03-2021,112307,36,16.49,3975.6,Car,Mumbai
LN002706,CU003441,04-05-2024,316186,24,11.63,14829.4,two wheeler,Ahmedabad
LN000622,CU002416,28-10-2021,274281,48,17.5,7985.52,TWO WHEELER,Hyderabad
LN004721,CU000985,24-02-2022,116619,36,10.83,3808.57,Two Wheeler,Pune
LN003870,CU004177,2023-02-06,374573,36,12.52,12534.42,CAR,Kolkata
LN004065,CU002405,08-02-2023,147813,36,16.8,5255.24,N/A,Delhi NCR
LN000515,CU002460,20/12/2021,121149,36,14.55,4173.02,CAR,Coimbatore
LN002776,CU004178,09/07/2023,92049,12,10.49,8113.56,Commercial  Vehicle,Chennai
LN000365,CU000359,28-04-2024,75181,48,11.77,1971.32,Two-Wheeler,Thrissur
LN003425,CU000232,08-05-2023,146268,36,14.03,5001.23,TRACTOR,Pune
LN002396,CU003206,10 Aug 2023,83132,36,15.69,2909.97,two wheeler,Kochi
LN004357,CU000840,03/01/2022,59014,48,13.21,1589.36,car,Bangalore
LN001523,CU002763,02/01/2024,"₹74,035",12,12.68,6601.49,Car ,Kochi
LN001037,CU002843,2021-03-02,167959,36,15.88,5894.99,two wheeler,Pune
LN003092,CU001310,16-05-2022,125562,36,12.64,4208.94,N/A,Kozhikode
LN000858,CU003523,05/30/2023,106262,24,10.64,4934.9,CAR,Bangalore
LN003637,CU004379,03-10-2023,105272,12,16.8,9591.32,two wheeler,Mumbai
LN000614,CU003441,12-09-2023,116774,48,18.1,3436.34,Two Wheeler,Mumbai
LN004017,CU000671,06/09/2021,273989,24,13.28,13062.0,TWO WHEELER,Coimbatore
LN002661,CU000808,2022-03-30,138040,12,17.61,12629.9,Car,Bangalore
LN004131,CU002756,01/19/2023,150253,24,15.28,7305.27,tractor,Bangalore
LN000905,CU003863,07-12-2021,122695,36,13.04,4136.44,Tractor,Kochi
LN001332,CU002397,10/15/2021,200881,36,14.02,6867.59,two wheeler,Pune
LN001644,CU003763,14-12-2022,252198,60,14.84,5978.61,commercial vehicle,Mumbai
LN000811,CU003380,16/12/2021,116776,24,10.69,5425.89,TWO WHEELER,Coimbatore
LN001999,CU002342,05/02/2021,"₹62,164",12,10.64,5483.72,two wheeler,Pune
LN004775,CU002616,2022-02-27,108614,36,9.95,3502.12,TWO WHEELER,Pune
LN001163,CU002631,04-09-2023,93110,36,11.88,3087.25,commercial vehicle,Delhi NCR
LN004260,CU001485,06/05/2023,52667,48,18.28,1554.81,Two-Wheeler,Mumbai
LN002314,CU001589,2024-06-07,109857,48,13.48,2973.43,Commercial Vehicle,Kochi
LN004432,CU002410,16 Nov 2023,179140,12,13.78,16065.93,Two-Wheeler,Delhi NCR
LN001284,CU000748,05/30/2024,230673,24,,10895.24,CAR,Kochi
LN000302,CU000668,2024-01-11,"₹248,702",60,15.0,5916.6,commercial vehicle,Kochi
LN000503,CU001823,24-04-2024,212064,60,12.71,4793.68,Car,Mumbai
LN002139,CU000462,01 Mar 2024,125308,48,13.2,3374.15,TWO WHEELER,Pune
LN000202,CU000414,06/10/2022,142449,24,15.66,6951.63,Car ,Chennai
LN001303,CU003603,04 Nov 2021,247774,48,13.98,6768.3,Tractor,Delhi NCR
LN003043,CU003680,02/16/2021,158687,48,9.88,4015.57,car,Delhi NCR
LN004880,CU002054,26-01-2021,"₹108,261",36,16.05,3808.81,2 Wheeler,Kozhikode
LN004153,CU003129,09/19/2022,200910,36,11.09,6586.1,Commercial  Vehicle,Pune
LN000205,CU001056,23/01/2021,398195,48,18.1,11717.8,Commercial  Vehicle,Hyderabad
LN004464,CU001811,05 Dec 2022,177712,60,18.21,4533.04,Two Wheeler,Kochi
LN001740,CU000905,26-07-2022,262160,24,11.9,12328.54,TRACTOR,Delhi NCR
LN002050,CU003869,01/31/2022,95679,24,14.77,4628.71,car,Mumbai
LN002275,CU000363,15/11/2021,184267,48,10.64,4730.33,Commercial  Vehicle,Delhi NCR
LN002191,CU003361,02/08/2024,97608,60,16.27,2387.66,Car ,Kochi
LN000772,CU000431,08/14/2021,"₹214,835",60,17.72,5422.73,2 Wheeler,Delhi NCR
LN002445,CU003697,2022-11-14,128565,48,15.25,3594.37,N/A,Ahmedabad
LN004169,CU000757,2023-09-03,144824,36,13.16,4890.86,Two Wheeler,Delhi NCR
LN002289,CU003055,05-04-2023,94873,36,13.07,3199.85,Two-Wheeler,Kochi
LN000967,CU000801,04/08/2024,169673,48,13.58,4600.9,Car ,Coimbatore
LN004096,CU002699,06/08/2024,85233,36,,2888.7,CAR,Kolkata
LN002181,CU001693,2022-12-20,147939,36,11.57,4883.36,N/A,Kozhikode
LN000264,CU002865,05/08/2021,137380,12,18.23,12610.04,Two Wheeler,Bangalore
LN002798,CU003132,08/17/2023,126729,36,13.19,4281.61,Tractor,Ahmedabad
LN004705,CU001609,2021-10-06,144288,36,12.4,4820.04,2 Wheeler,Ahmedabad
LN000640,CU002572,05 Oct 2022,107866,36,9.81,3470.92,TWO WHEELER,Bangalore
LN004959,CU004227,14 Jun 2021,81592,48,14.17,2236.59,Car ,Ahmedabad
LN000875,CU003039,2021-11-23,461083,36,16.87,16409.05,Commercial  Vehicle,Mumbai
LN001299,CU004394,01/03/2022,155305,24,16.99,7677.88,two wheeler,Pune
LN000949,CU001234,21-12-2023,"₹154,166",24,10.56,7153.89,CV,Delhi NCR
LN004991,CU001679,21/09/2022,193629,60,17.04,4816.34,CAR,Mumbai
LN001835,CU001438,2021-03-14,148303,24,16.77,7316.06,car,Coimbatore
LN001498,CU000754,22/07/2022,"₹50,915",36,10.47,1654.14,Two-Wheeler,Mumbai
LN001140,CU003087,27 Oct 2021,40000,36,10.31,1296.52,Car ,Chennai
LN002521,CU003398,2022-03-04,"₹144,246",48,11.05,3731.62,2 Wheeler,Kolkata
LN001448,CU003253,25/06/2021,147831,48,16.72,4244.28,CAR,Hyderabad
LN000287,CU002096,2021-03-17,"₹120,458",36,12.11,4007.26,2 Wheeler,Kolkata
LN003269,CU004248,02/22/2021,157726,60,16.58,3884.37,Two-Wheeler,Thrissur
LN002733,CU001583,28-07-2023,"₹493,115",12,11.12,43609.93,commercial vehicle,Bangalore
LN004632,CU000342,05/23/2023,113053,36,16.64,4010.42,commercial vehicle,Kolkata
LN003682,CU002209,16 Feb 2023,154453,24,11.44,7230.31,Two Wheeler,Pune
LN001479,CU001608,02/06/2021,168845,24,16.82,8333.48,car,Thrissur
LN004689,CU003020,08/15/2023,305112,24,17.47,15154.42,Tractor,Kochi
LN003702,CU002662,13/07/2023,149195,48,16.96,4301.94,Two Wheeler,Kochi
LN001078,CU001914,16 Jul 2023,153083,48,16.49,4376.93,car,Mumbai
LN002417,CU001335,16 Jun 2021,"₹246,025",12,12.75,21945.44,Car,Mumbai
LN000677,CU003655,2021-01-28,167543,60,,4225.38,TWO WHEELER,Ahmedabad
LN003858,CU000247,10/24/2022,"₹125,915",48,17.13,3641.76,TWO WHEELER,Bangalore
LN001379,CU001987,11/01/2023,101813,24,18.48,5106.57,Commercial  Vehicle,Hyderabad
LN004303,CU003949,2023-12-12,155159,48,15.09,4325.27,Commercial  Vehicle,Kochi
LN003531,CU002997,2024-05-30,84887,36,12.66,2846.3,two wheeler,Hyderabad
LN004709,CU004022,13 Oct 2023,154061,24,16.1,7550.67,CV,Kochi
LN003971,CU001816,17-03-2022,99530,60,,2388.24,two wheeler,Bangalore
LN002638,CU001936,05-04-2023,87220,24,12.41,4122.47,car,Pune
LN003571,CU002478,04/13/2023,"₹40,000",24,12.59,1893.98,CAR,Kochi
LN002385,CU000683,2023-04-02,210383,24,17.22,10424.06,two wheeler,  Kochi 
LN004946,CU003365,2023-10-17,222257,36,15.16,7722.04,CV,Mumbai
LN001886,CU000216,03/17/2022,"₹158,525",12,17.08,14464.25,Two-Wheeler,Delhi NCR
LN003215,CU000244,06/16/2023,266336,36,16.38,9413.63,CAR,Kozhikode
LN000820,CU001622,05/16/2022,416801,24,14.88,20185.53,2 Wheeler,Kozhikode
LN004400,CU002927,2022-03-17,114168,36,13.3,3863.29,2 Wheeler,Thrissur
LN000849,CU004236,2023-02-15,98061,24,10.46,4545.87,N/A,Thrissur
LN003023,CU002910,16-03-2023,"₹218,369",24,15.12,10600.44,Two Wheeler,Coimbatore
LN004457,CU004485,28 Sep 2022,115871,36,17.76,4175.08,Two-Wheeler,Kolkata
LN003521,CU003476,31-01-2024,151764,48,15.18,4237.57,2 Wheeler,Kolkata
LN003068,CU000917,02/05/2023,70923,24,13.35,3383.48,2 Wheeler,Kozhikode
LN000142,CU003677,2021-04-05,92629,12,17.54,8471.96,2 Wheeler,Thrissur
LN001394,CU000198,20-02-2024,118008,36,11.43,3887.51,CAR,Pune
LN002878,CU002381,2023-12-04,127299,60,17.04,3166.45,Car,Hyderabad
LN000637,CU003659,04-04-2024,325309,48,10.72,8363.62,CV,Pune
LN001723,CU000473,2023-02-25,89946,36,16.08,3165.79,Car,Pune
LN001055,CU001436,24-06-2021,167321,12,18.36,15368.67,CV,Coimbatore
LN004902,CU003785,09/10/2021,81000,48,,2182.69,two wheeler,Pune
LN000249,CU000698,29 Aug 2023,112283,60,15.76,2716.21,CAR,Coimbatore
LN002610,CU001869,06 Sep 2023,108081,36,16.84,3844.78,Two-Wheeler,Hyderabad
LN001057,CU001830,2021-02-16,214349,12,17.04,19553.72,two wheeler,  Hyderabad 
LN002725,CU000289,2024-04-25,160090,48,16.86,4607.82,TWO WHEELER,Hyderabad
LN004254,CU000220,21-02-2023,208617,36,14.37,7167.58,CV,Ahmedabad
LN004824,CU004305,07/06/2021,293317,36,13.45,9946.7,2 Wheeler,  Kochi 
LN002591,CU003849,10-07-2023,112077,48,16.35,3196.42,two wheeler,Bangalore
LN001063,CU003643,05/29/2022,40000,48,14.62,1105.54,Commercial Vehicle,Bangalore
LN001882,CU003348,08/07/2021,181185,36,14.37,6225.08,Commercial Vehicle,Ahmedabad
LN000298,CU002552,16/10/2022,231494,24,13.7,11081.91,Commercial Vehicle,Mumbai
LN002727,CU004394,11/25/2021,71601,48,13.9,1953.01,2 Wheeler,Hyderabad
LN004301,CU001942,23 Jun 2023,280857,48,11.96,7390.53,two wheeler,Pune
LN001551,CU003286,04 Jan 2023,107583,48,16.84,3095.41,2 Wheeler,  Chennai 
LN004403,CU001643,10-06-2021,"₹230,081",24,11.21,10746.02,CAR,Coimbatore
LN003830,CU003279,23-11-2021,"₹90,872",36,12.58,3043.49,Car,Delhi NCR
LN003410,CU001116,05 Apr 2024,"₹157,014",36,16.19,5534.89,2 Wheeler,Kozhikode
LN001545,CU002170,22/04/2022,104565,24,13.22,4982.02,2 Wheeler,Bangalore
LN002013,CU001540,02/11/2022,69237,36,12.62,2320.22,Commercial  Vehicle,  Kolkata 
LN003857,CU001289,11-06-2023,198380,24,10.88,9235.01,car,Mumbai
LN000957,CU002140,16-11-2021,120072,24,9.83,5531.3,2 Wheeler,Kochi
LN004814,CU002054,2023-03-09,186924,60,,4320.38,two wheeler,Kolkata
LN001668,CU000351,17/02/2021,192572,60,17.37,4824.31,Car ,  Pune 
LN000994,CU000017,10/12/2021,88365,36,15.03,3064.5,car,Coimbatore
LN000452,CU001548,12-04-2022,97645,48,13.61,2649.23,CV,Chennai
LN002978,CU000555,16 Mar 2024,"₹146,937",36,12.61,4923.33,2 Wheeler,  Kozhikode 
LN004134,CU000059,21 Jun 2022,194637,36,17.2,6958.73,commercial vehicle,Ahmedabad
LN003610,CU004254,31 Aug 2023,151984,36,13.41,5151.01,2 Wheeler,Hyderabad
LN003979,CU000256,21 May 2021,173566,48,17.05,5012.75,Car,Chennai
LN004849,CU000952,30-07-2021,88504,24,11.41,4141.85,TWO WHEELER,Coimbatore
LN000481,CU004064,08 Jul 2022,67177,60,15.26,1607.32,two wheeler,Kochi
LN004573,CU004179,06/03/2023,293688,48,11.28,7630.52,car,Ahmedabad
LN004602,CU002376,18 Mar 2022,160613,24,9.64,7384.82,two wheeler,Pune
LN004821,CU002790,15-06-2022,152588,12,12.78,13613.0,Two Wheeler,Ahmedabad
LN004453,CU003953,05/05/2024,423630,24,15.97,20736.17,Two Wheeler,Ahmedabad
LN000526,CU001638,08/06/2022,232009,36,13.39,7860.95,car,Kolkata
LN004710,CU000694,23 Jul 2022,"₹100,139",36,15.22,3482.15,Car ,Coimbatore
LN003846,CU002950,25-09-2023,40000,24,18.28,2002.38,two wheeler,Delhi NCR
LN000474,CU004576,01/11/2023,94164,48,16.73,2703.97,two wheeler,Kochi
LN002875,CU001851,23/03/2023,134956,12,11.53,11961.02,Two-Wheeler,Kochi
LN003767,CU000039,26-04-2021,86814,36,,2838.07,CAR,Ahmedabad
LN002313,CU001889,09/12/2022,127251,24,18.26,6368.89,Car ,Thrissur
LN001839,CU001376,13/03/2024,130911,36,13.65,4452.01,2 Wheeler,  Pune 
LN003939,CU002012,06/25/2022,173906,60,17.57,4375.49,Car,Pune
LN001081,CU001179,2023-06-29,200779,60,10.19,4284.75,Car,Hyderabad
LN004783,CU003057,07/13/2023,40000,24,13.29,1907.13,two wheeler,Coimbatore
LN000725,CU002390,27-02-2023,"₹218,060",24,17.12,10793.96,Car,Ahmedabad
LN000351,CU003149,31 May 2021,193592,36,10.44,6286.74,commercial vehicle,Kozhikode
LN000766,CU000986,16 Jul 2022,101679,48,12.67,2711.17,TWO WHEELER,Mumbai
LN000189,CU000134,13/05/2022,"₹104,912",24,12.27,4951.81,N/A,Hyderabad
LN004514,CU003542,08 Apr 2023,128432,24,16.01,6289.04,Commercial Vehicle,Bangalore
LN003840,CU003652,2021-01-23,"₹176,573",36,17.67,6354.34,CAR,Mumbai
LN002333,CU000850,2021-07-01,186096,36,11.64,6149.1,CAR,Chennai
LN004522,CU002252,2021-03-03,"₹156,061",24,13.95,7489.25,Tractor,Mumbai
LN004376,CU003701,02/09/2024,280657,12,16.04,25469.56,Car,Delhi NCR
LN004248,CU000105,06/28/2021,"₹207,435",48,12.1,5472.75,Commercial  Vehicle,Kochi
LN002296,CU003769,03/19/2024,109911,24,13.17,5234.15,TWO WHEELER,Coimbatore
LN000418,CU003771,2021-09-10,52174,36,9.54,1672.26,TRACTOR,  Kolkata 
LN003461,CU000747,12/10/2021,55406,24,17.05,2740.73,2 Wheeler,Bangalore
LN003775,CU000495,06/12/2024,226236,36,9.61,7258.65,Car ,Hyderabad
LN002247,CU003364,29-02-2024,71550,36,14.52,2463.52,TWO WHEELER,Chennai
LN002547,CU000147,20/07/2021,148495,48,12.81,3969.76,CAR,Pune
LN002126,CU002270,2023-07-05,"₹403,379",36,10.67,13143.16,Commercial  Vehicle,Thrissur
LN004542,CU003199,07 May 2023,77815,24,13.22,3707.51,Commercial Vehicle,Coimbatore
LN001710,CU003406,2022-06-21,236240,24,16.1,11578.34,Car,Ahmedabad
LN002768,CU000472,11 Oct 2021,126492,48,10.58,3243.51,Two-Wheeler,Pune
LN001716,CU001896,07/01/2021,180399,36,15.81,6325.38,commercial vehicle,Kochi
LN003364,CU000370,30/12/2022,135005,24,14.37,6505.6,car,Ahmedabad
LN003526,CU002296,2022-02-09,162320,36,10.53,5278.09,TWO WHEELER,Pune
LN003328,CU004067,2024-02-12,212085,36,11.96,7040.21,Car,  Kozhikode 
LN004996,CU000099,2022-08-22,"₹148,720",60,11.45,3267.01,TWO WHEELER,Thrissur
LN003313,CU000971,24 Aug 2023,192132,60,11.9,4264.17,Two Wheeler,Kochi
LN002658,CU004206,19/08/2023,113902,24,14.52,5496.79,2 Wheeler,Delhi NCR
LN001755,CU001731,2023-12-13,40000,12,17.05,3649.14,Car,Kozhikode
LN003933,CU003578,08-12-2022,"₹121,933",36,11.92,4045.26,Two-Wheeler,Thrissur
LN002669,CU003067,26 Jan 2022,108875,60,12.82,2467.22,N/A,Kozhikode
LN004466,CU003660,24-06-2022,199367,60,13.46,4583.3,TRACTOR,  Kolkata 
LN002613,CU001134,09/15/2021,275844,24,18.02,13773.93,Commercial  Vehicle,Pune
LN002537,CU000650,04-11-2021,"₹101,664",24,14.0,4881.18,CV,Kochi
LN001441,CU002929,20/02/2021,207236,24,15.43,10090.57,Tractor,Thrissur
LN002772,CU004156,16-03-2021,"₹253,934",24,11.09,11845.93,Car ,Coimbatore
LN001382,CU001702,07/07/2021,83620,12,10.6,7374.88,commercial vehicle,Ahmedabad
LN002311,CU004375,08 Jan 2024,106058,60,10.63,2286.44,two wheeler,Bangalore
LN002940,CU003257,09-04-2024,113928,36,15.2,3960.52,two wheeler,Chennai
LN003525,CU001790,02/28/2022,149982,36,10.58,4880.44,Two-Wheeler,Ahmedabad
LN002554,CU000110,19-03-2024,277656,36,12.02,9224.8,TRACTOR,Pune
LN000086,CU003362,2023-09-01,"₹192,938",12,15.46,17456.17,CV,Kolkata
LN001520,CU003347,06/03/2024,51104,36,16.18,1801.21,Car ,Delhi NCR
LN003098,CU002221,28-04-2021,58108,12,14.9,5241.99,Car ,Kozhikode
LN004121,CU001747,2022-09-08,280813,36,17.21,10041.12,CAR,Delhi NCR
LN002584,CU000907,27/09/2022,80701,48,12.53,2146.23,2 Wheeler,Chennai
LN003346,CU002329,20 Aug 2021,99848,48,14.16,2736.51,2 Wheeler,Pune
LN004206,CU002168,02/26/2022,162886,24,16.54,8017.5,Car,Pune
LN002807,CU001042,27/09/2023,99177,36,15.85,3479.43,2 Wheeler,Delhi NCR
LN003429,CU001070,10/07/2023,118752,12,16.66,10811.59,Two Wheeler,Coimbatore
LN001829,CU000765,25 Apr 2021,70391,48,15.59,1980.15,Two-Wheeler,Delhi NCR
LN002804,CU003382,04/05/2023,106086,36,17.32,3799.17,Car,Hyderabad
LN004743,CU003489,2024-03-29,88984,36,15.95,3126.22,tractor,Thrissur
LN002131,CU001381,2024-03-12,221699,24,18.44,11115.31,TWO WHEELER,  Mumbai 
LN004671,CU003856,09 Jul 2021,233651,48,13.29,6301.95,N/A,Ahmedabad
LN000141,CU002692,01/04/2021,341316,24,13.78,16352.11,CAR,Bangalore
LN003029,CU000352,11/01/2023,312803,36,12.43,10453.9,tractor,Hyderabad
LN003847,CU000104,06/07/2022,136292,24,16.0,6673.28,2 Wheeler,Ahmedabad
LN000083,CU003315,23 Aug 2023,126159,36,14.74,4357.3,commercial vehicle,Kozhikode
LN005000,CU001091,07-04-2021,345238,36,11.33,11356.68,Two-Wheeler,Kozhikode
LN004958,CU004465,2021-08-18,116313,60,12.38,2609.71,car,Chennai
LN002405,CU004179,22 Jul 2023,"₹93,159",36,11.6,3076.44,two wheeler,Pune
LN004982,CU001104,27/11/2023,"₹97,620",60,15.82,2364.6,two wheeler,Mumbai
LN000085,CU001500,01/11/2022,110296,36,16.17,3886.94,Two Wheeler,Hyderabad
LN003033,CU004577,13/10/2021,348856,36,,11945.11,two wheeler,Delhi NCR
LN000062,CU003698,21-12-2022,134602,36,15.44,4695.08,commercial vehicle,Hyderabad
LN000908,CU000157,2024-02-13,88075,36,14.13,3015.76,Commercial Vehicle,Chennai
LN003689,CU002234,10/07/2022,59456,48,10.89,1533.5,Two Wheeler,Mumbai
LN000458,CU002631,06/22/2021,80377,48,14.95,2234.92,Two-Wheeler,Pune
LN002288,CU001776,2023-10-20,70814,36,17.96,2558.68,Two-Wheeler,Mumbai
LN002698,CU003363,02/10/2021,363921,60,13.08,8295.23,tractor,Thrissur
LN001369,CU004592,17 Mar 2024,230053,48,11.02,5948.07,two wheeler,Kozhikode
LN004337,CU003845,2022-02-19,66036,12,13.23,5905.28,Car,Delhi NCR
LN001636,CU004592,2023-10-10,138911,48,17.31,4030.6,2 Wheeler,Delhi NCR
LN002578,CU000845,05-12-2022,65002,24,11.62,3048.35,Two Wheeler,Delhi NCR
LN002863,CU002367,2021-07-02,154422,24,12.39,7297.34,TWO WHEELER,Chennai
LN004984,CU004507,22/08/2023,"₹299,837",24,13.87,14377.63,Commercial Vehicle,Delhi NCR
LN002421,CU003012,2023-11-18,217620,36,18.25,7894.8,CV,Coimbatore
LN001460,CU004564,01/27/2023,111924,36,17.55,4021.1,tractor,Kozhikode
LN002229,CU003070,29/01/2023,132704,60,12.55,2988.94,TWO WHEELER,Thrissur
LN002195,CU000067,02/22/2022,162771,12,13.45,14572.65,Two Wheeler,Bangalore
LN003949,CU002058,2023-12-19,88498,48,10.13,2250.07,car,Hyderabad
LN002368,CU003456,17 Sep 2023,186701,12,10.14,16426.14,2 Wheeler,Hyderabad
LN000660,CU003171,21 Jul 2021,46665,24,13.26,2224.24,two wheeler,Delhi NCR
LN002451,CU000760,12/07/2022,108012,48,16.33,3079.38,two wheeler,Hyderabad
LN001901,CU001879,20/09/2023,249537,48,15.16,6965.06,2 Wheeler,Pune
LN002600,CU002519,04/02/2022,270884,36,13.91,9246.34,TRACTOR,Delhi NCR
LN001366,CU001241,2023-05-09,"₹227,456",12,17.55,20804.48,Car,Kochi
LN002622,CU001494,03/23/2023,119170,36,15.43,4156.21,Commercial Vehicle,Mumbai
LN000528,CU003831,23/03/2024,"₹163,886",24,10.73,7617.84,CAR,Kolkata
LN001062,CU001818,2024-06-24,102960,48,17.09,2975.71,Car ,Kozhikode
LN002080,CU001032,08/11/2021,96288,36,15.88,3379.5,Car,Coimbatore
LN003196,CU002712,01/09/2021,"₹74,846",48,16.71,2148.47,Tractor,Mumbai
LN004002,CU000339,2021-04-17,78633,60,14.04,1831.28,2 Wheeler,Bangalore
LN001193,CU004291,13 Oct 2021,40000,48,15.17,1116.68,Car,Kochi
LN001428,CU002378,13 Oct 2021,287931,36,14.52,9913.68,two wheeler,Thrissur
LN001917,CU004196,20/12/2022,"₹183,386",24,14.86,8879.58,car,Bangalore
LN000582,CU003802,24-02-2022,224742,12,16.39,20432.53,Commercial  Vehicle,Pune
LN004708,CU004292,2023-08-04,144893,36,10.46,4706.64,TWO WHEELER,Ahmedabad
LN004871,CU003411,02-10-2022,124329,12,16.11,11286.95,TRACTOR,Mumbai
LN001472,CU000460,2023-01-10,160615,24,16.61,7911.1,Two Wheeler,Kochi
LN000656,CU000939,2024-05-19,148052,24,17.59,7362.07,Commercial Vehicle,Kochi
LN003762,CU001413,11 Sep 2022,65180,24,18.21,3260.67,Two Wheeler,Ahmedabad
LN002691,CU003854,08/14/2021,281575,60,11.44,6184.09,CV,Pune
LN004501,CU003027,24/02/2022,166917,36,15.13,5796.86,car,Chennai
LN003831,CU001892,08/12/2023,"₹127,254",36,16.77,4522.4,two wheeler,Chennai
LN004061,CU001600,2021-04-02,144058,24,11.12,6722.26,Two-Wheeler,Thrissur
LN004091,CU000068,01/08/2023,162226,36,17.91,5857.54,two wheeler,Kozhikode
LN001219,CU001766,12 Jun 2022,288518,36,12.66,9674.13,Two Wheeler,Coimbatore
LN003163,CU001396,2023-05-23,"₹183,252",24,,8730.22,Two Wheeler,Chennai
LN002205,CU003584,20-09-2023,"₹160,348",36,10.96,5246.55,Commercial Vehicle,  Mumbai 
LN000675,CU004249,07/04/2022,247518,36,13.6,8411.57,Two-Wheeler,  Bangalore 
LN004957,CU001414,2022-03-20,112740,12,12.44,10040.03,car,  Coimbatore 
LN001252,CU004086,2021-06-25,160054,48,12.36,4243.18,CAR,  Kozhikode 
LN003602,CU000756,20/06/2024,231535,24,12.7,10975.0,two wheeler,Thrissur
LN004518,CU000760,2022-01-16,"₹73,324",24,10.12,3387.59,two wheeler,Mumbai
LN001639,CU001394,2024-05-02,"₹162,550",60,16.98,4038.04,CV,Pune
LN001952,CU001967,03-09-2023,"₹128,320",36,15.81,4499.32,Tractor,Hyderabad
LN002480,CU001506,29-06-2023,170092,48,15.9,4811.75,Commercial Vehicle,Thrissur
LN002823,CU004367,06-03-2021,"₹144,858",12,15.61,13116.37,car,Kozhikode
LN004364,CU000335,10/13/2023,106164,36,18.04,3840.21,Commercial Vehicle,Kochi
LN000363,CU004465,04/18/2024,82198,36,11.7,2718.39,2 Wheeler,Thrissur
LN001145,CU003683,01-04-2024,61636,60,15.44,1480.59,CV,Kolkata
LN003046,CU000569,14-06-2023,149669,48,17.24,4337.31,N/A,Coimbatore
LN004339,CU003499,28/06/2021,337336,24,13.9,16180.54,Commercial  Vehicle,Mumbai
LN001135,CU004010,22/05/2024,84408,36,12.11,2807.99,CV,Ahmedabad
LN004536,CU003305,29 Sep 2022,"₹132,995",12,13.5,11909.97,Two Wheeler,Coimbatore
LN000782,CU004486,25-10-2022,141847,48,10.95,3662.67,Car ,Kochi
LN001948,CU002350,06/05/2022,40000,12,18.27,3672.34,Car ,Mumbai
LN000328,CU000822,17-07-2021,82088,24,11.41,3841.59,CAR,Pune
LN000953,CU000325,2022-05-20,"₹165,988",36,10.73,5413.04,car,Mumbai
LN004860,CU000251,2021-08-10,108037,36,15.93,3794.53,Car,Ahmedabad
LN000912,CU001610,27 Apr 2024,"₹212,727",36,15.86,7464.16,car,Mumbai
LN000128,CU004346,29 Nov 2021,111482,24,12.28,5262.43,Commercial Vehicle,Mumbai
LN000044,CU004225,08-06-2023,"₹85,050",48,15.61,2393.39,tractor,Kozhikode
LN003923,CU002398,2023-01-20,"₹216,504",60,15.93,5256.91,Two-Wheeler,Coimbatore
LN002811,CU003411,19 Jun 2021,"₹58,678",36,11.33,1930.23,Car ,Pune
LN003861,CU002971,17-06-2024,100254,36,13.11,3383.27,Car ,Bangalore
LN003687,CU000734,01 Jul 2022,"₹120,653",48,13.55,3269.85,two wheeler,Kochi
LN003497,CU003771,22/04/2022,63151,48,15.75,1781.64,TWO WHEELER,Delhi NCR
LN001841,CU003144,07/11/2021,"₹104,555",24,13.34,4987.45,2 Wheeler,Kolkata
LN003551,CU000492,23-02-2022,161914,36,10.52,5264.13,car,Kochi
LN001591,CU002298,2022-04-15,232252,36,12.72,7794.2,Two-Wheeler,Delhi NCR
LN003158,CU002332,14-06-2024,145927,60,16.25,3568.07,Car,Kolkata
LN000471,CU000277,03/27/2023,"₹142,885",24,15.11,6935.48,Car,  Hyderabad 
LN000305,CU000327,05/04/2022,126143,48,15.24,3526.02,Two-Wheeler,Delhi NCR
LN004113,CU000894,02/01/2021,78164,48,13.15,2102.77,Commercial  Vehicle,  Kochi 
LN000453,CU004230,26 Jul 2022,"₹188,199",48,15.31,5267.34,Car ,Mumbai
LN003928,CU002089,09 Oct 2023,"₹117,094",36,16.24,4130.57,CV,Bangalore
LN000854,CU004101,03/30/2023,"₹99,434",60,10.56,2140.18,2 Wheeler,Mumbai
LN002214,CU000349,2021-12-16,92146,60,13.83,2135.96,N/A,Thrissur
LN001979,CU003270,06/10/2022,164538,12,12.66,14669.85,car,Thrissur
LN004863,CU002480,22-09-2022,173681,24,13.4,8289.78,commercial vehicle,Hyderabad
LN000063,CU002101,29/04/2023,"₹211,216",36,10.64,6878.99,Two Wheeler,Ahmedabad
LN000058,CU003733,01-11-2023,149304,60,16.58,3676.95,2 Wheeler,Delhi NCR
LN002597,CU001350,21/05/2024,71886,48,14.56,1984.64,CAR,Hyderabad
LN003686,CU001897,2023-10-21,218310,24,11.73,10249.11,Car ,Ahmedabad
LN000595,CU003840,27/01/2022,137983,24,16.53,6791.07,CV,  Mumbai 
LN000598,CU003605,07/31/2023,83958,24,15.8,4102.83,commercial vehicle,Ahmedabad
LN000959,CU000612,05/22/2023,125130,24,15.26,6082.6,TWO WHEELER,Kochi
LN000850,CU001759,11/21/2021,70059,60,14.96,1665.23,Car ,Bangalore
LN001613,CU000879,19 Oct 2022,151925,24,13.93,7289.33,Two-Wheeler,Kochi
LN000876,CU003618,09 Jul 2022,136093,24,12.97,6468.19,Car,Hyderabad
LN004348,CU003854,05/04/2021,"₹100,435",60,14.46,2360.97,CAR,Ahmedabad
LN001795,CU001441,09/08/2021,115291,12,17.52,10543.56,2 Wheeler,Ahmedabad
LN004365,CU003728,12/17/2023,71885,24,17.21,3561.41,Car,Bangalore
LN004296,CU003627,12/10/2023,148741,12,10.84,13134.88,Two Wheeler,Chennai
LN002633,CU003404,13/09/2023,"₹165,922",12,11.6,14710.94,TWO WHEELER,Ahmedabad
LN004930,CU003273,02/10/2022,"₹310,866",60,17.22,7762.64,Car ,Pune
LN002265,CU003997,25 Sep 2022,197369,24,10.21,9126.72,car,Thrissur
LN002671,CU001981,17-04-2022,127058,36,12.42,4245.68,Car,Pune
LN003963,CU000665,17-01-2022,68723,24,13.36,3278.85,Tractor,Chennai
LN004894,CU000425,10 Jan 2024,237326,60,18.1,6039.44,Commercial  Vehicle,Kozhikode
LN004081,CU001083,2022-02-27,128378,36,13.46,4354.06,Tractor,Thrissur
LN002125,CU000075,27 Jul 2022,"₹64,285",36,14.92,2225.94,TWO WHEELER,Ahmedabad
LN000478,CU001109,08/13/2022,80513,12,16.43,7321.41,two wheeler,Thrissur
LN001709,CU004358,14-05-2023,147271,24,10.28,6814.86,Car,Bangalore
LN003974,CU000823,04/03/2022,99120,24,14.64,4789.06,Commercial  Vehicle,Delhi NCR
LN003543,CU003007,21/10/2021,98684,36,11.56,3257.02,tractor,Kochi
LN004245,CU001629,26 Apr 2023,"₹127,920",36,16.79,4547.34,Car,Mumbai
LN002498,CU002503,07/05/2021,"₹171,214",12,16.28,15557.09,CAR,Chennai
LN004335,CU002450,27-11-2023,"₹47,584",36,14.41,1635.8,Car ,Mumbai
LN004739,CU003848,12 Sep 2021,132831,48,13.79,3615.83,tractor,Chennai
LN004173,CU002091,22-03-2022,158009,60,10.01,3358.0,car,Ahmedabad
LN002730,CU001279,27/09/2023,166921,12,16.19,15159.9,2 Wheeler,Chennai
LN004842,CU002618,05-02-2024,304245,24,16.14,14917.14,Tractor,Thrissur
LN004074,CU004493,02-05-2024,200460,48,15.17,5596.24,Two Wheeler,Coimbatore
LN001624,CU000619,22/10/2022,114378,60,12.51,2573.85,Tractor,Ahmedabad
LN004673,CU004336,11-08-2021,178964,24,14.44,8629.82,N/A,Ahmedabad
LN002927,CU001027,31-08-2021,147120,60,13.28,3368.56,two wheeler,Kozhikode
LN001488,CU001728,01 Sep 2021,149314,36,16.54,5289.33,commercial vehicle,Coimbatore
LN002489,CU001767,17-06-2024,56022,60,13.08,1276.97,two wheeler,Kolkata
LN000612,CU004495,2023-02-11,"₹77,013",36,17.98,2783.43,car,Kozhikode
LN000160,CU000921,13 May 2024,"₹109,220",24,9.89,5034.41,TWO WHEELER,Hyderabad
LN000927,CU004512,05 Apr 2022,40368,24,14.54,1948.5,Car,Bangalore
LN003343,CU003143,14 Jun 2024,469917,36,11.36,15464.72,Car ,Kozhikode
LN001401,CU000477,04/27/2021,"₹107,428",48,17.91,3150.65,CV,Kozhikode
LN003995,CU002996,05 Feb 2021,267561,24,14.08,12856.49,commercial vehicle,Ahmedabad
LN003360,CU000646,18 Jul 2022,253787,48,18.12,7470.92,TWO WHEELER,Mumbai
LN000708,CU004085,03-11-2023,163772,36,11.98,5438.01,2 Wheeler,Coimbatore
LN001681,CU003872,10/18/2021,225967,24,18.23,11306.33,2 Wheeler,Kolkata
LN002249,CU002177,06/08/2024,299059,24,13.06,14226.24,CAR,Kochi
LN004286,CU003226,25/06/2022,99243,12,15.37,8974.84,CV,Kozhikode
LN000765,CU002494,2022-07-20,166036,24,17.76,8269.96,car,Hyderabad
LN004246,CU004092,06/20/2024,186849,36,10.5,6073.05,Two-Wheeler,Chennai
LN003307,CU004561,10 Jan 2023,431655,60,17.33,10804.48,Commercial  Vehicle,Bangalore
LN002620,CU001981,2021-08-11,"₹71,761",36,15.19,2494.3,TWO WHEELER,Kozhikode
LN001285,CU001268,06-08-2023,129585,36,11.59,4278.74,car,Coimbatore
LN001620,CU000684,20-04-2021,103686,24,11.21,4842.7,Car ,Kozhikode
LN001759,CU000630,23 May 2023,62762,48,13.73,1706.58,Two Wheeler,Ahmedabad
LN001255,CU002344,2023-06-10,188169,36,10.08,6078.75,car,Kolkata
LN003006,CU003379,01/01/2022,84214,36,15.08,2922.61,TWO WHEELER,Kozhikode
LN001784,CU002140,01/04/2023,102807,36,15.28,3577.95,Two-Wheeler,Mumbai
LN000756,CU001049,10/01/2021,144296,36,13.9,4924.69,Two Wheeler,Coimbatore
LN002361,CU000489,07/19/2021,159268,24,17.62,7922.1,TWO WHEELER,Thrissur
LN000521,CU004308,24-01-2024,127916,36,17.92,4619.34,2 Wheeler,Coimbatore
LN004878,CU004372,16 Dec 2021,113048,60,11.23,2470.92,Car,Bangalore
LN003721,CU004101,2021-01-16,"₹133,091",48,18.24,3926.26,Car ,Kochi
LN000143,CU003900,22 Apr 2021,"₹107,156",36,14.19,3672.23,N/A,Kolkata
LN000156,CU002777,03/03/2024,197340,36,16.18,6955.44,car,Chennai
LN001287,CU004319,19/02/2024,71470,48,15.8,2018.17,2 Wheeler,Coimbatore
LN000644,CU000544,12/24/2022,68652,24,15.21,3335.56,car,Kolkata
LN002603,CU004375,2021-02-08,126231,48,14.43,3476.74,commercial vehicle,Coimbatore
LN000489,CU002924,07/04/2023,148960,36,9.77,4790.45,TWO WHEELER,Mumbai
LN004597,CU003330,12-01-2023,165621,48,17.91,4857.33,two wheeler,Kolkata
LN002067,CU001506,2024-05-08,232999,60,14.08,5431.15,car,Kolkata
LN001631,CU000664,04/02/2023,265565,60,17.89,6727.72,Car,Bangalore
LN004451,CU004214,06/07/2023,64340,36,16.69,2283.98,commercial vehicle,Chennai
LN002176,CU000590,2023-01-04,70158,48,14.25,1925.98,Car ,Coimbatore
LN003755,CU000017,26 Sep 2023,113470,36,14.69,3916.27,Car,Kozhikode
LN000657,CU002734,30 Jun 2021,"₹192,447",60,15.43,4621.85,car,Delhi NCR
LN001302,CU002849,15 May 2023,200786,12,14.85,18108.4,Two-Wheeler,Pune
LN001940,CU003782,27-05-2023,129642,24,11.3,6060.41,Commercial  Vehicle,Chennai
LN004604,CU002557,13-01-2021,190350,12,13.93,17084.71,commercial vehicle,Coimbatore
LN001559,CU002868,12/15/2022,209182,36,12.12,6959.83,car,Mumbai
LN003927,CU003567,2024-03-22,99189,48,9.66,2499.52,Two Wheeler,Mumbai
LN000809,CU000532,28-05-2022,93970,48,11.34,2444.25,Two-Wheeler,Bangalore
LN000385,CU004490,04/05/2024,119682,36,11.71,3958.6,2 Wheeler,Hyderabad
LN000372,CU001895,18 Aug 2021,170046,36,13.68,5785.38,Two Wheeler,Kolkata
LN000530,CU000201,10/27/2022,121692,36,12.29,4058.79,commercial vehicle,Delhi NCR
LN004546,CU001118,30/06/2022,185015,48,14.41,5093.94,CV,Hyderabad
LN003573,CU000713,22/08/2021,"₹275,238",12,12.15,24473.88,Car ,Bangalore
LN003547,CU000550,2024-06-03,285080,12,17.07,26010.12,car,Coimbatore
LN003127,CU003373,20/10/2021,"₹99,552",36,14.65,3433.96,Two-Wheeler,Ahmedabad
LN001895,CU001481,23 Feb 2022,159813,24,15.35,7775.4,CV,Mumbai
LN000393,CU003338,18/02/2023,"₹149,675",48,9.69,3773.9,car,Kochi
LN002989,CU002035,30-05-2023,116131,12,13.44,10396.49,commercial vehicle,Kozhikode
LN003886,CU001384,09-11-2021,"₹81,067",36,13.92,2767.53,Commercial Vehicle,Thrissur
LN003742,CU001655,2022-03-13,123107,24,9.77,5667.7,Two-Wheeler,Ahmedabad
LN000712,CU001207,19-06-2023,194666,24,18.15,9732.64,2 Wheeler,Bangalore
LN000006,CU000121,2024-03-18,125611,48,15.02,3497.12,TWO WHEELER,Pune
LN004811,CU002326,03-05-2023,110368,12,16.33,10031.03,Car ,Chennai
LN004725,CU002882,02-04-2021,108284,24,11.83,5088.71,Two-Wheeler,Kochi
LN004737,CU001771,05/01/2024,"₹101,607",36,14.21,3483.06,TWO WHEELER,Bangalore
LN004138,CU004427,2024-01-24,"₹106,246",24,17.84,5296.03,TWO WHEELER,Ahmedabad
LN004921,CU003493,30-03-2024,63656,24,13.23,3033.2,car,Kolkata
LN003179,CU001725,27/04/2021,51574,36,13.22,1743.2,commercial vehicle,Ahmedabad
LN003223,CU003029,26-10-2022,55361,36,17.66,1992.0,TWO WHEELER,Pune
LN004626,CU003743,12/10/2021,229741,36,18.07,8313.76,Commercial Vehicle,Kochi
LN004372,CU000060,20/08/2022,150636,60,11.87,3340.93,Commercial Vehicle,Mumbai
LN000467,CU001234,09/20/2021,65434,48,15.64,1842.38,Car ,Ahmedabad
LN001294,CU002919,04/01/2024,250927,48,10.04,6368.98,Car,Kozhikode
LN004259,CU001485,01/02/2022,329554,12,18.13,30233.9,TWO WHEELER,Ahmedabad
LN001903,CU002166,2021-12-31,101945,24,10.87,4745.29,Car ,Delhi NCR
LN000996,CU000533,2023-08-14,52043,12,14.12,4675.73,car,Kolkata
LN002434,CU001711,05 May 2022,77984,36,11.13,2557.9,commercial vehicle,Ahmedabad
LN003578,CU003503,25-01-2024,193915,12,17.64,17744.92,Commercial Vehicle,Hyderabad
LN003266,CU001365,01/27/2024,104876,12,10.22,9231.0,car,Chennai
LN001440,CU004463,2023-12-14,156089,36,9.82,5023.37,Two Wheeler,Coimbatore
LN003413,CU001491,07/19/2023,76191,48,13.0,2044.01,2 Wheeler,  Pune 
LN002824,CU001250,02/18/2023,75603,12,10.14,6651.63,Car,Coimbatore
LN003657,CU002092,2023-06-19,212816,60,14.5,5007.19,N/A,Pune
LN003209,CU002533,28-06-2022,211633,48,18.16,6234.43,Two Wheeler,Pune
LN004028,CU003170,09-08-2021,243571,24,10.88,11338.75,CAR,Kolkata
LN002381,CU001326,04-03-2023,273808,24,9.78,12607.07,two wheeler,Mumbai
LN000371,CU003830,08 May 2024,106711,36,16.16,3760.08,Car,Pune
LN001128,CU001286,10/22/2023,"₹72,516",48,14.91,2014.87,Car,Kochi
LN003013,CU004012,18 Aug 2023,132560,36,11.24,4354.93,CAR,Bangalore
LN000283,CU000736,17 Sep 2023,"₹151,931",24,11.12,7089.64,TWO WHEELER,Kozhikode
LN002399,CU000549,2024-05-10,"₹294,636",36,18.1,10666.58,car,Bangalore
LN002478,CU003329,23-10-2021,275382,48,16.19,7831.23,two wheeler,Hyderabad
LN000338,CU003911,13 Jul 2022,194366,48,17.98,5707.47,CV,Pune
LN004307,CU001545,2022-01-18,"₹208,777",48,17.34,6061.06,2 Wheeler,Kozhikode
LN002746,CU003424,10 Jul 2023,"₹119,411",48,10.4,3051.56,Two Wheeler,Pune
LN003515,CU001055,07-04-2021,217455,36,13.41,7369.94,tractor,Bangalore
LN004941,CU000284,02/11/2022,84209,36,11.71,2785.29,car,Kolkata
LN004703,CU000029,13/02/2024,250246,36,13.34,8472.82,Car ,Thrissur
LN002690,CU002081,21/05/2021,"₹129,154",48,9.81,3263.91,car,Kolkata
LN002718,CU000314,07/30/2022,162425,36,12.93,5467.27,Two-Wheeler,Hyderabad
LN001029,CU000108,03-01-2024,71336,48,16.11,2025.7,Two-Wheeler,Mumbai
LN000134,CU003166,02/11/2023,93630,36,16.64,3321.41,Commercial Vehicle,Coimbatore
LN001134,CU003062,21/06/2024,97283,36,16.46,3442.32,Car,  Bangalore 
LN000586,CU001825,19 Mar 2024,101256,60,10.85,2193.98,2 Wheeler,Mumbai
LN004686,CU003160,19-12-2022,73601,12,14.53,6626.79,CAR,Kozhikode
LN003575,CU004116,01/22/2023,196228,48,10.5,5024.1,two wheeler,Ahmedabad
LN003746,CU001022,03-03-2022,54367,36,14.28,1865.54,Commercial Vehicle,Kochi
LN002814,CU002481,2022-09-13,151111,36,11.81,5005.35,Commercial Vehicle,Chennai
LN001553,CU004517,09 Jun 2023,165677,36,16.04,5827.98,2 Wheeler,Coimbatore
LN000112,CU002645,22/02/2022,40000,36,11.02,1309.93,TWO WHEELER,Bangalore
LN001814,CU002218,2021-11-15,163148,36,10.93,5335.85,Two Wheeler,Coimbatore
LN000161,CU000903,18-12-2021,140650,48,11.75,3686.61,2 Wheeler,Ahmedabad
LN003015,CU002941,29-09-2023,46690,60,12.91,1060.19,2 Wheeler,Kolkata
LN000237,CU002681,25-02-2023,113351,24,13.98,5441.24,Car,Mumbai
LN000821,CU000591,02 Feb 2023,317255,36,11.85,10514.69,Commercial  Vehicle,  Mumbai 
LN004731,CU001071,20-08-2021,205870,36,17.92,7434.43,TWO WHEELER,Ahmedabad
LN003056,CU001056,09/21/2021,75598,60,10.72,1633.15,2 Wheeler,Hyderabad
LN001651,CU002569,25/07/2021,102106,48,16.6,2925.18,two wheeler,Bangalore
LN002553,CU004448,22 Jan 2022,123614,24,15.97,6050.75,car,Bangalore
LN002253,CU003800,14/08/2023,111139,36,12.92,3740.43,2 Wheeler,  Thrissur 
LN004882,CU002063,03/20/2023,127546,36,14.29,4377.21,Car ,Chennai
LN003516,CU002007,03/25/2024,238807,48,10.05,6062.5,Commercial  Vehicle,Delhi NCR
LN001447,CU001596,07/06/2023,437384,36,9.97,14106.99,Two Wheeler,Coimbatore
LN001278,CU004143,13/04/2021,90211,36,17.29,3229.3,two wheeler,Bangalore
LN001068,CU002508,12/02/2021,81029,36,16.86,2883.26,Car ,Delhi NCR
LN002681,CU003222,18/09/2022,245812,48,10.25,6263.98,2 Wheeler,Thrissur
LN001464,CU000896,05-03-2023,105230,24,10.14,4862.63,CAR,Pune
LN001013,CU002409,07/17/2022,125915,24,15.62,6142.35,Two-Wheeler,Thrissur
LN002598,CU002965,03/09/2023,"₹177,393",60,18.4,4543.31,Two Wheeler,Thrissur
LN002983,CU001970,03 Aug 2023,107654,36,11.19,3534.15,two wheeler,Kolkata
LN002849,CU004124,07/29/2023,135483,36,16.88,4822.25,N/A,Delhi NCR
LN002514,CU003659,2024-01-20,309409,24,15.79,15118.6,commercial vehicle,Hyderabad
LN001606,CU000199,08/08/2022,116880,48,14.29,3210.95,CAR,Coimbatore
LN000273,CU002254,08/07/2023,110879,24,17.04,5484.24,car,Mumbai
LN000157,CU003826,19 Jul 2022,98183,48,17.99,2883.61,Car ,Thrissur
LN003390,CU003855,2022-06-08,364016,36,16.52,12891.37,commercial vehicle,Kolkata
LN001156,CU000856,2021-06-14,222506,48,12.48,5912.01,two wheeler,Coimbatore
LN000697,CU003588,12/07/2023,161720,12,17.17,14762.68,Car,Kolkata
LN003012,CU002618,07 Dec 2022,177939,24,14.71,8603.17,TWO WHEELER,Coimbatore
LN000072,CU000091,25 Nov 2023,277410,48,15.01,7721.93,two wheeler,Mumbai
LN002825,CU003119,17-04-2024,304987,36,12.76,10241.0,Car ,Thrissur
LN004643,CU002711,2023-08-27,285615,24,10.19,13204.74,Car,Kochi
LN003423,CU001115,28 Sep 2021,153386,48,12.98,4113.44,car,Kozhikode
LN002206,CU003301,10 Oct 2021,"₹175,123",36,18.45,6370.72,two wheeler,  Ahmedabad 
LN002191,CU003361,02/08/2024,97608,60,16.27,2387.66,Car ,Kochi
LN000045,CU002181,10-05-2021,"₹137,497",36,14.77,4750.91,TWO WHEELER,Coimbatore
LN001348,CU003730,04/13/2023,79888,12,10.88,7056.16,CV,Mumbai
LN000103,CU003628,02 Mar 2021,505581,36,10.04,16323.17,CAR,Hyderabad
LN000102,CU000637,01/22/2024,114275,36,12.17,3804.85,Two-Wheeler,Hyderabad
LN002383,CU003518,15 Aug 2023,"₹108,514",36,17.19,3879.09,Two Wheeler,Mumbai
LN003749,CU003739,08/26/2023,206141,36,9.73,6625.49,2 Wheeler,Thrissur
LN000461,CU002651,13 Jun 2023,48561,36,11.11,1592.36,Two-Wheeler,  Kolkata 
LN000091,CU002700,2024-05-09,147891,36,11.97,4909.98,CV,Kochi
LN002914,CU004058,11/08/2021,72286,48,11.08,1871.08,2 Wheeler,Bangalore
LN001773,CU003948,25/07/2022,316149,36,14.9,10943.93,Car,Kozhikode
LN002722,CU004389,23/12/2022,184223,24,15.92,9013.09,Car ,Thrissur
LN003948,CU002443,2022-04-21,50518,24,11.23,2359.93,Commercial  Vehicle,Pune
LN004706,CU003328,2021-12-11,"₹237,919",48,17.2,6889.81,car,Delhi NCR
LN000557,CU000563,16/11/2023,237417,24,14.37,11440.62,Two-Wheeler,Kolkata
LN003183,CU000210,2021-01-06,75488,12,15.08,6816.27,Commercial Vehicle,Ahmedabad
LN000643,CU001722,06-08-2023,"₹68,935",36,16.95,2456.01,Commercial Vehicle,Delhi NCR
LN003794,CU003566,05-10-2023,53716,36,15.47,1874.47,TWO WHEELER,  Kozhikode 
LN000113,CU003799,05-07-2021,"₹147,209",60,12.87,3339.67,tractor,Ahmedabad
LN004381,CU002189,27 Mar 2021,412075,48,18.4,12191.0,TWO WHEELER,Delhi NCR
LN000459,CU002202,02 Dec 2022,"₹147,480",36,15.92,5179.14,CAR,Chennai
LN003020,CU003928,03/20/2022,188611,36,11.64,6232.2,car,Hyderabad
LN001897,CU003564,2024-03-24,94824,24,10.56,4400.2,Commercial  Vehicle,Delhi NCR
LN002673,CU003275,09/04/2021,"₹112,650",24,14.68,5444.91,Car,Chennai
LN001190,CU004022,2024-02-09,123628,60,16.12,3014.28,Commercial Vehicle,Bangalore
LN004967,CU002506,26 May 2024,191197,24,14.39,9215.18,commercial vehicle,Bangalore
LN000585,CU002637,2023-10-18,"₹91,575",48,12.1,2416.02,Car ,Coimbatore
LN004994,CU000369,02/12/2021,88302,36,10.99,2890.48,commercial vehicle,Mumbai
LN004490,CU001300,11/07/2021,315870,24,10.31,14621.03,CAR,Coimbatore
LN001032,CU002435,03/07/2021,102163,36,10.95,3342.27,two wheeler,Kochi
LN003275,CU002218,03/10/2023,80679,36,14.66,2783.35,Two-Wheeler,Hyderabad
LN003020,CU003928,03/20/2022,188611,36,11.64,6232.2,car,Hyderabad
LN000243,CU003969,24/05/2023,141714,48,13.82,3859.76,TWO WHEELER,Hyderabad
LN004209,CU002534,06 Jun 2023,"₹85,614",12,15.95,7765.81,Commercial Vehicle,Pune
LN000313,CU001693,22 Feb 2022,"₹180,855",48,10.75,4652.37,car,Kozhikode
LN001638,CU002537,11/12/2022,134153,60,16.63,3307.42,Two Wheeler,Kochi
LN004455,CU000509,2022-08-07,181667,12,15.86,16470.77,two wheeler,Pune
LN000738,CU003929,03 Mar 2023,"₹183,891",36,12.62,6162.41,2 Wheeler,Kozhikode
LN003220,CU003435,02/16/2024,249966,60,17.7,6306.77,two wheeler,  Kozhikode 
LN003712,CU003441,20-12-2021,104728,36,17.52,3761.0,two wheeler,Ahmedabad
LN003605,CU000918,2022-05-05,136237,12,15.65,12338.35,two wheeler,Kozhikode
LN003908,CU001752,10 May 2024,264963,48,14.4,7293.78,TWO WHEELER,Thrissur
LN004052,CU001161,30/05/2024,59338,36,15.99,2085.86,Car ,Mumbai
LN001747,CU001993,07/13/2021,100592,48,13.95,2746.3,two wheeler,Hyderabad
LN002704,CU001261,04/23/2021,164256,60,17.86,4158.52,TWO WHEELER,Pune
LN004011,CU001881,2021-05-02,128318,24,14.26,6176.69,Two Wheeler,Hyderabad
LN000733,CU000631,2023-11-18,40822,36,14.11,1397.38,Two-Wheeler,Coimbatore
LN003696,CU004282,10 Feb 2023,"₹150,002",60,16.81,3712.63,Two-Wheeler,Kolkata
LN003975,CU002571,09 Oct 2022,134086,48,17.12,3877.39,CV,Kozhikode
LN002081,CU000686,20-10-2023,138734,36,17.0,4946.25,CV,Pune
LN001928,CU000423,02 Feb 2022,390605,36,11.55,12889.88,Two Wheeler,Kozhikode
LN002186,CU001272,20 Dec 2021,140215,36,,4689.36,Car ,Mumbai
LN004270,CU000786,2023-08-14,234132,48,11.88,6151.81,car,Coimbatore
LN001325,CU003827,26/01/2022,146230,24,18.34,7324.45,Car ,  Kochi 
LN003187,CU004105,21/10/2022,"₹223,616",24,17.22,11079.73,Two-Wheeler,Mumbai
LN002605,CU003858,05-04-2024,114850,12,12.74,10244.08,car,Hyderabad
LN002196,CU002458,08/02/2024,"₹103,099",60,13.69,2382.4,2 Wheeler,Kochi
LN000921,CU004143,2021-06-13,137159,48,14.17,3759.78,Two-Wheeler,Coimbatore
LN003621,CU003601,05/03/2021,236635,12,12.34,21062.39,Two Wheeler,Bangalore
LN003851,CU003160,12 Jan 2024,106805,24,10.63,4959.62,2 Wheeler,Kochi
LN003881,CU001166,2024-02-20,"₹467,920",60,12.18,10451.23,Two-Wheeler,Kolkata
LN003490,CU003364,04/12/2023,43881,48,15.76,1238.21,Two-Wheeler,Kolkata
LN002009,CU000740,06/03/2022,73645,36,13.45,2497.38,Car ,Ahmedabad
LN000324,CU000760,13 Jan 2024,136057,24,14.11,6539.56,two wheeler,Kozhikode
LN002426,CU000220,29-01-2022,"₹71,706",36,16.02,2521.68,Tractor,Kochi
LN002228,CU000530,07/24/2023,252178,36,10.89,8242.85,Two Wheeler,Ahmedabad
LN003375,CU004538,21 Oct 2022,"₹50,714",36,12.43,1694.86,two wheeler,Kolkata
LN004309,CU003112,13 Sep 2022,88772,24,,4111.55,TWO WHEELER,Kozhikode
LN003032,CU001361,02-06-2022,87288,48,14.38,2401.95,CV,Coimbatore
LN002897,CU002922,16/11/2022,71830,24,9.68,3303.99,two wheeler,Kolkata
LN000954,CU001183,07 Sep 2021,147349,60,14.8,3489.97,Two-Wheeler,Bangalore
LN000852,CU002321,2022-11-14,"₹74,983",48,16.99,2163.25,Car ,Chennai
LN004782,CU001541,19 Feb 2023,184914,36,17.22,6612.95,TWO WHEELER,Kolkata
LN001889,CU002937,05/08/2023,131687,24,11.63,6176.23,Two-Wheeler,Hyderabad
LN001161,CU001025,24 Feb 2021,112911,36,,3944.02,Car ,Kolkata
LN003495,CU000567,2023-01-07,208384,36,11.91,6912.38,CAR,Kolkata
LN001973,CU002132,14/08/2023,181703,12,9.51,15933.2,TRACTOR,Kochi
LN002269,CU001185,2024-01-04,172058,36,10.09,5559.1,CV,Pune
LN004734,CU003696,28 May 2024,118897,36,11.96,3946.81,2 Wheeler,Bangalore
LN002974,CU001551,10/11/2022,155884,36,15.61,5450.45,2 Wheeler,Coimbatore
LN003274,CU002655,09-10-2021,"₹61,448",24,14.92,2977.07,commercial vehicle,Kozhikode
LN000505,CU000827,18 Nov 2021,"₹81,893",60,17.86,2073.31,TWO WHEELER,Kozhikode
LN000210,CU001265,2024-04-19,"₹113,139",60,13.75,2617.91,TWO WHEELER,Kozhikode
LN001455,CU002650,12/01/2022,207950,24,18.17,10398.81,2 Wheeler,Kolkata
LN003229,CU002553,2022-03-20,255420,48,13.46,6910.74,Car ,Bangalore
LN002011,CU002140,22/07/2023,72785,48,12.31,1927.81,two wheeler,Mumbai
LN000714,CU004584,03/03/2022,"₹70,832",48,15.45,1987.5,car,Kozhikode
LN002362,CU001513,27 Jun 2023,"₹183,957",36,14.09,6295.26,N/A,Chennai
LN002577,CU002790,02 Nov 2023,152684,36,16.0,5367.92,TWO WHEELER,Chennai
LN003039,CU003497,25 Dec 2022,"₹89,178",36,13.58,3029.73,two wheeler,Mumbai
LN004610,CU004504,2024-04-18,97030,48,9.92,2457.21,tractor,Ahmedabad
LN002689,CU001829,2022-09-28,"₹168,705",12,11.44,14945.07,Car,Kolkata
LN000294,CU000959,27 Mar 2023,172952,36,11.81,5728.8,Car ,Kochi
LN003475,CU004399,12-04-2022,154509,24,12.44,7305.06,Car ,Bangalore
LN000970,CU000036,27 Nov 2021,140156,36,10.21,4536.27,TWO WHEELER,Delhi NCR
LN001355,CU003112,01/17/2023,206498,48,14.92,5738.62,Commercial  Vehicle,Bangalore
LN002073,CU000858,23 Feb 2023,90571,36,14.19,3103.87,2 Wheeler,Coimbatore
LN002963,CU003433,2021-05-24,"₹50,833",36,15.24,1768.12,Commercial Vehicle,Kolkata
LN001686,CU003598,2023-07-03,107576,48,13.16,2894.54,Commercial Vehicle,Kozhikode
LN001042,CU000964,2023-01-07,201148,24,11.86,9455.59,Two Wheeler,Ahmedabad
LN004103,CU000616,2022-07-30,202461,48,16.93,5834.69,2 Wheeler,Kochi
LN001188,CU001710,09/17/2021,258109,36,10.03,8332.09,Two-Wheeler,Ahmedabad
LN003600,CU000697,24 Jan 2021,137650,12,15.17,12435.1,TRACTOR,Coimbatore
LN002511,CU001082,01/18/2023,"₹99,923",48,18.14,2942.55,commercial vehicle,Pune
LN001782,CU000306,09/06/2021,66189,48,11.33,1721.32,Car ,Kozhikode
LN000262,CU004016,10/13/2023,112039,24,11.02,5222.94,TWO WHEELER,Bangalore
LN001804,CU001477,09/18/2022,148497,36,15.1,5154.97,Tractor,Chennai
LN000651,CU003632,22 Apr 2023,"₹196,379",48,16.34,5599.69,Car,Bangalore
LN000618,CU001490,24/04/2024,140563,24,12.72,6664.15,two wheeler,Bangalore
LN003192,CU001535,04/05/2022,174091,24,12.02,8196.69,commercial vehicle,Thrissur
LN001137,CU000017,30-04-2021,96666,48,17.22,2800.32,Car,Coimbatore
LN002053,CU002044,2021-06-21,"₹86,136",36,18.29,3126.57,Car,Pune
LN004427,CU004205,2021-09-11,62743,36,14.16,2149.29,Two-Wheeler,Kolkata
LN003074,CU003063,25 Jul 2022,94467,48,12.61,2516.07,CAR,Mumbai
LN000730,CU000942,20/05/2023,"₹170,849",36,17.96,6173.17,CV,Thrissur
LN000999,CU002941,05/23/2023,189399,48,10.15,4817.3,TWO WHEELER,Hyderabad
LN001670,CU000817,14 Apr 2021,91318,48,15.69,2573.5,Tractor,Ahmedabad
LN003576,CU000563,18-02-2022,228693,36,9.94,7372.84,CAR,Bangalore
LN003052,CU000160,07-02-2021,100007,36,16.12,3521.88,2 Wheeler,Pune
LN003151,CU002995,23-02-2024,214045,36,16.37,7564.35,CAR,Kolkata
LN000571,CU004381,03-04-2022,58378,48,16.73,1676.36,Tractor,Kochi
LN002456,CU002449,2023-09-05,143489,36,11.36,4722.15,two wheeler,Hyderabad
LN000769,CU000514,2023-07-27,80265,60,18.13,2043.88,TRACTOR,Mumbai
LN004207,CU004269,07/22/2022,282708,36,9.57,9065.22,Car ,Kolkata
LN002165,CU002702,13 May 2024,304890,36,17.18,10897.49,two wheeler,Coimbatore
LN004664,CU003323,24-06-2022,"₹195,058",36,11.1,6395.19,Two Wheeler,Bangalore
LN004730,CU004435,09/05/2021,99179,36,12.25,3306.02,Tractor,Delhi NCR
LN001936,CU003455,2021-07-01,166969,60,10.49,3587.99,tractor,Ahmedabad
LN003947,CU001355,2022-06-28,"₹180,745",48,15.11,5040.35,Two-Wheeler,Bangalore
LN003031,CU004163,2021-10-27,86409,36,17.37,3096.65,Two Wheeler,Kolkata
LN002946,CU000454,06/20/2021,146995,36,10.95,4808.95,Commercial  Vehicle,Pune
LN003073,CU001691,2021-01-03,268745,24,14.38,12951.52,Two Wheeler,Mumbai
LN004491,CU003743,09-04-2024,268192,36,13.12,9051.96,Two-Wheeler,Bangalore
LN000615,CU004230,06-03-2022,112059,24,10.42,5192.7,TRACTOR,Thrissur
LN002431,CU002704,2021-07-10,232545,24,13.54,11114.69,TWO WHEELER,Hyderabad
LN001162,CU001312,09 Feb 2024,126089,36,15.72,4415.5,Commercial  Vehicle,Thrissur
LN000828,CU001378,14-08-2022,"₹132,311",36,13.89,4515.01,two wheeler,Kozhikode
LN003247,CU000272,26-07-2023,93305,48,10.18,2374.53,TRACTOR,Hyderabad
LN004674,CU003102,05/24/2024,144635,36,12.66,4849.67,Commercial  Vehicle,Ahmedabad
LN003594,CU000575,21-03-2022,313477,48,14.72,8679.87,Two-Wheeler,Bangalore
LN001250,CU000188,2023-11-10,57016,24,18.38,2856.95,CAR,  Chennai 
LN002954,CU001147,01/31/2022,"₹219,199",24,11.87,10305.16,Car,Delhi NCR
LN000291,CU000648,15 Jul 2021,54305,24,16.55,2673.23,CAR,Pune
LN000227,CU003821,28/03/2023,136894,24,17.39,6794.03,CV,Chennai
LN004973,CU001925,12/27/2023,163889,48,17.02,4730.72,TWO WHEELER,Thrissur
LN000742,CU001053,26 Apr 2024,215653,24,17.77,10742.33,TWO WHEELER,Kozhikode
LN004804,CU000636,26-07-2021,139705,36,11.43,4602.26,N/A,Thrissur
LN004396,CU000962,25-12-2022,204511,60,10.09,4354.32,car,Mumbai
LN001701,CU003476,2022-02-24,217659,24,16.29,10687.45,TWO WHEELER,Kozhikode
LN000962,CU000817,25-02-2022,"₹529,812",36,16.1,18652.79,Car ,Delhi NCR
LN002411,CU000678,09 Jan 2021,97838,36,11.33,3218.4,two wheeler,Hyderabad
LN002827,CU002037,21-03-2024,79884,36,15.89,2804.15,CV,Hyderabad
LN002270,CU003055,17/12/2022,161667,36,12.84,5434.75,2 Wheeler,Delhi NCR
LN000076,CU002977,04/24/2023,244488,36,14.51,8416.71,Two Wheeler,Hyderabad
LN004780,CU003764,20-11-2021,165399,60,16.57,4072.45,N/A,Kochi
LN000412,CU002674,09/22/2022,77654,24,10.21,3590.87,commercial vehicle,Ahmedabad
LN000402,CU000223,2021-05-26,"₹101,588",36,10.09,3282.25,TWO WHEELER,Pune
LN001921,CU002732,22/06/2021,106327,48,10.54,2724.39,Two Wheeler,Kolkata
LN003480,CU004094,03/16/2021,"₹193,357",48,17.07,5586.33,2 Wheeler,Kochi
LN004796,CU001231,08/23/2021,109562,48,16.26,3119.63,CV,Kochi
LN002961,CU003820,05/17/2022,"₹254,242",24,12.64,12044.18,commercial vehicle,  Coimbatore 
LN003353,CU000944,02/11/2023,94429,36,12.61,3163.98,Two-Wheeler,Kochi
LN001197,CU002399,12/01/2022,123846,36,17.42,4441.38,car,Hyderabad
LN001971,CU001067,23/04/2023,"₹54,228",24,14.24,2609.8,CAR,Hyderabad
LN003144,CU002019,17/03/2024,140357,24,15.16,6816.12,2 Wheeler,Kolkata
LN000009,CU000739,2023-06-30,321075,24,,15583.11,2 Wheeler,Hyderabad
LN004940,CU001607,2022-01-22,"₹155,059",48,16.61,4443.01,Commercial Vehicle,Kozhikode
LN001830,CU001468,01/03/2023,103510,48,18.3,3056.86,tractor,Thrissur
LN000464,CU000031,17 Mar 2023,103471,36,10.67,3371.36,2 Wheeler,Mumbai
LN004749,CU000626,05/18/2022,"₹185,476",36,15.32,6458.69,TWO WHEELER,Delhi NCR
LN001493,CU003154,18-05-2023,120444,36,10.82,3932.92,Two Wheeler,Chennai
LN001333,CU001051,12-09-2023,143910,36,12.38,4806.03,car,Coimbatore
LN001150,CU003840,12 Aug 2023,129443,48,10.74,3329.2,2 Wheeler,Delhi NCR
LN000774,CU001051,17-02-2023,76988,24,16.13,3774.36,TWO WHEELER,Bangalore
LN001755,CU001731,2023-12-13,40000,12,17.05,3649.14,Car,Kozhikode
LN000839,CU002618,2022-04-21,205796,60,12.2,4598.64,commercial vehicle,Kolkata
LN000568,CU003369,05/05/2021,144225,36,10.53,4689.71,Two Wheeler,Chennai
LN002142,CU004560,08 Jun 2022,193708,12,12.02,17212.53,CV,Delhi NCR
LN002262,CU003837,22-10-2023,123307,36,17.39,4420.2,CV,Pune
LN004975,CU003421,02-09-2022,137520,48,10.62,3528.95,tractor,Delhi NCR
LN004538,CU002287,21-01-2021,92844,60,17.73,2344.01,car,Chennai
LN004529,CU002477,13/07/2022,178983,24,15.8,8746.47,commercial vehicle,Kolkata
LN002413,CU002673,22-06-2021,137388,48,12.53,3653.81,two wheeler,Ahmedabad
LN001172,CU001626,09/23/2023,325297,12,14.88,29342.34,two wheeler,Thrissur
LN001629,CU000009,2023-06-25,40000,36,17.15,1429.1,commercial vehicle,Coimbatore
LN000325,CU002312,01/04/2022,60309,48,10.45,1542.66,car,Thrissur
LN004920,CU000580,15/06/2021,161099,36,12.46,5386.26,2 Wheeler,  Kozhikode 
LN003251,CU001587,02 May 2022,40000,48,10.96,1033.04,two wheeler,Coimbatore
LN004870,CU002679,27 May 2024,186925,48,10.87,4819.38,commercial vehicle,Thrissur
LN000833,CU002098,2022-10-17,93236,36,14.67,3217.01,car,Kozhikode
LN001309,CU003949,2022-11-18,79528,36,16.37,2810.52,two wheeler,Delhi NCR
LN001167,CU000933,2023-03-12,119949,24,17.69,5970.39,CV,Ahmedabad
LN000337,CU003854,2021-01-15,154527,36,17.19,5523.93,Commercial Vehicle,Ahmedabad
LN004030,CU002361,06/01/2023,126578,12,14.69,11406.21,Car ,Kochi
LN000541,CU002920,15-10-2022,173816,36,18.15,6296.95,Tractor,Kozhikode
LN001265,CU004347,05/03/2021,459570,60,17.5,11545.42,Two-Wheeler,Delhi NCR
LN003097,CU002492,04/27/2022,"₹156,045",24,16.18,7653.88,CAR,Pune
LN003827,CU003560,18/04/2022,162410,24,10.69,7546.23,TWO WHEELER,Bangalore
LN003691,CU003361,19/05/2023,87393,24,14.15,4202.19,Car,Kochi
LN004770,CU003952,10/11/2023,"₹40,000",48,10.74,1028.78,2 Wheeler,Kozhikode
LN002525,CU000625,2022-05-31,91142,24,13.3,4345.91,tractor,Chennai
LN001236,CU000460,08/03/2024,"₹123,298",36,16.94,4392.23,CAR,Kozhikode
LN000985,CU002327,04/09/2021,145962,60,10.06,3105.57,CAR,Thrissur
LN003133,CU002856,2021-12-10,135472,36,18.19,4910.56,2 Wheeler,Chennai
LN000108,CU001453,09 Nov 2023,169387,36,10.32,5491.13,N/A,Kolkata
LN003464,CU003576,2022-08-24,"₹162,288",12,,14746.04,two wheeler,Chennai
LN004281,CU001594,2023-04-22,384722,12,13.72,34492.41,Car,Mumbai
LN004213,CU004566,30 Jun 2021,"₹210,276",24,10.89,9789.77,two wheeler,Ahmedabad
LN000469,CU001789,2022-02-22,"₹90,929",60,14.57,2142.73,car,Thrissur
LN001732,CU004395,22-08-2021,133252,36,,4526.46,car,Ahmedabad
LN002251,CU001975,04-09-2022,53288,36,,1865.57,Tractor,Thrissur
LN001160,CU003858,07/05/2023,47093,36,13.15,1590.15,CV,Thrissur
LN002133,CU001000,2022-06-16,137039,24,14.65,6621.8,N/A,Ahmedabad
LN002646,CU002044,10/28/2022,"₹121,425",12,15.59,10993.45,CAR,Pune
LN002152,CU000342,14/06/2023,197070,36,9.51,6313.65,CAR,Delhi NCR
LN004402,CU000181,22/08/2022,74347,36,10.7,2423.48,Two-Wheeler,Chennai
LN002909,CU003162,08/17/2021,114027,36,16.09,4013.92,CV,Kozhikode
LN004272,CU001499,28-04-2023,89192,48,11.94,2346.14,TRACTOR,Kochi
LN001256,CU001091,19-02-2021,264663,36,15.0,9174.63,Commercial  Vehicle,Delhi NCR
LN000319,CU000438,04-06-2023,164206,24,11.28,7674.65,Two-Wheeler,Ahmedabad
LN003590,CU003112,25-04-2023,"₹79,336",36,10.4,2574.87,2 Wheeler,Mumbai
LN001963,CU000382,15 Mar 2024,193905,60,11.9,4303.52,car,Mumbai
LN002870,CU001978,2021-06-29,121210,48,12.02,3193.11,TRACTOR,Coimbatore
LN002582,CU001351,2021-02-09,"₹131,694",24,16.31,6467.67,CAR,Ahmedabad
LN001700,CU003124,2021-12-27,245610,48,16.51,7024.98,N/A,Ahmedabad
LN004893,CU003237,21 Aug 2023,71312,60,10.51,1533.13,CAR,  Mumbai 
LN001506,CU003516,01/30/2024,143112,36,13.43,4851.7,Two-Wheeler,Delhi NCR
LN003565,CU002964,04-12-2021,157127,60,15.85,3808.51,TWO WHEELER,Pune
LN000027,CU004510,06/23/2023,"₹87,602",24,10.11,4046.84,two wheeler,Kochi
LN000898,CU000788,12/27/2022,121888,36,18.09,4412.05,2 Wheeler,Bangalore
LN004080,CU000516,01/16/2023,107306,24,11.76,5039.25,CAR,Ahmedabad
LN004338,CU001609,29 Apr 2022,54721,12,11.08,4838.37,commercial vehicle,  Kochi 
LN001909,CU001972,2024-01-09,"₹119,061",48,15.82,3363.26,Car ,Pune
LN001207,CU001309,04-12-2021,238222,24,16.52,11723.37,two wheeler,Mumbai
LN004590,CU000785,04/01/2021,139384,24,14.01,6692.89,Commercial  Vehicle,Hyderabad
LN001496,CU002362,20/02/2021,124157,36,15.03,4305.77,Commercial  Vehicle,Kozhikode
LN001880,CU004415,05-06-2024,159239,36,13.69,5418.47,two wheeler,Kolkata
LN003075,CU000527,08/02/2021,"₹100,061",12,11.28,8856.63,Car ,Hyderabad
LN000724,CU003823,03/01/2022,223842,24,11.99,10535.97,tractor,Mumbai
LN000431,CU002002,13/01/2021,130100,12,12.32,11578.71,car,Coimbatore
LN002830,CU000758,10/24/2023,76664,24,16.78,3782.34,two wheeler,Kolkata
LN004803,CU002513,2023-10-27,154392,24,9.78,7108.74,Car,Coimbatore
LN002409,CU001891,29/10/2023,184786,36,11.59,6101.42,CAR,Mumbai
LN001297,CU000538,09/03/2023,"₹179,081",36,14.89,6198.26,Two Wheeler,Kochi
LN002343,CU001760,2022-01-06,"₹242,754",12,18.31,22291.51,car,  Pune 
LN003441,CU003237,03/05/2023,96013,24,,4689.63,CAR,Thrissur
LN004124,CU001222,10/07/2022,185592,24,17.99,9264.62,Tractor,Mumbai
LN002465,CU002426,05/11/2023,92815,12,16.39,8438.32,TRACTOR,Pune
LN000661,CU001097,24-02-2021,90808,12,11.42,8043.56,Tractor,Coimbatore
LN000336,CU000149,10/05/2022,290354,36,15.88,10190.79,N/A,Bangalore
LN003559,CU002331,09 Aug 2022,141066,36,17.73,5080.79,Car ,  Kochi 
LN000077,CU000273,11/23/2022,77167,24,9.77,3552.68,TWO WHEELER,Kochi
LN004627,CU001983,10/04/2023,"₹228,589",36,11.3,7516.23,CV,Coimbatore
LN003393,CU002415,24-12-2021,159591,24,10.75,7419.68,Two-Wheeler,Kolkata
LN001818,CU003599,23-04-2023,167777,48,13.3,4526.06,N/A,Pune
LN002796,CU000307,23-09-2021,102188,24,16.54,5029.85,Tractor,Bangalore
LN001393,CU002619,06/26/2021,"₹142,967",24,11.42,6691.29,commercial vehicle,Kolkata
LN000014,CU000764,2023-06-11,160518,36,14.91,5557.34,Car ,Mumbai
LN004320,CU003703,05/04/2024,230230,12,15.09,20789.95,Two-Wheeler,Hyderabad
LN003965,CU001948,03/22/2024,209126,48,16.86,6019.2,Car ,Coimbatore
LN004107,CU004457,06-11-2021,157473,24,12.28,7433.41,Car,Kozhikode
LN004537,CU001182,06/02/2022,"₹88,198",36,16.1,3105.14,2 Wheeler,Kolkata
LN001491,CU004084,05-02-2022,71864,24,12.01,3383.22,TWO WHEELER,Kochi
LN002002,CU003460,12/24/2021,133726,24,10.76,6217.79,Two Wheeler,Chennai
LN002033,CU002487,06/05/2021,192462,48,13.62,5222.69,2 Wheeler,Chennai
LN000847,CU000828,01/30/2022,70460,48,9.52,1770.85,Two-Wheeler,Bangalore
LN000109,CU000657,06-03-2024,206486,48,11.2,5356.82,TWO WHEELER,Delhi NCR
LN004934,CU000095,2022-10-29,120709,24,18.4,6049.64,Car,Kolkata
LN000941,CU004469,28-06-2022,67382,36,12.61,2257.73,Car,Thrissur
LN003650,CU004255,2021-12-05,189176,36,10.41,6140.66,CAR,Bangalore
LN003362,CU001733,23 Nov 2022,"₹162,890",36,14.22,5584.62,CV,Delhi NCR
LN001505,CU000538,29 Jul 2022,127032,48,15.7,3580.63,Car,Hyderabad
LN003871,CU003446,2022-12-09,93308,24,17.54,4637.61,Tractor,Pune
LN002856,CU000448,07/21/2023,166971,36,10.3,5411.23,2 Wheeler,Kozhikode
LN003045,CU003850,03/06/2022,82211,36,18.41,2989.06,Two-Wheeler,Coimbatore
LN003173,CU002575,2023-07-12,164090,36,11.46,5407.91,Car,Delhi NCR
LN004099,CU001040,11-09-2021,213401,24,18.23,10677.58,Commercial Vehicle,Kochi
LN002835,CU004524,09-03-2022,52992,36,14.29,1818.61,Car ,Mumbai
LN002271,CU000145,04/07/2024,"₹123,809",24,13.51,5915.81,TWO WHEELER,Pune
LN000427,CU004481,15-01-2021,123154,36,11.29,4048.84,two wheeler,Pune
LN000094,CU001386,21/11/2023,51115,36,16.42,1807.67,Two Wheeler,  Kozhikode 
LN001102,CU002584,29 Jul 2023,94630,12,,8478.76,Commercial Vehicle,  Mumbai 
LN002628,CU001782,11/07/2022,"₹262,478",24,15.11,12740.4,Commercial Vehicle,Kolkata
LN004253,CU001837,23-12-2023,"₹66,611",24,14.53,3214.89,car,Coimbatore
LN003347,CU001731,2023-06-22,87625,36,10.25,2837.71,Car ,Mumbai
LN001414,CU003480,07/01/2021,"₹153,537",24,11.0,7156.03,CAR,Bangalore
LN001245,CU004244,22 Aug 2022,99179,12,,8760.52,N/A,Delhi NCR
LN000159,CU000018,17 May 2023,81662,24,10.36,3781.87,TWO WHEELER,Kolkata
LN000920,CU003240,18 Mar 2024,71552,48,15.14,1996.43,two wheeler,Mumbai
LN001951,CU003766,04 Jun 2022,119702,24,12.52,5663.9,N/A,Kochi
LN002020,CU002478,15-07-2021,"₹140,555",36,16.59,4982.54,car,Bangalore
LN000213,CU003912,30/03/2023,"₹119,030",36,17.22,4256.79,Commercial Vehicle,Delhi NCR
LN002556,CU001949,12-02-2024,207926,48,12.85,5562.67,two wheeler,Bangalore
LN001351,CU001596,12/08/2022,"₹95,377",60,10.87,2067.55,Car,Mumbai
LN004825,CU003617,29 Mar 2024,142327,36,17.71,5124.78,Car ,Pune
LN002608,CU000078,05/16/2024,249142,12,9.78,21878.06,two wheeler,Thrissur
LN001295,CU004271,18/02/2022,125427,24,16.2,6153.29,two wheeler,Coimbatore
LN001486,CU001223,07-01-2022,68672,36,9.63,2203.94,two wheeler,Chennai
LN003181,CU003178,12-07-2021,168735,24,16.67,8315.91,Two Wheeler,Coimbatore
LN001647,CU004438,2023-11-01,362664,36,11.85,12019.67,two wheeler,Thrissur
LN000456,CU004304,2021-11-02,99324,24,13.21,4731.85,CAR,Kolkata
LN004359,CU003653,19-01-2021,"₹121,014",48,12.9,3240.5,Two Wheeler,Pune
LN003736,CU000614,2022-05-06,139480,36,10.31,4520.95,Two Wheeler,Kochi
LN002122,CU001049,10/10/2021,55894,48,10.18,1422.45,TRACTOR,Kolkata
LN000087,CU002304,06/16/2021,304253,24,16.37,14951.02,TWO WHEELER,Kolkata
LN000681,CU002698,2022-11-28,72581,36,17.84,2618.16,Two-Wheeler,Coimbatore
LN001184,CU001217,2022-05-14,118753,48,10.76,3055.41,2 Wheeler,Kozhikode
LN004898,CU000425,11/02/2021,127721,24,14.84,6183.06,Two Wheeler,Bangalore
LN001016,CU002136,24 Mar 2021,138477,24,10.41,6416.25,Two-Wheeler,Kozhikode
LN004212,CU003186,27-04-2022,85149,48,12.04,2243.97,Two Wheeler,Ahmedabad
LN002113,CU002127,23/02/2022,148976,24,14.87,7214.15,TWO WHEELER,Kochi
LN001777,CU002231,23 May 2021,199396,36,9.81,6416.18,Two-Wheeler,Kolkata
LN002084,CU003125,10/27/2021,137903,36,12.93,4641.85,TWO WHEELER,Kochi
LN002950,CU002068,30/06/2024,105020,24,17.18,5201.51,CAR,Coimbatore
LN001082,CU000764,2022-04-02,109385,24,15.83,5346.95,two wheeler,Hyderabad
LN000788,CU001874,2024-03-18,277055,12,10.97,24482.7,Commercial Vehicle,Kochi
LN002038,CU001684,18-07-2021,197357,12,11.3,17470.37,two wheeler,Kolkata
LN002966,CU001145,2021-02-12,155746,36,15.82,5461.74,TWO WHEELER,Hyderabad
LN004100,CU000698,28/10/2021,"₹247,404",48,11.4,6442.45,2 Wheeler,Kolkata
LN004702,CU000558,22 Apr 2024,116648,36,11.73,3859.36,N/A,Mumbai
LN002285,CU004555,2022-12-17,289623,12,17.93,26542.99,Commercial  Vehicle,Kozhikode
LN003341,CU003698,26-09-2022,209925,36,12.86,7059.06,Commercial Vehicle,  Mumbai 
LN003202,CU002702,10 Mar 2021,"₹238,619",12,13.05,21318.4,car,Kolkata
LN003572,CU000708,2024-02-08,153542,12,12.72,13693.79,Car ,Kolkata
LN002993,CU000380,05/23/2023,80921,36,11.97,2686.58,CAR,Mumbai
LN002178,CU003304,22 Jun 2023,252002,24,13.63,12055.34,Two-Wheeler,Delhi NCR
LN000144,CU001279,25-04-2023,51454,48,12.63,1370.95,TWO WHEELER,Coimbatore
LN000468,CU003682,2023-08-16,135847,36,18.35,4935.08,TWO WHEELER,Ahmedabad
LN003511,CU002250,03/07/2021,"₹149,399",12,9.64,13109.54,Two-Wheeler,Ahmedabad
LN003150,CU002890,2021-10-26,119564,36,14.58,4120.18,commercial vehicle,Delhi NCR
LN003852,CU003164,29 Aug 2022,"₹249,764",24,13.97,11988.35,TWO WHEELER,Pune
LN001848,CU001456,2023-11-16,287656,48,,7356.63,Commercial  Vehicle,Kozhikode
LN000628,CU001184,2022-03-27,408290,24,11.71,19164.38,Car ,Coimbatore
LN003219,CU003164,08/30/2022,127326,48,11.65,3331.14,Two-Wheeler,Mumbai
LN002349,CU004188,2021-02-07,188237,60,11.14,4105.88,Car,Coimbatore
LN004545,CU001196,13/05/2022,305383,48,15.83,8628.07,N/A,Coimbatore
LN000572,CU002278,05/22/2021,"₹206,557",36,18.33,7501.77,N/A,Bangalore
LN004653,CU000531,24 Oct 2022,85633,36,10.99,2803.11,Car ,Kozhikode
LN003937,CU004331,11/01/2024,136600,48,15.57,3841.27,tractor,Delhi NCR
LN004025,CU003527,11 Feb 2024,"₹62,326",36,16.88,2218.37,Commercial Vehicle,Coimbatore
LN000923,CU003389,2023-02-24,44879,48,,1243.34,Two-Wheeler,Kozhikode
LN003501,CU003533,10/20/2023,206438,36,17.74,7436.33,2 Wheeler,Kozhikode
LN001603,CU001514,26-05-2024,337680,24,15.8,16501.61,two wheeler,Kolkata
LN004231,CU002529,07/02/2021,133124,48,13.5,3604.51,2 Wheeler,Ahmedabad
LN004623,CU003429,2021-10-26,67131,36,13.61,2281.68,CV,Mumbai
LN003999,CU000609,02/03/2022,267819,12,16.09,24310.86,TWO WHEELER,Mumbai
LN004228,CU003999,20 Jan 2023,94580,36,14.99,3278.18,TWO WHEELER,Kolkata
LN004837,CU001571,2022-03-24,238299,36,11.69,7879.7,CV,Coimbatore
LN004883,CU003220,04-09-2023,"₹284,525",36,11.36,9363.56,CAR,Thrissur
LN000593,CU001147,12/11/2022,107486,24,18.38,5385.9,CAR,Delhi NCR
LN000261,CU000105,17/04/2021,140886,24,12.91,6692.02,CV,Ahmedabad
LN003305,CU004291,26-01-2022,126145,48,12.37,3344.84,Two Wheeler,Thrissur
LN002873,CU002723,2022-08-28,167860,60,13.58,3869.35,Two-Wheeler,Hyderabad
LN003774,CU003958,2024-03-16,145574,24,18.29,7288.07,Car,Kolkata
LN003356,CU002468,11-05-2024,"₹116,135",24,13.62,5555.15,commercial vehicle,Coimbatore
LN000931,CU002867,03/15/2024,127328,24,16.33,6254.47,commercial vehicle,Kochi
LN003286,CU003921,17-08-2023,215789,36,13.04,7274.94,two wheeler,Ahmedabad
LN004375,CU000082,01/23/2022,101007,12,9.6,8861.34,car,Thrissur
LN003328,CU004067,2024-02-12,212085,36,11.96,7040.21,Car,  Kozhikode 
LN000925,CU000725,24/06/2024,85232,36,15.37,2970.06,N/A,Hyderabad
LN004641,CU002310,08/04/2024,"₹266,917",60,12.9,6059.53,CV,Kozhikode
LN002879,CU003801,12/05/2024,350532,24,17.96,17493.22,TRACTOR,Mumbai
LN001695,CU001603,2024-01-21,119519,36,14.82,4132.64,CAR,Delhi NCR
LN004511,CU001731,18 Dec 2023,222121,48,10.6,5697.78,tractor,Mumbai
LN003816,CU000322,2023-02-20,140812,12,10.29,12398.61,tractor,Bangalore
LN000184,CU002526,2021-03-28,373289,48,18.07,10979.02,commercial vehicle,Pune
LN002193,CU000404,19 Jun 2021,168330,48,12.61,4483.36,2 Wheeler,Coimbatore
LN004050,CU004476,2022-12-15,250223,24,13.31,11932.52,TWO WHEELER,Kolkata
LN003005,CU003834,11/12/2021,"₹180,776",60,16.75,4468.48,TWO WHEELER,Thrissur
LN001802,CU001115,05-09-2021,263982,24,13.74,12642.14,Two-Wheeler,Ahmedabad
LN003560,CU001417,08-04-2024,185937,36,17.11,6639.34,two wheeler,Bangalore
LN001663,CU000705,2023-09-08,"₹266,899",24,13.39,12737.81,Commercial Vehicle,Bangalore
LN001958,CU003647,20/12/2022,"₹125,767",36,11.1,4123.41,TWO WHEELER,Bangalore
LN001621,CU004125,29/09/2023,"₹116,203",24,13.85,5571.01,2 Wheeler,Bangalore
LN003718,CU000693,02/09/2023,95347,48,,2451.81,Two Wheeler,Kozhikode
LN002839,CU004225,08/01/2021,"₹278,230",24,17.86,13871.57,TRACTOR,  Thrissur 
LN000504,CU003122,27-07-2021,208450,24,17.7,10376.49,Two Wheeler,Chennai
LN000588,CU004494,04/03/2021,58539,48,18.42,1732.46,Commercial Vehicle,Chennai
LN001879,CU003553,31/05/2023,116571,36,14.32,4002.26,Two Wheeler,Ahmedabad
LN002584,CU000907,27/09/2022,80701,48,12.53,2146.23,2 Wheeler,Chennai
LN003585,CU000756,17 Aug 2022,91191,24,17.97,4551.31,2 Wheeler,Kolkata
LN003773,CU001339,06 Dec 2021,"₹140,038",36,,5019.26,Car,Hyderabad
LN002693,CU004065,06 Sep 2021,138708,36,10.02,4477.02,Car ,Hyderabad
LN004528,CU004503,30/08/2023,180955,36,12.72,6072.71,Car,  Ahmedabad 
LN004875,CU001563,07-05-2021,"₹128,003",24,11.82,6014.79,car,Delhi NCR
LN003756,CU000990,08/26/2021,199804,60,15.48,4803.81,Two-Wheeler,Hyderabad
LN003114,CU003538,19 May 2021,252919,36,9.64,8118.3,Two-Wheeler,Mumbai
LN002069,CU002187,30-11-2022,"₹129,668",36,13.08,4374.03,commercial vehicle,Chennai
LN004190,CU000031,10 Jul 2023,"₹149,331",24,10.85,6949.6,CAR,  Hyderabad 
LN000789,CU002464,19/08/2023,207369,48,17.77,6066.57,car,Bangalore
LN004794,CU003883,18/06/2022,"₹80,400",48,17.3,2332.44,car,Kolkata
LN004340,CU002062,2022-03-17,192653,48,18.27,5686.4,Commercial Vehicle,Pune
LN004915,CU000175,09/07/2023,176062,24,16.3,8645.8,Commercial Vehicle,Kozhikode
LN000473,CU003629,08/01/2021,"₹102,912",24,9.72,4735.58,two wheeler,Bangalore
LN001746,CU001731,2022-10-04,134727,48,11.77,3532.68,two wheeler,Hyderabad
LN002373,CU000539,05/03/2023,157815,60,17.35,3951.87,CV,Chennai
LN003626,CU003252,2023-03-25,72784,12,,6427.34,Two-Wheeler,Coimbatore
LN003770,CU001414,2022-11-16,"₹115,108",24,17.79,5734.99,2 Wheeler,Thrissur
LN001978,CU004112,03/08/2024,155321,60,16.9,3851.78,CAR,Kolkata
LN004144,CU003196,12-02-2024,102399,48,17.53,2982.88,Commercial Vehicle,Pune
LN004298,CU002236,2023-12-10,164034,12,15.79,14866.65,2 Wheeler,Kolkata
LN003698,CU001030,22-07-2021,197524,36,14.98,6845.3,two wheeler,Coimbatore
LN003063,CU001560,11-07-2022,152356,12,14.72,13731.27,TWO WHEELER,Coimbatore
LN000690,CU002528,09/17/2023,89404,48,16.86,2573.29,car,Kochi
LN001079,CU003042,2023-06-29,55881,36,10.34,1812.06,Car ,Kochi
LN000442,CU001343,20-03-2023,115277,24,10.4,5340.76,two wheeler,Ahmedabad
LN000536,CU000978,04/14/2021,122080,60,15.22,2918.39,commercial vehicle,Delhi NCR
LN001997,CU001479,22/03/2024,105790,24,10.56,4909.06,Two-Wheeler,Kozhikode
LN000360,CU003039,01/04/2021,204529,48,12.43,5429.32,tractor,Chennai
LN000783,CU001466,2022-11-17,99367,36,10.64,3236.23,tractor,Pune
LN002510,CU003638,21 Apr 2023,142753,36,11.82,4729.18,Commercial Vehicle,Mumbai
LN000581,CU002448,13 Oct 2022,"₹258,548",48,13.28,6972.18,Commercial Vehicle,Kochi
LN004519,CU001527,09 Apr 2023,59254,24,13.06,2818.71,tractor,Hyderabad
LN001232,CU004340,02-10-2021,180100,60,13.96,4186.88,Car ,Thrissur
LN000548,CU002250,2021-01-12,71347,48,15.31,1996.87,Commercial Vehicle,Kochi
LN003048,CU003522,05-03-2022,141801,48,9.7,3576.04,N/A,Coimbatore
LN003546,CU003231,10/04/2022,286820,24,17.74,14283.22,2 Wheeler,Thrissur
LN004126,CU002638,19/02/2022,"₹109,159",48,11.01,2821.8,CV,Pune
LN003850,CU000932,09/05/2023,185128,60,10.9,4015.9,Two Wheeler,Hyderabad
LN003880,CU004358,05/28/2023,128045,36,18.25,4645.21,Two-Wheeler,  Bangalore 
LN000665,CU001081,26/03/2022,285944,24,10.58,13271.54,Car ,Ahmedabad
LN004581,CU001834,2022-10-11,292826,12,18.04,26851.86,two wheeler,Delhi NCR
LN004509,CU003667,29-11-2023,79476,24,16.63,3915.36,two wheeler,Chennai
LN001526,CU002959,2021-03-07,136416,48,14.22,3742.84,Car ,Kolkata
LN000110,CU001309,02 Oct 2023,122651,48,12.13,3237.71,car,Thrissur
LN002032,CU000475,28 Mar 2024,"₹215,841",12,13.85,19364.51,2 Wheeler,  Delhi NCR 
LN001119,CU001074,24 Feb 2021,93935,48,10.56,2407.78,Car ,Mumbai
LN001843,CU004439,28/01/2022,56969,12,9.82,5003.71,Commercial Vehicle,Kolkata
LN000551,CU003400,24/12/2023,276769,36,12.7,9285.5,two wheeler,Chennai
LN001210,CU001132,2022-10-07,"₹50,434",60,12.99,1147.27,Car ,Kochi
LN000317,CU003838,09/07/2022,113706,36,10.19,3679.12,CV,Mumbai
LN002447,CU000003,11 Sep 2022,"₹126,032",48,14.6,3482.06,Two Wheeler,Delhi NCR
LN001650,CU001414,27-05-2021,99652,36,13.46,3379.79,two wheeler,Kochi
LN004732,CU004069,2022-06-21,"₹321,759",48,11.26,8356.71,Tractor,Delhi NCR
LN004332,CU004008,13 Jun 2023,288918,60,15.37,6929.58,Two-Wheeler,Kochi
LN001864,CU001337,20-02-2024,"₹106,029",36,15.0,3675.53,N/A,Coimbatore
LN003488,CU000343,09/11/2021,198477,60,18.28,5070.29,TWO WHEELER,Pune
LN000181,CU003087,09/07/2023,116176,48,13.1,3122.48,TRACTOR,  Kochi 
LN001370,CU001712,2022-06-20,253731,12,10.64,22382.58,car,Ahmedabad
LN000865,CU003316,08 Jul 2021,151576,24,11.57,7104.81,Car,Pune
LN002371,CU003058,06-01-2021,163797,36,14.48,5636.46,2 Wheeler,Ahmedabad
LN003368,CU001497,14 Jun 2022,69294,24,18.13,3463.79,Two Wheeler,Pune
LN003339,CU001885,12/05/2024,108955,24,15.46,5306.71,Two-Wheeler,Hyderabad
LN003499,CU000084,09/01/2022,78594,36,10.2,2543.39,CAR,Mumbai
LN004293,CU002071,17/10/2022,71472,12,17.34,6530.12,CAR,Coimbatore
LN002907,CU001476,2023-02-27,295204,60,16.58,7270.08,CAR,Coimbatore
LN001237,CU002210,10/11/2022,201011,60,11.35,4405.63,TWO WHEELER,Thrissur
LN003300,CU003259,17/01/2024,110468,36,11.83,3660.16,two wheeler,Delhi NCR
LN001060,CU001863,10/08/2023,323767,24,10.01,14941.7,commercial vehicle,Delhi NCR
LN001991,CU003055,30-09-2021,129848,48,16.9,3740.06,two wheeler,  Pune 
LN000133,CU003863,26/10/2023,139346,24,10.14,6439.12,Car ,Kochi
LN000487,CU000328,17-05-2022,40000,36,12.31,1334.5,2 Wheeler,  Kozhikode 
LN000121,CU000158,2021-08-20,"₹71,517",48,10.75,1839.72,car,Mumbai
LN002602,CU000385,09-04-2022,69796,36,14.75,2410.97,Car ,Mumbai
LN000682,CU000350,10/14/2022,"₹245,559",24,11.36,11486.06,Car ,Ahmedabad
LN004785,CU002102,02/08/2022,203416,60,14.41,4776.48,2 Wheeler,Bangalore
LN002559,CU000721,16/06/2022,94000,48,15.26,2628.5,CAR,  Pune 
LN004334,CU002687,24/08/2021,107425,60,16.47,2639.27,two wheeler,Hyderabad
LN004112,CU004236,06/15/2021,42858,24,10.91,1995.73,Two-Wheeler,Delhi NCR
LN004149,CU002158,27-03-2022,103966,24,16.16,5098.45,CAR,Kochi
LN001458,CU004064,18/02/2023,114667,36,10.32,3717.23,tractor,Mumbai
LN004500,CU000642,2021-07-10,"₹619,592",24,16.4,30455.7,2 Wheeler,Thrissur
LN001466,CU001544,2024-03-16,"₹188,806",48,13.67,5128.2,2 Wheeler,Thrissur
LN001195,CU000249,06-03-2023,83378,36,11.32,2742.34,tractor,Pune
LN002854,CU001250,07/27/2023,75129,60,,1890.66,Two-Wheeler,Pune
LN003577,CU003543,27-12-2021,96119,36,10.79,3137.26,Tractor,Ahmedabad
LN003019,CU000700,2021-05-31,474413,36,10.63,15448.68,CAR,Thrissur
LN001512,CU001311,03-05-2023,"₹100,408",60,18.45,2574.35,2 Wheeler,Ahmedabad
LN001085,CU002931,27 Mar 2022,96301,24,12.63,4561.61,Car ,Coimbatore
LN004886,CU002074,2021-11-22,130608,36,13.35,4422.75,TWO WHEELER,Bangalore
LN003165,CU001903,02-09-2022,154306,36,16.02,5426.46,N/A,Ahmedabad
LN003984,CU002419,29-05-2024,"₹101,070",36,17.77,3642.27,CV,Kolkata
LN004078,CU004077,03 Oct 2023,105199,36,10.46,3417.24,N/A,Coimbatore
LN000537,CU000487,21-03-2024,313158,36,15.27,10897.18,Two-Wheeler,Chennai
LN004631,CU003577,01/02/2024,66719,24,12.05,3142.25,Two Wheeler,Ahmedabad
LN002847,CU002252,08/04/2021,40000,36,14.54,1377.62,two wheeler,  Hyderabad 
LN004776,CU002029,27-10-2023,"₹149,993",48,15.17,4187.35,Tractor,Kozhikode
LN001972,CU000262,28-01-2021,144878,24,15.79,7079.15,Car ,Kochi
LN002512,CU000245,09/10/2023,166483,12,17.74,15242.57,Car,Delhi NCR
LN004140,CU004101,04 Jul 2023,88282,60,12.98,2007.78,Tractor,Thrissur
LN004069,CU000991,11-03-2023,120229,36,15.13,4175.44,two wheeler,Hyderabad
LN001562,CU000663,12-04-2024,205936,24,11.86,9680.66,CAR,Bangalore
LN002570,CU001058,2022-12-19,"₹230,438",60,14.88,5467.6,Tractor,Thrissur
LN001398,CU001624,26/04/2022,93517,48,12.92,2505.12,TRACTOR,Pune
LN001363,CU000937,19-06-2021,93685,24,17.24,4642.81,Car,Pune
LN004895,CU004090,24-09-2023,83854,48,16.76,2409.21,2 Wheeler,Chennai
LN000327,CU001190,10-03-2023,272004,12,12.11,24181.23,N/A,Hyderabad
LN001788,CU003192,22-03-2022,416157,24,10.75,19347.91,Tractor,Kochi
LN003325,CU000751,13 Mar 2021,184741,48,14.47,5091.98,CV,Kolkata
LN002389,CU003986,01-02-2021,58059,36,12.21,1934.22,TWO WHEELER,Bangalore
LN000270,CU001721,2023-07-31,123063,36,10.67,4009.72,Commercial Vehicle,Kochi
LN000961,CU000788,22/09/2023,163181,36,12.78,5480.94,2 Wheeler,Kolkata
LN001684,CU001525,07/18/2023,"₹111,512",24,13.2,5311.97,Tractor,  Hyderabad 
LN002846,CU002959,29/04/2023,324738,36,12.0,10785.95,two wheeler,Kochi
LN000356,CU003288,2021-04-10,"₹66,607",24,15.31,3239.37,Commercial  Vehicle,Pune
LN000524,CU003178,06-12-2023,212340,48,11.46,5535.59,commercial vehicle,Kochi
LN000892,CU003516,20/05/2022,98671,60,17.56,2482.04,Car ,Coimbatore
LN001463,CU002384,13/09/2021,154200,24,16.78,7607.71,Car,Ahmedabad
LN003619,CU000630,2021-07-10,218143,36,18.41,7931.33,2 Wheeler,Coimbatore
LN002990,CU004442,10-06-2023,131006,48,18.34,3871.62,CAR,Delhi NCR
LN001488,CU001728,01 Sep 2021,149314,36,16.54,5289.33,commercial vehicle,Coimbatore
LN004544,CU004406,2022-01-08,"₹361,111",36,14.76,12475.63,TRACTOR,Chennai
LN001934,CU001234,06 Feb 2022,"₹83,540",12,15.56,7562.27,Car,Bangalore
LN000432,CU000822,2024-02-29,154937,24,14.22,7455.08,two wheeler,Chennai
LN000853,CU001775,2022-09-16,104248,24,14.58,5033.86,Two Wheeler,Chennai
LN003653,CU004007,05-02-2022,72080,12,16.04,6541.24,commercial vehicle,Hyderabad
LN004419,CU001539,11/22/2023,141170,12,11.31,12497.26,2 Wheeler,Chennai
LN001810,CU002528,30/01/2021,326158,48,14.41,8979.97,TRACTOR,Thrissur
LN003175,CU003414,05/02/2024,87847,36,9.58,2817.28,CAR,Thrissur
LN001224,CU001208,06-02-2022,68770,36,17.65,2474.14,N/A,Mumbai
LN000424,CU001926,2022-02-03,147451,12,16.48,13411.87,TRACTOR,Pune
LN002477,CU001681,12/03/2024,161010,36,9.64,5168.17,two wheeler,Kolkata
LN004495,CU003443,03/15/2021,144133,36,12.89,4848.78,Two Wheeler,Delhi NCR
LN004383,CU000197,14 Feb 2022,"₹68,788",36,13.02,2318.4,Commercial Vehicle,Chennai
LN004752,CU003223,12/23/2023,159643,36,14.83,5520.8,car,Chennai
LN001105,CU000123,29/11/2021,102287,48,12.75,2731.43,2 Wheeler,Mumbai
LN000835,CU003292,2023-05-20,114266,12,12.21,10163.62,Two Wheeler,Bangalore
LN000269,CU004225,2023-09-19,"₹151,991",36,10.63,4949.4,2 Wheeler,Bangalore
LN000158,CU000617,09-05-2023,228217,60,13.19,5214.86,N/A,Delhi NCR
LN004046,CU003392,27 Sep 2021,93589,60,16.28,2289.85,TWO WHEELER,Kozhikode
LN002040,CU000752,27 Jan 2024,145214,48,14.36,3994.46,Tractor,Kozhikode
LN002945,CU000658,08/16/2021,105863,24,17.96,5283.07,Commercial Vehicle,Coimbatore
LN000348,CU002677,26/03/2024,152328,60,11.94,3383.84,CAR,  Hyderabad 
LN001229,CU004258,20/08/2022,"₹166,530",60,14.78,3942.53,two wheeler,Kozhikode
LN004326,CU001119,22/09/2023,"₹244,327",36,16.49,8649.04,N/A,Bangalore
LN003731,CU000747,05/04/2021,209994,24,14.6,10142.04,car,Kochi
LN000881,CU004518,2022-11-26,284400,36,9.98,9174.12,2 Wheeler,Kozhikode
LN003357,CU000381,2023-01-14,203664,48,10.53,5217.44,Two Wheeler,Delhi NCR
LN000718,CU001341,10/04/2022,55286,36,12.12,1839.46,Two-Wheeler,Bangalore
LN003267,CU000510,31 Mar 2023,153345,24,13.69,7340.1,Two-Wheeler,Bangalore
LN000902,CU000240,2022-05-17,93191,36,12.51,3118.02,car,Kochi
LN003197,CU003691,16/11/2021,109263,24,12.53,5170.47,CV,Mumbai
LN004429,CU002485,21/06/2022,"₹130,046",36,10.81,4245.85,two wheeler,Kozhikode
LN001569,CU000882,02-05-2023,"₹135,930",24,9.67,6251.8,Car ,Ahmedabad
LN000099,CU001139,08/30/2021,108377,48,18.23,3196.61,CAR,Kozhikode
LN001538,CU002877,14/08/2021,237322,12,,20987.09,N/A,Pune
LN004321,CU001688,02/18/2022,163609,48,12.09,4315.69,Commercial Vehicle,Mumbai
LN001158,CU003447,27-05-2023,"₹119,908",36,12.51,4011.93,Car,Pune
LN002937,CU001945,29 May 2022,149837,48,18.43,4435.2,Two-Wheeler,Coimbatore
LN004159,CU003694,2021-12-04,"₹101,310",60,14.34,2375.2,two wheeler,Kolkata
LN004014,CU000765,11 Dec 2021,"₹191,715",24,11.5,8979.99,Commercial Vehicle,Thrissur
LN000565,CU001590,2021-04-04,176360,12,18.12,16178.76,2 Wheeler,Kolkata
LN000591,CU000363,2022-04-23,"₹138,102",24,13.21,6579.25,Car ,Thrissur
LN000049,CU002195,24 Dec 2021,172074,48,16.03,4879.27,TWO WHEELER,Thrissur
LN002351,CU001689,02/06/2024,"₹165,162",48,13.74,4491.78,CAR,Coimbatore
LN002151,CU002011,04 Feb 2023,126290,36,14.9,4371.7,Commercial Vehicle,Bangalore
LN003527,CU003308,28 Jul 2023,"₹177,418",48,14.89,4927.79,Car ,Kochi
LN002653,CU001841,27 Jun 2024,"₹80,494",48,16.51,2302.3,Car ,Bangalore
LN003517,CU000238,29-08-2021,127729,36,17.01,4554.52,commercial vehicle,Bangalore
LN004072,CU002527,07/05/2024,"₹94,494",48,14.82,2621.22,CAR,Delhi NCR
LN000534,CU000031,25-06-2024,"₹257,000",12,17.88,23547.08,2 Wheeler,Ahmedabad
LN003877,CU003750,2022-04-03,93653,24,17.18,4638.52,CV,Mumbai
LN001166,CU001082,2022-05-19,166768,12,17.47,15247.26,commercial vehicle,Thrissur
LN004799,CU003406,05-06-2024,113722,48,14.21,3119.61,TWO WHEELER,Kolkata
LN003553,CU003160,2024-06-29,208021,12,14.18,18695.23,Commercial Vehicle,Mumbai
LN002601,CU000353,2021-11-17,91414,60,13.07,2083.23,TWO WHEELER,Kolkata
LN004589,CU001698,02/23/2022,93172,24,11.64,4370.28,Car ,  Delhi NCR 
LN000648,CU003200,10-12-2021,100328,24,17.81,4999.58,Two-Wheeler,Hyderabad
LN004614,CU000359,04-08-2022,273767,12,18.25,25131.54,CAR,Bangalore
LN000846,CU002513,2022-03-05,"₹223,460",24,15.94,10934.89,TWO WHEELER,Bangalore
LN002752,CU002488,25/05/2022,80771,60,11.06,1758.58,car,Thrissur
LN003323,CU002406,04/25/2023,64378,12,17.96,5900.95,CV,Thrissur
LN002660,CU001624,24/05/2022,109145,36,13.21,3688.58,Car,Delhi NCR
LN001976,CU002963,14/05/2023,103575,12,15.12,9354.37,Car ,Thrissur
LN000039,CU002404,01/03/2024,154715,36,15.78,5422.53,Two Wheeler,Pune
LN001834,CU001485,29 Mar 2024,182002,36,10.27,5895.79,Two Wheeler,Kolkata
LN004909,CU002614,15/01/2022,89401,24,13.55,4273.42,Car,Bangalore
LN001531,CU001607,07 Mar 2024,"₹233,601",48,18.44,6915.86,Two-Wheeler,Kochi
LN000762,CU000133,12 Jul 2021,149281,24,11.06,6961.82,TWO WHEELER,Ahmedabad
LN000735,CU004521,28/05/2021,150667,36,17.07,5376.94,Two Wheeler,Coimbatore
LN003439,CU004461,16-01-2022,153470,24,17.22,7604.14,2 Wheeler,Delhi NCR
LN003188,CU000112,2022-04-29,64171,24,12.73,3042.67,CV,Bangalore
LN003198,CU000440,21 Jan 2022,201769,48,9.65,5083.54,Commercial  Vehicle,Chennai
LN001729,CU004208,18 Nov 2021,198277,36,16.64,7033.64,Two-Wheeler,Mumbai
LN001635,CU003091,03/12/2023,185036,12,15.81,16771.84,Tractor,Bangalore
LN002675,CU000786,28-02-2021,108760,36,15.39,3791.01,TWO WHEELER,Ahmedabad
LN004420,CU003577,17/07/2022,"₹122,539",12,16.97,11174.39,TWO WHEELER,Chennai
LN002014,CU002151,01-08-2022,63709,36,13.92,2174.95,TWO WHEELER,Thrissur
LN002124,CU001586,13-02-2024,114691,48,14.99,3191.36,two wheeler,Hyderabad
LN002300,CU002571,2021-07-20,"₹221,070",36,14.08,7564.24,Two-Wheeler,Hyderabad
LN003320,CU004489,03/31/2024,73781,36,12.22,2458.34,TWO WHEELER,Pune
LN001225,CU004043,04/08/2023,337023,24,17.34,16718.29,Two-Wheeler,Delhi NCR
LN004084,CU002787,07/11/2021,430306,36,13.71,14646.3,Car,Pune
LN001966,CU004148,04/11/2021,186564,12,12.14,16588.21,Two-Wheeler,Bangalore
LN003544,CU003713,12/21/2023,208643,48,10.09,5300.75,Car,Coimbatore
LN004845,CU001397,04/03/2024,116860,48,12.79,3122.89,Tractor,Kochi
LN001564,CU003905,2022-09-16,135939,48,11.92,3574.46,car,Pune
LN000316,CU000455,01/24/2022,188054,24,14.22,9048.57,car,Kolkata
LN000024,CU000369,23 Jul 2022,258118,24,13.0,12271.4,Car ,Hyderabad
LN002834,CU003983,19/04/2023,107249,48,10.02,2721.14,CV,Delhi NCR
LN001876,CU004510,2023-11-08,188915,24,15.38,9194.0,Two Wheeler,Ahmedabad
LN002500,CU003952,10 Apr 2021,107297,24,12.66,5083.98,tractor,Kochi
LN001676,CU003759,01/14/2021,"₹68,991",12,11.7,6120.09,Tractor,Delhi NCR
LN002201,CU002674,06/19/2022,62318,36,13.39,2111.47,TWO WHEELER,Mumbai
LN001642,CU000390,12/07/2022,188433,24,10.37,8727.44,Two Wheeler,Kochi
LN001623,CU004506,2022-05-20,145271,36,9.95,4684.08,Car,Hyderabad
LN000872,CU000863,06/30/2022,213152,36,17.82,7686.72,two wheeler,Ahmedabad
LN003153,CU000860,2024-01-24,142760,36,14.95,4945.33,CV,Mumbai
LN000447,CU004383,2022-11-24,462255,24,10.95,21533.98,Tractor,Coimbatore
LN000763,CU003706,2024-06-12,"₹91,923",24,12.06,4329.71,tractor,Thrissur
LN001819,CU000745,30 Aug 2021,72401,48,13.15,1947.73,CV,Coimbatore
LN003662,CU001892,03/10/2023,"₹77,701",36,16.93,2767.55,CV,Thrissur
LN000322,CU001378,26 Mar 2021,"₹74,844",36,10.41,2429.44,CV,Coimbatore
LN003059,CU003428,01/22/2021,90608,36,17.06,3233.13,two wheeler,Ahmedabad
LN001772,CU004491,11 Sep 2021,99781,24,13.93,4787.47,Two Wheeler,Chennai
LN003998,CU001803,2022-03-02,43741,24,12.71,2073.57,CAR,Chennai
LN004999,CU003730,15 Mar 2024,106040,48,17.17,3069.12,CV,Mumbai
LN002517,CU001383,08 Sep 2021,482795,24,11.32,22573.83,Car ,Bangalore
LN004328,CU002750,02 May 2024,46634,24,15.62,2274.89,2 Wheeler,Chennai
LN003714,CU001017,2022-09-17,188985,36,10.87,6175.5,car,Chennai
LN000151,CU003397,02/01/2024,53239,24,13.79,2550.88,tractor,Chennai
LN004513,CU000814,04/25/2023,"₹192,029",36,10.17,6211.57,car,Ahmedabad
LN004688,CU002737,2024-03-15,95640,48,17.81,2799.94,Car,Bangalore
LN003042,CU001096,01/14/2021,183716,36,10.42,5964.29,Two Wheeler,Thrissur
LN000215,CU004059,07/13/2023,191164,24,12.63,9055.1,Car,Kolkata
LN000997,CU004447,08/05/2024,"₹374,182",36,16.57,13260.67,Car ,Kozhikode
LN001767,CU000462,12-05-2022,186411,36,15.26,6485.76,Two-Wheeler,Ahmedabad
LN003541,CU001838,2022-12-08,53431,36,13.83,1821.74,CAR,Chennai
LN004793,CU002457,10/26/2021,152040,60,14.9,3609.05,CV,Ahmedabad
LN004230,CU003483,05/28/2021,92380,36,15.01,3202.84,two wheeler,Bangalore
LN004988,CU001052,12 Feb 2021,130539,60,16.18,3186.95,Car,Mumbai
LN004179,CU002634,06/25/2022,"₹73,383",48,9.8,1854.14,two wheeler,Delhi NCR
LN004484,CU002918,16/01/2021,124619,36,14.38,4282.22,CV,Mumbai
LN003383,CU003430,27/06/2022,"₹209,587",60,9.89,4441.77,tractor,Chennai
LN000033,CU002190,09/06/2021,226215,36,10.08,7307.82,Commercial Vehicle,Ahmedabad
LN000915,CU001348,2023-03-07,115450,48,18.23,3405.23,commercial vehicle,Kozhikode
LN000012,CU003362,2021-08-23,"₹167,241",12,13.1,14945.36,Two Wheeler,Kochi
LN002972,CU000954,13 Jun 2023,171064,48,13.87,4663.43,Car,Kolkata
LN003037,CU000682,12/18/2021,"₹111,139",60,11.9,2466.61,Car,Coimbatore
LN001230,CU000426,29-07-2023,176108,24,17.15,8719.88,two wheeler,  Kochi 
LN003753,CU000308,05-12-2023,84353,48,18.24,2488.46,Commercial Vehicle,Kolkata
LN001337,CU001200,30 May 2021,123356,36,17.94,4455.9,two wheeler,Kochi
LN002098,CU001186,03-06-2024,"₹99,156",36,12.81,3331.89,Commercial Vehicle,Pune
LN004037,CU002090,14/04/2023,77239,12,18.05,7083.11,car,  Kochi 
LN003805,CU002224,2023-10-18,45545,36,13.45,1544.48,2 Wheeler,Ahmedabad
LN003438,CU004454,2021-01-30,211805,36,12.13,7048.12,Car,Ahmedabad
LN001992,CU003311,04-12-2022,246455,36,10.11,7965.14,tractor,Kolkata
LN002183,CU000904,2023-03-23,129376,24,14.09,6217.22,Two-Wheeler,Bangalore
LN003711,CU000278,2021-02-01,63752,24,11.68,2991.51,two wheeler,Kozhikode
LN004661,CU003018,12 Sep 2022,105019,48,15.29,2938.22,car,Bangalore
LN000268,CU000582,24 Apr 2024,293281,12,16.38,26662.4,Car,Bangalore
LN000554,CU002891,07-06-2022,174681,36,17.26,6250.48,car,Pune
LN004601,CU003517,15 Jul 2021,69497,48,9.57,1748.31,TRACTOR,Thrissur
LN003435,CU003741,2022-12-23,202669,36,11.49,6682.25,commercial vehicle,Hyderabad
LN003204,CU003016,07/12/2022,189115,36,17.21,6762.25,Commercial  Vehicle,Kozhikode
LN002118,CU004182,26/06/2023,159285,48,12.01,4195.37,TRACTOR,Kozhikode
LN002075,CU000142,01 May 2021,112500,36,12.38,3757.06,TWO WHEELER,Kozhikode
LN002561,CU001877,03-10-2021,216397,36,18.24,7849.35,tractor,Hyderabad
LN002225,CU004598,02 Jun 2024,202088,36,14.61,6966.91,car,  Kochi 
LN001314,CU000036,19-02-2022,153042,36,12.9,5149.22,two wheeler,Kochi
LN002566,CU002990,2021-04-01,67988,12,16.8,6194.38,Car,Kozhikode
LN002412,CU002967,08-07-2023,125595,24,11.54,5885.25,Two Wheeler,Bangalore
LN003259,CU004582,09/15/2021,99344,24,10.09,4588.35,TWO WHEELER,Chennai
LN004141,CU001060,24/04/2021,175525,36,10.07,5669.47,N/A,Coimbatore
LN003980,CU002411,26/12/2022,186141,36,9.68,5978.32,Car ,Ahmedabad
LN003796,CU003354,27 Dec 2021,129963,48,12.16,3432.64,Two-Wheeler,  Kolkata 
LN003953,CU001927,2023-10-31,118389,24,14.9,5734.66,TWO WHEELER,Ahmedabad
LN003331,CU000394,01-11-2021,105040,24,18.42,5265.37,Commercial Vehicle,Pune
LN004258,CU003231,31/08/2021,"₹220,253",60,17.14,5490.45,two wheeler,Kochi
LN002066,CU000981,18/02/2024,88962,48,15.68,2506.65,2 Wheeler,Kozhikode
LN002248,CU001154,06/01/2021,257848,60,10.33,5520.47,Two Wheeler,Kolkata
LN001204,CU003845,04/22/2023,117490,36,16.57,4163.74,Two-Wheeler,Mumbai
LN001310,CU000355,17-05-2021,223185,24,14.45,10763.26,Two Wheeler,Coimbatore
LN001090,CU002423,06 Jul 2022,157338,36,10.66,5125.75,TRACTOR,Mumbai
LN000153,CU002673,03-03-2021,93202,48,13.85,2539.87,Car ,  Coimbatore 
LN003634,CU001622,27/05/2022,387522,36,13.81,13208.85,Two Wheeler,Chennai
LN004297,CU000046,2024-02-20,144826,48,16.08,4110.35,Commercial  Vehicle,Kozhikode
LN004777,CU000627,21 May 2021,164925,36,10.91,5392.41,two wheeler,Kozhikode
LN004798,CU004137,01/23/2024,180460,48,18.34,5333.13,tractor,Coimbatore
LN004985,CU003651,28-01-2022,158743,36,17.78,5721.44,Two-Wheeler,Chennai
LN004714,CU002752,25-05-2023,227678,60,15.58,5486.01,Two-Wheeler,Coimbatore
LN000785,CU002364,08-06-2022,46001,24,16.91,2272.4,commercial vehicle,Delhi NCR
LN004353,CU000900,18 Sep 2021,"₹467,015",48,15.99,13232.94,Commercial Vehicle,Bangalore
LN002711,CU000896,04/01/2021,64016,24,9.85,2949.58,Two-Wheeler,Thrissur
LN002996,CU004094,08 Sep 2023,93814,36,11.57,3096.74,TWO WHEELER,Thrissur
LN004461,CU002793,2023-05-14,125990,24,18.13,6297.85,Two Wheeler,Coimbatore
LN000791,CU002959,20/07/2022,249155,36,13.83,8494.97,2 Wheeler,Hyderabad
LN004290,CU002172,06/26/2023,95369,36,9.55,3057.18,2 Wheeler,Kozhikode
LN000446,CU001307,04/04/2022,70727,24,15.37,3441.76,TWO WHEELER,Kozhikode
LN003139,CU000577,2021-09-24,101252,36,11.44,3336.0,Two Wheeler,Coimbatore
LN001254,CU002749,03-06-2022,155550,48,16.25,4428.27,Two Wheeler,Kolkata
LN004948,CU001888,29 May 2023,"₹184,199",48,16.82,5297.93,car,Bangalore
LN003338,CU003775,11/15/2022,267220,36,12.82,8980.55,commercial vehicle,Coimbatore
LN001986,CU003346,11/13/2023,241073,12,9.69,21159.4,CAR,Ahmedabad
LN001981,CU002608,26 Oct 2023,"₹187,754",48,16.1,5330.62,Commercial Vehicle,Bangalore
LN001417,CU000675,15 Oct 2021,117376,24,17.36,5823.66,Car ,Chennai
LN003599,CU002461,22/05/2021,"₹147,249",24,13.66,7046.22,Two-Wheeler,Ahmedabad
LN004955,CU003989,10/26/2023,130141,60,18.41,3333.82,car,Ahmedabad
LN001270,CU000504,11/07/2022,"₹131,640",36,10.51,4279.24,car,Bangalore
LN003236,CU003089,19 Oct 2021,269694,36,16.21,9509.63,Commercial Vehicle,  Hyderabad 
LN001010,CU003007,23 Feb 2021,"₹109,266",24,13.05,5197.27,Two-Wheeler,Mumbai
LN002096,CU001056,2022-06-05,90961,36,9.71,2922.69,TWO WHEELER,Bangalore
LN002400,CU003261,10/11/2021,"₹156,492",48,16.26,4455.89,Two-Wheeler,Pune
LN003147,CU002690,18 Mar 2023,216096,12,12.36,19236.28,TWO WHEELER,Kochi
LN002390,CU002445,25-09-2021,190984,12,17.67,17479.43,tractor,Pune
LN001073,CU001256,12/01/2023,219394,36,14.88,7592.48,Car ,Kolkata
LN003970,CU001005,05-10-2022,156297,12,13.92,14027.57,Two-Wheeler,Delhi NCR
LN003856,CU003798,06/25/2024,"₹65,021",24,12.45,3074.45,Car,Coimbatore
LN003608,CU003014,31-05-2023,183593,24,13.75,8793.16,Commercial Vehicle,Kochi
LN002523,CU004297,09/19/2023,148093,12,18.19,13590.56,tractor,Chennai
LN004510,CU000515,2024-02-21,235611,48,11.36,6130.76,two wheeler,Delhi NCR
LN000887,CU003428,02/07/2022,92411,36,16.08,3252.55,TWO WHEELER,Kozhikode
LN004034,CU004251,08-09-2021,134460,12,18.18,12338.81,Car ,Hyderabad
LN000196,CU003506,20 Mar 2021,"₹144,406",24,10.81,6717.72,Car,  Hyderabad 
LN003823,CU000203,2021-05-07,161755,24,10.32,7488.09,TWO WHEELER,Kozhikode
LN001138,CU000178,12/01/2022,239878,36,11.85,7950.21,two wheeler,Kozhikode
LN000377,CU004039,28 Aug 2022,"₹748,089",24,14.53,36105.5,2 Wheeler,Coimbatore
LN002001,CU001983,30-06-2024,110511,12,17.24,10091.72,Car ,Delhi NCR
LN002648,CU002328,2021-12-27,219542,48,9.85,5552.35,Car ,Coimbatore
LN001325,CU003827,26/01/2022,146230,24,18.34,7324.45,Car ,  Kochi 
LN004145,CU001554,30/07/2021,"₹76,853",36,17.98,2777.65,CV,  Pune 
LN001662,CU000075,02 May 2022,120957,36,10.94,3956.54,Commercial  Vehicle,Delhi NCR
LN001267,CU004175,03/27/2024,123703,24,15.02,5999.12,N/A,Coimbatore
LN001931,CU002115,2023-04-06,"₹209,081",24,17.82,10420.01,Commercial Vehicle,Delhi NCR
LN001792,CU003512,19-09-2022,40000,36,16.3,1412.21,2 Wheeler,Pune
LN003808,CU001085,02/11/2021,69195,36,12.58,2317.48,2 Wheeler,  Kochi 
LN004243,CU004307,01 Jan 2021,158362,12,17.15,14454.64,two wheeler,  Mumbai 
LN000973,CU004372,2023-07-30,227238,24,17.24,11261.38,Commercial Vehicle,Coimbatore
LN003282,CU002053,20 Aug 2023,141944,48,10.06,3604.16,Two-Wheeler,Ahmedabad
LN003644,CU002663,15-01-2024,68898,24,10.41,3192.35,CAR,Kozhikode
LN000162,CU003328,03/14/2023,131267,48,16.33,3742.37,Two Wheeler,Chennai
LN002128,CU000137,01 Mar 2022,262093,36,13.05,8837.26,TWO WHEELER,Pune
LN003140,CU004159,03/29/2024,177385,36,16.9,6315.43,Car,Delhi NCR
LN002959,CU002161,06/22/2022,264753,60,15.75,6403.16,Two-Wheeler,Delhi NCR
LN004018,CU001080,2022-04-17,47269,24,9.81,2177.08,Commercial Vehicle,Coimbatore
LN002697,CU003528,04/09/2021,173213,48,15.45,4860.25,Commercial  Vehicle,Kozhikode
LN002085,CU004335,01/02/2022,176518,36,13.85,6020.11,car,Coimbatore
LN004164,CU002471,13 May 2024,"₹174,862",24,10.87,8139.39,Two Wheeler,Kolkata
LN002031,CU002816,29/06/2024,"₹122,999",36,11.78,4072.41,Two-Wheeler,Kolkata
LN003674,CU003107,05/21/2021,185632,48,13.41,5017.9,car,Thrissur
LN004152,CU002913,2021-10-19,170389,36,11.07,5583.97,TWO WHEELER,Kolkata
LN004057,CU002591,01/26/2022,129333,48,18.28,3818.11,CV,Coimbatore
LN004473,CU001655,20/07/2022,199515,24,14.2,9598.15,2 Wheeler,Thrissur
LN000734,CU000771,04/09/2023,169990,48,18.28,5018.36,Car,Kolkata
LN002095,CU002783,2024-06-14,"₹382,492",24,15.42,18622.17,2 Wheeler,Ahmedabad
LN001678,CU000660,2024-06-28,84864,24,14.21,4082.99,2 Wheeler,Mumbai
LN002145,CU003113,02/11/2021,166798,60,14.08,3888.02,commercial vehicle,Kolkata
LN000517,CU003778,10/30/2023,244037,36,9.59,7827.5,car,Kozhikode
LN001513,CU001769,06/09/2023,"₹94,056",48,11.04,2432.75,Commercial Vehicle,Hyderabad
LN002771,CU002424,23-04-2024,76776,48,9.83,1940.98,Car ,Kochi
LN002083,CU003122,20-06-2024,118014,24,10.84,5491.61,TWO WHEELER,Kolkata
LN000787,CU001480,29/12/2023,99826,24,13.98,4791.99,car,Delhi NCR
LN001453,CU001982,2022-10-14,121300,12,10.29,10680.56,TWO WHEELER,Kolkata
LN001315,CU001243,22-11-2023,"₹93,709",48,17.43,2724.87,Tractor,  Pune 
LN003096,CU003736,01/07/2023,89402,36,16.21,3152.39,CV,Coimbatore
LN004754,CU001902,28 Apr 2022,"₹122,989",48,11.6,3214.67,two wheeler,Pune
LN002435,CU003156,19-02-2024,"₹151,753",48,10.91,3915.51,Two-Wheeler,Mumbai
LN001125,CU003246,30/03/2022,198058,36,14.15,6783.59,commercial vehicle,Chennai
LN004634,CU000623,2021-05-26,313405,24,14.59,15134.98,commercial vehicle,Chennai
LN002487,CU001344,20 Apr 2022,302899,48,13.39,8184.78,2 Wheeler,Bangalore
LN004425,CU000650,21/11/2022,110208,48,16.05,3126.15,CAR,Pune
LN004858,CU002634,2021-11-12,228294,60,16.6,5624.71,Commercial  Vehicle,Kochi
LN000140,CU001163,13 Nov 2023,63338,48,18.48,1876.48,2 Wheeler,Thrissur
LN003508,CU001960,06/13/2024,108793,36,12.57,3643.17,Two-Wheeler,Mumbai
LN004949,CU003293,30-12-2022,125189,24,15.59,6105.15,2 Wheeler,Kozhikode
LN003956,CU002705,28/09/2022,146331,48,15.13,4082.15,Car,Hyderabad
LN000533,CU001580,2024-01-15,124945,36,11.97,4148.17,two wheeler,Bangalore
LN000064,CU001077,06 Mar 2023,117549,24,15.68,5737.61,TWO WHEELER,Bangalore
LN001852,CU001885,03-05-2022,147571,24,14.65,7130.71,TWO WHEELER,Mumbai
LN004062,CU003201,08/09/2022,51343,36,13.44,1740.85,Commercial  Vehicle,Ahmedabad
LN000960,CU003917,2024-03-04,219999,48,15.12,6136.13,2 Wheeler,Coimbatore
LN001276,CU001780,09/05/2023,138895,48,16.8,3993.46,tractor,Mumbai
LN003374,CU003362,19 May 2023,138537,36,14.79,4788.2,two wheeler,Delhi NCR
LN003008,CU000185,2022-03-20,94123,36,9.69,3023.4,Two Wheeler,Chennai
LN001405,CU003633,2023-12-04,"₹226,968",36,18.05,8211.13,TWO WHEELER,Thrissur
LN000010,CU001202,02 Apr 2022,88206,24,15.33,4290.66,commercial vehicle,Coimbatore
LN002043,CU003156,2022-01-23,98665,24,16.04,4832.83,Tractor,Mumbai
LN001949,CU004116,16/11/2022,113949,36,13.59,3871.85,Two Wheeler,Chennai
LN000333,CU000978,08/17/2021,152762,24,17.24,7570.53,Car,Kolkata
LN003837,CU004451,11-04-2024,110899,36,18.05,4012.05,two wheeler,Mumbai
LN003510,CU002286,2021-11-23,119009,24,9.64,5471.91,CAR,Hyderabad
LN003630,CU002608,2023-12-07,268054,48,13.01,7192.55,TWO WHEELER,Kochi
LN003973,CU003408,2023-04-02,168209,36,16.36,5943.67,commercial vehicle,Kochi
LN003554,CU003795,19/02/2022,200560,12,17.73,18361.58,Car,Kochi
LN001933,CU000860,01/06/2024,60783,24,14.09,2920.95,Two Wheeler,Thrissur
LN000632,CU003863,19-03-2024,59145,24,11.02,2757.17,commercial vehicle,Kochi
LN003536,CU002807,26 Oct 2022,184455,36,13.67,6274.71,commercial vehicle,Coimbatore
LN004818,CU003644,20 May 2022,70993,36,15.69,2485.05,Two Wheeler,Coimbatore
LN003822,CU004571,14/02/2022,"₹69,133",24,17.13,3422.41,Tractor,Ahmedabad
LN003772,CU004546,2021-03-05,"₹116,447",24,11.86,5473.95,Two-Wheeler,Delhi NCR
LN004494,CU001988,21 May 2021,96658,36,11.86,3203.97,commercial vehicle,Coimbatore
LN002987,CU003396,2022-06-11,92799,24,15.55,4523.8,TWO WHEELER,  Mumbai 
LN004330,CU000572,20-04-2021,166292,12,11.77,14756.96,CV,Thrissur
LN004468,CU001016,14 Nov 2021,212090,36,10.16,6859.49,CAR,Chennai
LN000406,CU000770,10/10/2022,182312,24,9.73,8390.07,Car,Hyderabad
LN004558,CU003682,03/29/2023,"₹238,176",12,15.46,21549.1,two wheeler,Coimbatore
LN002088,CU002829,10/03/2024,147454,36,10.07,4762.77,Car,Bangalore
LN002865,CU000036,2023-03-01,136763,36,18.05,4947.74,Commercial Vehicle,Kochi
LN000527,CU003032,01-04-2023,214044,24,16.31,10511.99,tractor,Mumbai
LN003910,CU000787,03 Apr 2024,123156,36,15.07,4273.47,Car ,Thrissur
LN002783,CU002564,19 Nov 2021,192762,36,15.88,6765.53,two wheeler,Kolkata
LN001289,CU000843,2023-06-12,161202,36,10.29,5223.51,commercial vehicle,Thrissur
LN001826,CU000533,30/01/2022,177361,24,14.02,8517.29,TWO WHEELER,Ahmedabad
LN004713,CU000824,04 Aug 2021,169116,48,9.56,4253.57,2 Wheeler,Kolkata
LN003977,CU002775,14/09/2023,155610,36,16.98,5546.37,CV,Bangalore
LN000857,CU002161,04/10/2024,166371,24,16.46,8182.66,2 Wheeler,Delhi NCR
LN000558,CU003870,30/08/2022,166349,36,14.71,5742.95,2 Wheeler,Kochi
LN003040,CU004463,16-12-2022,"₹152,398",48,13.77,4146.94,Two Wheeler,Chennai
LN004443,CU000508,2023-11-06,"₹266,725",60,15.9,6472.07,CV,  Kozhikode 
LN003520,CU001834,23/05/2022,286422,48,17.87,8394.2,Car,Pune
LN001435,CU003500,08/09/2023,151553,24,18.17,7578.6,2 Wheeler,Kozhikode
LN003168,CU002123,2022-05-26,170945,36,15.91,6002.33,Two Wheeler,Pune
LN004255,CU003121,04 Aug 2023,160404,36,14.31,5506.41,Two-Wheeler,Coimbatore
LN003606,CU001688,22-11-2021,"₹197,003",48,10.7,5062.99,CV,Kochi
LN003426,CU002068,28/11/2023,48524,24,16.29,2382.62,Commercial Vehicle,Kochi
LN004015,CU000966,10 Feb 2024,122489,36,10.17,3962.16,Two Wheeler,Hyderabad
LN004656,CU000409,05/27/2024,333907,48,10.85,8605.7,Two-Wheeler,Bangalore
LN001021,CU003981,10/05/2021,64677,36,14.59,2229.09,Car,Delhi NCR
LN003472,CU004597,04/09/2022,60934,36,10.76,1987.98,TRACTOR,Mumbai
LN000512,CU003690,14/06/2023,159685,24,15.29,7764.61,Two Wheeler,Kozhikode
LN002784,CU002517,06/20/2024,"₹212,956",48,12.33,5642.51,Car ,Bangalore
LN004723,CU003765,02-08-2022,115073,60,14.19,2688.9,TWO WHEELER,Kozhikode
LN001887,CU002136,07-07-2023,"₹112,855",36,10.18,3651.06,Car,Thrissur
LN003666,CU003624,12/09/2023,"₹251,175",48,17.6,7325.87,CAR,Hyderabad
LN001799,CU001690,18/03/2022,348352,24,17.32,17276.92,two wheeler,Kolkata
LN001149,CU001920,19-06-2021,91323,36,12.65,3061.66,CAR,Hyderabad
LN002108,CU003696,29-03-2023,89514,24,16.21,4391.87,commercial vehicle,Kozhikode
LN001563,CU002656,07/12/2021,168865,12,12.08,15009.77,Commercial  Vehicle,Thrissur
LN001744,CU004379,07/28/2021,360830,24,12.78,17117.25,Two Wheeler,Kochi
LN000607,CU004260,23/03/2023,115770,36,12.84,3891.83,Two Wheeler,Kozhikode
LN002596,CU003789,29 Nov 2023,"₹69,025",36,17.54,2479.52,two wheeler,Ahmedabad
LN003764,CU002757,14 Jan 2022,"₹45,771",24,14.31,2204.31,Two-Wheeler,Bangalore
LN001332,CU002397,10/15/2021,200881,36,14.02,6867.59,two wheeler,Pune
LN004424,CU003431,18 Dec 2023,125961,48,11.47,3284.35,2 Wheeler,Delhi NCR
LN001182,CU002758,19 May 2022,177872,24,14.28,8563.69,Two Wheeler,Kolkata
LN003078,CU000036,2021-03-04,136825,24,11.57,6413.39,TWO WHEELER,Coimbatore
LN003317,CU000848,04/23/2021,84997,12,17.63,7777.57,2 Wheeler,Ahmedabad
LN001770,CU002728,29-10-2023,229214,24,18.03,11446.63,tractor,Bangalore
LN001756,CU000439,2023-03-14,"₹102,987",12,12.68,9183.06,commercial vehicle,Delhi NCR
LN004305,CU001769,11 Feb 2022,287580,60,15.47,6912.66,Car ,Kozhikode
LN001346,CU002989,03 Jun 2024,69893,24,13.89,3352.13,Commercial  Vehicle,Hyderabad
LN000511,CU000034,2021-05-30,"₹234,046",36,16.08,8237.61,Tractor,Chennai
LN001677,CU003042,15/06/2021,"₹111,324",12,15.19,10057.9,Two Wheeler,Thrissur
LN002062,CU004498,13-09-2022,"₹110,749",36,9.53,3549.17,TWO WHEELER,Coimbatore
LN004906,CU001699,2024-04-30,278083,60,10.38,5960.57,Car,Chennai
LN000457,CU000075,17-09-2023,144778,48,17.37,4205.34,CAR,Pune
LN001809,CU001923,08/06/2023,458341,48,17.62,13372.93,TWO WHEELER,Pune
LN002560,CU003649,02-05-2024,57699,24,17.6,2869.43,Two Wheeler,Chennai
LN000757,CU001804,07/05/2022,205421,48,18.09,6043.91,car,Kolkata
LN002379,CU003195,03/22/2024,94524,24,17.24,4684.39,Two-Wheeler,Bangalore
LN002864,CU003314,08 Sep 2022,"₹147,047",36,15.33,5121.23,Car ,Thrissur
LN001066,CU004527,24-10-2022,71243,36,17.52,2558.48,TWO WHEELER,Pune
LN001266,CU000400,20/03/2022,76043,36,12.39,2539.9,CAR,Delhi NCR
LN002606,CU000415,04-03-2021,215079,48,12.29,5694.53,Two Wheeler,Kozhikode
LN001820,CU004217,23-05-2023,173713,48,17.26,5035.89,Two Wheeler,Coimbatore
LN000692,CU002644,2021-04-11,157601,24,11.44,7377.68,two wheeler,Bangalore
LN003918,CU002928,2024-06-11,204022,24,17.85,10170.83,Commercial Vehicle,Pune
LN004269,CU002750,09/24/2022,153803,36,18.17,5573.47,2 Wheeler,Coimbatore
LN000502,CU001045,27 Sep 2021,"₹106,191",36,15.27,3695.2,Car,Kozhikode
LN002169,CU000528,08/20/2022,"₹150,880",36,12.08,5017.14,CAR,Delhi NCR
LN004165,CU004066,17-01-2023,199523,12,12.29,17754.46,2 Wheeler,Kozhikode
LN001039,CU001193,04/12/2021,127647,36,15.12,4432.43,car,Coimbatore
LN001022,CU001153,16/01/2021,97899,24,15.54,4771.95,2 Wheeler,  Ahmedabad 
LN000358,CU000341,23/03/2023,137900,60,15.16,3292.22,Car ,Hyderabad
LN004215,CU001848,10/02/2023,70738,36,10.7,2305.83,Two Wheeler,Mumbai
LN001509,CU001625,31 Aug 2022,350184,36,15.95,12302.79,CV,Delhi NCR
LN000211,CU004491,2022-05-23,68907,36,18.1,2494.61,Two-Wheeler,Bangalore
LN003911,CU000274,20/05/2024,327565,48,16.34,9340.42,2 Wheeler,Kochi
LN002082,CU003295,12/16/2021,99718,60,10.62,2149.26,two wheeler,Coimbatore
LN000737,CU002457,15/07/2022,332563,48,11.62,8695.74,2 Wheeler,Coimbatore
LN003899,CU000439,03/11/2021,96332,24,18.41,4828.39,CV,Kozhikode
LN003676,CU000969,28/07/2021,260410,48,16.19,7405.46,CV,Mumbai
LN004588,CU000391,07/26/2022,259241,36,10.26,8396.66,Tractor,Chennai
LN004705,CU001609,2021-10-06,144288,36,12.4,4820.04,2 Wheeler,Ahmedabad
LN000717,CU003018,16-09-2022,84173,36,18.14,3048.97,two wheeler,Coimbatore
LN002575,CU003687,08/01/2021,204830,48,14.85,5685.01,Car ,Mumbai
LN002538,CU001206,11/23/2021,88945,36,10.13,2875.44,commercial vehicle,Kozhikode
LN000904,CU001072,2023-02-17,85728,36,10.89,2802.16,CAR,Kochi
LN001335,CU000009,19/05/2024,208863,36,15.94,7336.82,Car,Kochi
LN003785,CU000174,05 Jul 2023,71961,24,9.93,3318.31,TRACTOR,Kochi
LN004275,CU004392,02/02/2024,205735,48,17.65,6005.9,TWO WHEELER,Hyderabad
LN002281,CU003281,04/29/2024,90640,24,15.3,4407.76,Car,Ahmedabad
LN001103,CU000236,2023-02-26,195612,12,15.51,17702.72,Two-Wheeler,Chennai
LN001031,CU004310,2022-01-30,105159,48,13.33,2838.41,car,Pune
LN002483,CU001066,02/09/2024,233554,24,14.95,11318.7,Two-Wheeler,Kolkata
LN004363,CU000246,05/26/2023,93741,60,12.38,2103.26,TRACTOR,Mumbai
LN004530,CU001383,30/09/2022,98895,60,14.95,2350.11,two wheeler,Hyderabad
LN001669,CU001061,15/06/2021,145533,36,12.14,4843.52,2 Wheeler,Mumbai
LN002639,CU000087,29 Mar 2021,165723,36,14.5,5704.35,Two-Wheeler,  Kozhikode 
LN001107,CU000504,05/05/2022,119378,36,9.79,3840.23,TWO WHEELER,Bangalore
LN002753,CU004127,10-04-2021,73956,36,12.07,2458.87,car,Coimbatore
LN002715,CU003978,18 Nov 2023,155017,60,11.92,3442.0,Two Wheeler,Delhi NCR
LN001625,CU001785,2023-08-02,117588,60,14.83,2786.93,two wheeler,Hyderabad
LN001384,CU002989,27/10/2021,98098,36,9.52,3143.29,TWO WHEELER,Delhi NCR
LN002406,CU002264,2023-11-20,92510,12,15.12,8355.04,two wheeler,Kochi
LN004678,CU000251,05/22/2021,189177,36,16.77,6723.04,Car ,Kochi
LN004795,CU001581,16 Dec 2022,"₹175,011",36,15.19,6083.11,2 Wheeler,Mumbai
LN000945,CU004460,06 Jul 2021,"₹103,157",48,17.21,2987.82,2 Wheeler,Thrissur
LN003473,CU003586,13/06/2021,79750,36,,2601.1,Car,Kozhikode
LN002754,CU003596,06/03/2022,82564,48,15.8,2331.44,TWO WHEELER,Kolkata
LN000508,CU000855,06 Nov 2022,"₹90,490",48,13.89,2467.78,commercial vehicle,Kolkata
LN003505,CU002706,23 Dec 2022,203182,24,,9906.73,car,Delhi NCR
LN002004,CU002905,18-05-2021,"₹63,155",24,10.01,2914.57,TWO WHEELER,Bangalore
LN001789,CU001986,2021-01-18,177503,36,12.14,5907.52,TWO WHEELER,Ahmedabad
LN002883,CU000569,2023-08-16,59144,36,13.83,2016.52,Commercial Vehicle,Kochi
LN001121,CU004437,29-12-2021,199950,48,15.47,5612.51,CAR,Thrissur
LN002347,CU002807,24 Jun 2021,"₹99,529",36,14.09,3406.02,Car,Bangalore
LN004896,CU000615,03/23/2021,87212,24,13.77,4177.83,two wheeler,Ahmedabad
LN002222,CU003038,26 Mar 2023,"₹238,675",48,11.9,6273.52,car,Ahmedabad
LN002505,CU000954,31 Mar 2024,226384,36,13.29,7659.43,Two-Wheeler,Coimbatore
LN000773,CU003144,05/20/2022,108451,12,10.96,9583.06,Two Wheeler,Ahmedabad
LN001696,CU003915,10/08/2022,"₹216,640",12,14.8,19533.12,car,Kochi
LN003337,CU003878,05/07/2022,59856,48,14.06,1637.46,Tractor,Coimbatore
LN001220,CU002207,11/10/2021,139796,48,11.36,3637.59,Two-Wheeler,Thrissur
LN004512,CU002322,11/07/2023,87618,36,15.08,3040.74,Two-Wheeler,Delhi NCR
LN004566,CU001760,29 Apr 2023,139877,48,11.57,3654.04,Car,Bangalore
LN001557,CU004063,04/03/2022,107495,36,14.95,3723.72,Two-Wheeler,Delhi NCR
LN004162,CU000375,26-02-2022,282900,36,18.5,10298.61,2 Wheeler,Coimbatore
LN001540,CU000040,07 Sep 2022,"₹210,239",60,17.76,5311.28,TWO WHEELER,Pune
LN004587,CU004014,25/04/2024,"₹204,937",36,17.49,7356.64,Two Wheeler,Kozhikode
LN003113,CU003858,30-08-2021,207143,36,16.24,7307.1,two wheeler,Delhi NCR
LN004869,CU002026,01 Mar 2023,76373,48,15.98,2163.65,Two Wheeler,Ahmedabad
LN002036,CU003087,02/08/2023,54058,36,18.37,1964.37,car,Pune
LN003935,CU004443,13 Sep 2022,83796,24,12.68,3971.23,two wheeler,Kozhikode
LN000228,CU000552,09/17/2022,"₹172,180",48,12.5,4576.54,Tractor,Kozhikode
LN003303,CU003867,03/28/2024,72178,48,11.23,1873.55,CAR,Pune
LN002272,CU003982,2024-05-09,46705,60,13.94,1085.29,2 Wheeler,Mumbai
LN002699,CU004395,17 Jan 2023,"₹77,724",24,17.49,3861.18,TWO WHEELER,Kozhikode
LN004220,CU002114,2021-12-08,166415,24,11.98,7832.18,Car,Thrissur
LN004471,CU001617,09-05-2021,132205,24,,6091.44,CAR,Mumbai
LN002378,CU002456,30 Jul 2021,143332,48,17.92,4204.39,CAR,Delhi NCR
LN002703,CU002562,27/03/2021,"₹179,244",36,14.71,6188.13,Car ,Mumbai
LN000884,CU001235,09/02/2022,270523,36,9.6,8678.3,TWO WHEELER,Thrissur
LN001001,CU001810,30-04-2021,109923,24,12.04,5176.51,commercial vehicle,Kochi
LN001209,CU000178,2022-09-21,"₹101,724",12,14.25,9145.47,Two-Wheeler,Hyderabad
LN001666,CU002509,23-09-2023,106566,12,,9597.36,Two Wheeler,Hyderabad
LN001094,CU001154,29 May 2022,93568,48,15.96,2649.83,Tractor,Chennai
LN003981,CU000776,15 Jan 2024,122793,48,14.15,3364.75,Two Wheeler,Thrissur
LN004399,CU000211,29-08-2021,154319,36,17.25,5521.11,Commercial Vehicle,Chennai
LN000436,CU001177,2024-05-21,54175,36,14.94,1876.4,Two-Wheeler,Kozhikode
LN002452,CU000161,11/30/2022,"₹77,625",12,10.2,6831.69,Two Wheeler,Mumbai
LN003010,CU002433,05/29/2021,"₹176,963",24,11.7,8305.49,Two-Wheeler,Delhi NCR
LN003342,CU001369,12/11/2022,"₹122,265",48,15.92,3460.02,CV,Chennai
LN002427,CU002830,2023-04-22,296844,24,14.33,14298.66,tractor,Delhi NCR
LN002334,CU001053,06/02/2022,94632,24,16.33,4648.41,N/A,Chennai
LN001758,CU001698,27-01-2021,66940,48,10.72,1721.01,two wheeler,Ahmedabad
LN004373,CU001060,2023-09-09,132486,36,10.0,4274.95,two wheeler,Chennai
LN001719,CU001867,2023-04-03,"₹163,354",36,15.81,5727.73,commercial vehicle,Kozhikode
LN003121,CU003629,20-10-2022,165033,48,15.51,4635.77,2 Wheeler,Ahmedabad
LN000579,CU002971,03/09/2023,73863,60,13.37,1694.63,Two-Wheeler,Kolkata
LN001688,CU003402,17-10-2021,196687,36,16.38,6951.89,Two Wheeler,  Hyderabad 
LN001634,CU001455,01/13/2021,56162,36,17.61,2019.42,Two Wheeler,Chennai
LN001411,CU000415,27/06/2024,120265,48,18.04,3535.3,TWO WHEELER,Kozhikode
LN002063,CU002563,2022-10-17,306656,60,17.71,7738.75,car,Ahmedabad
LN001084,CU004521,2021-04-30,69545,36,9.94,2242.06,CV,Chennai
LN004378,CU002013,19 Jun 2021,309953,12,15.31,28021.19,Commercial  Vehicle,Hyderabad
LN002109,CU002795,03/27/2021,162539,60,15.44,3904.43,Two-Wheeler,Kozhikode
LN004458,CU003409,04/08/2023,104076,12,17.78,9530.79,Car ,Mumbai
LN001541,CU000190,14/01/2022,293889,24,12.36,13883.84,2 Wheeler,Delhi NCR
LN004386,CU002804,13-11-2021,329471,36,15.38,11482.63,two wheeler,Hyderabad
LN004111,CU000760,21/03/2022,327597,36,16.78,11643.89,2 Wheeler,Ahmedabad
LN004151,CU000669,23/07/2022,92868,36,11.41,3058.44,car,Mumbai
LN000070,CU003710,09/01/2023,107590,12,15.38,9730.19,Two-Wheeler,Kozhikode
LN001926,CU000400,2022-03-19,152942,24,10.44,7088.6,TWO WHEELER,Hyderabad
LN001030,CU003859,01 Nov 2022,150163,36,17.53,5393.41,Commercial Vehicle,Chennai
LN000924,CU002394,07-03-2024,"₹217,058",24,17.72,10807.08,two wheeler,Ahmedabad
LN004058,CU004372,13-08-2022,300486,60,11.71,6640.19,2 Wheeler,Ahmedabad
LN002616,CU001892,19-04-2021,"₹76,463",12,16.63,6960.37,CAR,Kolkata
LN002949,CU001578,02/25/2024,116043,48,16.3,3306.55,N/A,Mumbai
LN001923,CU004127,26-01-2023,150491,24,12.2,7098.2,Two-Wheeler,Chennai
LN001412,CU001886,12/04/2021,173461,48,10.42,4434.49,Tractor,Mumbai
LN000220,CU002061,30 May 2024,79649,36,9.52,2552.14,car,Bangalore
LN000157,CU003826,19 Jul 2022,98183,48,17.99,2883.61,Car ,Thrissur
LN001324,CU001955,10/01/2021,283525,24,16.2,13909.38,two wheeler,Delhi NCR
LN003883,CU000008,04/19/2022,138850,36,11.79,4597.89,commercial vehicle,Delhi NCR
LN001950,CU002902,25-01-2022,214773,36,14.32,7373.86,Two Wheeler,Ahmedabad
LN004480,CU004574,16-03-2022,"₹87,924",36,13.67,2990.96,car,Bangalore
LN001490,CU001378,2021-03-27,398539,36,13.32,13489.86,N/A,Kochi
LN000746,CU002850,02-03-2021,"₹59,930",36,16.66,2126.54,Two-Wheeler,Kolkata
LN002034,CU004539,08/02/2023,"₹113,454",60,10.17,2420.06,2 Wheeler,Pune
LN000407,CU000443,12-12-2022,"₹152,132",60,14.44,3574.64,Commercial Vehicle,Delhi NCR
LN000247,CU000279,01/28/2023,234450,48,13.83,6386.72,Commercial  Vehicle,Hyderabad
LN003228,CU004415,2024-05-25,"₹181,094",36,13.61,6155.12,car,Coimbatore
LN001977,CU000645,05/13/2024,106929,60,10.13,2278.77,N/A,Kozhikode
LN001783,CU004441,21/03/2023,137748,36,13.04,4643.93,car,Bangalore
LN001815,CU000253,19/11/2021,"₹118,419",48,14.6,3271.73,Two-Wheeler,Kozhikode
LN000630,CU004118,01-04-2024,61159,36,17.69,2201.55,two wheeler,Kochi
LN000350,CU000112,10/10/2021,"₹106,432",24,14.99,5160.03,TWO WHEELER,Kozhikode
LN004192,CU001267,04/09/2021,159844,24,12.19,7538.6,commercial vehicle,Chennai
LN004523,CU003794,2024-02-19,"₹239,285",24,14.34,11527.23,Two-Wheeler,Bangalore
LN004790,CU002231,12-04-2022,156190,36,15.65,5464.23,Commercial  Vehicle,Kolkata
LN002708,CU001556,2022-03-18,134620,48,10.07,3418.84,commercial vehicle,Kozhikode
LN002788,CU003386,05/03/2023,84957,36,16.51,3008.27,Car ,Chennai
LN001257,CU003035,2023-05-09,149856,36,14.48,5156.73,2 Wheeler,Mumbai
LN004508,CU001935,2024-01-18,"₹69,198",60,11.39,1518.03,car,Delhi NCR
LN003938,CU001937,2023-07-01,205682,36,11.16,6749.36,two wheeler,Mumbai
LN001648,CU000366,06/04/2021,"₹155,640",24,14.03,7474.93,two wheeler,Bangalore
LN004611,CU002356,26 Nov 2022,125229,24,10.91,5831.42,Tractor,Bangalore
LN000830,CU001257,2021-02-25,145345,36,10.52,4725.44,Car,  Hyderabad 
LN004612,CU003768,14 Aug 2021,"₹83,539",24,9.73,3844.5,2 Wheeler,Mumbai
LN002382,CU002692,04/01/2023,320190,36,14.35,10997.84,tractor,Mumbai
LN001115,CU003565,15/03/2023,"₹76,476",48,13.83,2083.3,car,Chennai
LN003095,CU004123,2024-01-28,167127,36,10.09,5399.78,Two Wheeler,  Bangalore 
LN004620,CU001816,17/02/2022,215160,48,13.36,5810.72,Two Wheeler,Hyderabad
LN000976,CU001746,13-06-2023,141907,48,18.39,4197.49,car,Ahmedabad
LN004748,CU001958,2021-03-18,202885,60,9.63,4273.86,Two Wheeler,Bangalore
LN001781,CU001493,2022-01-20,"₹125,886",24,15.99,6163.17,2 Wheeler,Hyderabad
LN000362,CU003514,29/06/2022,161379,24,17.45,8013.88,Two-Wheeler,Kochi
LN002401,CU001408,03/04/2023,222837,24,16.01,10911.86,TWO WHEELER,Kochi
LN001902,CU002547,04 Apr 2021,100589,24,12.85,4775.1,CAR,  Chennai 
LN004765,CU001811,2021-06-19,198676,24,15.64,9693.66,TWO WHEELER,Ahmedabad
LN003436,CU001541,09-05-2021,46493,60,17.54,1169.01,car,Thrissur
LN001159,CU000479,2022-12-07,109784,36,11.86,3639.06,2 Wheeler,Chennai
LN001410,CU004455,05/14/2024,146835,24,14.83,7107.68,two wheeler,Chennai
LN001413,CU001808,06/28/2023,168498,24,17.97,8409.67,Two-Wheeler,Hyderabad
LN001721,CU001484,2021-10-24,"₹173,035",24,15.62,8440.95,TWO WHEELER,Kozhikode
LN000340,CU000465,26-12-2023,99898,48,17.16,2890.84,2 Wheeler,Coimbatore
LN004105,CU001823,28-06-2022,138245,36,15.91,4854.14,car,Kozhikode
LN004556,CU002175,07/11/2022,262488,36,15.99,9227.0,Commercial Vehicle,Pune
LN004056,CU003630,06/02/2023,139807,24,12.51,6614.55,TWO WHEELER,Chennai
LN002228,CU000530,07/24/2023,252178,36,10.89,8242.85,Two Wheeler,Ahmedabad
LN000115,CU002523,2024-06-04,60428,36,16.03,2125.36,Car ,  Mumbai 
LN004013,CU002606,10/02/2023,126750,12,16.17,11510.34,CAR,  Coimbatore 
LN000711,CU001313,2024-05-16,166986,24,,8245.74,Car ,Kozhikode
LN002403,CU003469,2024-03-16,"₹97,312",48,10.15,2475.1,2 Wheeler,Kozhikode
LN002439,CU003177,28 Jul 2022,162454,36,12.36,5423.77,Two-Wheeler,Bangalore
LN004063,CU001139,11 Dec 2023,315454,36,,10606.11,Two-Wheeler,Coimbatore
LN003316,CU000323,10-09-2023,"₹168,520",36,17.17,6022.47,car,Ahmedabad
LN001155,CU002423,12/24/2022,123755,12,9.77,10866.8,car,Bangalore
LN001769,CU002424,2023-01-31,"₹96,918",36,13.93,3309.13,commercial vehicle,Delhi NCR
LN004826,CU000888,2023-03-13,270264,36,10.02,8723.2,N/A,Bangalore
LN002327,CU001257,10/03/2023,138567,24,15.4,6745.01,CAR,Kochi
LN002516,CU001874,23 Apr 2024,109392,48,13.35,2953.75,2 Wheeler,Chennai
LN004670,CU004521,2022-04-04,162704,36,12.56,5447.72,Car ,Bangalore
LN001813,CU001378,2022-08-31,63645,24,10.34,2946.89,two wheeler,Delhi NCR
LN003512,CU003380,02/19/2021,237405,24,10.19,10975.87,Commercial  Vehicle,Coimbatore
LN002450,CU001780,28 Aug 2021,189416,36,10.99,6200.34,2 Wheeler,Delhi NCR
LN002301,CU001279,13 Aug 2021,"₹103,575",24,10.68,4812.03,two wheeler,Kozhikode
LN003813,CU001408,31 Jan 2023,"₹113,735",36,13.96,3884.98,Car,Ahmedabad
LN001288,CU001673,2023-09-18,112598,24,15.93,5509.38,2 Wheeler,Kozhikode
LN004595,CU004332,2022-07-02,143003,24,11.42,6692.98,TRACTOR,Pune
LN001165,CU000608,2021-05-03,306558,36,10.12,9909.04,Two-Wheeler,Chennai
LN003115,CU001076,31-12-2021,"₹40,981",36,17.02,1461.49,Tractor,Kolkata
LN003242,CU003537,05 Aug 2023,233319,36,17.36,8360.32,Two Wheeler,Kochi
LN002611,CU001045,2022-08-13,113169,36,16.86,4026.9,car,Chennai
LN002322,CU002196,02 Dec 2023,"₹113,909",36,10.3,3691.59,Car ,  Kochi 
LN003632,CU000539,07/16/2022,127712,36,,4463.54,2 Wheeler,Coimbatore
LN004012,CU003036,2021-05-31,161916,24,9.71,7449.95,TWO WHEELER,Hyderabad
LN000866,CU001455,25-02-2023,52670,12,17.46,4815.26,Two Wheeler,Hyderabad
LN001467,CU001140,04/23/2024,167558,36,12.8,5629.56,TWO WHEELER,Pune
LN002091,CU003735,04/11/2021,126684,36,11.12,4154.67,CAR,Kozhikode
LN002459,CU003873,15/03/2023,215429,24,13.34,10276.33,commercial vehicle,Mumbai
LN003889,CU003619,28-08-2022,"₹102,989",36,11.6,3401.07,Commercial  Vehicle,Bangalore
LN003402,CU003506,23 Jun 2024,176019,36,13.48,5971.55,Commercial  Vehicle,Delhi NCR
LN004685,CU002112,09/07/2022,200329,12,18.18,18383.33,CAR,Kochi
LN001175,CU003102,25-11-2023,283436,12,17.76,25953.05,two wheeler,Kozhikode
LN002836,CU000520,03 Apr 2021,67044,48,14.52,1849.61,Two-Wheeler,Bangalore
LN001436,CU000806,09-11-2023,111843,36,15.95,3929.31,TRACTOR,Ahmedabad
LN000903,CU004073,03-03-2022,219698,48,15.63,6184.75,N/A,  Ahmedabad 
LN001456,CU003905,11/09/2023,100750,36,16.72,3577.99,N/A,Ahmedabad
LN004971,CU003539,2022-11-16,186037,36,13.71,6332.13,CAR,Kolkata
LN004282,CU002225,14 Oct 2023,263497,24,13.5,12589.1,commercial vehicle,Kochi
LN000355,CU001771,03/07/2023,175238,24,17.34,8692.82,Car ,Delhi NCR
LN004066,CU002623,04/07/2024,150234,48,17.53,4376.31,Commercial Vehicle,Kochi
LN003440,CU004000,01/11/2024,141623,60,15.45,3402.75,car,Kochi
LN004979,CU002495,05 Jun 2021,"₹82,640",36,10.24,2675.88,Two Wheeler,Kozhikode
LN004789,CU002659,2021-02-03,286287,12,14.22,25734.53,Car ,Hyderabad
LN000516,CU001324,30/11/2022,"₹52,772",48,10.16,1342.49,CV,Hyderabad
LN004726,CU004064,01/01/2023,125003,36,10.95,4089.48,Car ,Thrissur
LN004564,CU003924,20/05/2023,89049,60,13.35,2042.13,Commercial  Vehicle,Mumbai
LN003371,CU000797,27/08/2021,"₹256,044",12,14.07,22997.89,TWO WHEELER,Thrissur
LN003901,CU001200,2023-08-16,115921,12,,10572.55,TRACTOR,Bangalore
LN000700,CU002479,01/07/2022,180943,12,13.39,16194.46,Two Wheeler,Pune
LN002298,CU004005,01/18/2024,380781,24,13.52,18196.17,Car,Hyderabad
LN002044,CU001042,27/05/2024,173133,48,10.18,4406.08,2 Wheeler,Chennai
LN001375,CU004031,2021-07-02,104757,24,12.51,4956.26,tractor,Kolkata
LN002647,CU002129,18-04-2021,64640,12,15.34,5844.67,commercial vehicle,Kozhikode
LN004049,CU004568,28/03/2022,162693,24,12.78,7717.92,car,Coimbatore
LN001012,CU000185,29-03-2021,98611,60,17.83,2494.96,Two-Wheeler,Thrissur
LN002992,CU002533,01-04-2022,137570,12,14.08,12357.19,CV,  Bangalore 
LN003195,CU001949,05-10-2022,69614,12,12.24,6192.94,Two Wheeler,Kozhikode
LN001301,CU004417,05/18/2021,183932,48,18.22,5424.17,CAR,Kolkata
LN004360,CU004138,24/01/2021,196385,24,17.02,9711.61,CAR,Ahmedabad
LN003973,CU003408,2023-04-02,168209,36,16.36,5943.67,commercial vehicle,Kochi
LN004195,CU004401,12/04/2021,100996,36,14.97,3499.58,Commercial Vehicle,Ahmedabad
LN003962,CU001004,06/17/2021,97511,24,14.8,4718.72,Commercial  Vehicle,Hyderabad
LN002160,CU002667,2024-03-23,"₹281,979",36,16.29,9953.96,Car,Ahmedabad
LN003534,CU002791,2024-03-09,172406,24,13.3,8220.81,Commercial Vehicle,Pune
LN004735,CU003063,11-06-2024,365677,48,13.23,9851.99,TWO WHEELER,Kolkata
LN004005,CU004553,12/16/2022,47716,60,16.97,1185.1,Commercial Vehicle,Hyderabad
LN000149,CU001306,04/04/2023,138222,60,15.87,3351.75,Commercial  Vehicle,Chennai
LN004316,CU002110,03/02/2021,86123,36,14.63,2969.9,car,Pune
LN004683,CU001736,09 Feb 2023,228030,24,12.72,10811.0,CAR,Mumbai
LN004716,CU000231,03 Oct 2023,120882,36,10.53,3930.67,two wheeler,Ahmedabad
LN000531,CU003510,28/06/2023,"₹320,778",60,18.45,8224.38,2 Wheeler,Kolkata
LN000987,CU001785,10 Nov 2022,124535,12,9.75,10934.13,car,Kochi
LN004262,CU002981,09 Nov 2023,44749,24,17.1,2214.64,car,  Hyderabad 
LN004324,CU003229,04/06/2023,123609,24,9.56,5678.86,CAR,Kozhikode
LN004349,CU000698,15 Jan 2024,154368,36,10.61,5025.35,Car,Coimbatore
LN003171,CU000444,2023-08-05,"₹45,022",24,15.97,2203.77,Car,Kolkata
LN004833,CU004216,03/27/2021,217681,48,11.56,5685.46,Commercial Vehicle,Kolkata
LN004524,CU001364,11/10/2023,97397,48,10.9,2512.55,Two-Wheeler,Kolkata
LN004801,CU002011,28-01-2023,80575,36,12.79,2706.75,two wheeler,Ahmedabad
LN001942,CU002008,15/03/2023,"₹103,498",36,11.64,3419.85,Car ,Ahmedabad
LN002659,CU001823,16-11-2022,"₹116,263",48,13.69,3159.01,CV,Ahmedabad
LN002872,CU004374,19 May 2024,59368,48,17.81,1738.05,2 Wheeler,Hyderabad
LN001293,CU003851,01 Mar 2023,"₹185,847",24,13.75,8901.12,two wheeler,Ahmedabad
LN000359,CU001956,08 Jun 2023,61831,36,16.78,2197.68,TWO WHEELER,Kochi
LN002786,CU002278,06/08/2021,149543,36,11.53,4933.46,TWO WHEELER,Ahmedabad
LN002341,CU003699,06/25/2022,"₹144,318",24,12.7,6840.82,Car ,Coimbatore
LN003225,CU003342,2022-03-11,105734,12,15.38,9562.34,car,Kozhikode
LN000034,CU001379,03/25/2022,82364,60,9.96,1748.37,Two-Wheeler,Mumbai
LN000330,CU002774,23/02/2024,106084,60,14.02,2469.49,TWO WHEELER,Kochi
LN003524,CU000139,2021-08-28,224054,24,13.22,10675.1,Tractor,Pune
LN004412,CU002941,06/28/2023,102449,48,13.02,2749.47,Two Wheeler,Ahmedabad
LN004031,CU002817,12/01/2021,170870,48,9.59,4300.14,Two-Wheeler,Thrissur
LN004054,CU000132,18 Aug 2022,129709,24,14.83,6278.68,Car ,Kolkata
LN001537,CU001129,11/18/2022,"₹144,380",36,18.04,5222.58,CV,  Delhi NCR 
LN001888,CU002759,2023-03-15,"₹82,335",24,16.61,4055.42,Two Wheeler,Ahmedabad
LN004485,CU000751,03/03/2021,"₹396,455",24,11.64,18595.93,CV,  Delhi NCR 
LN001387,CU001364,18-10-2023,"₹82,567",36,,2780.42,commercial vehicle,  Coimbatore 
LN002157,CU003271,07/25/2022,219290,60,12.3,4911.29,two wheeler,Pune
LN003424,CU001967,05/08/2021,"₹157,051",36,13.14,5302.27,Commercial  Vehicle,Ahmedabad
LN003739,CU002363,22/12/2021,147890,36,15.52,5164.4,commercial vehicle,Coimbatore
LN000687,CU002550,23 Jan 2023,"₹169,188",60,15.72,4089.2,Two-Wheeler,Delhi NCR
LN001262,CU000008,08-06-2021,84551,36,14.49,2909.92,Two-Wheeler,  Thrissur 
LN004266,CU003637,2024-06-19,"₹313,024",36,10.78,10215.42,2 Wheeler,Bangalore
LN002884,CU002019,2023-04-11,113723,60,11.18,2482.83,Car,Thrissur
LN001406,CU000030,27/09/2022,96443,48,16.84,2774.89,Two Wheeler,Delhi NCR
LN000693,CU003282,03 Jan 2024,181796,36,12.18,6053.87,TRACTOR,Ahmedabad
LN003167,CU003204,05-03-2021,"₹91,912",60,11.42,2017.7,Commercial  Vehicle,Kozhikode
LN003016,CU002588,12/11/2022,"₹120,533",36,10.17,3898.89,commercial vehicle,Thrissur
LN003750,CU000679,12/01/2022,94773,36,15.06,3288.12,Two Wheeler,Delhi NCR
LN003766,CU004584,2023-10-12,113042,24,17.14,5596.66,2 Wheeler,Ahmedabad
LN003824,CU002935,06/03/2022,"₹55,003",36,16.27,1941.08,commercial vehicle,Hyderabad
LN004884,CU001989,11/20/2021,118941,48,17.27,3448.68,2 Wheeler,Kochi
LN001764,CU003852,06/11/2024,60058,36,12.26,2002.25,CAR,Delhi NCR
LN001988,CU003782,10 Apr 2024,261439,36,10.34,8477.7,Two-Wheeler,Hyderabad
LN000674,CU004187,2024-06-11,82666,24,16.23,4056.68,TWO WHEELER,Hyderabad
LN000397,CU003668,22 Jan 2021,51602,24,,2555.78,Two Wheeler,Mumbai
LN000753,CU001144,04/10/2022,94979,24,14.12,4565.6,Car ,Kozhikode
LN004605,CU003965,09 Sep 2023,"₹210,787",36,10.6,6861.04,CAR,Kozhikode
LN003169,CU004223,05/03/2022,65889,36,11.42,2170.25,car,Kolkata
LN003211,CU000911,11/24/2021,144805,36,13.25,4896.51,car,Thrissur
LN003839,CU000279,23-02-2022,"₹74,613",36,13.35,2526.6,Commercial  Vehicle,Kozhikode
LN004417,CU000694,03/01/2024,156383,36,12.08,5200.13,Commercial  Vehicle,Chennai
LN000129,CU001901,24/02/2024,111072,36,12.87,3735.5,TWO WHEELER,Delhi NCR
LN000803,CU004210,02 Feb 2022,95965,48,13.57,2601.73,two wheeler,Kochi
LN000388,CU002705,27/03/2023,118149,36,13.11,3987.17,CV,Hyderabad
LN004964,CU003615,12-10-2022,93933,36,15.24,3267.27,Two Wheeler,Kolkata
LN001007,CU003673,26/06/2021,"₹155,548",24,12.45,7354.92,TWO WHEELER,Ahmedabad
LN000808,CU000691,27-10-2022,79180,24,13.89,3797.55,2 Wheeler,Thrissur
LN000653,CU000139,08-09-2023,"₹153,101",24,9.63,7038.72,N/A,Hyderabad
LN001671,CU000073,07/25/2023,"₹193,736",48,,5678.85,Two Wheeler,Thrissur
LN002046,CU003031,03/22/2024,128528,24,16.84,6344.84,Car,Ahmedabad
LN001894,CU002397,19-06-2022,236524,12,14.99,21347.14,two wheeler,Kolkata
LN003430,CU002454,05/10/2022,189329,24,14.49,9134.12,commercial vehicle,Bangalore
LN001153,CU002359,2022-05-17,265768,36,11.33,8742.5,CAR,Ahmedabad
LN004201,CU001361,2021-03-17,85587,60,15.39,2053.67,car,Hyderabad
LN003549,CU003066,10/04/2023,80153,24,12.08,3776.08,two wheeler,Mumbai
LN002335,CU000619,25-06-2022,"₹169,288",36,17.17,6049.91,two wheeler,Coimbatore
LN002790,CU001595,01/06/2023,407364,36,17.6,14645.57,two wheeler,Thrissur
LN002316,CU000387,05/21/2024,351146,24,12.15,16554.27,Two-Wheeler,Ahmedabad
LN004694,CU002625,22 May 2023,251357,60,13.61,5797.94,TWO WHEELER,Chennai
LN000952,CU000593,25/06/2024,302830,36,16.93,10786.17,Two-Wheeler,Kolkata
LN002414,CU002552,11/24/2022,299534,60,12.33,6713.03,N/A,Mumbai
LN004467,CU000171,2023-02-09,181373,48,14.98,5045.91,CAR,Mumbai
LN003710,CU001547,29/08/2023,"₹163,592",48,14.44,4506.58,Car ,Ahmedabad
LN001422,CU001805,05/31/2021,68241,12,12.99,6094.78,CV,Thrissur
LN000968,CU002535,02/03/2021,120724,60,12.86,2738.2,Car ,Chennai
LN004070,CU001124,12 Jan 2024,121446,24,10.35,5623.76,N/A,Hyderabad
LN000081,CU000222,03/23/2023,139910,24,16.97,6915.45,car,Ahmedabad
LN002590,CU000575,2021-12-31,123622,24,9.95,5701.68,CAR,Mumbai
LN002059,CU004365,30-06-2021,63357,24,11.41,2965.01,Commercial  Vehicle,Coimbatore
LN004139,CU002452,20-10-2022,85914,36,18.3,3118.94,TWO WHEELER,Kozhikode
LN001604,CU000524,2021-08-14,185623,48,11.06,4802.93,TRACTOR,Kozhikode
LN000666,CU001203,22-04-2024,52187,12,12.13,4639.93,Car ,Delhi NCR
LN003085,CU000030,2024-04-15,299047,36,15.55,10447.29,CV,Chennai
LN001358,CU000623,06/14/2022,108147,36,10.18,3498.75,car,Bangalore
LN001439,CU003352,2022-04-29,199442,24,16.16,9780.55,car,Hyderabad
LN003009,CU001559,26/10/2022,382987,48,11.72,10032.94,TRACTOR,Delhi NCR
LN002258,CU002154,08/05/2022,191806,48,17.2,5554.44,two wheeler,Coimbatore
LN003407,CU002114,15-07-2023,506445,36,11.34,16662.02,car,Mumbai
LN003271,CU004534,2021-04-19,81695,12,15.28,7384.45,Car,Mumbai
LN002938,CU001084,01-09-2023,136414,12,11.69,12100.44,TWO WHEELER,Kozhikode
LN003814,CU001825,10-05-2022,"₹93,740",48,16.96,2702.93,Car,Kochi
LN000203,CU004297,03/04/2023,"₹348,610",36,16.88,12408.09,car,Chennai
LN002049,CU004219,10/06/2022,145118,60,15.76,3510.51,N/A,Chennai
LN004279,CU003101,08-09-2023,161722,36,14.58,5572.94,N/A,Kolkata
LN002612,CU003322,22-02-2023,"₹90,534",24,17.27,4487.96,2 Wheeler,Kozhikode
LN001867,CU000068,25-05-2022,158560,48,14.25,4352.8,car,Kolkata
LN004634,CU000623,2021-05-26,313405,24,14.59,15134.98,commercial vehicle,Chennai
LN000759,CU001711,16-06-2023,227161,36,12.99,7652.86,commercial vehicle,Hyderabad
LN000015,CU001125,14 Feb 2022,136607,24,10.19,6315.71,Car,Kozhikode
LN003400,CU002224,06-12-2022,256257,60,10.33,5486.41,Commercial  Vehicle,Chennai
LN000814,CU003737,19/07/2021,284914,60,15.11,6794.55,CAR,Kochi
LN003832,CU001795,2023-10-16,229924,48,18.43,6805.79,2 Wheeler,Coimbatore
LN003164,CU003159,12/05/2022,283257,60,17.88,7174.39,CAR,Mumbai
LN002243,CU002158,03/07/2022,"₹158,145",36,15.49,5520.17,commercial vehicle,Coimbatore
LN000911,CU001004,08/08/2022,83853,24,15.1,4069.74,2 Wheeler,Hyderabad
LN003383,CU003430,27/06/2022,"₹209,587",60,9.89,4441.77,tractor,Chennai
LN002890,CU001655,17 Mar 2021,119560,24,14.85,5788.55,Two-Wheeler,Ahmedabad
LN004645,CU001543,25 Oct 2021,"₹122,463",12,15.73,11095.53,Commercial  Vehicle,Thrissur
LN002645,CU003700,28-10-2023,"₹98,298",24,14.96,4764.27,two wheeler,Ahmedabad
LN003218,CU001941,24 Feb 2021,105243,60,16.55,2590.16,Commercial  Vehicle,Pune
LN002630,CU002509,02-12-2021,169912,48,11.19,4407.16,TWO WHEELER,Chennai
LN004101,CU002219,13-06-2022,337449,36,11.17,11074.83,2 Wheeler,Kozhikode
LN004184,CU004552,07-08-2023,290888,36,11.87,9643.59,2 Wheeler,Mumbai
LN004389,CU000310,09/24/2021,"₹253,549",48,14.86,7038.48,2 Wheeler,Kolkata
LN003860,CU003512,06/12/2023,105902,36,14.85,3663.35,Car ,Delhi NCR
LN001860,CU001095,2024-02-10,225312,36,12.02,7485.74,commercial vehicle,Pune
LN001883,CU000183,06/07/2023,59064,36,12.21,1967.7,2 Wheeler,Kolkata
LN004557,CU003155,29 Oct 2022,115489,24,14.1,5550.42,Two Wheeler,Coimbatore
LN004370,CU003789,2022-03-13,"₹156,264",24,10.24,7228.11,Two-Wheeler,Hyderabad
LN004257,CU001487,16-03-2021,"₹116,993",48,11.86,3072.84,Commercial  Vehicle,Kolkata
LN004304,CU003069,04/16/2022,193459,36,14.42,6651.5,Commercial Vehicle,Delhi NCR
LN001389,CU000323,12-03-2021,82543,48,17.7,2411.78,CAR,Kozhikode
LN004227,CU004258,06 Oct 2023,"₹57,607",24,11.05,2686.28,TWO WHEELER,Ahmedabad
LN004271,CU004089,26-02-2022,123683,48,16.97,3566.96,TWO WHEELER,Coimbatore
LN003110,CU000154,03-05-2022,272287,36,14.3,9345.85,CV,Kochi
LN000009,CU000739,2023-06-30,321075,24,,15583.11,2 Wheeler,Hyderabad
LN004937,CU002941,07/24/2022,"₹43,558",24,14.24,2096.29,TWO WHEELER,Kozhikode
LN000311,CU002769,07/05/2021,"₹87,223",36,10.48,2834.14,CV,Hyderabad
LN004204,CU001898,13 Jul 2021,67100,12,16.33,6098.52,TRACTOR,Chennai
LN004559,CU003047,2023-08-01,"₹250,744",36,11.96,8323.5,commercial vehicle,Delhi NCR
LN002358,CU000229,02-06-2021,116571,24,11.98,5486.31,two wheeler,Mumbai
LN000862,CU003880,12 May 2022,170941,24,17.22,8469.79,car,Mumbai
LN004617,CU000713,2022-01-03,"₹98,000",24,13.35,4675.23,TWO WHEELER,Hyderabad
LN000991,CU002075,07-12-2022,"₹107,663",48,18.47,3189.1,Two Wheeler,Pune
LN004516,CU000065,19/01/2024,"₹289,190",60,16.18,7060.23,Commercial  Vehicle,Bangalore
LN000038,CU000089,05-12-2021,146802,12,13.18,13124.36,two wheeler,Pune
LN004874,CU000209,14-07-2021,"₹60,298",60,13.15,1376.6,CAR,Thrissur
LN003946,CU003195,29/07/2022,"₹54,987",36,18.03,1988.74,CV,Hyderabad
LN000007,CU001870,2023-08-07,200920,36,10.44,6524.71,Car ,Chennai
LN002943,CU001423,03/09/2023,254167,48,13.19,6842.66,2 Wheeler,Kochi
LN002747,CU000561,2024-02-24,136287,36,15.75,4774.64,Tractor,Pune
LN003245,CU000458,01-03-2022,220671,48,16.79,6343.52,TWO WHEELER,Kolkata
LN000177,CU003757,16/01/2023,173700,12,11.58,15398.93,commercial vehicle,Bangalore
LN002138,CU003350,2023-08-30,94505,36,12.59,3165.62,2 Wheeler,Bangalore
LN002045,CU002554,11/18/2021,106613,36,15.79,3737.15,car,Thrissur
LN001821,CU000534,20 Nov 2022,144955,36,18.04,5243.38,Commercial  Vehicle,Hyderabad
LN001339,CU001585,08/28/2022,225252,48,12.26,5960.54,Commercial Vehicle,Coimbatore
LN003180,CU000802,13 Aug 2023,134805,48,13.78,3668.89,CV,Ahmedabad
LN003057,CU001417,02/03/2022,312338,60,12.1,6963.58,car,Kozhikode
LN003373,CU000581,12/31/2023,"₹111,819",36,16.05,3933.99,two wheeler,Mumbai
LN003377,CU001989,02/01/2023,94568,36,13.47,3207.82,two wheeler,Kolkata
LN002544,CU000559,04/24/2021,46585,24,11.89,2190.53,2 Wheeler,Mumbai
LN001443,CU003290,12/19/2021,136247,24,12.87,6469.11,two wheeler,Kolkata
LN000405,CU000739,17-05-2023,132464,36,16.59,4695.72,2 Wheeler,Ahmedabad
LN004687,CU002425,28-12-2022,91817,24,10.67,4265.34,car,Chennai
LN002626,CU000539,2023-12-05,181939,24,16.29,8933.53,Car ,Mumbai
LN002263,CU003288,06 Jun 2022,"₹122,252",12,13.88,10969.75,Two-Wheeler,Thrissur
LN002077,CU002049,02/10/2021,211387,36,13.55,7178.59,TWO WHEELER,Kozhikode
LN001489,CU004595,02 Feb 2021,"₹59,695",48,16.14,1696.06,two wheeler,Hyderabad
LN002707,CU003774,08/06/2021,261688,36,15.41,9124.13,commercial vehicle,Mumbai
LN001893,CU000786,02/27/2023,77944,36,10.64,2538.52,Two Wheeler,Ahmedabad
LN003735,CU002768,07/08/2023,81567,60,15.81,1975.33,TWO WHEELER,Hyderabad
LN002194,CU004147,10 Mar 2021,115365,24,12.32,5447.89,TWO WHEELER,Mumbai
LN003694,CU003389,10/09/2021,100034,24,14.36,4819.95,two wheeler,Chennai
LN001420,CU003760,2022-06-10,152467,36,11.65,5038.64,CAR,Ahmedabad
LN003135,CU003105,2023-12-05,"₹123,979",24,18.5,6219.53,TWO WHEELER,Kolkata
LN004119,CU003879,14/07/2023,"₹175,262",24,11.8,8233.83,Two Wheeler,  Mumbai 
LN002369,CU000889,2024-01-19,197772,36,11.4,6512.33,CAR,  Bangalore 
LN002030,CU004509,2024-05-18,"₹156,921",36,13.53,5327.44,Two-Wheeler,Pune
LN004382,CU002585,18/04/2024,78105,36,16.73,2774.17,2 Wheeler,Bangalore
LN000195,CU001619,2021-09-18,168926,36,17.9,6098.61,two wheeler,Bangalore
LN002550,CU001400,04/15/2021,157100,24,15.29,7638.92,Two Wheeler,Bangalore
LN001036,CU000834,25 Aug 2021,81893,36,15.56,2861.36,Tractor,Bangalore
LN003920,CU003529,30/04/2021,459468,24,11.32,21483.14,2 Wheeler,Kolkata
LN003321,CU003627,07-05-2024,131150,24,10.51,6082.82,Commercial  Vehicle,Hyderabad
LN003344,CU002113,06-12-2021,265180,36,17.2,9480.81,2 Wheeler,Kochi
LN001851,CU004239,01/09/2024,224062,12,16.15,20345.25,Commercial Vehicle,Kolkata
LN004294,CU000296,23-09-2021,64914,12,16.52,5905.69,TWO WHEELER,Mumbai
LN004585,CU004102,02/09/2023,159686,36,17.62,5742.64,commercial vehicle,Hyderabad
LN001705,CU002443,12/23/2021,"₹274,742",24,14.18,13214.53,TRACTOR,Coimbatore
LN001689,CU001971,04/12/2024,100231,60,11.66,2212.4,Car ,Pune
LN002132,CU002524,05/31/2021,"₹225,037",36,13.32,7617.12,Two-Wheeler,Kolkata
LN003514,CU001691,02/05/2021,80453,24,9.85,3706.93,CAR,Thrissur
LN004287,CU002743,28 Nov 2023,107527,60,12.52,2420.23,car,Ahmedabad
LN000066,CU003013,01-09-2022,169720,36,10.51,5517.12,TWO WHEELER,  Kozhikode 
LN001690,CU003284,07-08-2021,280100,48,14.26,7690.73,Commercial  Vehicle,  Chennai 
LN004829,CU001453,2021-01-01,"₹187,327",48,13.23,5046.92,Car ,Chennai
LN003427,CU002590,21-04-2022,"₹138,587",12,17.69,12685.22,Two-Wheeler,Thrissur
LN003778,CU003526,09/01/2023,"₹70,247",24,14.74,3397.37,CAR,Kozhikode
LN000233,CU002633,2021-11-08,103675,60,11.43,2276.44,CV,Coimbatore
LN001096,CU000040,2021-03-07,93208,12,14.87,8407.08,N/A,Mumbai
LN000288,CU000602,18 Feb 2024,187911,24,11.07,8764.23,commercial vehicle,  Pune 
LN003246,CU001711,02/06/2022,173506,24,13.76,8310.86,CAR,Mumbai
LN004384,CU000276,2023-08-03,145372,24,10.8,6761.98,N/A,Coimbatore
LN002199,CU004318,03/29/2023,110221,48,13.33,2975.04,2 Wheeler,Hyderabad
LN000529,CU004395,10-07-2022,76412,36,12.26,2547.47,two wheeler,Hyderabad
LN000837,CU001055,05/10/2021,98057,24,16.65,4831.69,Car ,Chennai
LN004194,CU001742,29-10-2023,470862,36,17.27,16850.85,Tractor,Hyderabad
LN004398,CU003793,2022-03-03,"₹118,866",36,14.61,4097.86,car,Chennai
LN003493,CU000855,01/08/2021,122168,24,18.4,6122.77,Two-Wheeler,Hyderabad
LN004792,CU000496,2021-05-19,175589,36,16.87,6248.87,car,  Kochi 
LN001733,CU003281,20 Apr 2021,177368,12,15.75,16071.77,commercial vehicle,Ahmedabad
LN002007,CU003970,22/09/2022,82728,24,16.81,4082.71,Tractor,Ahmedabad
LN001667,CU003950,13 Jan 2022,"₹157,997",24,13.72,7565.01,Two-Wheeler,Kochi
LN000238,CU001309,05/10/2021,133720,48,12.05,3524.64,Commercial Vehicle,Mumbai
LN003184,CU004161,12/31/2023,145391,24,17.16,7199.64,Car,Bangalore
LN001587,CU002703,14 Jun 2024,127066,24,11.1,5928.17,Car ,Kolkata
LN001438,CU004349,17 Jan 2024,68747,60,11.85,1524.03,CV,Bangalore
LN004912,CU001563,20/02/2023,"₹155,460",60,15.55,3743.42,Car,Coimbatore
LN004599,CU003876,02/08/2021,299956,24,13.91,14389.0,CAR,Kozhikode
LN001752,CU002500,31-05-2024,"₹146,913",60,11.42,3225.1,two wheeler,Hyderabad
LN002337,CU003094,06/19/2021,143618,24,17.78,7154.74,Two Wheeler,Thrissur
LN002760,CU001983,2021-02-07,85395,24,12.29,4031.41,2 Wheeler,Coimbatore
LN003482,CU002783,2023-12-23,"₹122,256",36,11.85,4051.9,Two-Wheeler,Pune
LN003060,CU001103,2021-09-22,161345,36,11.93,5353.57,2 Wheeler,Bangalore
LN000114,CU000050,2023-12-30,89064,60,16.72,2200.08,Two Wheeler,Hyderabad
LN003994,CU001672,30-11-2021,"₹63,489",24,16.65,3128.37,2 Wheeler,Delhi NCR
LN004032,CU000534,16 Oct 2021,115922,48,17.13,3352.74,2 Wheeler,Kochi
LN004950,CU000081,2022-11-18,169578,24,18.23,8484.89,Two Wheeler,Kozhikode
LN001768,CU001339,16 May 2024,"₹104,512",24,17.97,5216.15,two wheeler,Pune
LN001404,CU001924,16/05/2021,200490,36,18.35,7283.44,two wheeler,Delhi NCR
LN003485,CU001037,15 Dec 2021,207224,48,9.68,5223.95,Commercial Vehicle,Delhi NCR
LN004831,CU000875,26/09/2023,153316,36,17.63,5514.33,Commercial Vehicle,Pune
LN000257,CU002111,2021-09-04,337466,24,10.58,15662.84,car,Kozhikode
LN001503,CU002490,2022-06-03,93536,36,17.82,3373.11,CAR,  Pune 
LN003359,CU003203,24-11-2023,139354,60,9.68,2938.97,commercial vehicle,Delhi NCR
LN004697,CU001055,2023-02-24,146677,36,11.09,4808.27,Two-Wheeler,Kozhikode
LN000834,CU001161,02/09/2021,110274,48,15.08,3073.48,CV,Thrissur
LN000752,CU003568,09-06-2021,126803,24,13.85,6079.2,Tractor,Kochi
LN001330,CU003844,23-07-2023,126884,24,14.17,6102.26,CAR,Kozhikode
LN003604,CU000293,20/10/2022,115486,24,14.4,5566.66,Car ,Kochi
LN003366,CU000220,02-03-2024,"₹255,105",24,15.7,12454.2,CAR,Kolkata
LN004203,CU002238,18 Jan 2024,156000,24,17.75,7769.33,Two-Wheeler,Pune
LN004022,CU001112,2021-05-02,94603,48,12.48,2513.61,Two Wheeler,Hyderabad
LN000616,CU003633,30-01-2022,405313,48,12.42,10757.22,Car ,  Kozhikode 
LN002104,CU002360,2024-02-06,"₹142,199",48,12.85,3804.27,Two-Wheeler,Kochi
LN004691,CU000055,26-03-2024,91252,24,11.27,4264.51,Car ,Mumbai
LN001389,CU000323,12-03-2021,82543,48,17.7,2411.78,CAR,Kozhikode
LN001637,CU000281,13-03-2022,131733,48,11.34,3426.5,two wheeler,Kozhikode
LN004082,CU001209,23-10-2022,101863,12,17.46,9312.64,Car ,Chennai
LN003550,CU002424,10/17/2022,73334,24,11.31,3428.5,Car,Chennai
LN003685,CU003112,04/11/2023,95876,24,14.76,4637.78,Car ,Mumbai
LN001869,CU002322,01/11/2022,153616,24,10.41,7117.7,Two Wheeler,Bangalore
LN002958,CU001787,2021-05-31,88969,12,13.66,7974.04,TRACTOR,Kochi
LN000067,CU000714,30-11-2023,124286,36,14.39,4271.38,CAR,Pune
LN002552,CU004380,01-12-2022,"₹166,689",36,15.01,5779.15,car,Mumbai
LN001728,CU003701,2021-12-15,"₹54,594",24,16.25,2679.62,CAR,Chennai
LN003289,CU004098,27-05-2024,251966,48,10.52,6453.62,Commercial  Vehicle,Ahmedabad
LN002744,CU000290,06/10/2023,60322,36,17.07,2152.75,Commercial  Vehicle,Hyderabad
LN004707,CU000198,07/12/2022,61905,36,17.18,2212.63,Car ,  Coimbatore 
LN003067,CU001160,02/22/2024,"₹107,929",12,18.25,9907.78,2 Wheeler,Kochi
LN003863,CU004556,14-03-2022,132217,36,14.1,4525.29,two wheeler,  Coimbatore 
LN003636,CU000251,12 Apr 2023,53704,48,11.86,1410.54,Commercial  Vehicle,Pune
LN004075,CU003384,17-09-2023,227013,24,14.56,10959.7,tractor,  Coimbatore 
LN001468,CU003248,20-12-2022,57439,36,12.33,1916.86,car,Thrissur
LN004636,CU003139,19-07-2023,308009,24,16.76,15193.17,two wheeler,Kozhikode
LN003206,CU000302,25 Mar 2021,81305,48,15.7,2291.73,Car ,Hyderabad
LN004578,CU004323,13-12-2022,240039,36,16.25,8468.72,TWO WHEELER,Coimbatore
LN000602,CU002530,2021-05-17,"₹405,615",60,13.64,9362.42,N/A,Delhi NCR
LN002042,CU004366,14 May 2021,78136,12,,7131.57,CAR,Mumbai
LN004261,CU001833,22/12/2021,111674,48,15.39,3130.09,Car ,Kochi
LN001273,CU000622,2022-03-14,324638,36,14.36,11152.2,N/A,Pune
LN000856,CU003508,01/11/2021,223218,48,13.97,6096.4,Two Wheeler,Chennai
LN000345,CU002231,2023-05-13,67248,36,18.0,2431.18,Tractor,Ahmedabad
LN004183,CU004304,24 Mar 2022,"₹93,953",12,13.25,8402.65,Car ,Hyderabad
LN002332,CU004286,11/03/2023,58105,12,14.37,5227.2,Car ,Hyderabad
LN001465,CU003956,04-02-2024,140302,48,13.73,3814.98,car,Kolkata
LN000168,CU002207,24/03/2022,145268,60,11.48,3193.36,Car,Pune
LN002787,CU003382,2022-10-06,110390,48,18.2,3254.25,two wheeler,Mumbai
LN002895,CU001395,10 Jul 2021,128809,60,14.47,3028.64,Car ,Mumbai
LN002299,CU001459,12/20/2023,133456,60,11.07,2906.32,CV,Pune
LN000309,CU004428,26 Jan 2021,"₹214,326",36,10.02,6917.71,commercial vehicle,Chennai
LN001935,CU003038,20-06-2023,191487,60,14.7,4525.36,Two Wheeler,Coimbatore
LN004351,CU001494,05-05-2022,98217,36,9.5,3146.18,Two-Wheeler,Kozhikode
LN000731,CU003621,07-01-2021,81568,36,11.23,2679.32,tractor,Pune
LN003314,CU004215,2023-03-31,100135,36,12.92,3370.09,CV,Ahmedabad
LN002528,CU000927,08/29/2023,180808,36,18.45,6577.53,CAR,Coimbatore
LN000770,CU003240,09/01/2023,"₹280,343",12,9.9,24633.57,Two Wheeler,Hyderabad
LN002264,CU001829,03 Dec 2022,249671,24,15.66,12184.15,TWO WHEELER,Mumbai
LN003083,CU002453,20-10-2021,"₹110,301",60,16.66,2721.14,N/A,Kolkata
LN000978,CU003118,08/27/2022,100310,36,10.98,3283.07,Two-Wheeler,Hyderabad
LN002615,CU000271,03/29/2022,170200,12,16.31,15467.37,car,Hyderabad
LN004300,CU002120,13/11/2022,250300,36,16.86,8906.45,Car,Kochi
LN002023,CU001540,18/01/2021,462532,48,14.2,12685.82,CAR,Chennai
LN001260,CU003028,07/11/2021,"₹133,877",24,12.93,6360.36,TWO WHEELER,Kolkata
LN000292,CU003702,06/18/2022,"₹256,392",24,17.79,12774.14,N/A,  Mumbai 
LN003582,CU000213,05/12/2021,122922,24,16.5,6048.05,N/A,Kolkata
LN001730,CU003931,12/09/2021,120515,48,10.3,3073.96,TRACTOR,Delhi NCR
LN003058,CU000391,27/01/2021,91690,48,16.79,2635.77,Tractor,Bangalore
LN001251,CU004426,24/05/2024,74237,36,16.7,2635.68,N/A,Hyderabad
LN000542,CU003684,04-11-2023,172894,24,14.99,8382.23,CAR,Hyderabad
LN003629,CU000240,2023-10-07,57868,36,10.58,1883.04,TWO WHEELER,Thrissur
LN000642,CU004431,2021-03-23,112218,12,16.85,10226.83,Two-Wheeler,Ahmedabad
LN002172,CU000966,06/17/2024,54089,12,10.71,4773.16,Car,Kolkata
LN000217,CU000102,09/09/2022,94619,60,13.94,2198.68,Two-Wheeler,Thrissur
LN000720,CU003080,02/03/2023,84544,60,17.45,2121.65,Two Wheeler,  Thrissur 
LN002932,CU002477,2023-04-01,167078,24,13.24,7962.04,Car ,Bangalore
LN004839,CU002947,26-01-2021,203435,36,11.82,6739.48,tractor,Chennai
LN002739,CU003042,31-07-2021,159044,48,10.67,4085.13,Two Wheeler,Coimbatore
LN000634,CU002235,01/16/2024,105542,36,10.34,3422.42,TWO WHEELER,Coimbatore
LN000174,CU001330,05/02/2023,87838,48,17.54,2559.18,Two Wheeler,Bangalore
LN003235,CU002001,31-03-2023,"₹106,491",48,10.85,2744.56,Car ,Kolkata
LN000390,CU003040,2021-11-02,106556,36,12.01,3539.69,2 Wheeler,Thrissur
LN001238,CU003234,09/27/2023,132916,36,,4522.12,TWO WHEELER,Hyderabad
LN004128,CU004313,15-02-2024,97053,60,15.04,2310.92,Commercial Vehicle,Chennai
LN003903,CU001375,20 Dec 2022,147759,48,15.99,4186.77,Car ,  Kozhikode 
LN004224,CU003227,21-11-2022,79289,48,10.17,2017.45,Two-Wheeler,Kolkata
LN002372,CU003450,16-09-2023,118091,36,17.48,4238.53,2 Wheeler,Kozhikode
LN000401,CU002999,30 Oct 2023,131591,36,14.53,4531.42,TWO WHEELER,Pune
LN004440,CU002959,11/12/2022,"₹120,632",36,16.95,4297.86,Car,Pune
LN000754,CU003229,08 May 2022,117779,36,11.43,3879.96,Commercial  Vehicle,Mumbai
LN003161,CU002271,14/08/2021,102379,12,11.59,9076.63,Tractor,Kochi
LN004584,CU001521,2022-01-16,256791,48,16.66,7364.62,2 Wheeler,Kozhikode
LN002475,CU003738,19/06/2023,78167,48,16.67,2242.19,CAR,Kolkata
LN001028,CU004556,14/11/2021,110075,36,13.66,3743.95,commercial vehicle,Mumbai
LN003724,CU002220,19 Sep 2022,41442,24,11.66,1944.25,car,Ahmedabad
LN001698,CU002365,19-02-2023,154937,36,11.62,5118.05,car,Thrissur
LN001208,CU002360,23 Jan 2023,129880,36,17.39,4655.82,Car,Thrissur
LN004422,CU002813,14 Jan 2022,154904,12,9.99,13617.8,Commercial Vehicle,  Pune 
LN003580,CU001960,08/18/2022,114321,36,12.37,3817.33,N/A,Chennai
LN000357,CU000425,17-03-2023,329012,48,17.35,9553.34,Commercial  Vehicle,Bangalore
LN001425,CU002004,18-01-2021,322365,36,9.77,10367.04,2 Wheeler,Kolkata
LN003803,CU004177,25-11-2021,134912,24,14.06,6481.34,two wheeler,Delhi NCR
LN004397,CU000493,04-01-2022,107026,12,12.84,9551.24,N/A,  Coimbatore 
LN001051,CU000784,22 Jun 2022,89384,24,10.33,4138.25,CAR,Mumbai
LN004576,CU000416,27-05-2022,254153,36,11.52,8383.37,Two Wheeler,Pune
LN003394,CU002031,23 Jul 2023,358290,24,17.29,17764.63,Two-Wheeler,Thrissur
LN002295,CU003591,14-03-2021,188406,36,16.14,6636.83,Commercial  Vehicle,Hyderabad
LN000201,CU001427,04/10/2021,162100,24,13.65,7756.11,2 Wheeler,Kozhikode
LN002155,CU003461,21 Sep 2023,104583,60,10.53,2249.45,CV,Hyderabad
LN000764,CU002683,11/03/2021,84016,36,13.75,2861.28,Two-Wheeler,Coimbatore
LN004390,CU003295,02/20/2023,190982,36,15.23,6641.98,2 Wheeler,Bangalore
LN004242,CU000871,11/16/2022,"₹96,148",36,14.49,3309.04,CAR,Mumbai
LN002398,CU000966,2022-11-12,52685,36,10.64,1715.87,Car ,Bangalore
LN002969,CU003938,27/02/2023,295865,12,14.08,26576.0,Car ,Thrissur
LN001738,CU002587,2021-11-27,74677,36,12.8,2508.98,Car,Chennai
LN002441,CU003728,23-04-2022,112197,36,16.06,3947.84,2 Wheeler,Thrissur
LN002216,CU001782,15 Feb 2024,365585,12,14.33,32881.62,Tractor,Bangalore
LN001432,CU003887,2023-04-16,"₹57,243",24,14.35,2757.88,two wheeler,Kozhikode
LN002203,CU002008,14-04-2024,167606,60,17.57,4216.98,Two Wheeler,Chennai
LN002462,CU003780,2021-11-03,103145,24,18.05,5151.91,Commercial  Vehicle,Delhi NCR
LN001866,CU002229,10-09-2023,156772,12,11.42,13886.5,commercial vehicle,Coimbatore
LN000272,CU001507,08/25/2022,"₹236,706",24,10.25,10950.11,Two Wheeler,Mumbai
LN004647,CU001212,10-07-2022,83744,48,11.02,2165.22,Two-Wheeler,Chennai
LN003172,CU003516,01/16/2023,171600,24,17.78,8548.75,two wheeler,Delhi NCR
LN002976,CU003560,15/07/2022,151110,48,,3866.01,2 Wheeler,Kochi
LN004033,CU001779,2023-05-15,158400,48,13.71,4305.51,car,Kochi
LN004060,CU000702,05/14/2024,160032,36,14.31,5493.64,TWO WHEELER,Pune
LN002649,CU002037,13 Sep 2021,274350,48,18.06,8067.64,Car ,Hyderabad
LN001201,CU002830,2022-03-28,159917,48,18.43,4733.57,TWO WHEELER,Bangalore
LN002503,CU002354,25/12/2023,96585,36,18.2,3501.48,car,Ahmedabad
LN000373,CU001530,03/15/2023,93517,24,16.01,4579.33,Commercial  Vehicle,Kochi
LN000807,CU000703,02/10/2022,117101,36,9.98,3777.42,TWO WHEELER,Bangalore
LN001313,CU003973,23/05/2024,239398,36,16.94,8528.04,two wheeler,Bangalore
LN003841,CU001619,01/27/2022,167409,48,11.18,4341.42,Two-Wheeler,Bangalore
LN000223,CU000694,13 Nov 2021,112451,24,16.17,5515.09,Two Wheeler,Chennai
LN002729,CU000281,25-01-2021,"₹83,231",36,14.63,2870.17,Car ,Ahmedabad
LN001659,CU001614,07/06/2021,132789,60,17.27,3319.46,car,Coimbatore
LN004130,CU000378,27-05-2022,130111,48,12.51,3458.99,Car ,Mumbai
LN000601,CU002993,2021-08-21,"₹66,787",12,12.66,5954.58,Two-Wheeler,Coimbatore
LN002365,CU004163,09/14/2023,155672,36,11.66,5145.29,TWO WHEELER,Hyderabad
LN001675,CU000854,2022-01-05,108960,48,14.93,3028.57,Commercial Vehicle,Bangalore
LN004962,CU003631,18/10/2022,140400,36,13.05,4734.01,TWO WHEELER,Chennai
LN004756,CU001407,20-04-2021,"₹85,565",36,12.48,2861.64,2 Wheeler,Chennai
LN003350,CU001883,29-06-2023,181468,48,18.32,5361.01,Car,Hyderabad
LN001617,CU000527,07/15/2023,141573,36,13.49,4803.64,Two-Wheeler,Bangalore
LN003405,CU003856,09/11/2022,219677,48,14.36,6042.74,Two-Wheeler,  Mumbai 
LN003639,CU004311,02/05/2024,105768,12,18.28,9710.91,CAR,  Bangalore 
LN003028,CU000251,30-01-2021,57541,36,13.92,1964.38,Two Wheeler,Delhi NCR
LN004024,CU002331,2022-11-30,102891,60,13.41,2362.74,commercial vehicle,Kolkata
LN002120,CU001947,01 Jun 2021,298866,24,10.03,13795.29,CV,Bangalore
LN004916,CU000326,16-07-2022,127502,24,14.95,6179.12,Two Wheeler,Chennai
LN004067,CU001104,05-03-2023,133633,48,12.5,3551.96,Commercial Vehicle,Chennai
LN002665,CU001885,17/05/2023,84143,36,14.18,2883.17,Two Wheeler,  Mumbai 
LN003748,CU003100,15-07-2022,"₹187,796",24,9.57,8628.61,Two-Wheeler,Coimbatore
LN001004,CU002850,04/04/2023,138224,48,17.3,4009.95,Car ,Bangalore
LN002501,CU003134,27 Jun 2022,123860,36,11.63,4092.07,2 Wheeler,Mumbai
LN002479,CU001826,2023-10-15,102756,60,17.32,2571.47,Two-Wheeler,Ahmedabad
LN000932,CU000931,02/04/2023,329133,24,16.69,16224.1,commercial vehicle,Kozhikode
LN004498,CU000274,01/25/2023,223881,24,15.56,10914.9,Car ,Pune
LN003567,CU000501,25 Feb 2021,80601,60,14.49,1895.98,Car,Mumbai
LN003678,CU003073,05-06-2021,148803,24,16.97,7355.01,Two Wheeler,Thrissur
LN004308,CU000991,23-05-2022,57582,24,12.63,2727.56,Commercial Vehicle,Hyderabad
LN003915,CU001264,27-04-2023,"₹115,328",12,12.73,10286.18,N/A,Mumbai
LN000696,CU000612,18 Mar 2021,61987,36,17.2,2216.18,Tractor,Kolkata
LN003160,CU003790,02-06-2022,83992,36,,2925.2,CV,  Mumbai 
LN001873,CU001021,31 Jan 2024,157664,60,12.97,3584.92,car,Delhi NCR
LN004646,CU004326,04/11/2022,193235,60,16.82,4783.71,CV,Kochi
LN004621,CU000709,04/28/2023,98943,12,14.43,8903.84,Two-Wheeler,Pune
LN002962,CU003381,2023-01-14,"₹169,023",48,18.11,4974.77,Two Wheeler,Pune
LN004380,CU004118,01/07/2022,"₹144,713",48,16.45,4134.64,Two-Wheeler,Mumbai
LN003241,CU003752,25-05-2024,"₹160,638",48,16.23,4571.47,car,Kochi
LN002655,CU003279,04/18/2024,"₹167,502",12,14.47,15076.59,Commercial Vehicle,Kochi
LN003189,CU003349,04/06/2024,"₹123,603",48,11.12,3201.79,Two Wheeler,Kolkata
LN001750,CU003676,31-12-2021,101008,24,14.09,4853.98,2 Wheeler,Kozhikode
LN002862,CU000873,2022-04-14,61814,48,10.69,1588.33,commercial vehicle,Hyderabad
LN003734,CU001028,06/29/2024,167703,48,16.43,4789.76,Car ,Mumbai
LN003456,CU004364,08/10/2022,167855,48,15.36,4702.22,TWO WHEELER,Ahmedabad
LN000796,CU003752,14 Dec 2023,"₹104,077",36,13.4,3526.85,car,Delhi NCR
LN004711,CU003803,02 Oct 2021,68217,24,10.09,3150.7,2 Wheeler,Kozhikode
LN004926,CU003845,2021-01-07,155144,24,12.9,7368.54,TRACTOR,Ahmedabad
LN001847,CU003102,20/05/2023,166861,48,12.39,4426.11,2 Wheeler,Coimbatore
LN001974,CU000645,24-05-2021,258593,24,17.35,12828.95,car,Kochi
LN004021,CU004162,12/10/2023,54866,24,10.03,2532.55,2 Wheeler,Kolkata
LN003476,CU002179,12/12/2022,89666,24,17.06,4435.88,N/A,Coimbatore
LN000100,CU003731,2021-05-01,"₹301,917",36,17.26,10803.27,two wheeler,Mumbai
LN003389,CU001155,12-05-2021,"₹73,927",60,17.47,1856.01,Commercial  Vehicle,Mumbai
LN001633,CU002604,2021-04-15,123004,36,9.59,3945.36,Tractor,Kochi
LN002354,CU003514,17/11/2023,61874,36,10.38,2007.56,Two Wheeler,Mumbai
LN001693,CU003050,2023-01-15,163738,48,14.68,4530.44,two wheeler,Ahmedabad
LN001333,CU001051,12-09-2023,143910,36,12.38,4806.03,car,Coimbatore
LN000566,CU002444,07/03/2022,402177,48,16.11,11420.48,car,Chennai
LN004035,CU002246,31/07/2021,250011,12,11.89,22200.31,Two-Wheeler,Kozhikode
LN003509,CU002563,2024-04-08,162631,36,17.98,5877.87,car,Kolkata
LN000352,CU004380,2022-09-09,76316,48,14.88,2119.29,CAR,Kochi
LN003481,CU002087,11/09/2022,105133,36,13.82,3584.01,TRACTOR,Bangalore
LN000037,CU002094,08/07/2023,213683,60,15.65,5156.7,Car ,Kolkata
LN001454,CU004387,06-08-2021,59041,36,12.74,1981.94,car,Chennai
LN004629,CU003725,06-10-2022,190995,60,14.13,4457.0,CV,  Thrissur 
LN003834,CU001704,2021-07-28,108897,36,15.27,3789.36,N/A,Kochi
LN000826,CU002747,18 Nov 2022,"₹99,242",36,13.61,3373.09,Commercial  Vehicle,Kozhikode
LN004448,CU003049,22 Mar 2024,98011,24,9.88,4517.28,CV,Chennai
LN000124,CU003117,11-05-2024,"₹51,197",36,15.73,1793.12,Car,Chennai
LN004219,CU004526,2023-02-02,260018,48,18.49,7704.77,two wheeler,Kolkata
LN001703,CU000905,27-05-2021,"₹206,999",24,11.29,9675.67,TWO WHEELER,Ahmedabad
LN004717,CU001658,14 Oct 2022,110265,36,11.07,3613.59,Two Wheeler,Kolkata
LN000366,CU001351,01-05-2021,"₹42,432",12,17.63,3882.7,two wheeler,Kozhikode
LN000285,CU002844,10 Jun 2021,124272,24,10.57,5767.27,commercial vehicle,Mumbai
LN000488,CU003317,26-01-2022,319944,48,9.85,8091.58,2 Wheeler,Delhi NCR
LN002219,CU001137,02-07-2021,108163,12,18.43,9938.53,two wheeler,Chennai
LN001249,CU003698,03/26/2024,"₹142,844",48,11.73,3742.72,TWO WHEELER,Hyderabad
LN004310,CU004300,29-03-2021,208322,24,16.54,10253.93,two wheeler,Kozhikode
LN004216,CU004334,14 Jul 2021,77778,24,17.89,3878.86,CAR,Thrissur
LN004482,CU003397,30 Apr 2023,103221,36,12.01,3428.91,Two Wheeler,Delhi NCR
LN001982,CU003669,2022-07-21,73844,60,10.33,1580.98,Two-Wheeler,Hyderabad
LN000874,CU003313,06 Apr 2024,"₹283,911",48,17.69,8293.97,Two-Wheeler,Kozhikode
LN002304,CU003647,04/03/2023,"₹123,923",24,14.94,6005.08,Car,  Coimbatore 
LN003821,CU001001,14 Sep 2021,125307,24,13.26,5972.64,CV,Pune
LN000569,CU000371,13 Nov 2022,93241,12,13.01,8328.47,CV,Kozhikode
LN000613,CU002294,06 Dec 2021,236596,36,10.67,7708.93,commercial vehicle,Ahmedabad
LN000346,CU003175,2023-04-16,219696,48,9.71,5541.51,Car ,Chennai
LN004329,CU000440,24/03/2024,"₹88,676",24,11.36,4147.83,Two Wheeler,Mumbai
LN003874,CU003571,2023-06-09,67382,36,10.03,2175.18,Car ,Kozhikode
LN004237,CU001573,15/02/2022,215271,12,12.51,19177.97,Commercial Vehicle,Kolkata
LN003002,CU001407,2022-12-31,180697,48,18.36,5342.03,car,Kolkata
LN002166,CU001300,28-10-2023,114489,60,10.7,2472.17,Car ,Kozhikode
LN002440,CU002541,27/10/2022,"₹76,183",24,10.14,3520.38,Commercial  Vehicle,Coimbatore
LN001423,CU000298,16/12/2022,111106,24,17.11,5499.21,Car ,Coimbatore
LN002568,CU004067,01/06/2024,"₹113,805",36,17.07,4061.42,Commercial  Vehicle,Ahmedabad
LN002828,CU000053,24-02-2023,133456,24,11.19,6231.87,2 Wheeler,Thrissur
LN003817,CU002745,27-06-2021,79049,36,10.08,2553.66,commercial vehicle,Hyderabad
LN002017,CU001849,02-01-2023,208790,48,9.74,5269.42,CAR,Thrissur
LN000599,CU002341,27-12-2023,"₹100,096",36,17.79,3608.17,2 Wheeler,Hyderabad
LN002891,CU004324,31-07-2021,57113,24,17.03,2824.62,Two Wheeler,Thrissur
LN002663,CU002272,29 Nov 2022,92196,24,16.23,4524.34,2 Wheeler,Bangalore
LN001089,CU001317,2024-06-09,108978,36,15.88,3824.89,two wheeler,Hyderabad
LN000918,CU000892,2023-08-01,"₹127,731",60,13.31,2926.58,Tractor,Chennai
LN001812,CU002540,18 Aug 2022,40000,48,13.84,1089.85,tractor,Mumbai
LN004407,CU004329,09/12/2021,90865,48,11.54,2372.35,Tractor,Kozhikode
LN002899,CU001864,04/21/2022,67241,48,11.79,1763.79,CAR,Bangalore
LN000167,CU001595,06/26/2022,67492,36,14.02,2307.37,2 Wheeler,Mumbai
LN002261,CU001417,23/12/2022,118712,36,12.09,3948.04,Two Wheeler,Pune
LN000841,CU001443,2021-04-07,79993,60,10.89,1734.86,Two-Wheeler,Pune
LN002321,CU003392,24 Jun 2023,133332,24,17.74,6639.74,Car ,Thrissur
LN001269,CU000559,2021-05-06,190123,48,12.99,5099.58,Two Wheeler,Mumbai
LN003612,CU004063,07/19/2023,134343,60,17.05,3342.38,Commercial  Vehicle,Pune
LN001550,CU000240,07/17/2022,83971,24,15.31,4083.85,CAR,Chennai
LN003692,CU000073,18 Apr 2022,191848,36,10.11,6200.31,Commercial  Vehicle,Kochi
LN004551,CU000437,2023-03-04,170028,36,13.5,5769.95,two wheeler,Coimbatore
LN000540,CU000811,05/08/2023,"₹73,960",36,11.27,2430.82,two wheeler,Pune
LN000695,CU003224,12/30/2023,399962,48,11.24,10383.9,CAR,Kolkata
LN004232,CU002105,04 May 2024,"₹98,266",12,16.09,8919.94,Two Wheeler,Thrissur
LN001515,CU001969,12/11/2021,127336,36,17.89,4596.48,Car ,Kochi
LN002448,CU002302,29-12-2023,201852,48,13.93,5508.82,TWO WHEELER,Kochi
LN004073,CU001045,08-07-2022,88332,24,9.94,4073.63,Two-Wheeler,Hyderabad
LN004315,CU003165,2022-03-24,72292,48,12.82,1932.96,car,Chennai
LN003930,CU004499,27-04-2021,"₹75,994",36,17.96,2745.84,2 Wheeler,Kozhikode
LN004650,CU002711,15-08-2021,65727,36,11.53,2168.35,tractor,Kolkata
LN002110,CU000191,11 Jun 2022,132612,48,13.64,3599.92,Two Wheeler,Thrissur
LN001824,CU004055,2022-12-21,"₹165,034",12,14.39,14848.23,Two Wheeler,Bangalore
LN000780,CU000760,04/09/2022,74765,36,16.48,2646.27,CV,Kolkata
LN001186,CU002128,2023-06-15,341533,24,15.07,16571.15,CV,Pune
LN002737,CU001819,12 Apr 2021,99173,12,10.09,8723.03,TWO WHEELER,Hyderabad
LN004768,CU002269,06/19/2023,241912,48,11.27,6284.11,tractor,Pune
LN000894,CU003222,08-01-2024,"₹232,999",12,17.87,21346.93,Commercial Vehicle,Chennai
LN004651,CU000202,10/20/2021,104556,48,16.57,2993.76,CAR,Kozhikode
LN004805,CU002662,2023-10-20,109904,36,15.66,3845.48,Two-Wheeler,Kochi
LN001568,CU003883,17/01/2022,87767,24,15.44,4273.9,CV,Delhi NCR
LN004000,CU002892,12/01/2021,255228,48,17.0,7364.61,Two-Wheeler,Chennai
LN001854,CU000840,12/15/2023,"₹133,291",36,10.0,4300.93,car,Hyderabad
LN004256,CU001894,03/04/2023,136703,12,15.87,12394.77,Two-Wheeler,Ahmedabad
LN002469,CU002858,04/05/2023,150680,12,10.34,13271.0,commercial vehicle,Kochi
LN001996,CU001897,08-01-2021,71982,36,18.26,2611.72,commercial vehicle,Kozhikode
LN003893,CU004558,2024-02-27,76428,12,16.97,6969.51,CV,Pune
LN002488,CU001982,2021-04-17,185528,24,14.23,8927.91,Commercial Vehicle,Chennai
LN004816,CU002048,03/12/2024,290433,60,10.45,6235.35,Two Wheeler,Mumbai
LN001640,CU004121,30-03-2023,283146,48,18.48,8388.6,two wheeler,Ahmedabad
LN002627,CU001032,04 Jun 2024,69705,36,15.54,2434.82,CAR,Bangalore
LN001878,CU003293,2023-02-12,"₹268,010",48,12.11,7072.21,car,  Delhi NCR 
LN000778,CU001294,10/01/2022,157359,12,9.54,13800.71,two wheeler,Ahmedabad
LN000293,CU003215,20-01-2023,438254,60,10.77,9478.51,TWO WHEELER,Bangalore
LN002508,CU002548,2021-10-21,261738,48,15.87,7400.31,Tractor,Delhi NCR
LN000035,CU002830,28/05/2023,200635,60,18.31,5128.71,Two-Wheeler,Pune
LN003117,CU002691,28-08-2022,"₹106,566",24,16.8,5258.63,Commercial  Vehicle,Coimbatore
LN000543,CU002276,08/11/2022,250237,36,,8805.0,Car,Ahmedabad
LN002930,CU004566,06/08/2024,177062,36,12.57,5929.31,TWO WHEELER,Bangalore
LN001565,CU002929,03 Oct 2022,"₹62,570",24,17.74,3115.9,two wheeler,Coimbatore
LN000998,CU002261,03-12-2023,95072,24,16.95,4698.29,CAR,Delhi NCR
LN002305,CU002048,24 Dec 2022,116242,24,11.89,5465.95,CAR,Bangalore
LN002419,CU004449,16-05-2022,219179,24,9.96,10109.95,Two Wheeler,Bangalore
LN000081,CU000222,03/23/2023,139910,24,16.97,6915.45,car,Ahmedabad
LN001110,CU002940,07-01-2022,186428,60,13.87,4325.3,TWO WHEELER,Bangalore
LN003479,CU001581,22/09/2021,450264,36,11.58,14865.05,Two Wheeler,Ahmedabad
LN001595,CU001248,28/04/2021,"₹235,767",36,13.39,7988.28,Two-Wheeler,  Chennai 
LN000497,CU004146,2023-05-26,"₹125,414",12,10.15,11034.63,Commercial Vehicle,Kochi
LN000729,CU000675,25/09/2023,94182,24,14.95,4564.33,Two-Wheeler,  Mumbai 
LN001652,CU002004,30 Jul 2022,77763,36,12.57,2604.07,Car ,Hyderabad
LN004774,CU002468,10/03/2022,57991,24,11.44,2714.7,two wheeler,Mumbai
LN003070,CU003458,05/24/2023,73081,60,14.05,1702.36,Car ,Kolkata
LN002750,CU003532,04 Apr 2021,107726,36,13.88,3675.54,2 Wheeler,Pune
LN004446,CU003663,07/15/2023,154074,24,17.41,7648.16,Commercial  Vehicle,Coimbatore
LN004200,CU002951,04/15/2024,"₹117,406",36,,3968.32,CV,Hyderabad
LN002494,CU000019,28/03/2023,72941,36,18.24,2645.78,CV,Kolkata
LN002841,CU002801,25 Jun 2021,159853,24,16.74,7883.54,Commercial Vehicle,Kozhikode
LN002539,CU000030,06/18/2021,143100,60,17.01,3557.17,TWO WHEELER,Kozhikode
LN004956,CU000324,11/02/2022,167427,36,16.28,5909.41,Commercial Vehicle,Coimbatore
LN002021,CU000739,21/02/2022,287123,36,16.5,10165.41,Two-Wheeler,Pune
LN002982,CU001433,2023-02-19,"₹109,578",36,11.26,3600.95,commercial vehicle,Kolkata
LN001682,CU003240,06 Dec 2022,79157,48,14.73,2192.18,TRACTOR,Pune
LN003406,CU002284,2022-11-06,"₹146,142",60,14.47,3436.18,Car ,Delhi NCR
LN001263,CU002719,21-08-2022,300652,12,9.93,26422.3,N/A,Hyderabad
LN004317,CU000847,04 Apr 2021,109319,60,17.94,2772.42,TWO WHEELER,Kozhikode
LN003727,CU000963,04/19/2023,176210,24,17.19,8728.32,CAR,Kozhikode
LN003494,CU003905,17/02/2024,65275,48,18.31,1928.04,Commercial  Vehicle,Delhi NCR
LN001009,CU001092,11 Jan 2023,189495,60,12.28,4242.07,2 Wheeler,Hyderabad
LN003022,CU004323,22 May 2023,78037,24,15.96,3819.44,Commercial Vehicle,Chennai
LN002481,CU000700,2021-04-23,309243,24,13.08,14713.6,TWO WHEELER,Ahmedabad
LN002356,CU004069,14-06-2021,268320,24,14.94,13002.29,TWO WHEELER,Mumbai
LN001961,CU001704,02/05/2021,192873,48,15.02,5369.76,tractor,Kolkata
LN002324,CU000423,2023-07-24,75381,48,10.72,1938.03,Commercial Vehicle,Coimbatore
LN001047,CU002459,07/29/2021,89841,24,15.97,4397.61,Car,Kolkata
LN001300,CU001554,08 Jun 2022,174644,36,,6323.44,2 Wheeler,Pune
LN002595,CU002807,16/09/2022,258814,48,18.29,7641.94,Two Wheeler,Kolkata
LN000282,CU000280,16 Feb 2024,117346,36,9.68,3768.82,Two Wheeler,Pune
LN000071,CU001368,03/27/2024,150145,36,12.01,4987.68,CAR,Thrissur
LN000472,CU002448,09/07/2023,154197,48,11.96,4057.57,Two-Wheeler,Kochi
LN001360,CU002965,08/06/2022,166950,12,18.35,15333.8,CAR,Ahmedabad
LN004718,CU002966,03/11/2023,"₹232,573",24,15.17,11295.48,Car,Kozhikode
LN001655,CU000024,21 Jul 2021,59829,12,15.05,5401.48,Two Wheeler,Bangalore
LN001527,CU001433,12/26/2023,162522,36,14.4,5586.24,Commercial Vehicle,Mumbai
LN000646,CU000476,17 Feb 2024,196674,48,17.6,5736.27,two wheeler,Kolkata
LN002973,CU001956,18-05-2023,"₹271,443",36,14.66,9364.53,two wheeler,Delhi NCR
LN002758,CU002714,15/03/2022,131434,24,12.58,6222.71,N/A,Bangalore
LN000963,CU003131,01/05/2021,139101,48,10.54,3564.14,Commercial  Vehicle,Thrissur
LN004278,CU001643,12/12/2022,"₹66,995",60,16.37,1642.39,TRACTOR,Delhi NCR
LN003291,CU001271,28 Mar 2023,109107,24,13.42,5208.7,tractor,Delhi NCR
LN004658,CU002991,23 May 2022,134910,48,15.06,3758.75,car,Bangalore
LN002384,CU000895,20 Apr 2024,60521,48,13.63,1642.61,two wheeler,  Kolkata 
LN001518,CU004161,2024-06-01,125531,48,14.97,3491.71,TWO WHEELER,Mumbai
LN001656,CU004387,26 Jan 2024,128059,24,10.24,5923.47,TWO WHEELER,Chennai
LN004083,CU002241,01/03/2022,"₹59,095",36,11.18,1939.74,Car,Bangalore
LN002589,CU004237,23/01/2024,227532,24,9.71,10469.02,car,Bangalore
LN000943,CU004044,2024-05-14,131165,36,18.15,4751.8,CAR,  Bangalore 
LN000383,CU001019,16 Feb 2024,"₹103,825",24,18.37,5201.95,CAR,Kochi
LN002531,CU001921,03 Feb 2022,326725,36,13.06,11018.1,TWO WHEELER,Chennai
LN004944,CU001706,12/27/2022,165728,24,11.95,7797.52,Two-Wheeler,Thrissur
LN002933,CU004384,05/05/2024,153848,36,14.95,5329.43,CV,Ahmedabad
LN000240,CU001240,24-04-2021,232012,12,13.23,20747.72,tractor,Delhi NCR
LN000727,CU001003,09/12/2022,102963,24,18.17,5148.8,Car ,Kozhikode
LN001006,CU002427,26-10-2021,89745,48,,2411.64,Two-Wheeler,Chennai
LN003454,CU004309,28 Sep 2022,291321,60,15.56,7016.43,car,  Chennai 
LN003690,CU002769,06/03/2024,79609,48,12.02,2097.19,TWO WHEELER,Pune
LN003243,CU000550,2022-11-29,61165,36,16.51,2165.81,Commercial  Vehicle,Coimbatore
LN002252,CU002833,2022-03-08,72173,36,16.38,2550.95,CV,Pune
LN004313,CU000454,17 Jul 2022,118747,12,15.88,10767.28,two wheeler,Thrissur
LN002767,CU001177,22 Jun 2022,175740,36,12.64,5890.95,Car ,Coimbatore
LN004413,CU003663,2022-02-23,113884,36,11.91,3777.68,car,Kolkata
LN004003,CU003916,2021-05-30,132948,60,13.01,3025.66,Two Wheeler,Ahmedabad
LN001787,CU001915,12-07-2021,102213,48,13.97,2791.58,CAR,Pune
LN003437,CU001066,06/06/2021,380812,24,16.96,18820.89,TRACTOR,Bangalore
LN002099,CU000724,28 Aug 2022,"₹231,003",36,13.32,7819.06,CV,Pune
LN002291,CU001565,31-05-2024,108796,24,14.3,5239.04,2 Wheeler,Hyderabad
LN002458,CU000420,19 Sep 2023,76586,36,15.84,2686.49,2 Wheeler,Kolkata
LN002617,CU000693,07/04/2022,"₹133,294",36,10.43,4327.98,Two-Wheeler,Coimbatore
LN001711,CU000223,28/05/2022,133423,60,10.84,2890.3,N/A,Hyderabad
LN002375,CU000343,01-08-2022,293493,36,10.13,9488.12,Car ,Delhi NCR
LN000218,CU002024,06/06/2022,186195,60,13.61,4294.88,2 Wheeler,Delhi NCR
LN001556,CU000419,09/12/2023,96436,36,13.18,3257.68,Car ,Pune
LN000649,CU004506,03/07/2022,131711,60,15.98,3201.56,Car,Delhi NCR
LN003879,CU000767,02/09/2022,193242,24,14.65,9337.55,car,Kolkata
LN001416,CU004373,20/02/2021,95194,48,14.81,2640.16,Car ,Delhi NCR
LN004865,CU003204,04/06/2023,41058,36,17.49,1473.86,2 Wheeler,Pune
LN000048,CU002763,03-10-2022,164880,36,11.59,5444.14,TWO WHEELER,Ahmedabad
LN004618,CU003482,23 Apr 2023,"₹235,815",36,10.09,7619.05,Two Wheeler,  Pune 
LN004284,CU001232,01/10/2023,79093,36,14.27,2713.59,TRACTOR,Hyderabad
LN002642,CU000456,2023-06-05,59817,24,13.05,2845.21,CAR,Mumbai
LN002805,CU000356,16 Jan 2024,128411,24,17.77,6396.54,Two Wheeler,Thrissur
LN000146,CU000393,21/02/2022,171801,36,17.71,6186.05,Two Wheeler,Kochi
LN000289,CU004169,2021-01-03,99917,36,12.24,3330.14,CAR,Pune
LN003106,CU003649,18/01/2024,61590,12,14.19,5535.5,Two-Wheeler,Delhi NCR
LN003966,CU003319,04/10/2022,148009,12,12.51,13185.76,CAR,Pune
LN001349,CU000334,28-05-2024,137416,36,14.9,4756.84,car,Kolkata
LN000560,CU004336,13/04/2023,414243,36,13.73,14103.58,car,Delhi NCR
LN003783,CU000010,29/01/2021,"₹100,009",36,14.29,3432.17,TWO WHEELER,Bangalore
LN000059,CU002146,19/07/2022,123414,24,17.94,6157.76,Car ,Bangalore
LN001939,CU002294,2023-01-02,252027,48,17.43,7328.44,2 Wheeler,Ahmedabad
LN000797,CU003823,2024-04-22,116132,12,16.44,10560.95,TWO WHEELER,Pune
LN000368,CU002989,10/05/2021,113372,36,15.39,3951.76,CAR,Kochi
LN000221,CU000784,02-11-2022,169839,36,14.74,5865.92,commercial vehicle,Bangalore
LN001231,CU001668,17 Apr 2022,53158,36,16.54,1883.08,Car ,Coimbatore
LN002280,CU003810,28/07/2021,245968,24,13.83,11789.89,two wheeler,Mumbai
LN000926,CU003699,22-02-2021,293511,48,15.53,8247.7,CV,Hyderabad
LN002913,CU001268,2022-07-14,210671,48,12.02,5549.84,commercial vehicle,Delhi NCR
LN000147,CU004204,10 Jan 2024,98951,48,10.38,2527.75,TWO WHEELER,Kochi
LN002624,CU002690,05/13/2023,"₹136,342",24,15.39,6636.06,CAR,Kolkata
LN001844,CU000134,06/26/2024,234573,60,16.57,5775.65,Two-Wheeler,Bangalore
LN003699,CU003646,02/03/2022,286662,24,12.91,13616.32,Two-Wheeler,Hyderabad
LN004322,CU003233,15 Aug 2023,151424,36,12.63,5075.13,Two Wheeler,Mumbai
LN000084,CU000986,01/28/2024,"₹88,105",36,18.37,3201.58,2 Wheeler,Chennai
LN000244,CU000839,28-06-2024,"₹162,195",24,9.89,7476.24,N/A,Mumbai
LN003909,CU003491,13-03-2023,"₹310,805",12,13.48,27830.3,Two-Wheeler,Kochi
LN002292,CU000826,09 Feb 2021,"₹120,928",48,12.54,3216.65,Car ,Thrissur
LN002819,CU000578,16-05-2022,54955,36,10.71,1791.62,Car,Ahmedabad
LN001077,CU003444,31 Jul 2023,139040,48,15.01,3870.29,2 Wheeler,Bangalore
LN004596,CU003762,08/29/2022,148401,48,15.33,4154.98,TWO WHEELER,Kolkata
LN004475,CU002777,08/03/2022,215834,36,12.7,7241.15,Two-Wheeler,Pune
LN004188,CU003299,28-02-2023,80634,24,16.86,3981.31,TWO WHEELER,Hyderabad
LN000182,CU001081,08/25/2022,47958,24,12.67,2272.58,TWO WHEELER,Bangalore
LN000795,CU000761,23-08-2021,245789,60,17.9,6228.06,Car,Mumbai
LN003809,CU001523,15/06/2023,"₹99,217",12,17.44,9069.79,CAR,Chennai
LN004001,CU000345,27 Feb 2024,55783,36,14.25,1913.31,Commercial  Vehicle,Mumbai
LN000576,CU003990,04 Oct 2021,84229,24,13.09,4007.96,Commercial  Vehicle,Mumbai
LN003652,CU004595,27-02-2022,"₹548,820",48,12.59,14612.03,car,Delhi NCR
LN002939,CU000812,13/01/2024,84606,36,14.0,2891.63,Tractor,Hyderabad
LN001132,CU000400,2021-08-06,104122,48,14.01,2845.81,2 Wheeler,Kolkata
LN000520,CU001055,24 Feb 2022,170627,48,17.97,5009.49,Commercial  Vehicle,Ahmedabad
LN004615,CU000678,2024-06-02,140590,36,12.51,4703.92,CV,Chennai
LN003478,CU002803,05/21/2023,119195,48,12.75,3182.93,Car ,Chennai
LN004331,CU000174,02/01/2022,211052,12,9.94,18548.93,Car,Coimbatore
LN000304,CU003225,2021-11-25,116318,48,15.23,3250.79,Two Wheeler,Kozhikode
LN001106,CU001348,01/26/2023,299349,48,15.13,8350.85,two wheeler,Ahmedabad
LN003404,CU004439,12/11/2023,173122,48,13.18,4659.91,TRACTOR,Ahmedabad
LN003264,CU004585,10/26/2022,108214,36,18.07,3916.0,Commercial  Vehicle,Ahmedabad
LN000899,CU004097,06/20/2021,125296,60,13.58,2888.21,CV,Thrissur
LN000786,CU003272,2023-09-13,339489,24,18.46,17024.24,2 Wheeler,Chennai
LN002136,CU004595,05/06/2022,122284,48,11.51,3190.87,Car,Kolkata
LN000212,CU002627,07 Feb 2024,279627,36,9.64,8975.59,Two Wheeler,Kozhikode
LN004911,CU001387,14-11-2023,"₹225,290",48,13.03,6047.32,Commercial  Vehicle,Kolkata
LN004722,CU003288,07-05-2022,99580,12,18.01,9129.97,Commercial Vehicle,Kozhikode
LN000667,CU001180,05-03-2023,"₹104,895",24,17.78,5225.65,CV,Delhi NCR
LN004071,CU003567,2021-01-17,40151,36,12.09,1335.31,two wheeler,Bangalore
LN001822,CU002245,2021-01-17,232842,48,14.24,6390.82,TWO WHEELER,Kolkata
LN002736,CU001830,28/02/2021,232599,36,16.06,8184.38,2 Wheeler,Delhi NCR
LN001482,CU004155,13 Mar 2023,92998,48,18.12,2737.65,commercial vehicle,Coimbatore
LN002054,CU002920,13 Jan 2023,61882,24,17.09,3062.26,Car,Bangalore
LN002474,CU000277,2023-06-26,254805,36,11.92,8453.44,Car ,Ahmedabad
LN003916,CU002493,06 Jul 2023,287986,60,15.67,6952.86,two wheeler,Delhi NCR
LN002619,CU002721,31-10-2021,"₹201,164",48,9.6,5063.48,Two-Wheeler,Ahmedabad
LN002513,CU003476,02 Feb 2024,71176,60,17.75,1797.74,Two Wheeler,Delhi NCR
LN002360,CU001991,2022-10-25,133751,24,10.89,6227.02,Car ,Mumbai
LN001811,CU004459,24 Jul 2021,115060,24,11.81,5406.07,Two Wheeler,Coimbatore
LN003535,CU003039,2023-01-24,76099,48,14.53,2099.81,commercial vehicle,Kochi
LN002315,CU000610,07/12/2022,138923,36,13.25,4697.61,commercial vehicle,  Bangalore 
LN004182,CU000964,10/02/2022,"₹223,581",48,16.52,6396.05,Commercial  Vehicle,Kozhikode
LN004662,CU003814,19/04/2021,79527,60,16.56,1957.68,two wheeler,Kochi
LN000117,CU002392,20/11/2021,"₹154,554",36,16.78,5493.36,Two-Wheeler,Kochi
LN001868,CU003498,24 May 2024,"₹139,763",36,16.9,4975.98,N/A,Hyderabad
LN002509,CU000053,10/26/2022,121564,36,16.12,4281.04,2 Wheeler,Bangalore
LN001507,CU003432,2022-12-26,58686,36,13.45,1990.11,2 Wheeler,Delhi NCR
LN003989,CU003374,2023-12-27,106107,48,10.95,2739.82,two wheeler,Ahmedabad
LN000621,CU004431,23 Oct 2023,118731,24,13.17,5654.17,CAR,Chennai
LN003737,CU002217,05/03/2024,157273,36,15.36,5479.69,CAR,Mumbai
LN003728,CU001744,03 Feb 2024,"₹130,790",36,11.78,4330.37,Two-Wheeler,Bangalore
LN004225,CU004068,30 Dec 2021,59509,24,12.41,2812.7,Car ,Ahmedabad
LN004762,CU003018,2021-09-08,205944,48,12.09,5432.4,N/A,Ahmedabad
LN003026,CU004552,08/21/2022,153246,24,12.52,7251.09,two wheeler,Kozhikode
LN001548,CU000824,17 Aug 2021,132773,48,14.17,3639.55,car,Chennai
LN001017,CU004194,01-07-2023,193288,36,16.39,6832.71,2 Wheeler,Thrissur
LN003934,CU004532,27/01/2022,118668,36,12.5,3969.87,CV,Ahmedabad
LN004565,CU002093,17/05/2024,"₹137,009",36,11.66,4528.44,2 Wheeler,  Mumbai 
LN003888,CU003281,05/11/2022,123043,24,13.43,5874.57,TWO WHEELER,Coimbatore
LN000712,CU001207,19-06-2023,194666,24,18.15,9732.64,2 Wheeler,Bangalore
LN003849,CU004291,01/02/2023,201751,48,9.84,5101.44,Two-Wheeler,Coimbatore
LN001185,CU000600,01/03/2022,107689,48,16.1,3057.45,CV,  Chennai 
LN002453,CU001329,09/18/2023,99807,12,9.57,8754.67,CAR,Kochi
LN000430,CU000727,16 Jan 2024,"₹63,579",24,17.88,3170.44,Commercial Vehicle,Mumbai
LN001477,CU003794,12 Apr 2021,75942,36,10.56,2470.45,car,Coimbatore
LN003538,CU000680,27 Jun 2023,"₹231,654",24,14.45,11171.69,TWO WHEELER,Thrissur
LN004925,CU000468,2022-12-10,123010,24,16.16,6032.36,N/A,Kochi
LN000518,CU004028,2021-05-12,110005,60,10.25,2350.84,car,Delhi NCR
LN004374,CU004212,29-04-2021,108574,48,11.77,2846.92,Two Wheeler,Kolkata
LN002817,CU002057,01/05/2024,54565,24,13.28,2601.3,N/A,Delhi NCR
LN002921,CU001645,12/09/2021,212202,12,11.21,18775.56,Car ,Ahmedabad
LN002094,CU003796,02-07-2022,179775,36,17.14,6422.0,CV,Delhi NCR
LN004047,CU003742,06/22/2022,"₹178,578",24,9.6,8207.54,Commercial  Vehicle,  Pune 
LN002026,CU002608,31 Dec 2023,"₹87,718",24,11.43,4105.88,two wheeler,Thrissur
LN003102,CU000383,07 Aug 2021,"₹173,464",36,18.23,6291.17,CAR,Thrissur
LN000584,CU004174,01/30/2021,"₹186,314",24,9.89,8587.99,car,Kolkata
LN002759,CU003848,04/09/2023,144755,48,10.39,3698.53,TWO WHEELER,Ahmedabad
LN002493,CU002119,10-04-2022,146176,12,17.04,13334.72,Two-Wheeler,Coimbatore
LN001853,CU001710,08/26/2023,"₹64,647",48,13.66,1755.57,Two-Wheeler,Pune
LN001534,CU002579,07/07/2022,83112,12,10.31,7318.85,CV,Coimbatore
LN003890,CU003397,04/12/2022,284402,12,13.26,25436.72,CAR,Kolkata
LN001945,CU004541,24 May 2024,96755,24,16.22,4747.6,CAR,Ahmedabad
LN002858,CU001760,07/11/2023,115949,36,10.75,3782.31,2 Wheeler,Mumbai
LN002738,CU003633,02-12-2023,40000,24,,1974.62,Car ,Kolkata
LN000384,CU004597,05 Sep 2021,74711,48,13.76,2032.61,Tractor,Kozhikode
LN000758,CU004459,2021-03-23,93082,36,17.63,3347.89,CAR,Thrissur
LN000986,CU001946,18 Jun 2021,90516,24,12.6,4286.31,TWO WHEELER,Pune
LN003640,CU001402,14-05-2022,130787,24,15.98,6402.49,Two Wheeler,Ahmedabad
LN002801,CU000357,06/22/2022,"₹408,070",24,11.96,19201.65,CV,  Thrissur 
LN001024,CU004109,08/16/2021,143278,36,11.65,4734.96,commercial vehicle,Thrissur
LN004155,CU001678,14-03-2022,"₹172,700",24,13.31,8235.64,tractor,Thrissur
LN001805,CU001407,16-12-2021,112000,36,10.0,3613.92,Car ,Kozhikode
LN001552,CU003775,2022-06-26,"₹246,343",12,15.76,22322.94,two wheeler,Chennai
LN001654,CU002544,24-11-2021,112715,36,16.97,4016.91,commercial vehicle,  Chennai 
LN000307,CU003272,2022-07-25,156357,36,12.87,5258.5,CV,Coimbatore
LN000482,CU003559,28/08/2023,76745,36,14.94,2658.14,Car ,Pune
LN002210,CU000878,12/05/2024,180635,48,14.13,4947.91,two wheeler,Kozhikode
LN002838,CU000764,10-02-2022,"₹66,915",36,18.31,2429.56,Tractor,Thrissur
LN001345,CU003890,10-08-2021,190027,36,12.89,6392.7,2 Wheeler,  Hyderabad 
LN004318,CU001157,15-04-2023,109376,24,12.04,5150.75,2 Wheeler,Pune
LN004928,CU004576,04 Feb 2024,"₹131,347",36,12.14,4371.39,Two-Wheeler,Mumbai
LN001491,CU004084,05-02-2022,71864,24,12.01,3383.22,TWO WHEELER,Kochi
LN002900,CU004252,09/13/2022,82934,24,11.79,3895.86,2 Wheeler,Coimbatore
LN000449,CU001953,01/09/2022,"₹255,782",24,11.48,11978.53,Car ,Kochi
LN001044,CU003805,2023-12-10,153038,36,,5254.29,Two Wheeler,Bangalore
LN000652,CU004302,16 Feb 2021,"₹191,738",36,17.23,6857.95,CAR,Chennai
LN004637,CU001660,05 Jan 2022,132493,36,15.6,4631.94,Two-Wheeler,Bangalore
LN004196,CU004552,20 Jun 2022,61098,24,13.44,2917.35,2 Wheeler,Ahmedabad
LN000813,CU004494,2021-06-08,182088,36,17.2,6510.07,Two Wheeler,Delhi NCR
LN002919,CU003713,09-07-2021,64183,48,17.18,1857.99,Car,Mumbai
LN003457,CU000295,2022-11-04,"₹172,847",48,17.29,5013.48,Tractor,Chennai
LN001798,CU004164,12/05/2021,107045,36,18.01,3870.47,Two Wheeler,Thrissur
LN001530,CU001615,29-07-2022,"₹87,136",24,12.65,4128.29,two wheeler,Chennai
LN001075,CU003091,17 May 2021,111230,36,12.89,3741.89,CV,Kozhikode
LN003148,CU001805,03/09/2022,"₹309,658",36,16.83,11013.97,Car ,Delhi NCR
LN003249,CU003133,09/01/2022,194372,60,13.14,4436.5,CAR,Kozhikode
LN000609,CU003443,22 Nov 2021,78427,60,15.55,1888.49,Two-Wheeler,Bangalore
LN004772,CU003758,09/08/2022,235962,60,16.2,5763.24,Two-Wheeler,Bangalore
LN003422,CU003356,10 Feb 2024,75516,48,11.25,1960.93,Commercial  Vehicle,Hyderabad
LN001326,CU004385,01/03/2024,"₹88,130",36,15.4,3072.35,TWO WHEELER,Ahmedabad
LN002960,CU001023,09 Oct 2023,76185,24,11.13,3555.42,commercial vehicle,Coimbatore
LN002089,CU001140,12/22/2022,302402,48,14.55,8347.25,Commercial  Vehicle,Ahmedabad
LN002211,CU001255,2023-12-23,123367,48,17.48,3590.47,Car,Pune
LN001790,CU003277,2023-12-04,64430,36,16.6,2284.3,two wheeler,Coimbatore
LN003103,CU000949,11/07/2022,246532,24,14.01,11837.88,Two-Wheeler,Chennai
LN002000,CU002280,13 Sep 2023,308132,24,11.81,14477.52,TWO WHEELER,Coimbatore
LN000154,CU000158,27 Jul 2023,150672,36,10.42,4891.53,TWO WHEELER,Chennai
LN000040,CU001847,2023-02-15,81394,24,11.29,3804.57,TWO WHEELER,Chennai
LN002079,CU001159,05-05-2023,158930,48,,4599.92,CAR,  Delhi NCR 
LN002799,CU000837,13 Jan 2022,121367,36,9.98,3915.03,commercial vehicle,Pune
LN004666,CU001202,07/16/2021,152056,36,17.84,5484.99,CV,  Ahmedabad 
LN001780,CU003449,03-01-2022,106832,36,16.99,3808.32,2 Wheeler,Thrissur
LN001944,CU000338,10 Nov 2023,81851,48,11.62,2140.21,Two Wheeler,Kolkata
LN004053,CU000641,17-09-2022,171497,36,14.18,5876.37,two wheeler,Chennai
LN000732,CU000108,27/11/2021,216242,48,17.16,6257.59,TWO WHEELER,Chennai
LN004198,CU001766,05/11/2024,96535,12,15.76,8747.74,CV,Bangalore
LN003504,CU001336,2022-08-04,"₹136,566",48,9.83,3452.53,TRACTOR,Delhi NCR
LN001627,CU002941,10/08/2021,318747,12,11.5,28245.78,2 Wheeler,Kolkata
LN004160,CU003541,14 Jun 2024,"₹94,618",24,9.9,4361.77,Car,Ahmedabad
LN002218,CU002787,2022-10-18,167524,48,10.81,4314.3,2 Wheeler,Delhi NCR
LN001771,CU002800,05/13/2023,60897,48,16.91,1754.35,Car ,Bangalore
LN002866,CU001837,10/12/2021,80282,48,17.39,2332.77,Commercial Vehicle,Hyderabad
LN002436,CU000945,16/02/2024,82438,36,14.15,2823.55,TWO WHEELER,Ahmedabad
LN000245,CU004577,06/24/2024,98107,48,13.5,2656.38,commercial vehicle,Hyderabad
LN001067,CU004039,2023-02-02,196162,36,17.92,7083.86,commercial vehicle,Kolkata
LN000510,CU001868,2022-05-31,123782,48,18.27,3653.58,Two-Wheeler,Kochi
LN002425,CU004039,16/06/2021,134948,48,14.91,3749.55,Two Wheeler,Ahmedabad
LN002463,CU003735,11/07/2021,124644,24,16.23,6116.66,N/A,Chennai
LN002297,CU002210,2024-03-22,131547,36,15.87,4616.36,Car,Kochi
LN002223,CU004195,07/01/2022,"₹214,412",36,17.41,7688.2,two wheeler,Mumbai
LN004223,CU003360,2022-02-01,"₹115,723",12,16.22,10511.7,Commercial  Vehicle,Kozhikode
LN003312,CU004279,06/21/2023,154637,48,15.95,4378.5,TWO WHEELER,Kochi
LN002374,CU000769,19 Oct 2023,312764,48,13.58,8480.99,CV,Chennai
LN002092,CU001649,2021-11-20,278918,24,13.7,13352.16,CAR,Chennai
LN004388,CU002963,22 Nov 2021,156657,24,10.94,7297.08,Car ,Bangalore
LN002504,CU002791,18/05/2022,168422,24,12.87,7996.81,Two Wheeler,Thrissur
LN002998,CU002849,01 May 2024,187230,24,,9133.4,Car ,Coimbatore
LN004847,CU002491,28-04-2024,150876,36,13.92,5150.72,CAR,Chennai
LN001571,CU002050,01-03-2023,49260,24,9.61,2264.24,tractor,Thrissur
LN001478,CU001909,04-02-2021,67526,60,13.92,1568.41,commercial vehicle,Chennai
LN000716,CU000727,11/10/2022,55961,60,14.08,1304.44,TRACTOR,  Delhi NCR 
LN003212,CU004514,2024-02-29,211426,48,13.93,5770.11,CAR,  Bangalore 
LN000415,CU002994,03/14/2022,116806,24,15.06,5666.86,Car ,Thrissur
LN001437,CU003922,27/03/2023,133376,48,16.47,3812.1,CAR,Chennai
LN002840,CU000849,10/02/2022,328675,36,12.26,10957.57,N/A,Kochi
LN003434,CU001327,08/06/2022,"₹78,844",60,12.0,1753.84,two wheeler,Mumbai
LN002994,CU000200,05/24/2024,75128,24,11.29,3511.68,two wheeler,Kozhikode
LN001679,CU002490,01/11/2023,275088,36,11.43,9062.15,Commercial  Vehicle,Mumbai
LN002163,CU001644,16 Jun 2021,247702,24,13.01,11777.37,Commercial  Vehicle,Ahmedabad
LN003128,CU002049,28-10-2022,59557,24,13.7,2851.07,Two Wheeler,Coimbatore
LN001828,CU001100,2022-09-07,150828,36,9.66,4842.75,two wheeler,Pune
LN000494,CU003969,22-03-2024,230301,12,18.07,21121.67,Car ,  Delhi NCR 
LN003477,CU003017,09/11/2023,120215,36,16.06,4229.96,N/A,Bangalore
LN000790,CU001913,2021-05-16,142202,48,9.94,3602.51,car,Mumbai
LN001377,CU003301,2023-08-25,"₹121,605",12,16.95,11088.07,Car ,Kolkata
LN003993,CU002550,2024-06-03,102040,48,11.65,2669.6,Car ,Chennai
LN003014,CU003731,03/15/2024,"₹127,680",36,12.61,4278.1,Commercial  Vehicle,Bangalore
LN003854,CU001181,2021-07-16,250938,60,15.21,5997.49,TWO WHEELER,Pune
LN004681,CU004491,2022-01-23,"₹180,217",24,16.8,8893.03,Car,Bangalore
LN004273,CU003474,07/11/2023,172656,36,13.23,5836.61,TWO WHEELER,Pune
LN003354,CU004344,18 Oct 2022,80872,24,10.93,3766.64,Two-Wheeler,Pune
LN000891,CU002692,22 Oct 2023,221647,12,17.37,20254.2,CAR,Kozhikode
LN000170,CU002074,16 Nov 2022,156010,36,14.71,5386.01,Commercial Vehicle,Delhi NCR
LN002797,CU002351,03/21/2021,78271,24,11.99,3684.12,Two Wheeler,  Pune 
LN002546,CU003822,2022-10-17,145195,24,15.61,7082.17,CAR,Coimbatore
LN002532,CU004440,02/15/2024,92073,12,15.37,8326.44,Commercial Vehicle,Delhi NCR
LN002571,CU001071,04/05/2021,92114,36,10.84,3008.72,Car ,Thrissur
LN004408,CU000267,06/03/2024,64030,24,17.97,3195.71,Car ,Bangalore
LN004039,CU004093,29/07/2021,118563,36,10.06,3829.04,TRACTOR,Mumbai
LN003892,CU002368,15 Jan 2021,68124,12,11.48,6036.18,CV,Bangalore
LN000713,CU000856,09/11/2023,125150,24,11.0,5832.97,TWO WHEELER,  Hyderabad 
LN001357,CU001494,18-09-2021,148727,36,16.12,5237.62,Tractor,Thrissur
LN001316,CU001676,19-11-2021,"₹57,213",36,18.04,2069.54,Commercial  Vehicle,Ahmedabad
LN003409,CU000035,08/25/2021,47741,24,10.96,2224.22,Two-Wheeler,Kolkata
LN001221,CU001074,24/03/2024,187702,48,13.66,5097.28,Tractor,Thrissur
LN000917,CU001681,27-01-2022,109905,24,14.61,5308.58,commercial vehicle,Kolkata
LN002852,CU002898,03/10/2023,"₹95,967",48,14.83,2662.57,car,Mumbai
LN003116,CU001804,24/01/2023,126931,36,9.66,4075.47,2 Wheeler,Kozhikode
LN002573,CU002891,2021-09-16,"₹249,892",36,14.2,8565.01,Car ,Bangalore
LN001487,CU001861,23-01-2022,113230,24,13.11,5389.01,Two-Wheeler,Hyderabad
LN003088,CU000149,02-06-2024,139310,36,16.22,4912.87,2 Wheeler,Hyderabad
LN002770,CU000195,29/04/2021,83962,48,18.5,2488.37,TWO WHEELER,Pune
LN003308,CU003057,08 Jul 2022,122567,36,11.02,4013.85,CV,Thrissur
LN004781,CU002226,22-11-2023,69111,36,13.83,2356.35,two wheeler,Kochi
LN002794,CU003312,25/04/2021,103407,24,17.31,5128.09,CAR,Kochi
LN002574,CU001859,11/02/2021,224196,24,15.39,10912.1,Car,  Kolkata 
LN002519,CU000763,26 Jun 2024,88295,36,13.46,2994.61,tractor,Kozhikode
LN001433,CU002917,28 Feb 2021,40087,48,11.34,1042.7,car,Kozhikode
LN002386,CU002646,2022-04-18,"₹117,889",60,14.03,2744.9,TWO WHEELER,Kolkata
LN000567,CU001739,16-11-2023,141109,36,17.06,5035.14,Two Wheeler,Coimbatore
LN000042,CU000340,2022-07-30,548603,12,15.41,49622.18,commercial vehicle,Kozhikode
LN004009,CU001486,29/04/2023,112570,24,15.53,5486.53,CV,Kozhikode
LN000423,CU003182,10 Sep 2021,95045,36,16.17,3349.48,Two Wheeler,Delhi NCR
LN003252,CU001895,04/19/2024,83044,24,11.0,3870.5,two wheeler,Kozhikode
LN003222,CU000036,2022-06-10,"₹111,095",60,12.14,2479.11,2 Wheeler,Pune
LN003072,CU002504,19 Jan 2021,63725,48,17.78,1864.6,Two-Wheeler,Bangalore
LN004267,CU001286,2023-09-29,131220,24,14.75,6346.84,Commercial Vehicle,Ahmedabad
LN001242,CU003493,02/15/2022,"₹87,975",12,16.89,8019.15,Car ,Kochi
LN002674,CU002037,28-09-2021,117948,24,9.7,5426.38,Two Wheeler,Pune
LN000916,CU002430,07/12/2022,56056,60,18.49,1438.44,Two Wheeler,Hyderabad
LN000053,CU001806,09/04/2023,130087,24,17.56,6466.85,Car ,Delhi NCR
LN002303,CU004503,04/13/2024,185185,60,17.98,4700.47,TWO WHEELER,Hyderabad
LN003763,CU001744,2023-11-24,"₹63,563",24,17.1,3145.75,Commercial Vehicle,Delhi NCR
LN004927,CU003928,07-02-2023,246477,24,16.49,12126.07,commercial vehicle,Kochi
LN003376,CU001822,06-12-2021,278870,36,16.62,9889.82,commercial vehicle,Thrissur
LN000645,CU000531,19-10-2022,217441,48,15.13,6065.88,two wheeler,Ahmedabad
LN002114,CU000769,03/08/2023,124451,36,16.36,4397.48,2 Wheeler,Pune
LN000838,CU002277,18-03-2021,116747,24,15.63,5695.68,tractor,Kochi
LN003867,CU001731,06/14/2021,"₹134,877",36,14.99,4674.9,Two Wheeler,Kozhikode
LN001743,CU000778,07 Feb 2024,167659,60,17.69,4229.21,CAR,Kolkata
LN001157,CU003698,19-10-2023,99386,24,16.69,4899.08,Two Wheeler,Hyderabad
LN004553,CU003389,05-10-2023,169973,24,12.32,8026.64,Two Wheeler,Mumbai
LN000399,CU003327,2021-02-02,"₹212,284",48,17.35,6163.97,two wheeler,Chennai
LN002025,CU001603,02/07/2022,245706,36,9.91,7917.86,CAR,Hyderabad
LN000784,CU000521,03/03/2022,"₹75,225",24,17.81,3748.64,Car ,Mumbai
LN004892,CU004043,24-05-2023,215177,12,15.57,19479.44,Two-Wheeler,Kozhikode
LN003705,CU002955,2021-03-09,"₹207,669",48,15.39,5820.72,TWO WHEELER,Delhi NCR
LN000284,CU001958,07-12-2021,342043,24,18.36,17135.75,CAR,Delhi NCR
LN004133,CU004185,25/08/2023,99784,36,13.75,3398.28,two wheeler,Chennai
LN003533,CU002424,25 Dec 2022,136076,36,18.2,4933.14,two wheeler,Ahmedabad
LN001253,CU001695,20/02/2023,"₹55,228",24,13.65,2642.53,2 Wheeler,Kochi
LN003569,CU000726,10/07/2021,141297,24,15.11,6858.4,Car,Coimbatore
LN001274,CU001565,06/12/2023,"₹213,585",12,17.07,19487.06,Car,Coimbatore
LN003111,CU002087,05 Jan 2023,146529,24,,7113.75,car,Delhi NCR
LN001200,CU001500,07/27/2022,156718,48,14.65,4333.83,2 Wheeler,Pune
LN003403,CU004248,21 Jun 2024,"₹107,475",12,13.8,9639.76,Car,Ahmedabad
LN001907,CU002464,10-03-2021,82125,60,10.14,1750.58,Car,Chennai
LN004023,CU001235,29/03/2022,88022,24,11.03,4103.74,car,Thrissur
LN003379,CU001718,2021-04-18,160489,48,11.26,4168.22,CV,Coimbatore
LN004953,CU001167,16 Oct 2021,"₹159,467",48,15.52,4480.23,TRACTOR,Bangalore
LN003616,CU001712,2021-08-29,123962,24,12.05,5838.22,two wheeler,Hyderabad
LN003017,CU001197,06/06/2022,120838,60,16.96,3000.54,Tractor,Kozhikode
LN003902,CU003115,10 Feb 2023,193199,48,17.72,5646.99,Commercial  Vehicle,Bangalore
LN002952,CU000719,04/19/2022,47504,60,16.52,1168.37,TWO WHEELER,Kochi
LN003489,CU002804,11/23/2022,73028,36,17.08,2606.56,Two Wheeler,Mumbai
LN001713,CU003175,29 Apr 2024,"₹119,178",60,12.47,2679.44,Two-Wheeler,Delhi NCR
LN001142,CU002301,06 Oct 2023,108889,36,17.67,3918.6,Car,Thrissur
LN004369,CU002084,11/26/2023,98718,48,15.09,2751.9,CV,Pune
LN004919,CU003009,31-03-2024,113746,48,9.8,2873.98,two wheeler,Bangalore
LN001715,CU003092,03 Feb 2024,134122,48,14.12,3673.16,Two Wheeler,Delhi NCR
LN003648,CU000937,25/03/2024,245529,60,9.65,5174.58,2 Wheeler,Hyderabad
LN003954,CU000521,11-01-2021,118555,12,18.12,10875.89,Two Wheeler,Delhi NCR
LN004504,CU001556,2022-05-02,"₹66,890",12,13.72,5997.05,Car ,Kozhikode
LN003299,CU002742,03/04/2023,58035,12,11.08,5131.4,Car ,Kozhikode
LN004885,CU001143,10/04/2022,84698,24,15.83,4140.2,TWO WHEELER,Bangalore
LN000553,CU000585,30/04/2023,114544,24,13.29,5461.25,TWO WHEELER,Hyderabad
LN004868,CU001529,13-05-2024,138783,48,14.39,3819.66,Car ,Thrissur
LN000198,CU004334,2023-04-16,"₹305,623",24,12.05,14393.87,commercial vehicle,  Mumbai 
LN001041,CU000063,06/14/2023,72154,36,12.26,2405.52,car,Mumbai
LN004866,CU002436,19-01-2024,"₹96,427",36,10.84,3149.6,Car ,Thrissur
LN000845,CU001702,2022-06-09,100332,36,17.17,3585.6,Two-Wheeler,  Delhi NCR 
LN004769,CU000455,10 Oct 2022,253274,48,14.81,7024.44,Car,Pune
LN001516,CU003775,2023-08-27,93811,24,13.0,4459.95,Two-Wheeler,Pune
LN002102,CU001208,11/23/2023,102589,48,17.2,2970.84,Commercial  Vehicle,Hyderabad
LN003779,CU001666,30 Jan 2024,116687,36,15.56,4077.07,Commercial Vehicle,Bangalore
LN001144,CU002533,06/01/2021,419293,48,12.76,11198.7,Two Wheeler,Kozhikode
LN003680,CU003275,15-02-2021,113768,24,10.51,5276.64,Car ,Pune
LN001619,CU003501,10/17/2021,"₹81,866",48,9.78,2067.69,CAR,Coimbatore
LN004394,CU000027,2022-05-17,90530,36,12.28,3019.01,car,Kochi
LN003214,CU000117,08 May 2023,112966,48,12.87,3023.31,commercial vehicle,Pune
LN001027,CU001214,01/06/2022,"₹131,398",36,14.11,4497.9,2 Wheeler,Chennai
LN003348,CU000323,2023-01-21,104386,60,18.25,2664.94,Two Wheeler,Thrissur
LN004791,CU002234,29-06-2022,123248,36,14.16,4221.91,Car ,Thrissur
LN000603,CU003485,02/07/2022,68297,48,17.64,1993.4,Two-Wheeler,Coimbatore
LN001630,CU002393,2022-12-11,"₹63,172",36,14.97,2188.95,Car,Kolkata
LN000387,CU001732,08/04/2022,176645,36,15.21,6141.64,commercial vehicle,Mumbai
LN002621,CU000932,01-08-2023,96012,36,13.34,3250.77,Two-Wheeler,  Chennai 
LN004452,CU002364,2024-04-16,69875,36,18.37,2539.14,two wheeler,Bangalore
LN003094,CU004528,09/04/2021,272623,48,14.27,7486.8,Two-Wheeler,Pune
LN002035,CU002958,2023-11-29,128671,48,17.86,3770.3,two wheeler,Thrissur
LN001336,CU000071,26-06-2023,76466,24,17.06,3782.86,TWO WHEELER,Thrissur
LN004377,CU002006,10-03-2023,87292,36,17.0,3112.2,Two Wheeler,Mumbai
LN000805,CU000423,03-05-2021,142592,24,16.3,7002.2,Two Wheeler,Thrissur
LN003001,CU003924,02 Jun 2024,105302,48,14.38,2897.65,Two Wheeler,Kochi
LN000493,CU000856,07/12/2023,150179,60,15.14,3583.79,TWO WHEELER,Bangalore
LN001418,CU003516,2023-12-01,172015,24,13.2,8194.08,Two-Wheeler,Thrissur
LN002745,CU004316,21-11-2023,218585,24,9.53,10039.24,Tractor,Kozhikode
LN000341,CU001128,07-02-2022,63820,24,18.34,3196.65,tractor,Thrissur
LN001110,CU002940,07-01-2022,186428,60,13.87,4325.3,TWO WHEELER,Bangalore
LN002984,CU002131,05/24/2024,121878,36,11.99,4047.51,2 Wheeler,Kolkata
LN000166,CU000466,12/25/2021,165901,24,10.84,7719.97,2 Wheeler,Hyderabad
LN004265,CU000849,16-01-2023,"₹130,911",24,11.21,6114.25,TWO WHEELER,Pune
LN002484,CU003437,2021-12-20,60238,48,18.36,1780.84,N/A,Chennai
LN003545,CU004102,02 Dec 2021,"₹115,291",36,14.81,3985.88,Two Wheeler,Thrissur
LN003795,CU002495,13/01/2024,267958,12,12.56,23878.0,TWO WHEELER,Ahmedabad
LN000485,CU003042,11/03/2024,107382,24,15.23,5218.34,Car ,Kochi
LN003992,CU000064,01/04/2024,185974,60,15.6,4483.1,two wheeler,Kochi
LN004676,CU000774,08 Oct 2023,"₹171,275",60,14.85,4061.15,2 Wheeler,  Kozhikode 
LN000422,CU001760,05/30/2023,"₹195,435",24,15.6,9531.8,CAR,Pune
LN003451,CU004427,2023-02-20,106960,36,,3692.63,Two Wheeler,Hyderabad
LN000155,CU004230,06 Nov 2023,98670,60,14.93,2343.73,TWO WHEELER,Coimbatore
LN003108,CU000331,2022-03-29,153195,36,15.02,5312.06,Two Wheeler,Thrissur
LN000592,CU002899,2023-12-23,"₹48,195",48,14.08,1318.93,car,Kolkata
LN001572,CU001151,27-06-2021,"₹123,697",12,11.69,10972.4,Two Wheeler,Coimbatore
LN002391,CU000938,05 May 2024,169811,24,18.39,8509.7,2 Wheeler,  Ahmedabad 
LN004387,CU000444,12/09/2021,"₹88,124",24,9.95,4064.44,CV,Kozhikode
LN003622,CU003106,26 Feb 2022,249015,36,12.73,8357.95,two wheeler,Kochi
LN000379,CU001123,31 Mar 2021,"₹220,891",60,17.23,5517.06,Commercial  Vehicle,Pune
LN003076,CU000816,12-06-2023,83314,36,15.86,2923.32,TWO WHEELER,Hyderabad
LN004579,CU000178,28/11/2022,136387,12,17.27,12456.62,Commercial Vehicle,Hyderabad
LN002173,CU004039,20/05/2023,206902,24,18.17,10346.4,TWO WHEELER,Mumbai
LN001052,CU003847,13-02-2024,183186,36,10.28,5935.01,CAR,Hyderabad
LN002115,CU002904,03 Jun 2023,63476,48,14.47,1749.58,Two-Wheeler,Chennai
LN004740,CU002873,24/10/2021,97449,60,14.36,2285.7,Car,Kochi
LN002051,CU000743,28-06-2021,265600,36,11.82,8798.9,two wheeler,Mumbai
LN004115,CU001333,04/17/2023,258098,24,11.77,12121.87,Car ,Pune
LN004753,CU004224,2023-09-05,228022,36,16.64,8088.81,TWO WHEELER,Pune
LN000180,CU003319,01/05/2021,"₹216,704",36,9.94,6986.33,Two Wheeler,Bangalore
LN004580,CU003065,2021-07-27,155842,36,10.53,5067.45,TRACTOR,Bangalore
LN004922,CU001533,15/06/2021,58118,24,17.21,2879.35,N/A,Coimbatore
LN002460,CU003683,2023-01-12,44212,24,14.58,2134.88,commercial vehicle,Mumbai
LN001574,CU003467,08/12/2021,"₹110,955",48,15.59,3121.25,CAR,Hyderabad
LN001597,CU003283,2022-09-02,"₹136,560",48,15.16,3811.65,Two Wheeler,Pune
LN002941,CU002967,10/22/2022,"₹78,991",36,16.12,2781.77,N/A,Chennai
LN003754,CU002275,30 May 2021,260919,24,16.99,12899.17,TWO WHEELER,Kozhikode
LN004404,CU004356,14 Oct 2021,104858,24,17.14,5191.47,Two-Wheeler,Kozhikode
LN004823,CU000416,27 May 2022,232875,48,11.79,6108.51,CV,Kolkata
LN002886,CU003839,01/09/2021,156701,36,12.45,5238.46,Two-Wheeler,Thrissur
LN000250,CU002986,19/05/2022,276542,24,11.09,12900.58,Tractor,Coimbatore
LN003458,CU000365,12-05-2022,137181,24,15.12,6659.27,Two Wheeler,Thrissur
LN000638,CU002126,25 May 2021,"₹125,275",48,13.91,3417.67,Two Wheeler,Coimbatore
LN002395,CU004464,19/10/2021,"₹255,590",48,14.57,7057.67,TWO WHEELER,Kolkata
LN002581,CU003635,06/20/2021,73537,36,15.47,2566.14,CV,Mumbai
LN003563,CU000740,2021-12-27,203277,36,16.95,7242.32,CAR,Kozhikode
LN004696,CU001312,04/22/2023,145538,36,10.99,4764.04,Two Wheeler,  Kochi 
LN002320,CU001844,10/05/2022,89625,24,16.94,4428.68,Two-Wheeler,Ahmedabad
LN000344,CU002777,2022-05-15,200147,48,16.25,5697.88,Two-Wheeler,Kolkata
LN002326,CU003580,01/18/2023,"₹128,484",36,14.04,4393.78,commercial vehicle,Delhi NCR
LN000466,CU001268,01/13/2022,212912,24,10.66,9889.79,Car,Hyderabad
LN003378,CU003376,30 Aug 2021,61075,36,14.19,2093.04,CAR,Delhi NCR
LN000574,CU003550,16 May 2021,126758,36,11.13,4157.7,Two Wheeler,Kolkata
LN002328,CU004208,23/12/2021,81511,24,11.72,3826.36,CAR,Pune
LN004750,CU003919,02/15/2024,"₹89,328",24,13.08,4250.17,CAR,Bangalore
LN002416,CU002828,08/09/2021,84368,36,17.8,3041.65,tractor,Kochi
LN000023,CU002395,04/01/2022,86575,36,13.24,2927.07,2 Wheeler,Kolkata
LN000760,CU004537,29 Mar 2022,170921,48,11.68,4474.2,Commercial Vehicle,Hyderabad
LN000052,CU000132,08 Mar 2021,66717,36,18.08,2414.66,Car,Kolkata
LN000836,CU001686,2023-11-30,168789,24,12.5,7984.95,car,Chennai
LN002134,CU000392,11/01/2023,105758,12,10.11,9303.22,CAR,Bangalore
LN002893,CU003467,17-04-2021,414047,36,17.66,14898.27,2 Wheeler,Kochi
LN004600,CU001477,21 Dec 2022,168001,48,17.84,4920.99,Tractor,Kolkata
LN004302,CU002291,02/09/2024,83870,24,,3942.96,TWO WHEELER,Kochi
LN001187,CU004115,18-02-2023,140800,48,11.4,3666.46,Two-Wheeler,Hyderabad
LN004158,CU001991,21/07/2022,125602,12,11.21,11113.22,Two-Wheeler,Kolkata
LN004543,CU004255,05/11/2021,"₹174,334",36,16.78,6196.41,car,Thrissur
LN002558,CU000086,23-05-2023,124236,48,16.01,3521.52,two wheeler,Kochi
LN001141,CU002790,2023-02-11,407256,24,18.45,20420.55,two wheeler,Kozhikode
LN002618,CU000481,2021-07-25,"₹81,094",36,17.99,2931.34,two wheeler,Coimbatore
LN004572,CU002391,06-11-2021,109265,36,12.02,3630.21,2 Wheeler,Thrissur
LN000353,CU001063,05/02/2023,179500,24,10.42,8317.85,two wheeler,Ahmedabad
LN004534,CU002744,26 May 2022,223475,36,17.61,8035.5,2 Wheeler,Thrissur
LN001697,CU001359,14-10-2021,280421,12,13.37,25095.14,TWO WHEELER,Bangalore
LN003922,CU004061,18 Jul 2021,"₹143,898",60,11.52,3166.14,2 Wheeler,Hyderabad
LN001643,CU001686,2022-07-14,58324,36,13.05,1966.57,car,Hyderabad
LN000008,CU001638,10 Jul 2022,133745,24,18.49,6708.81,TRACTOR,Hyderabad
LN004951,CU000250,05/31/2022,"₹131,393",48,12.5,3492.43,Two Wheeler,Thrissur
LN000173,CU002419,20 Oct 2021,"₹88,305",36,11.63,2917.41,2 Wheeler,Mumbai
LN003557,CU002969,05/11/2022,116764,36,18.37,4243.0,commercial vehicle,Chennai
LN000514,CU004351,15 Sep 2022,83934,60,9.57,1765.64,TWO WHEELER,Ahmedabad
LN001449,CU002662,12/13/2021,141003,36,11.51,4650.39,CAR,Chennai
LN001196,CU001341,05/27/2023,183527,48,16.81,5277.66,CAR,Hyderabad
LN003584,CU000685,04-04-2022,134315,60,13.8,3111.37,Commercial Vehicle,Kochi
LN003186,CU001218,26 Jan 2022,137489,36,18.35,4994.73,CAR,Bangalore
LN000248,CU004375,27/09/2021,56419,60,14.15,1317.16,N/A,Kochi
LN002679,CU000429,14-07-2022,"₹235,408",12,,21189.81,tractor,Chennai
LN000236,CU004425,10-06-2023,200565,48,18.2,5912.58,Commercial  Vehicle,Coimbatore
LN001018,CU000043,08-01-2021,223777,36,15.85,7850.77,TRACTOR,Coimbatore
LN003193,CU001133,16/03/2023,40000,36,13.62,1359.73,Two-Wheeler,Pune
LN003708,CU001971,18-07-2022,"₹120,945",24,16.58,5955.42,N/A,Delhi NCR
LN000950,CU003418,05-05-2023,"₹255,182",48,13.66,6929.78,CV,Thrissur
LN003865,CU003743,10/06/2024,64865,24,10.7,3014.19,Two-Wheeler,Kolkata
LN004038,CU004433,04 Jun 2021,"₹114,685",24,10.78,5333.51,CV,Kozhikode
LN000728,CU002923,21-01-2024,95088,24,13.7,4551.98,CV,Mumbai
LN002587,CU001299,01 Mar 2023,89750,60,16.3,2196.88,Commercial  Vehicle,Chennai
LN001871,CU003853,2023-04-10,98141,24,9.65,4512.87,Two-Wheeler,Pune
LN004663,CU004426,01/08/2022,195621,36,13.31,6620.49,TRACTOR,Thrissur
LN001069,CU002280,01/18/2022,46668,36,15.65,1632.66,TRACTOR,Kolkata
LN003673,CU002553,15/03/2022,185267,60,,4004.17,CAR,Kozhikode
LN004841,CU000552,05 Nov 2022,162391,48,12.67,4329.99,Two Wheeler,Hyderabad
LN003290,CU001255,23-01-2024,411059,24,14.29,19792.49,2 Wheeler,Mumbai
LN004163,CU002479,04/09/2022,172492,36,18.39,6269.8,Two-Wheeler,Mumbai
LN003387,CU001344,2024-03-22,"₹141,165",24,10.46,6544.06,TWO WHEELER,Delhi NCR
LN000709,CU001707,09/01/2021,207975,36,10.63,6772.45,car,Pune
LN002454,CU003728,02 May 2024,131320,12,11.96,11665.17,Car,Kolkata
LN004830,CU001356,20-08-2022,93977,12,12.12,8355.02,car,Coimbatore
LN004675,CU003072,2021-03-17,180932,60,10.86,3921.28,Commercial  Vehicle,Pune
LN002812,CU001152,08/29/2023,111414,60,9.52,2340.99,car,Hyderabad
LN001109,CU002769,2024-05-13,110937,48,16.06,3147.4,Two-Wheeler,Mumbai
LN001247,CU002074,18-01-2024,112862,48,12.18,2982.07,two wheeler,Bangalore
LN003415,CU002058,2023-02-11,183665,24,10.29,8499.81,two wheeler,  Bangalore 
LN002250,CU003989,04/10/2023,130301,24,17.17,6453.03,CAR,Kozhikode
LN002920,CU000641,2022-05-10,78247,24,17.25,3878.11,two wheeler,Mumbai
LN003845,CU003266,18 Jun 2021,93312,12,14.24,8388.76,2 Wheeler,Chennai
LN002583,CU002739,31/07/2023,"₹156,490",60,10.35,3351.96,Commercial  Vehicle,Mumbai
LN003768,CU004591,02/22/2024,139099,36,17.08,4964.8,CAR,Thrissur
LN001543,CU002814,10 Apr 2022,252308,48,15.69,7110.48,Car ,Thrissur
LN003270,CU001372,05/14/2023,170218,24,17.02,8417.6,commercial vehicle,Kolkata
LN003024,CU003794,02/06/2023,"₹376,473",36,14.71,12997.16,CAR,Thrissur
LN001785,CU000801,2022-03-02,"₹695,100",36,13.54,23601.87,Car,Kozhikode
LN000889,CU002224,03/12/2022,210136,12,11.04,18576.09,CAR,Coimbatore
LN001891,CU002775,2021-06-06,116902,36,13.11,3945.09,Car,Delhi NCR
LN003000,CU001368,2023-09-14,249400,24,17.05,12336.89,2 Wheeler,Delhi NCR
LN001702,CU001790,02-01-2021,126222,24,10.55,5856.6,Two Wheeler,Mumbai
LN004299,CU003264,07-10-2022,"₹160,218",24,15.43,7801.21,two wheeler,Bangalore
LN003201,CU002393,05/19/2023,"₹172,599",24,16.27,8473.27,two wheeler,Kolkata
LN002455,CU002949,02/04/2024,100959,24,15.25,4907.16,CAR,Kozhikode
LN001133,CU001961,05/14/2022,"₹99,661",48,11.33,2591.79,Two Wheeler,Bangalore
LN000633,CU000295,28 May 2023,132123,36,16.7,4690.84,Car,Pune
LN003224,CU002728,2021-04-15,58356,60,15.49,1403.34,TWO WHEELER,Chennai
LN004990,CU004060,08/06/2022,"₹134,344",36,9.8,4322.3,2 Wheeler,Bangalore
LN003950,CU002704,29-12-2021,"₹50,443",24,17.45,2504.94,two wheeler,Thrissur
LN002934,CU000128,28/07/2021,197060,12,10.17,17340.29,2 Wheeler,Mumbai
LN001099,CU002712,02-12-2022,99544,36,14.24,3413.79,CV,Bangalore
LN004193,CU004414,18-09-2021,200052,24,12.55,9468.61,TWO WHEELER,Thrissur
LN002190,CU001372,10-09-2023,"₹99,292",24,17.67,4941.25,Car,Hyderabad
LN003978,CU004249,24 Jan 2021,66332,24,15.86,3243.39,Two-Wheeler,Thrissur
LN001757,CU001366,04/07/2021,178180,36,16.87,6341.08,Commercial Vehicle,Thrissur
LN000816,CU003468,09/09/2022,57634,36,10.62,1876.51,commercial vehicle,Chennai
LN001091,CU003767,2023-10-19,203267,36,14.17,6963.98,CAR,Chennai
LN003752,CU000531,11-12-2023,"₹241,742",36,11.36,7955.6,Two-Wheeler,Ahmedabad
LN002204,CU003220,25 Mar 2021,"₹137,130",24,13.19,6531.65,Two Wheeler,Kolkata
LN003089,CU003406,22/07/2021,48319,48,13.32,1303.97,car,Kozhikode
LN000946,CU003281,22 Jan 2021,"₹81,740",36,11.45,2693.52,2 Wheeler,Mumbai
LN001672,CU003553,05/10/2022,61697,36,15.72,2160.56,Car,Mumbai
LN002721,CU003340,07/11/2023,108852,24,17.59,5412.8,CV,Ahmedabad
LN002867,CU003694,20 Dec 2022,84681,36,17.74,3050.39,car,Bangalore
LN003884,CU002744,15 Jan 2022,284410,12,10.37,25053.13,CAR,Mumbai
LN002980,CU001147,29 Dec 2023,"₹183,289",36,17.52,6582.29,TWO WHEELER,Chennai
LN001749,CU003777,2023-01-21,"₹88,526",12,14.34,7962.66,two wheeler,Pune
LN004135,CU003250,27-08-2023,"₹144,029",48,17.35,4182.09,tractor,Hyderabad
LN002232,CU002514,22-05-2024,118664,12,12.21,10554.81,car,Chennai
LN000611,CU000256,01/09/2023,172560,48,11.64,4513.73,2 Wheeler,Kozhikode
LN004633,CU000023,2022-10-16,65467,48,14.61,1809.08,Commercial  Vehicle,Ahmedabad
LN001899,CU002656,04-02-2021,152835,36,14.93,5292.84,Tractor,Coimbatore
LN002929,CU002778,2021-02-20,"₹50,280",36,12.95,1692.92,TWO WHEELER,Hyderabad
LN003162,CU003702,04/06/2023,75455,36,16.55,2673.31,commercial vehicle,Kolkata
LN003277,CU000160,05/24/2023,161200,24,12.54,7628.96,CV,Mumbai
LN004234,CU000193,27 Jan 2024,258433,48,15.22,7221.24,Car,Coimbatore
LN002367,CU000379,19/03/2024,66449,36,13.9,2267.84,2 Wheeler,Kochi
LN004526,CU003624,01-05-2024,106987,24,17.87,5334.51,CV,Coimbatore
LN002209,CU002449,2024-03-20,"₹66,959",24,15.11,3250.12,N/A,Thrissur
LN001215,CU001036,06-07-2023,139852,36,12.06,4649.1,Commercial Vehicle,Hyderabad
LN002410,CU001574,26-06-2024,163379,24,17.95,8152.6,Commercial Vehicle,Coimbatore
LN001076,CU000398,07 Mar 2023,143862,12,12.48,12814.29,Car,Pune
LN004960,CU000518,14-12-2023,128142,48,12.0,3374.47,commercial vehicle,Kolkata
LN000095,CU004127,09/14/2023,"₹100,435",60,9.71,2119.64,commercial vehicle,Hyderabad
LN004812,CU000027,31/12/2021,233135,48,12.75,6225.54,N/A,Thrissur
LN000241,CU001497,24/04/2022,105616,36,16.16,3721.49,two wheeler,Pune
LN001280,CU003304,24/11/2023,"₹166,079",24,11.51,7779.97,Two Wheeler,Pune
LN000334,CU003304,2021-03-08,62570,24,15.94,3061.83,car,Mumbai
LN004720,CU001224,17 Mar 2021,220834,36,12.4,7377.11,Car,Pune
LN002507,CU001366,01/12/2023,94653,48,13.28,2552.48,Car,Pune
LN000641,CU004300,06/08/2021,178133,48,16.0,5048.34,Car ,Delhi NCR
LN004635,CU000682,2023-12-07,"₹192,343",36,15.25,6691.21,Two-Wheeler,Thrissur
LN002717,CU004407,01 May 2024,"₹122,638",36,9.67,3938.21,2 Wheeler,Bangalore
LN001321,CU000502,2021-12-04,81685,60,10.21,1744.02,Car,Pune
LN000509,CU002362,02/26/2024,"₹193,764",24,17.11,9590.38,TRACTOR,Pune
LN000332,CU001975,17-01-2022,210605,24,11.14,9829.54,TWO WHEELER,Coimbatore
LN000448,CU001153,06-04-2021,"₹130,782",48,17.68,3819.89,car,Chennai
LN000332,CU001975,17-01-2022,210605,24,11.14,9829.54,TWO WHEELER,Coimbatore
LN000975,CU003970,03/06/2021,189544,36,11.56,6255.81,TWO WHEELER,Kolkata
LN000779,CU003594,02/09/2023,119683,12,12.86,10681.9,Commercial  Vehicle,Mumbai
LN001566,CU001802,19 Jul 2023,64510,60,12.84,1462.52,commercial vehicle,Kozhikode
LN001045,CU000240,19-09-2021,194193,24,15.77,9486.97,Commercial Vehicle,Delhi NCR
LN003972,CU003055,26-09-2021,129104,36,16.92,4597.77,Car,Delhi NCR
LN002293,CU003770,14/12/2022,120579,60,14.36,2828.22,tractor,Kolkata
LN003677,CU003168,05-03-2021,80910,24,13.42,3862.59,two wheeler,Bangalore
LN000654,CU000650,2021-11-06,91086,24,10.42,4220.84,2 Wheeler,Bangalore
LN000347,CU003338,01/04/2022,45481,36,10.96,1488.13,two wheeler,Bangalore
LN000127,CU000017,24-01-2023,76666,36,15.14,2662.91,commercial vehicle,Mumbai
LN002975,CU000542,28 Apr 2023,203135,36,16.96,7238.27,Car,Ahmedabad
LN002388,CU000272,03/02/2024,151785,48,9.51,3814.04,N/A,Kozhikode
LN002896,CU002348,25 Aug 2022,196753,48,13.62,5339.14,tractor,Thrissur
LN004624,CU003717,10/30/2022,95934,36,17.88,3462.47,two wheeler,Pune
LN003513,CU004548,02 May 2024,99418,24,16.49,4891.12,car,Pune
LN001019,CU003374,18 Apr 2023,215517,36,10.59,7013.98,TWO WHEELER,Delhi NCR
LN001470,CU000658,22/08/2021,142833,24,12.89,6783.16,two wheeler,Mumbai
LN001801,CU003710,28/02/2021,216169,48,14.49,5960.41,Tractor,Ahmedabad
LN001726,CU003090,25 Oct 2021,258899,24,12.89,12295.16,Commercial Vehicle,Kolkata
LN000974,CU002451,10/12/2022,"₹109,880",60,16.21,2684.34,Two-Wheeler,Chennai
LN004745,CU000917,2024-03-28,140450,36,12.54,4701.26,Two Wheeler,Thrissur
LN004978,CU000555,10/23/2023,"₹177,550",60,11.63,3916.38,Two-Wheeler,Chennai
LN001359,CU000109,29-07-2023,59963,36,15.56,2095.12,Tractor,Kochi
LN001521,CU001790,31/05/2022,126143,24,17.52,6268.36,2 Wheeler,Mumbai
LN002599,CU002766,04/12/2023,165013,36,13.18,5574.26,Car ,Kozhikode
LN003100,CU001429,11/28/2022,108129,48,18.49,3204.04,car,Kozhikode
LN004211,CU001486,08/31/2021,"₹56,306",12,16.59,5124.43,TRACTOR,Kochi
LN004104,CU004410,22/09/2023,100811,48,18.37,2980.85,TWO WHEELER,Delhi NCR
LN003985,CU000950,24/01/2022,89970,36,14.84,3111.79,CV,Hyderabad
LN000484,CU003715,2023-05-11,78160,12,14.74,7045.0,Car ,Chennai
LN002936,CU000041,18/04/2022,"₹62,247",36,16.31,2197.96,Tractor,Kolkata
LN002449,CU002487,18/06/2023,177733,36,9.68,5708.28,N/A,Kozhikode
LN003672,CU001461,2024-01-20,190107,24,15.6,9271.94,Car,Thrissur
LN000263,CU001390,2021-05-31,276280,36,15.93,9703.64,Car,Ahmedabad
LN002363,CU004438,01/03/2022,190232,36,12.8,6391.36,TWO WHEELER,Hyderabad
LN000519,CU004106,14-12-2023,"₹73,315",36,9.95,2363.95,Car ,Chennai
LN000992,CU001370,24 Oct 2022,"₹69,558",48,12.25,1840.28,TWO WHEELER,Chennai
LN004027,CU000166,2024-04-08,147417,48,15.85,4166.52,Car ,Kozhikode
LN002869,CU002849,29/09/2023,"₹101,798",24,13.0,4839.66,car,Hyderabad
LN002520,CU002671,22-02-2024,75017,24,15.55,3656.96,Car ,Hyderabad
LN003293,CU004200,28 Oct 2021,186992,36,17.41,6704.99,2 Wheeler,Hyderabad
LN000944,CU000309,01 Jun 2021,89467,36,10.06,2889.37,Two Wheeler,Mumbai
LN001592,CU004556,23-12-2023,176118,24,14.2,8472.58,TWO WHEELER,Kochi
LN000451,CU000002,14 May 2021,195699,36,11.65,6467.34,Car ,Hyderabad
LN003873,CU002717,01/24/2021,"₹136,526",48,14.58,3770.62,two wheeler,Hyderabad
LN003050,CU001287,02/11/2022,267147,24,17.1,13221.19,Car,Pune
LN004856,CU001553,2024-04-03,377137,48,15.15,10524.7,TWO WHEELER,Thrissur
LN001535,CU002830,10 Jan 2021,215431,24,16.03,10551.26,Two Wheeler,Bangalore
LN001356,CU003760,02/15/2022,94410,48,10.69,2425.89,Two Wheeler,Kozhikode
LN001925,CU004295,10/02/2023,76931,48,9.58,1935.69,CAR,Ahmedabad
LN001312,CU003485,27-05-2023,331670,48,10.29,8458.28,tractor,Delhi NCR
LN003579,CU000715,2022-01-16,389994,24,12.96,18533.7,Commercial Vehicle,Ahmedabad
LN003487,CU002558,01 Dec 2021,161011,48,12.59,4286.83,car,Mumbai
LN004292,CU001955,07/18/2022,200673,12,16.16,18222.43,TWO WHEELER,Ahmedabad
LN000394,CU001923,2023-04-17,123615,60,12.7,2793.67,Tractor,Thrissur
LN003555,CU004202,01/26/2024,254228,12,16.57,23134.95,2 Wheeler,Chennai
LN004981,CU000715,06-07-2023,"₹88,244",48,11.15,2287.15,CAR,Kochi
LN004020,CU001492,27-10-2022,71277,36,15.47,2487.28,TWO WHEELER,Pune
LN000676,CU002772,12/27/2022,"₹56,772",48,12.57,1510.96,Commercial Vehicle,Kozhikode
LN000824,CU001513,04 Feb 2022,90729,24,15.41,4416.84,Car,Kochi
LN001614,CU003343,29/10/2021,203731,36,12.3,6796.01,Two Wheeler,Coimbatore
LN003751,CU004591,24-09-2021,"₹42,818",48,17.91,1255.77,CV,Kozhikode
LN002924,CU002981,20-02-2024,94388,48,10.72,2426.69,CV,Coimbatore
LN003561,CU003576,24 Apr 2022,"₹172,440",36,18.36,6265.3,car,Mumbai
LN001444,CU001302,12/01/2022,"₹144,264",24,15.32,7016.83,two wheeler,Hyderabad
LN003556,CU002460,27/04/2021,"₹42,254",36,13.92,1442.5,2 Wheeler,Bangalore
LN003945,CU001964,03/04/2021,"₹116,593",60,17.99,2960.06,2 Wheeler,Delhi NCR
LN002350,CU002770,23/10/2021,246934,48,17.71,7216.32,car,Kochi
LN003199,CU001049,19/05/2022,203538,36,10.52,6617.4,TRACTOR,Mumbai
LN003455,CU004398,2023-10-25,251483,60,14.95,5976.16,Car,Chennai
LN003855,CU004010,01/10/2024,195066,48,10.35,4980.23,TRACTOR,Bangalore
LN004436,CU001116,2022-06-07,152895,24,11.04,7128.95,two wheeler,Mumbai
LN003615,CU000617,12/02/2023,87391,60,12.05,1946.17,2 Wheeler,  Kozhikode 
LN000480,CU002438,20/04/2021,139549,12,13.99,12529.05,Two-Wheeler,Chennai
LN003833,CU001448,17-01-2022,251361,36,,8715.97,CAR,Pune
LN000561,CU003489,04-02-2021,240826,24,12.2,11359.02,Car ,Delhi NCR
LN002912,CU002486,26 May 2023,"₹168,474",48,10.61,4322.46,commercial vehicle,Kozhikode
LN003091,CU001331,10-11-2022,54114,24,14.56,2612.51,Commercial Vehicle,Pune
LN001877,CU001739,17-07-2022,"₹176,906",60,16.08,4309.53,Commercial Vehicle,Mumbai
LN002623,CU000540,2022-06-14,117734,48,17.75,3443.07,N/A,Ahmedabad
LN002821,CU002460,22/01/2023,92408,60,15.04,2200.32,commercial vehicle,Kochi
LN002024,CU002911,19/11/2023,77882,36,9.93,2510.47,2 Wheeler,Pune
LN001213,CU004374,15-11-2022,188177,36,10.89,6150.88,CAR,Thrissur
LN003154,CU001924,24/03/2024,81328,48,14.99,2263.01,two wheeler,Ahmedabad
LN001343,CU000770,21/06/2024,183641,60,16.91,4555.07,Tractor,Kozhikode
LN001169,CU003166,06/09/2023,131933,24,14.42,6360.69,Two-Wheeler,Coimbatore
LN002231,CU002272,05-09-2022,207195,60,15.56,4990.27,CAR,Thrissur
LN000842,CU003095,10/14/2021,128885,48,16.76,3703.0,Two-Wheeler,Coimbatore
LN001570,CU001637,05/22/2022,257761,36,14.31,8848.52,Commercial  Vehicle,Ahmedabad
LN002672,CU000368,26/10/2022,"₹198,281",48,16.15,5634.58,commercial vehicle,Thrissur
LN001731,CU001578,02/11/2021,112684,36,15.42,3929.44,Two Wheeler,Thrissur
LN003345,CU002305,06/20/2021,107321,36,13.79,3657.04,CAR,  Hyderabad 
LN002037,CU001457,03/17/2022,102418,48,10.96,2645.06,2 Wheeler,Delhi NCR
LN003258,CU003424,28-03-2021,137025,24,13.63,6555.04,Two Wheeler,Kochi
LN001211,CU003386,30-03-2024,185088,24,11.05,8630.85,Car,Chennai
LN000246,CU001025,2024-03-10,489399,12,18.36,44951.99,tractor,Delhi NCR
LN002948,CU000577,13 Apr 2024,118588,24,14.61,5727.99,two wheeler,Ahmedabad
LN004469,CU004021,30-10-2021,40851,12,9.7,3585.75,2 Wheeler,Coimbatore
LN002766,CU001260,26-01-2021,101160,36,18.45,3680.05,commercial vehicle,Thrissur
LN003706,CU000930,2021-05-23,102089,24,18.35,5113.98,Two Wheeler,Bangalore
LN000041,CU003425,20 Feb 2024,142899,24,11.63,6702.09,Car ,Kolkata
LN004976,CU003050,09-07-2021,203174,48,18.3,6000.13,Two Wheeler,Coimbatore
LN002344,CU002598,07/28/2022,133550,36,16.06,4699.18,Car ,Mumbai
LN004312,CU001814,29-07-2023,"₹111,343",12,16.17,10111.21,TWO WHEELER,Bangalore
LN000663,CU003179,05 May 2024,83292,60,9.81,1761.93,2 Wheeler,Kochi
LN003633,CU000398,02/20/2024,"₹230,301",36,13.76,7844.32,Car,Hyderabad
LN001015,CU004172,13 May 2023,"₹85,627",48,18.33,2530.08,commercial vehicle,Chennai
LN003352,CU003665,16 Feb 2023,193087,48,17.55,5626.63,Commercial Vehicle,Delhi NCR
LN004757,CU002268,30 Jan 2024,150789,48,11.95,3967.15,TWO WHEELER,Ahmedabad
LN003703,CU001587,2022-06-14,224154,12,10.79,19789.15,car,Kochi
LN003581,CU000951,08/27/2021,225327,36,16.76,8006.63,TWO WHEELER,Chennai
LN000286,CU002881,02/25/2023,45291,36,13.64,1540.03,Commercial  Vehicle,Bangalore
LN003170,CU004225,06-11-2022,118524,60,12.35,2657.51,commercial vehicle,Coimbatore
LN004998,CU002755,21-01-2023,105440,48,16.7,3026.14,two wheeler,Pune
LN003265,CU004436,02/01/2024,221550,36,14.42,7617.33,Two Wheeler,Ahmedabad
LN002407,CU001160,20/05/2024,255601,36,12.45,8544.65,Car ,Bangalore
LN001990,CU001207,2024-06-11,99168,48,11.32,2578.49,2 Wheeler,  Kochi 
LN001408,CU001890,19-11-2022,94216,24,11.14,4397.33,CV,Kozhikode
LN004114,CU003137,05/11/2021,"₹307,773",60,13.95,7153.36,Two Wheeler,Mumbai
LN002901,CU003336,03 Dec 2022,"₹193,692",24,13.44,9248.55,two wheeler,Pune
LN000105,CU000502,2021-05-23,"₹189,208",36,18.19,6858.37,N/A,Hyderabad
LN000235,CU000272,26-04-2024,100657,24,13.54,4810.99,Two Wheeler,Kolkata
LN002743,CU003175,12/09/2023,230452,24,13.68,11029.86,Commercial Vehicle,Mumbai
LN002242,CU002672,09/13/2022,143744,24,17.02,7108.41,CAR,Kozhikode
LN003609,CU004040,06/06/2021,"₹130,603",36,14.53,4497.39,Car,Mumbai
LN001856,CU000306,11/06/2023,133131,60,16.07,3242.44,TWO WHEELER,Hyderabad
LN000617,CU000021,26/02/2023,185808,24,14.82,8993.32,Car,Hyderabad
LN002964,CU001135,16-09-2021,"₹91,028",36,,3083.78,TWO WHEELER,Thrissur
LN001049,CU002469,08/06/2021,232202,24,16.2,11391.53,CAR,Kolkata
LN001056,CU004178,12 Feb 2024,62307,24,16.15,3055.21,TWO WHEELER,Kolkata
LN000454,CU001133,12/03/2022,190514,36,12.94,6413.67,TWO WHEELER,Mumbai
LN003205,CU003699,27-03-2021,238784,36,12.57,7996.21,Car ,Chennai
LN004434,CU000944,29-10-2022,87829,36,12.35,2931.88,Car,Kozhikode
LN004577,CU000679,22-03-2024,106881,36,12.14,3557.13,Two Wheeler,Thrissur
LN001941,CU003388,06 Oct 2021,103186,24,9.7,4747.24,Car ,Hyderabad
LN002682,CU000645,30 Apr 2024,131343,48,14.69,3634.77,car,Kolkata
LN002433,CU004549,04/24/2024,63376,12,17.85,5805.79,CAR,Pune
LN004647,CU001212,10-07-2022,83744,48,11.02,2165.22,Two-Wheeler,Chennai
LN001214,CU001172,04/22/2021,"₹64,678",24,15.11,3139.4,TWO WHEELER,Hyderabad
LN002898,CU003465,06/07/2023,197957,24,18.34,9915.38,Car ,Mumbai
LN004450,CU000963,16 Sep 2021,104203,48,18.01,3061.51,two wheeler,Bangalore
LN002762,CU004057,16/02/2024,114775,36,15.24,3992.22,Car,Ahmedabad
LN001542,CU000772,2022-10-01,146471,36,14.93,5072.45,car,Bangalore
LN000951,CU003312,20/01/2024,150086,36,11.77,4968.53,2 Wheeler,  Kochi 
LN003459,CU001805,10/12/2021,133043,24,13.99,6387.15,two wheeler,Kolkata
LN001583,CU001925,20 Jun 2024,82092,48,10.12,2086.8,Tractor,  Kolkata 
LN000090,CU002696,23/03/2022,258690,48,9.75,6530.03,two wheeler,Delhi NCR
LN003693,CU000707,09 Jul 2021,"₹224,305",24,,11156.0,two wheeler,Kolkata
LN003231,CU001571,2024-03-26,82793,24,11.75,3887.7,two wheeler,Kozhikode
LN004097,CU001884,08/14/2022,192796,48,15.53,5417.6,Car,Coimbatore
LN002356,CU004069,14-06-2021,268320,24,14.94,13002.29,TWO WHEELER,Mumbai
LN001311,CU002706,01/10/2024,64184,24,11.74,3013.58,Commercial Vehicle,Mumbai
LN001372,CU004558,21 Feb 2022,156492,48,15.02,4356.88,Car ,Bangalore
LN003955,CU004473,2021-04-03,"₹170,943",12,18.19,15687.51,Two Wheeler,Bangalore
LN001171,CU002016,05 Oct 2021,92823,24,9.54,4263.63,TWO WHEELER,Chennai
LN003411,CU001746,02-05-2023,157344,12,10.69,13883.58,TWO WHEELER,Kochi
LN004802,CU002630,2022-03-07,78931,36,10.01,2547.25,Two Wheeler,Delhi NCR
LN003638,CU002338,15-01-2024,242974,60,14.21,5680.07,Two-Wheeler,Kozhikode
LN002970,CU001830,01/03/2021,119436,24,17.09,5910.35,Commercial  Vehicle,Chennai
LN004563,CU001080,22-03-2023,"₹180,690",36,16.02,6354.31,2 Wheeler,  Coimbatore 
LN003263,CU000444,2022-10-09,"₹136,569",36,16.2,4814.86,2 Wheeler,Mumbai
LN002432,CU002076,13 Jan 2024,124804,12,11.41,11054.27,Car ,Bangalore
LN000691,CU000839,2021-11-09,137325,36,13.62,4668.14,2 Wheeler,Bangalore
LN002757,CU004336,10-12-2022,210280,48,15.66,5922.84,Two-Wheeler,Hyderabad
LN004181,CU002375,12-07-2023,"₹189,167",48,,5207.3,Car,Bangalore
LN000403,CU001631,09 Jan 2021,72882,24,9.5,3346.34,two wheeler,  Thrissur 
LN002027,CU002862,03/07/2022,"₹97,712",48,9.64,2461.37,two wheeler,Kolkata
LN004872,CU001014,04 Oct 2022,86778,48,18.49,2571.38,Car ,Bangalore
LN000702,CU002158,24 Apr 2023,161778,48,14.83,4488.47,car,Ahmedabad
LN003819,CU001217,11 Jul 2022,95884,36,15.17,3331.84,TWO WHEELER,Ahmedabad
LN003967,CU004516,18-04-2023,219363,36,17.93,7922.8,Car ,Kozhikode
LN004288,CU003173,28-02-2023,"₹161,642",24,9.56,7426.17,Two Wheeler,Kolkata
LN003047,CU001313,2023-10-01,178321,36,16.82,6341.67,Two Wheeler,Kolkata
LN002850,CU001743,22-05-2021,125085,48,12.13,3301.96,Commercial Vehicle,Kochi
LN001736,CU003909,07 Aug 2022,121220,36,12.68,4065.72,N/A,Kolkata
LN000544,CU004283,28/03/2023,"₹156,254",60,10.28,3341.5,Two Wheeler,Pune
LN003752,CU000531,11-12-2023,"₹241,742",36,11.36,7955.6,Two-Wheeler,Ahmedabad
LN003256,CU001838,20/02/2021,173518,36,17.14,6198.49,Two-Wheeler,Ahmedabad
LN003898,CU004019,03/21/2022,179226,36,15.82,6285.14,Two Wheeler,Kochi
LN003788,CU004196,04/05/2023,237625,60,11.59,5236.74,Two-Wheeler,Kozhikode
LN000404,CU003615,17/04/2022,96498,12,17.79,8837.29,Two-Wheeler,Coimbatore
LN002245,CU004400,23-08-2023,111733,48,13.26,3011.96,Car,  Coimbatore 
LN003131,CU002922,23 Dec 2023,56214,36,14.75,1941.8,Car,Kolkata
LN004379,CU004035,30-11-2023,"₹102,122",12,13.97,9167.8,Car ,Pune
LN004146,CU001117,03/23/2023,"₹158,248",48,15.74,4463.75,TRACTOR,Chennai
LN001930,CU002491,31/07/2022,180276,48,16.6,5164.64,Two-Wheeler,Bangalore
LN002490,CU001883,06/01/2022,"₹73,090",36,14.3,2508.71,commercial vehicle,Mumbai
LN001524,CU002917,18-02-2021,"₹184,748",36,11.01,6049.29,CV,Kozhikode
LN003614,CU003763,11/08/2021,341119,48,11.08,8829.66,TWO WHEELER,Bangalore
LN002716,CU004103,16/02/2024,144150,48,14.52,3976.82,Commercial  Vehicle,  Thrissur 
LN004462,CU004003,29/08/2021,"₹362,167",36,16.14,12757.76,two wheeler,Chennai
LN003178,CU000320,2023-09-29,"₹62,138",24,11.02,2896.69,CAR,Kozhikode
LN001533,CU004015,18 Oct 2021,157773,36,18.11,5712.58,car,Kolkata
LN002607,CU000409,08-03-2024,403683,48,10.71,10376.64,commercial vehicle,Mumbai
LN000861,CU002028,06/15/2023,"₹176,556",24,10.96,8225.62,TWO WHEELER,Ahmedabad
LN003182,CU001584,10 Oct 2022,152112,48,14.13,4166.61,Car,Coimbatore
LN001502,CU004039,03/03/2022,316255,48,14.48,8718.48,Car ,Pune
LN001896,CU001700,24 Jan 2023,156062,48,9.53,3923.0,Tractor,Kolkata
LN002947,CU003475,2021-06-01,200965,12,15.18,18155.84,Two Wheeler,Hyderabad
LN001754,CU004155,26 May 2021,"₹127,529",24,18.2,6379.1,two wheeler,Thrissur
LN000068,CU004240,01 Jun 2024,"₹93,204",60,11.94,2070.45,car,Kolkata
LN003799,CU002204,28/11/2022,64765,12,14.1,5818.11,Commercial  Vehicle,Hyderabad
LN002135,CU002521,22/06/2023,223449,36,13.11,7540.72,two wheeler,Chennai
LN000546,CU002885,07/24/2021,405445,24,11.77,19042.18,commercial vehicle,Chennai
LN004613,CU003662,05 May 2022,203652,12,13.39,18226.93,2 Wheeler,Chennai
LN000463,CU001812,09/12/2021,255252,36,14.97,8844.64,two wheeler,Kochi
LN003564,CU000726,02/04/2024,"₹124,111",36,12.54,4154.34,CAR,Kochi
LN000815,CU003321,2023-12-11,257303,48,9.57,6472.86,two wheeler,Pune
LN002902,CU001326,14 Apr 2022,"₹125,010",36,16.44,4422.18,Two-Wheeler,Kolkata
LN004507,CU000349,14/01/2022,70710,36,16.1,2489.45,2 Wheeler,Kochi
LN004306,CU004372,01-02-2023,121896,36,15.77,4271.67,TWO WHEELER,Hyderabad
LN003713,CU002710,2024-03-26,"₹210,137",48,12.55,5590.63,N/A,Pune
LN004840,CU004243,29 Nov 2022,"₹232,126",60,17.82,5871.77,commercial vehicle,Kolkata
LN000234,CU004453,21 Aug 2023,376176,60,17.18,9385.39,Two-Wheeler,Chennai
LN000395,CU003441,10/13/2021,203345,24,14.81,9841.17,Two Wheeler,Mumbai
LN003651,CU003510,13/10/2023,75442,48,12.45,2003.39,CV,  Delhi NCR 
LN002237,CU002756,03/14/2024,40000,24,15.5,1948.98,2 Wheeler,Ahmedabad
LN004570,CU001581,2022-05-30,112243,24,12.13,5290.48,CV,Mumbai
LN004760,CU004576,19-11-2021,167109,36,13.26,5651.51,2 Wheeler,Hyderabad
LN002662,CU000162,13/09/2023,98841,60,11.19,2158.42,N/A,Bangalore
LN000437,CU003925,12-03-2022,130956,48,12.47,3478.87,CV,Coimbatore
LN000164,CU004345,10/01/2021,"₹82,172",24,11.17,3836.35,Two-Wheeler,Kochi
LN004036,CU004562,28/01/2021,244945,60,16.51,6023.16,car,Mumbai
LN003267,CU000510,31 Mar 2023,153345,24,13.69,7340.1,Two-Wheeler,Bangalore
LN001808,CU003374,2022-05-19,134128,60,14.82,3178.24,Two Wheeler,Chennai
LN003248,CU003897,02-12-2021,56456,24,,2655.21,Commercial Vehicle,Thrissur
LN002868,CU000536,14-02-2024,"₹189,396",36,11.82,6274.39,Commercial Vehicle,Kochi
LN001547,CU001541,11-06-2021,95618,24,14.22,4600.84,car,Kozhikode
LN002563,CU004355,02-12-2022,139147,24,14.75,6730.26,tractor,  Delhi NCR 
LN000776,CU002923,21/02/2023,198482,36,12.65,6654.23,2 Wheeler,  Kolkata 
LN001469,CU004378,2023-12-28,149649,24,12.13,7053.59,Two Wheeler,Ahmedabad
LN000253,CU004311,01/06/2023,142939,36,17.26,5114.68,Car ,Kolkata
LN000425,CU004055,25 Jun 2022,153010,48,15.38,4287.91,2 Wheeler,Coimbatore
LN002535,CU000339,02-01-2022,211184,12,14.77,19038.2,Car,Delhi NCR
LN002380,CU000367,09 Apr 2022,47740,36,12.38,1594.33,TWO WHEELER,Coimbatore
LN000793,CU003951,22/08/2022,215756,24,10.65,10020.9,TWO WHEELER,  Kolkata 
LN000914,CU002649,24/07/2022,"₹178,330",48,15.11,4973.01,CAR,Chennai
LN003869,CU001352,07/13/2021,103923,36,15.89,3647.98,TRACTOR,Kolkata
LN002631,CU004414,12-05-2022,119748,48,14.56,3306.03,Car ,Coimbatore
LN000578,CU002202,13/08/2021,61535,24,16.44,3025.9,Two Wheeler,Bangalore
LN003460,CU004427,12 Feb 2024,157791,12,,13998.14,CAR,Ahmedabad
LN003798,CU003890,2022-08-10,130648,48,14.53,3604.98,2 Wheeler,Coimbatore
LN000748,CU004570,22-01-2022,200377,48,11.13,5191.51,Car ,Hyderabad
LN000679,CU000832,2021-12-16,175073,36,14.36,6014.24,Commercial Vehicle,Coimbatore
LN004354,CU004031,04 Aug 2023,171828,48,11.87,4513.93,CAR,Mumbai
LN001835,CU001438,2021-03-14,148303,24,16.77,7316.06,car,Coimbatore
LN004540,CU004551,03 Mar 2024,169690,36,12.4,5668.61,TWO WHEELER,Hyderabad
LN004040,CU000313,05-02-2024,60150,60,15.8,1456.35,TWO WHEELER,Bangalore
LN004109,CU000792,08/24/2021,62500,60,14.87,1482.61,Two Wheeler,Hyderabad
LN004059,CU003328,11/03/2023,114554,24,15.87,5601.81,TRACTOR,Kolkata
LN000580,CU002215,15/12/2023,165421,48,13.86,4508.76,TWO WHEELER,Kochi
LN000671,CU000379,12/05/2022,72791,24,15.5,3546.71,CV,Kozhikode
LN001290,CU000875,2023-01-20,73367,12,15.82,6650.4,car,Delhi NCR
LN003641,CU002745,13 May 2024,170678,24,16.9,8430.51,commercial vehicle,Kozhikode
LN002851,CU001622,03 Aug 2021,124688,24,16.75,6149.89,two wheeler,  Mumbai 
LN002307,CU003015,31 Dec 2022,103728,36,15.48,3620.2,TWO WHEELER,Kozhikode
LN002506,CU004263,2021-01-21,76632,48,18.42,2267.92,two wheeler,Mumbai
LN002773,CU004511,04/03/2022,108925,24,13.6,5209.24,CAR,Kolkata
LN000116,CU001406,04/10/2023,"₹250,981",24,12.34,11854.44,Two-Wheeler,Kolkata
LN004638,CU002990,2022-01-20,154343,24,11.95,7261.86,Car ,Kolkata
LN001104,CU004088,28 Feb 2024,143692,48,9.68,3622.36,Commercial Vehicle,Hyderabad
LN001842,CU002049,10-07-2021,86545,36,16.67,3071.37,Car,  Thrissur 
LN004890,CU001103,21/06/2024,137041,48,15.49,3848.08,CV,Kozhikode
LN004409,CU000459,11 Dec 2022,109767,24,14.9,5317.02,Two Wheeler,Mumbai
LN001298,CU002629,27-02-2021,154655,48,11.68,4048.4,Car,Pune
LN004496,CU004241,2023-11-03,182989,24,16.14,8971.96,Commercial  Vehicle,Delhi NCR
LN001900,CU002746,18/04/2023,231423,48,16.4,6606.1,Commercial Vehicle,Hyderabad
LN000547,CU002088,22-08-2023,"₹50,994",36,18.46,1855.34,2 Wheeler,Hyderabad
LN004004,CU004064,14 Jan 2023,143112,48,13.39,3867.1,2 Wheeler,Delhi NCR
LN001008,CU001279,03/10/2023,112335,12,11.63,9961.4,Car,Hyderabad
LN002008,CU001996,13/03/2022,96976,24,15.81,4739.45,Two-Wheeler,Delhi NCR
LN001965,CU003264,01/02/2023,109367,48,9.95,2771.2,commercial vehicle,Kozhikode
LN002466,CU002199,2021-02-20,375141,48,16.12,10654.67,Commercial  Vehicle,Bangalore
LN000047,CU002777,11/04/2022,40000,48,14.64,1105.94,CV,  Delhi NCR 
LN000310,CU003210,10/21/2022,154707,48,10.16,3935.67,Car ,Chennai
LN000878,CU001912,24/11/2022,185718,36,11.35,6111.0,two wheeler,Bangalore
LN000721,CU004506,12-12-2022,285978,24,10.79,13300.95,2 Wheeler,Coimbatore
LN001283,CU004497,22/06/2022,"₹159,570",48,15.95,4518.17,2 Wheeler,Kochi
LN001525,CU002504,16 Oct 2022,154261,12,9.6,13533.31,N/A,Kochi
LN003044,CU002417,10/10/2021,"₹65,806",48,12.58,1751.72,two wheeler,Delhi NCR
LN003776,CU003325,24/04/2023,"₹93,762",36,12.85,3152.44,Two Wheeler,Kozhikode
LN000947,CU000681,21/02/2021,"₹89,490",24,16.48,4402.26,2 Wheeler,  Kochi 
LN004064,CU003284,10/09/2021,250778,48,12.71,6691.71,commercial vehicle,Ahmedabad
LN003399,CU002753,02/01/2024,262576,36,15.16,9122.87,car,Kochi
LN004092,CU001866,08-11-2022,88796,60,14.61,2094.32,CV,Bangalore
LN000150,CU004332,2021-12-06,203460,36,17.4,7294.47,2 Wheeler,Kolkata
LN003261,CU003796,06/30/2023,109513,12,17.76,10027.65,Car ,Kozhikode
LN000408,CU003605,17/03/2024,"₹80,922",24,9.74,3724.44,2 Wheeler,Kochi
LN003811,CU000478,03/20/2022,63826,36,14.43,2194.77,two wheeler,  Chennai 
LN001748,CU001640,12 Jul 2021,125122,48,16.56,3581.98,CAR,Chennai
LN001340,CU002378,09/29/2023,100086,24,15.74,4888.1,Two Wheeler,Bangalore
LN004560,CU003157,02/25/2024,93825,60,11.44,2060.63,two wheeler,Coimbatore
LN001956,CU003933,13 May 2023,120984,24,13.79,5796.8,Car ,Ahmedabad
LN004746,CU003443,13-04-2024,"₹140,815",24,12.54,6664.22,Two-Wheeler,  Kolkata 
LN000806,CU004391,11/09/2023,430314,36,14.06,14719.66,Two-Wheeler,Bangalore
LN003502,CU001870,2022-03-01,182950,36,16.13,6443.73,Commercial Vehicle,Chennai
LN004502,CU000359,2021-11-28,305173,48,15.94,8639.31,car,  Hyderabad 
LN000625,CU004496,30 Apr 2024,112858,36,12.63,3782.55,Two-Wheeler,Kochi
LN004970,CU001327,05/09/2022,208140,12,12.43,18534.88,Two-Wheeler,Kochi
LN000175,CU003341,06 May 2024,"₹184,576",48,14.0,5043.81,two wheeler,Kochi
LN001033,CU002236,08 Jul 2021,120339,36,17.36,4312.01,Commercial Vehicle,  Kochi 
LN002241,CU003944,08/02/2021,190461,24,16.44,9365.65,Car ,  Pune 
LN000331,CU002810,30/11/2021,135453,12,14.88,12218.09,commercial vehicle,Hyderabad
LN002170,CU003161,11/17/2021,126142,24,11.73,5922.05,commercial vehicle,Hyderabad
LN004410,CU004348,13 Aug 2022,75436,12,11.82,6696.05,TRACTOR,Kozhikode
LN001430,CU002527,10/14/2021,"₹197,537",36,10.87,6454.95,N/A,Coimbatore
LN003432,CU001444,05-10-2023,120900,36,16.44,4276.79,CV,  Thrissur 
LN000312,CU002315,2023-06-15,155396,48,10.41,3971.91,Two-Wheeler,Kozhikode
LN003130,CU000005,01/31/2024,107070,60,13.4,2458.15,Two Wheeler,Kolkata
LN001685,CU004084,2021-06-10,249770,60,11.98,5553.47,Car,Bangalore
LN001043,CU004560,03/25/2021,40000,48,15.08,1114.85,Two Wheeler,Kolkata
LN001937,CU000392,08-07-2023,"₹158,086",48,17.46,4599.29,CAR,Bangalore
LN000741,CU002358,02/22/2021,137478,60,14.83,3258.34,Car ,Kozhikode
LN001763,CU000988,2022-05-11,179359,24,9.76,8256.65,Two-Wheeler,Thrissur
LN004010,CU001076,03/09/2021,81305,36,17.38,2914.14,Two-Wheeler,Coimbatore
LN002931,CU003040,23-06-2022,194668,36,14.2,6672.22,two wheeler,Hyderabad
LN004742,CU000505,18/02/2023,267685,60,14.57,6307.95,2 Wheeler,Mumbai
LN004861,CU002474,29 Mar 2021,101014,36,10.4,3278.44,N/A,Chennai
LN003452,CU000340,10-10-2022,101254,12,10.91,8944.75,car,Kolkata
LN004108,CU002489,2021-04-03,314965,36,13.3,10657.98,Car ,  Chennai 
LN001985,CU003483,07/10/2021,105136,24,13.68,5032.0,car,Delhi NCR
LN002983,CU001970,03 Aug 2023,107654,36,11.19,3534.15,two wheeler,Kolkata
LN003200,CU003950,25/09/2023,64852,36,15.0,2248.12,Car,Thrissur
LN000018,CU001611,31 Jul 2023,"₹89,243",36,13.3,3019.86,N/A,Chennai
LN000354,CU004551,08/07/2023,67525,48,13.2,1818.24,CAR,Kochi
LN000258,CU001339,14/10/2022,133506,48,10.38,3410.47,two wheeler,Bangalore
LN001351,CU001596,12/08/2022,"₹95,377",60,10.87,2067.55,Car,Mumbai
LN002911,CU000851,20-07-2023,"₹176,859",36,13.46,5998.34,Car,Bangalore
LN004764,CU001045,09/10/2021,73764,48,14.42,2031.29,Two-Wheeler,Kolkata
LN004118,CU002724,01/11/2023,56768,48,12.97,1522.1,TWO WHEELER,Delhi NCR
LN001529,CU000068,15-04-2021,117974,36,14.08,4036.66,TWO WHEELER,Ahmedabad
LN000060,CU003745,15 Apr 2021,248508,36,13.03,8376.81,CAR,  Hyderabad 
LN001612,CU003964,2023-09-18,"₹131,497",36,14.08,4499.37,commercial vehicle,Thrissur
LN004172,CU001258,10/20/2023,90959,48,10.24,2317.45,Car,Kolkata
LN004366,CU004407,10-09-2022,113224,24,11.23,5289.22,TWO WHEELER,Ahmedabad
LN001095,CU001742,09/10/2022,94435,36,9.57,3028.12,tractor,Delhi NCR
LN004362,CU003314,15-01-2023,250156,24,16.72,12334.65,Two-Wheeler,Thrissur
LN002470,CU003555,02/16/2023,91778,24,14.52,4429.11,2 Wheeler,Kozhikode
LN003618,CU004076,29/10/2023,135277,60,16.54,3328.61,N/A,Kozhikode
LN000860,CU000447,09/04/2024,218024,36,15.4,7600.65,Two Wheeler,Pune
LN000013,CU002122,03/08/2022,105641,48,10.47,2703.24,2 Wheeler,Kozhikode
LN004087,CU004281,22/06/2024,117366,24,15.17,5700.17,car,Mumbai
LN004127,CU000957,19-05-2021,127109,12,10.38,11197.38,Tractor,Ahmedabad
LN002420,CU000711,16-03-2024,"₹59,362",36,16.46,2100.5,Two Wheeler,Pune
LN000389,CU001286,10/12/2021,"₹160,092",24,13.05,7614.83,TWO WHEELER,Kolkata
LN002200,CU003982,08/02/2021,127022,60,15.38,3047.24,Commercial Vehicle,Pune
LN000420,CU004355,26-03-2023,242877,60,14.39,5700.55,2 Wheeler,Hyderabad
LN004505,CU001779,14/03/2024,79653,48,9.92,2017.15,car,Hyderabad
LN003760,CU004136,2022-05-09,222344,24,10.0,10260.05,Car ,Kochi
LN004983,CU003463,05/09/2021,119718,24,13.89,5741.79,TWO WHEELER,Hyderabad
LN002316,CU000387,05/21/2024,351146,24,12.15,16554.27,Two-Wheeler,Ahmedabad
LN001567,CU000257,2023-05-06,114145,60,18.33,2919.06,TWO WHEELER,Chennai
LN004327,CU003888,26/06/2022,178689,60,12.6,4029.23,Two-Wheeler,Thrissur
LN001732,CU004395,22-08-2021,133252,36,,4526.46,car,Ahmedabad
LN000938,CU003435,2023-09-15,69061,24,11.97,3249.97,Commercial  Vehicle,Coimbatore
LN002010,CU004099,27/11/2022,270156,24,11.01,12592.64,2 Wheeler,Chennai
LN002542,CU003264,07/19/2022,81756,24,16.93,4039.45,Two Wheeler,Delhi NCR
LN004548,CU001522,04/18/2021,210953,36,14.23,7233.46,2 Wheeler,Bangalore
LN002068,CU000806,17/10/2021,"₹329,108",36,14.9,11392.53,Car ,Hyderabad
LN002686,CU003984,11/25/2023,140829,48,11.82,3696.13,two wheeler,Thrissur
LN000428,CU003840,2021-04-11,175505,36,14.49,6040.2,Two Wheeler,Chennai
LN004873,CU001225,21/08/2021,88417,48,12.99,2371.57,Tractor,Delhi NCR
LN001308,CU001164,13 Jul 2021,"₹67,872",36,12.79,2280.02,TWO WHEELER,Ahmedabad
LN001374,CU004100,02/28/2022,67596,24,10.53,3135.77,Commercial  Vehicle,Pune
LN000305,CU000327,05/04/2022,126143,48,15.24,3526.02,Two-Wheeler,Delhi NCR
LN001378,CU000748,01/06/2022,184586,24,14.87,8938.56,CAR,Hyderabad
LN000909,CU003168,18-07-2022,157338,48,12.11,4151.82,Car ,Kolkata
LN000409,CU003060,22-09-2021,61467,24,11.63,2882.86,Car,Chennai
LN004766,CU003770,12-11-2023,68754,24,12.8,3262.24,commercial vehicle,Hyderabad
LN002764,CU003406,08/09/2021,63754,12,18.26,5852.86,N/A,Pune
LN000981,CU000308,10/20/2023,191803,48,11.3,4985.24,commercial vehicle,Mumbai
LN001442,CU003249,11/27/2021,313572,24,18.35,15707.88,TRACTOR,  Ahmedabad 
LN002968,CU003258,12/08/2022,138412,36,14.65,4774.41,Commercial  Vehicle,Thrissur
LN003355,CU004067,07/01/2021,275025,48,15.81,7767.55,car,Ahmedabad
LN000088,CU000133,15/11/2023,145057,36,15.42,5058.33,Two Wheeler,Ahmedabad
LN004669,CU002794,28 Jun 2024,207886,36,16.52,7362.14,Car,Chennai
LN001649,CU004502,28/09/2021,89205,48,17.22,2584.18,Car,Ahmedabad
LN000513,CU001339,10/09/2021,"₹93,321",36,16.03,3282.27,2 Wheeler,Bangalore
LN002158,CU004520,2022-03-25,110447,36,16.21,3894.45,Two Wheeler,Ahmedabad
LN000680,CU001787,25/07/2021,327291,24,13.6,15652.41,CAR,Pune
LN004838,CU001615,06/10/2023,"₹161,538",60,9.83,3418.71,Car ,Hyderabad
LN001725,CU000358,26-06-2022,197606,24,13.99,9486.7,car,Kochi
LN003649,CU000197,16-03-2022,104496,48,12.47,2775.96,Commercial Vehicle,Mumbai
LN003086,CU002423,16 Jul 2021,201143,12,14.93,18148.18,CAR,Thrissur
LN002006,CU003081,08-03-2021,111508,60,15.25,2667.42,Two-Wheeler,Mumbai
LN003875,CU004293,10/04/2023,198320,24,12.44,9376.41,Two Wheeler,Coimbatore
LN002446,CU002163,2022-11-28,99309,60,13.03,2261.11,tractor,Thrissur
LN003322,CU003712,07-11-2021,"₹408,238",48,16.48,11670.18,CAR,Coimbatore
LN002209,CU002449,2024-03-20,"₹66,959",24,15.11,3250.12,N/A,Thrissur
LN001892,CU004139,16-05-2023,"₹145,948",36,11.28,4797.53,TWO WHEELER,Kochi
LN003996,CU000831,14-05-2024,107769,48,15.97,3052.55,Two Wheeler,Hyderabad
LN002149,CU004396,04-01-2021,204135,24,13.55,9757.77,Tractor,Thrissur
LN000933,CU002023,08 Mar 2024,"₹152,431",24,9.83,7021.96,Two Wheeler,Kolkata
LN000662,CU004002,2021-01-15,354998,36,9.67,11399.86,Car,Hyderabad
LN003233,CU003368,14 Mar 2021,139336,36,11.54,4597.4,car,Kochi
LN003603,CU004147,09/09/2023,191624,24,15.55,9341.36,Commercial Vehicle,Mumbai
LN004218,CU002865,11-01-2023,151811,12,15.07,13707.22,commercial vehicle,Kozhikode
LN004280,CU002404,12 Mar 2022,62900,36,15.7,2202.07,CAR,Kozhikode
LN004977,CU000307,02/04/2021,291196,36,11.6,9616.34,two wheeler,Chennai
LN003743,CU001385,01 Jan 2024,260287,36,13.41,8821.59,TWO WHEELER,Ahmedabad
LN002123,CU000189,30/06/2021,159810,48,17.05,4615.46,Commercial  Vehicle,Thrissur
LN000966,CU001666,04-10-2021,"₹145,187",24,17.37,7204.21,Car ,Kozhikode
LN000178,CU000074,10 Jan 2022,150714,24,16.83,7439.34,TWO WHEELER,Delhi NCR
LN001857,CU002966,13-08-2022,162745,48,16.11,4621.41,Two Wheeler,Chennai
LN004089,CU001473,10/08/2021,89497,48,13.92,2442.05,TWO WHEELER,Pune
LN002090,CU001061,09/29/2021,221644,36,17.6,7968.56,CAR,  Delhi NCR 
LN003329,CU002967,02/27/2021,197617,24,11.91,9294.21,Two Wheeler,Kozhikode
LN002820,CU001923,05-08-2023,168429,24,,8291.95,Car ,Thrissur
LN004355,CU002982,05/10/2024,69646,12,11.79,6181.12,Two Wheeler,Coimbatore
LN002815,CU000122,24 Oct 2021,"₹89,096",36,13.98,3044.22,CAR,Chennai
LN000303,CU001713,04/20/2024,40000,60,18.01,1015.95,2 Wheeler,Hyderabad
LN001870,CU002644,15/05/2024,136356,12,15.29,12325.93,Commercial Vehicle,Thrissur
LN002140,CU001811,09/16/2021,129590,36,10.11,4188.2,Commercial Vehicle,Coimbatore
LN003255,CU000922,06 Jan 2021,99861,60,,2503.87,Car ,Pune
LN001622,CU001275,17-11-2021,84683,24,14.71,4094.34,Two-Wheeler,Thrissur
LN004693,CU003842,01/07/2024,103691,36,17.49,3722.2,car,Coimbatore
LN004853,CU000057,2021-06-22,101734,36,15.48,3550.6,2 Wheeler,Bangalore
LN001392,CU002492,2023-02-12,128137,24,10.94,5968.62,car,Kochi
LN000635,CU003671,24-04-2021,"₹159,642",24,15.1,7748.09,Two-Wheeler,Coimbatore
LN001959,CU002442,30/06/2021,150527,24,16.13,7379.62,Car,Thrissur
LN003838,CU001168,02-03-2022,108569,24,18.23,5432.28,2 Wheeler,Mumbai
LN002146,CU001367,23 Jan 2023,"₹142,177",12,17.2,12980.72,TWO WHEELER,Coimbatore
LN001038,CU001592,15-10-2022,238991,48,14.75,6621.05,Car,Ahmedabad
LN003358,CU002444,14-06-2024,81222,36,10.8,2651.42,N/A,Kozhikode
LN004923,CU001567,15-10-2022,159110,36,9.82,5120.6,TWO WHEELER,Bangalore
LN004992,CU001063,02 Aug 2021,191731,24,16.41,9425.35,TWO WHEELER,  Kochi 
LN001984,CU002511,22-08-2023,86275,24,12.34,4074.98,TRACTOR,Ahmedabad
LN000882,CU002047,12-11-2021,70776,24,17.52,3517.04,commercial vehicle,  Mumbai 
LN002892,CU000606,2023-06-25,214310,48,10.95,5533.75,commercial vehicle,Thrissur
LN004815,CU001390,2021-10-23,140168,36,15.75,4910.61,N/A,Coimbatore
LN004244,CU002319,01/11/2022,267087,24,12.07,12581.45,CAR,Kozhikode
LN001097,CU000656,20/07/2023,103905,60,11.7,2295.59,Two-Wheeler,Kozhikode
LN002713,CU000787,13-04-2021,"₹51,867",48,9.73,1308.77,Tractor,Kozhikode
LN004095,CU003044,04/28/2023,236323,36,13.5,8019.69,Two Wheeler,Kochi
LN002502,CU004351,2024-02-13,"₹106,340",36,11.04,3483.45,Two Wheeler,Pune
LN004854,CU004205,12/01/2023,241305,36,16.68,8564.8,2 Wheeler,Kozhikode
LN001846,CU001219,26-08-2022,118084,24,17.47,5865.04,Two Wheeler,Kochi
LN004157,CU002969,2022-04-10,377208,24,16.79,18611.98,Car ,Bangalore
LN001918,CU000156,06/23/2021,155843,24,14.0,7482.47,Car,Kochi
LN000204,CU001359,04/22/2023,84222,36,12.21,2805.83,tractor,Kolkata
LN004435,CU000250,12-11-2023,"₹214,919",48,12.47,5709.36,CAR,Kolkata
LN001127,CU000993,2022-04-18,"₹68,647",24,16.68,3383.52,Car ,Kolkata
LN003761,CU003748,14 Jan 2023,143485,24,14.94,6953.02,two wheeler,Mumbai
LN004859,CU000989,2021-11-29,90538,36,14.63,3122.15,Commercial Vehicle,Kozhikode
LN003244,CU000884,12/20/2021,79803,12,16.51,7259.87,Two Wheeler,  Kochi 
LN003066,CU000940,2023-06-10,89044,36,16.11,3135.36,TWO WHEELER,Kolkata
LN002116,CU001807,11/21/2023,135858,24,12.14,6404.19,two wheeler,Delhi NCR
LN003522,CU000437,2022-10-19,246488,36,10.39,7998.68,Tractor,Delhi NCR
LN001998,CU001524,14-10-2023,185509,48,12.57,4937.24,commercial vehicle,Hyderabad
LN002700,CU003544,02/05/2022,"₹98,362",12,17.78,9007.53,Car ,Pune
LN003862,CU002156,09/29/2021,"₹94,892",24,13.67,4541.26,CAR,Delhi NCR
LN003646,CU002767,16-07-2022,"₹202,241",36,17.17,7227.57,2 Wheeler,Pune
LN001415,CU003421,2023-03-18,165845,24,14.55,8005.86,Two Wheeler,Chennai
LN000801,CU003612,12-10-2023,61321,60,12.6,1382.72,Two Wheeler,Coimbatore
LN002022,CU000626,11/02/2023,102946,24,12.34,4862.39,commercial vehicle,Coimbatore
LN000707,CU002616,09/10/2023,130873,60,16.91,3246.2,CV,Bangalore
LN002015,CU000137,07-12-2021,81531,48,13.03,2188.49,TRACTOR,Kozhikode
LN003745,CU004030,21/03/2024,146499,24,16.73,7224.25,CAR,Delhi NCR
LN001040,CU004347,27-04-2024,76364,24,10.85,3553.85,car,Chennai
LN003647,CU002592,2021-08-19,"₹268,435",48,12.38,7119.11,Commercial  Vehicle,Bangalore
LN003386,CU002719,08/31/2022,100896,60,18.45,2586.86,Car,Delhi NCR
LN000252,CU003347,18-04-2023,64468,12,11.46,5711.63,two wheeler,Thrissur
LN001546,CU004027,24/06/2024,157224,12,13.2,14057.58,2 Wheeler,Pune
LN004333,CU003957,29-12-2023,133076,24,14.04,6391.88,CV,Thrissur
LN002652,CU002980,03/07/2022,92940,48,11.19,2410.67,CAR,Kolkata
LN000906,CU000782,07/15/2022,213225,48,11.58,5571.16,Car,Delhi NCR
LN001898,CU002685,08-02-2021,160370,12,,14375.02,CAR,Mumbai
LN003704,CU000697,13 Apr 2023,131762,36,18.39,4789.33,two wheeler,Coimbatore
LN000545,CU002686,01/05/2023,103567,24,13.15,4931.06,N/A,Ahmedabad
LN001914,CU002356,19/03/2024,"₹65,718",48,17.69,1919.84,Two-Wheeler,Bangalore
LN000507,CU004372,02/06/2021,75992,36,10.79,2480.33,two wheeler,Coimbatore
LN004924,CU002560,2023-08-16,"₹226,624",36,17.4,8124.95,two wheeler,Kozhikode
LN003882,CU002936,14-06-2024,144717,60,16.42,3551.61,Car ,Thrissur
LN004430,CU004111,18-07-2023,59435,48,15.2,1660.15,Tractor,Hyderabad
LN001908,CU002707,04/25/2021,159529,60,17.21,3982.74,TRACTOR,Coimbatore
LN001653,CU000493,07/25/2021,"₹517,777",60,17.18,12918.26,TRACTOR,Delhi NCR
LN002106,CU000105,08/05/2023,242272,36,11.31,7967.29,CAR,Pune
LN000673,CU004021,11/03/2022,164059,48,10.75,4220.3,Two-Wheeler,Ahmedabad
LN003038,CU003616,16 Apr 2022,112712,24,13.21,5369.66,2 Wheeler,Kozhikode
LN001683,CU003191,24/08/2021,"₹89,895",12,13.69,8058.31,Car,Kolkata
LN001861,CU002815,12-02-2021,141945,60,9.81,3002.66,2 Wheeler,Ahmedabad
LN002702,CU003754,2023-06-12,94154,60,17.91,2386.29,two wheeler,Thrissur
LN002705,CU003158,23/10/2023,47782,12,11.57,4235.77,CAR,Pune
LN000868,CU000544,02/07/2022,"₹349,725",36,17.01,12470.39,Commercial Vehicle,Ahmedabad
LN000349,CU000023,2023-01-15,129118,36,14.58,4449.41,CAR,Bangalore
LN000848,CU001428,01/15/2023,91261,12,12.36,8123.81,Two-Wheeler,Chennai
LN000139,CU002070,04/04/2024,"₹50,941",36,10.0,1643.72,Tractor,Kozhikode
LN000326,CU000753,13/02/2022,"₹234,380",36,15.82,8219.29,two wheeler,Coimbatore
LN000054,CU000637,21/06/2022,113481,48,17.31,3292.73,commercial vehicle,Coimbatore
LN004552,CU000527,02/22/2022,181429,12,17.78,16614.42,TWO WHEELER,Delhi NCR
LN002687,CU000747,05/26/2022,"₹344,917",36,10.3,11178.15,Two Wheeler,Kozhikode
LN002376,CU004289,24/11/2023,103784,24,15.53,5058.31,two wheeler,Hyderabad
LN001434,CU000851,11 Apr 2023,"₹263,563",36,15.76,9234.89,Two-Wheeler,Ahmedabad
LN002148,CU004306,04/12/2021,86386,36,12.97,2909.44,Two-Wheeler,Kozhikode
LN002377,CU004596,04/12/2021,244974,60,13.35,5617.9,2 Wheeler,Coimbatore
LN002394,CU000818,2022-01-20,"₹200,790",24,10.86,9345.34,Car ,  Hyderabad 
LN001539,CU000315,29-09-2021,187622,36,18.21,6802.77,car,Kozhikode
LN001000,CU002313,2023-11-04,59325,24,12.6,2809.29,TWO WHEELER,Kolkata
LN000315,CU003421,2021-09-28,142701,60,11.06,3106.94,Two-Wheeler,Bangalore
LN001164,CU000451,14/04/2023,229548,36,12.86,7718.91,car,Coimbatore
LN004045,CU002724,25/10/2023,237627,60,12.7,5370.32,TWO WHEELER,Kochi
LN003333,CU001340,2022-04-16,124034,60,12.08,2764.08,Car,Kozhikode
LN003448,CU004514,06/12/2023,99154,36,11.66,3277.25,CAR,Chennai
LN004738,CU003055,03 Mar 2023,"₹80,514",12,16.79,7335.24,N/A,Kolkata
LN004809,CU001322,27-02-2023,"₹154,031",24,12.24,7268.05,TWO WHEELER,Chennai
LN002981,CU003296,07/20/2023,630931,48,15.6,17751.77,car,Thrissur
LN001580,CU000486,19 May 2023,302023,36,11.65,9981.07,Commercial Vehicle,Kolkata
LN004679,CU002844,14-01-2023,113676,36,16.26,4011.12,two wheeler,Kolkata
LN002887,CU003642,23/09/2023,97873,60,14.66,2310.96,Commercial Vehicle,Bangalore
LN000183,CU003076,14-10-2022,48799,48,15.63,1373.75,CAR,Chennai
LN002423,CU000098,28/03/2022,244086,36,18.22,8851.25,TWO WHEELER,Pune
LN004214,CU000156,09/21/2022,132984,36,12.81,4468.6,Two-Wheeler,Delhi NCR
LN004444,CU001099,11/09/2021,158951,12,16.81,14482.76,Two Wheeler,Ahmedabad
LN000942,CU000509,26 May 2021,101090,36,14.64,3486.52,TWO WHEELER,Hyderabad
LN002422,CU003951,05 Mar 2024,71175,36,14.01,2432.94,Two Wheeler,Kolkata
LN003642,CU000043,03/29/2024,59220,36,12.92,1993.07,two wheeler,Ahmedabad
LN002536,CU003995,02/10/2022,289260,36,14.78,9996.16,CV,Pune
LN002845,CU003690,20/03/2021,641476,36,10.0,20698.63,Two Wheeler,Delhi NCR
LN002277,CU003364,10/12/2021,85055,36,13.98,2906.15,Two-Wheeler,Bangalore
LN003418,CU004326,08/10/2022,117781,60,14.9,2795.82,two wheeler,Mumbai
LN000594,CU002297,04/06/2024,79564,36,14.71,2746.83,Car,Kochi
LN000470,CU003393,03 Nov 2023,105271,24,18.05,5258.1,2 Wheeler,Kozhikode
LN004947,CU002807,2021-08-08,164149,48,18.5,4864.87,tractor,Coimbatore
LN002370,CU003810,12/02/2023,228129,36,15.75,7992.21,Commercial Vehicle,Chennai
LN002397,CU003788,22-07-2022,73871,48,14.02,2019.38,commercial vehicle,Chennai
LN003740,CU002009,04 Oct 2022,130486,24,17.88,6506.83,car,Kozhikode
LN003469,CU003791,02/15/2023,"₹73,171",24,11.03,3411.36,car,Kochi
LN002274,CU000801,18/04/2023,"₹173,411",48,17.4,5039.74,car,Hyderabad
LN002956,CU000420,2024-02-23,118870,24,14.92,5759.09,CAR,Hyderabad
LN004285,CU004037,05/19/2023,100961,48,,2958.35,CV,Pune
LN000165,CU001967,2021-09-03,79348,24,16.26,3894.99,Two-Wheeler,Ahmedabad
LN001485,CU003290,05/15/2024,244026,36,16.68,8661.38,TWO WHEELER,Pune
LN001969,CU003463,19-01-2023,64754,12,11.51,5738.48,TWO WHEELER,Bangalore
LN004125,CU002421,01/16/2022,188628,12,12.37,16792.04,Car,Chennai
LN003294,CU000584,2023-02-13,94592,36,16.04,3327.44,Car,Mumbai
LN004593,CU000313,15 Jan 2023,118490,24,14.23,5701.93,two wheeler,Chennai
LN001061,CU000946,10/26/2021,"₹189,847",24,10.9,8839.55,TRACTOR,Thrissur
LN002428,CU003702,27-04-2021,188164,48,12.26,4979.13,commercial vehicle,Kolkata
LN002763,CU000887,2024-04-27,188669,36,18.5,6868.25,TRACTOR,Chennai
LN002175,CU003329,12/30/2022,105088,24,14.55,5072.93,Two Wheeler,Pune
LN002227,CU000820,05/28/2024,120199,24,12.42,5681.79,Car ,Delhi NCR
LN003420,CU003457,2022-12-17,221682,48,14.93,6161.71,CAR,Hyderabad
LN001932,CU003093,05/16/2022,92363,36,17.15,3299.89,Two-Wheeler,  Bangalore 
LN001825,CU004417,23 Jun 2024,109761,36,12.61,3677.7,Two-Wheeler,Kozhikode
LN003664,CU001868,05/08/2021,"₹223,356",24,13.71,10693.39,car,Ahmedabad
LN004969,CU004384,29-10-2023,103944,36,14.83,3594.61,TRACTOR,Hyderabad
LN003330,CU001447,25 Jan 2021,165185,36,14.82,5711.64,CV,Pune
LN001762,CU001818,03 Feb 2022,"₹118,954",12,13.59,10657.6,2 Wheeler,Hyderabad
LN001575,CU002109,27/07/2021,82309,48,13.44,2226.16,Commercial Vehicle,Chennai
LN004314,CU002882,03-01-2021,75559,12,13.28,6758.65,two wheeler,  Kozhikode 
LN001116,CU000743,26 Jun 2023,190956,60,17.23,4769.4,2 Wheeler,Chennai
LN004497,CU002870,20-02-2021,223121,24,17.91,11129.42,Two-Wheeler,Thrissur
LN003071,CU003159,2024-02-18,126118,36,15.51,4403.49,Two Wheeler,Ahmedabad
LN003663,CU001068,21 Mar 2021,71538,48,18.0,2101.43,Two Wheeler,Hyderabad
LN001228,CU001122,05 Feb 2023,"₹278,717",36,11.32,9167.13,TWO WHEELER,Thrissur
LN004187,CU003761,02/06/2021,72914,36,14.01,2492.38,CAR,Bangalore
LN003207,CU000931,22 Aug 2023,"₹196,463",24,15.02,9527.7,Car ,Mumbai
LN002572,CU001268,31-01-2024,103526,36,11.18,3398.14,two wheeler,Kozhikode
LN000001,CU003279,08/16/2021,143399,24,17.56,7128.62,2 Wheeler,Coimbatore
LN001646,CU001198,07 May 2022,"₹193,582",24,11.72,9087.29,CV,  Hyderabad 
LN003498,CU003203,05 Dec 2022,109488,60,13.0,2491.19,two wheeler,Hyderabad
LN000683,CU000269,03-01-2023,62705,48,12.99,1681.91,two wheeler,Chennai
LN004533,CU003146,02/06/2024,192421,36,14.95,6665.63,2 Wheeler,Bangalore
LN000382,CU001845,19-11-2023,60089,24,15.35,2923.52,tractor,Thrissur
LN001492,CU001115,20/06/2022,178450,60,13.23,4081.33,Commercial Vehicle,Chennai
LN004042,CU002668,24 Jun 2022,166287,36,13.72,5660.71,2 Wheeler,Mumbai
LN000705,CU000178,16 May 2021,"₹138,591",24,11.8,6511.02,CAR,Hyderabad
LN004472,CU003014,20/08/2021,77780,36,16.2,2742.2,Two-Wheeler,Kozhikode
LN000619,CU000709,2023-01-31,"₹485,526",48,16.53,13892.09,Two Wheeler,Thrissur
LN004350,CU000981,24 Nov 2021,137142,36,10.92,4484.66,CV,Kolkata
LN001645,CU000564,01/04/2024,166988,24,10.89,7774.42,Commercial Vehicle,Kozhikode
LN001510,CU001874,12/25/2022,243684,36,15.93,8558.79,2 Wheeler,Coimbatore
LN000224,CU003297,21 Jan 2021,"₹47,807",24,14.63,2309.61,CAR,Kochi
LN004695,CU001494,11/07/2023,101556,60,15.26,2429.89,Two Wheeler,Thrissur
LN000573,CU002205,30/03/2024,163744,24,10.94,7627.19,car,Kochi
LN003593,CU000296,17-11-2023,204904,48,13.96,5595.19,2 Wheeler,Chennai
LN000078,CU001867,23-05-2022,86035,36,10.47,2795.13,tractor,Ahmedabad
LN004478,CU002755,15-01-2023,238729,36,18.13,8646.2,commercial vehicle,Hyderabad
LN001025,CU002877,27 Nov 2021,"₹90,800",36,18.46,3303.63,CAR,Chennai
LN000440,CU000328,2022-01-17,275404,36,12.01,9148.67,CAR,Delhi NCR
LN004368,CU001608,01/22/2021,109504,48,11.04,2832.32,car,Bangalore
LN002685,CU001906,2023-11-12,201209,36,17.01,7174.65,Commercial Vehicle,Kochi
LN003506,CU003812,16 Jun 2023,67734,36,17.53,2432.81,two wheeler,Kochi
LN000343,CU003199,31 May 2021,"₹66,387",48,10.36,1695.25,2 Wheeler,Kolkata
LN000475,CU001951,15-02-2023,241542,12,10.3,21269.1,two wheeler,Kochi
LN003624,CU000187,28 Jan 2021,154733,24,9.96,7137.29,car,Pune
LN002346,CU000800,12/27/2023,"₹179,831",36,17.54,6459.9,CAR,Coimbatore
LN002594,CU001567,19-09-2022,174659,36,15.38,6087.16,two wheeler,Bangalore
LN002592,CU003558,03-08-2023,80948,36,13.6,2750.91,Car ,Ahmedabad
LN003887,CU002665,23/12/2022,"₹88,194",36,14.7,3044.33,Car,Kolkata
LN002643,CU003714,13/04/2023,127814,36,16.6,4531.51,Car,Thrissur
LN001859,CU001447,2023-02-25,122719,24,13.58,5867.77,tractor,Kolkata
LN002861,CU001882,21 May 2022,216093,36,9.74,6946.36,two wheeler,Kolkata
LN000491,CU003669,07/02/2022,125190,24,15.89,6123.11,CV,  Pune 
LN003681,CU002800,2022-11-27,145134,60,10.76,3138.22,TRACTOR,Kozhikode
LN004488,CU000728,2023-01-29,143708,36,16.62,5096.45,2 Wheeler,Pune
LN000374,CU000406,2024-06-30,192200,24,13.2,9155.6,Car,Kozhikode
LN002443,CU001865,2022-04-08,190354,12,10.62,16790.08,tractor,Chennai
LN000686,CU002296,06/24/2022,184355,12,13.57,16515.43,Car ,  Kochi 
LN004852,CU002378,14 Aug 2021,119953,24,,5655.01,Car ,Mumbai
LN000255,CU002379,14-01-2021,164294,24,9.9,7573.75,TWO WHEELER,Mumbai
LN004437,CU003336,08/18/2022,127909,60,14.34,2998.81,Two-Wheeler,Kochi
LN000002,CU003425,23-04-2021,405698,12,15.1,36636.76,Tractor,Ahmedabad
LN004986,CU000527,31-07-2022,160837,24,18.28,8051.42,TWO WHEELER,Kolkata
LN001875,CU002788,07/16/2022,87309,36,15.04,3028.31,tractor,Chennai
LN004628,CU003876,28/04/2021,77128,24,12.48,3648.0,Two-Wheeler,Chennai
LN002457,CU000962,2021-08-04,256445,48,14.83,7114.98,Two Wheeler,Thrissur
LN001223,CU003042,09/01/2021,474170,24,10.0,21880.54,Car ,Chennai
LN003732,CU000742,01-07-2023,172001,48,12.06,4534.51,Two Wheeler,Kochi
LN000296,CU000415,07 Aug 2022,186986,36,15.84,6559.11,Car,Kochi
LN000710,CU004082,2023-01-20,181859,24,9.59,8357.5,Car,Ahmedabad
LN002060,CU000818,08-04-2021,40000,60,10.35,856.79,two wheeler,Kolkata
LN004642,CU002619,17/06/2021,193860,36,9.62,6220.79,two wheeler,Hyderabad
LN003496,CU003452,08/08/2022,88773,36,13.06,2993.68,2 Wheeler,Hyderabad
LN002330,CU003858,2024-04-25,137325,36,14.6,4733.56,2 Wheeler,Mumbai
LN002995,CU004258,20/02/2021,"₹302,678",36,14.28,10386.03,TWO WHEELER,Pune
LN004751,CU000325,10/20/2022,"₹68,803",48,12.28,1821.32,Car ,Coimbatore
LN002971,CU001554,27-04-2023,"₹61,852",48,9.77,1561.9,CV,Mumbai
LN002667,CU002402,02-09-2023,138758,36,17.33,4969.92,2 Wheeler,Mumbai
LN002197,CU000590,11/15/2022,149721,24,17.94,7470.35,Two Wheeler,Bangalore
LN004418,CU003982,10/25/2021,70245,36,13.73,2391.61,tractor,Coimbatore
LN001943,CU004409,10/04/2022,410627,60,11.78,9088.59,2 Wheeler,Kozhikode
LN001352,CU000132,05-02-2021,299581,36,17.88,10812.55,Two-Wheeler,Kolkata
LN000190,CU002229,11/11/2023,"₹296,053",48,10.8,7622.92,2 Wheeler,Delhi NCR
LN003595,CU002630,15 Mar 2023,95349,48,14.17,2613.69,Two Wheeler,Delhi NCR
LN004561,CU000018,21-04-2021,"₹91,090",48,15.16,2542.5,Two Wheeler,Pune
LN001373,CU002611,15-08-2022,"₹180,157",12,14.54,16221.59,Car ,Delhi NCR
LN001296,CU001632,2021-11-24,135196,12,15.14,12211.5,2 Wheeler,  Hyderabad 
LN002486,CU001376,08/12/2022,203001,12,17.36,18549.36,Car,Bangalore
LN000556,CU002103,12-09-2022,49982,24,17.91,2493.13,Car ,Mumbai
LN001111,CU000677,22 Oct 2022,150064,48,12.65,3999.82,2 Wheeler,Coimbatore
LN001189,CU004386,2022-06-13,174280,12,13.51,15607.95,TWO WHEELER,Thrissur
LN003720,CU003889,04/12/2022,140264,48,18.14,4130.52,tractor,Chennai
LN003628,CU001788,08/03/2023,158605,24,,7524.74,CAR,Kochi
LN001218,CU000179,11 Jun 2024,"₹114,789",24,17.69,5713.56,Two Wheeler,Ahmedabad
LN003828,CU002113,23/09/2021,56348,36,14.23,1932.14,Two Wheeler,Chennai
LN000988,CU003367,2024-05-07,76845,48,13.5,2080.68,Two Wheeler,Coimbatore
LN002048,CU000833,22/12/2021,"₹65,435",36,11.84,2168.38,Commercial  Vehicle,Thrissur
LN001708,CU000924,15/05/2024,75043,36,14.41,2579.76,2 Wheeler,Hyderabad
LN000668,CU001893,04/04/2022,133737,36,16.06,4705.76,Commercial  Vehicle,Mumbai
LN002424,CU003718,07/24/2021,"₹114,562",24,16.26,5623.55,Two-Wheeler,Ahmedabad
LN000057,CU000769,25/08/2022,168558,60,14.18,3937.8,Car,Bangalore
LN003695,CU004068,03/11/2021,186003,60,,4095.36,TWO WHEELER,Bangalore
LN001054,CU001056,02 Feb 2024,115479,24,11.22,5394.03,Car ,Kochi
LN002529,CU003214,27/09/2022,241930,24,10.09,11173.89,TWO WHEELER,Mumbai
LN003035,CU000907,22-03-2021,391929,36,14.42,13475.29,Car,Ahmedabad
LN003421,CU000974,05/24/2021,93581,24,18.36,4688.24,Commercial  Vehicle,Pune
LN004094,CU000976,11/21/2023,243615,48,11.39,6342.6,Two Wheeler,Mumbai
LN000704,CU003468,26 May 2023,"₹156,982",60,13.39,3603.24,CAR,Mumbai
LN002769,CU002377,22-11-2022,"₹149,298",24,14.38,7195.06,Commercial  Vehicle,Pune
LN003558,CU000751,12/12/2021,162525,12,15.96,14742.96,2 Wheeler,Kozhikode
LN000017,CU002262,13 Aug 2022,258150,60,12.85,5853.9,Two-Wheeler,Thrissur
LN004406,CU001035,24-04-2021,"₹116,293",36,14.01,3975.18,Car,Mumbai
LN000135,CU002221,2022-03-31,264706,24,13.19,12608.24,Tractor,Coimbatore
LN004098,CU001224,12-05-2022,168945,24,11.85,7941.0,car,Chennai
LN000438,CU001092,07/03/2022,87449,12,16.26,7945.09,two wheeler,Kolkata
LN003635,CU001772,09/03/2022,104144,48,11.73,2728.73,Two Wheeler,Bangalore
LN004931,CU003737,2023-02-13,"₹160,127",60,15.61,3860.87,Car ,Delhi NCR
LN004668,CU000504,2021-08-16,258678,24,11.29,12091.28,2 Wheeler,Chennai
LN003759,CU003128,17/06/2021,178081,24,14.85,8621.86,Car ,Thrissur
LN000445,CU003599,28-08-2023,"₹77,903",12,15.93,7065.63,Two-Wheeler,Bangalore
LN002567,CU000876,04 Mar 2024,95712,48,13.73,2602.53,commercial vehicle,Hyderabad
LN003240,CU000192,01/04/2023,185901,36,17.11,6638.06,car,Thrissur
LN002748,CU004026,07/26/2021,232335,36,12.32,7752.4,car,Thrissur
LN002257,CU001874,13/08/2022,124260,36,10.9,4062.23,Car ,Kolkata
LN001192,CU000587,30-11-2022,201374,36,18.03,7283.18,commercial vehicle,Bangalore
LN002332,CU004286,11/03/2023,58105,12,14.37,5227.2,Car ,Hyderabad
LN001087,CU001593,08/09/2023,"₹126,382",48,,3726.35,Car ,Kozhikode
LN000426,CU004584,08/01/2023,147761,48,14.17,4050.4,CAR,Hyderabad
LN003983,CU003153,05-07-2021,104384,24,17.64,5193.14,Two Wheeler,Kolkata
LN001114,CU002290,11/02/2021,131965,48,10.46,3376.2,Two-Wheeler,Chennai
LN000275,CU002220,2023-10-08,57807,24,14.1,2778.21,Two-Wheeler,Hyderabad
LN004463,CU002703,16/01/2023,"₹140,411",48,13.72,3817.25,2 Wheeler,Kolkata
LN001181,CU000237,17-05-2022,114791,12,15.0,10360.84,car,Ahmedabad
LN003667,CU000306,2021-09-07,165877,48,12.26,4389.38,commercial vehicle,Mumbai
LN002524,CU004255,10/15/2023,62800,60,15.6,1513.86,TWO WHEELER,Bangalore
LN003065,CU003743,09/11/2022,77613,12,12.49,6913.62,Car ,Bangalore
LN003625,CU002302,04/05/2023,"₹386,299",24,15.36,18796.48,car,Kolkata
LN001536,CU000235,10 May 2021,171312,48,12.04,4514.67,CAR,  Hyderabad 
LN003818,CU004219,2022-12-04,"₹142,795",24,9.56,6560.3,car,Chennai
LN004980,CU002072,2021-02-18,"₹346,549",24,10.49,16069.97,TRACTOR,Delhi NCR
LN002696,CU003356,19-05-2022,177084,24,13.92,8495.62,Commercial Vehicle,Kochi
LN003836,CU003863,2021-04-19,"₹151,604",12,13.51,13577.16,TWO WHEELER,Kochi
LN003896,CU003015,11 Feb 2022,176774,48,12.55,4703.02,N/A,Thrissur
LN000871,CU003413,05/03/2023,66058,24,17.37,3277.81,CAR,Mumbai
LN000768,CU001731,18/05/2022,61260,36,11.45,2018.65,Commercial  Vehicle,Pune
LN001954,CU003894,31 Jul 2022,"₹159,305",48,10.43,4073.36,Car,Kochi
LN004917,CU001903,12/23/2022,100658,24,16.5,4952.61,two wheeler,  Ahmedabad 
LN002238,CU002230,06/21/2023,70621,24,13.83,3385.05,Car ,Ahmedabad
LN001205,CU004334,23-06-2023,131496,12,18.26,12071.83,two wheeler,Delhi NCR
LN004276,CU000515,13 Mar 2021,123595,24,10.04,5705.56,Car,Delhi NCR
LN004939,CU002727,21-11-2022,83229,24,16.38,4090.28,Commercial  Vehicle,Thrissur
LN001122,CU002943,05/09/2022,125529,36,,4114.42,Two Wheeler,Kolkata
LN002903,CU000893,11 Sep 2023,145786,36,12.54,4879.87,Two Wheeler,Coimbatore
LN001962,CU000477,03/08/2021,202403,12,16.16,18379.53,Commercial Vehicle,Coimbatore
LN004889,CU003153,02-03-2021,"₹62,435",60,15.89,1514.65,Two-Wheeler,Mumbai
LN003474,CU000060,13-04-2023,113595,48,12.61,3025.53,CAR,Chennai
LN003777,CU000160,31 Oct 2021,154270,60,16.28,3774.54,Car ,Delhi NCR
LN000864,CU003866,21 Apr 2022,190257,48,17.26,5515.5,Car ,Pune
LN002723,CU004321,25-12-2022,"₹175,206",36,14.09,5995.79,Car,  Hyderabad 
LN001275,CU000845,07/17/2022,"₹58,822",60,13.99,1368.38,car,Delhi NCR
LN001320,CU000571,30-01-2023,192740,36,17.68,6937.11,Car,Kozhikode
LN003709,CU002064,02/25/2024,"₹284,462",48,16.59,8147.95,CV,Mumbai
LN000051,CU002632,23-04-2024,"₹240,164",36,16.07,8451.76,tractor,Kolkata
LN004415,CU002700,02/11/2022,99737,36,15.4,3476.98,Car,Bangalore
LN004217,CU003366,11/24/2022,154686,36,10.94,5059.83,2 Wheeler,Kolkata
LN004715,CU003287,19 Sep 2022,209091,48,9.61,5264.01,car,Hyderabad
LN001317,CU001465,08/09/2023,"₹132,934",36,16.72,4720.96,CAR,Hyderabad
LN000075,CU000168,18/08/2022,51768,12,17.65,4737.47,car,Bangalore
LN001968,CU002001,2023-12-12,"₹200,537",48,10.91,5174.22,TWO WHEELER,Pune
LN001217,CU001896,17-10-2022,66706,24,17.3,3307.72,two wheeler,Kozhikode
LN004093,CU000719,21 Jan 2022,136035,60,9.81,2877.64,Car ,Kozhikode
LN000844,CU000380,04-06-2021,133135,60,15.67,3214.29,2 Wheeler,Thrissur
LN002339,CU001203,11/14/2022,269592,48,10.1,6850.5,CAR,Kolkata
LN002741,CU004495,02/23/2022,134425,60,14.18,3140.39,CAR,Hyderabad
LN001286,CU000842,04/10/2023,"₹80,604",24,14.95,3906.3,TWO WHEELER,Kolkata
LN001995,CU001345,22/04/2022,56786,24,14.89,2750.4,Commercial  Vehicle,Kozhikode
LN000479,CU000308,27/08/2023,130859,24,17.94,6529.23,commercial vehicle,Kozhikode
LN003462,CU001306,02/04/2021,172392,36,14.66,5947.36,two wheeler,Bangalore
LN004171,CU001072,25 Aug 2021,86805,60,14.95,2062.81,tractor,Pune
LN000575,CU003897,06/05/2024,122884,48,14.86,3411.24,Two-Wheeler,Ahmedabad
LN001457,CU001248,08 Jun 2023,85425,36,14.83,2954.18,Tractor,Pune
LN003669,CU000040,17/11/2023,96063,36,13.88,3277.61,Commercial Vehicle,Thrissur
LN004077,CU003028,15-02-2023,"₹226,424",60,17.51,5689.5,2 Wheeler,Chennai
LN002366,CU002385,2023-08-18,84553,48,10.71,2173.43,two wheeler,Ahmedabad
LN000655,CU003270,11-08-2021,74799,24,17.15,3703.63,TWO WHEELER,Chennai
LN003807,CU001588,2022-09-22,112946,48,9.89,2858.64,tractor,Pune
LN004449,CU003031,05/08/2022,85481,60,,2014.34,Tractor,Kozhikode
LN003741,CU002873,11/03/2021,75397,60,17.56,1896.59,Car,  Delhi NCR 
LN001234,CU001180,13-05-2022,100955,60,10.64,2176.92,Commercial  Vehicle,Bangalore
LN002310,CU003723,20-09-2021,130345,48,13.6,3535.77,Two Wheeler,Chennai
LN004008,CU003273,08/06/2021,"₹113,094",36,16.96,4029.86,CV,Thrissur
LN003719,CU002898,11/06/2023,85295,24,16.99,4216.77,two wheeler,Chennai
LN002562,CU003977,06/04/2021,"₹231,954",12,10.33,20428.06,CAR,Mumbai
LN003385,CU001100,01/18/2021,175980,48,14.71,4871.82,CV,Pune
LN000441,CU001093,22/10/2022,104065,48,15.82,2939.65,CAR,Bangalore
LN000984,CU001244,01/09/2021,66000,24,10.98,3075.5,TWO WHEELER,Pune
LN001881,CU002116,2023-07-25,132598,36,14.89,4589.41,TWO WHEELER,Kochi
LN003449,CU002774,13/10/2021,92832,60,11.33,2033.7,CAR,Thrissur
LN000206,CU003416,2023-03-27,153237,60,13.78,3548.1,commercial vehicle,Thrissur
LN004966,CU001782,25-05-2021,66195,24,11.82,3110.47,Car,Thrissur
LN003361,CU000286,22-11-2023,174204,36,17.15,6223.86,tractor,Kochi
LN002105,CU001422,08/01/2022,103757,48,12.4,2752.74,Car,Mumbai
LN003757,CU000977,05 Jun 2021,217830,48,16.82,6265.23,car,Mumbai
LN001409,CU002283,13/05/2021,157937,36,10.06,5100.63,2 Wheeler,Pune
LN004954,CU002137,03/10/2021,176741,24,14.33,8513.42,two wheeler,Hyderabad
LN000532,CU002207,07 Mar 2024,89299,36,16.04,3141.25,two wheeler,Hyderabad
LN003723,CU000548,2023-07-05,89098,48,17.49,2593.57,TWO WHEELER,Bangalore
LN000980,CU001957,2024-02-09,62166,12,17.37,5680.76,CAR,Thrissur
LN000590,CU002056,07/08/2022,75822,48,12.0,1996.68,Two-Wheeler,Chennai
LN002286,CU002617,17/03/2024,77896,36,13.99,2661.92,TRACTOR,Pune
LN001905,CU004400,04/18/2024,245202,36,16.09,8631.47,N/A,Chennai
LN001451,CU004406,01/06/2024,108486,36,,3796.39,tractor,Kochi
LN001174,CU001273,27-05-2021,177496,48,14.3,4877.09,Car ,Chennai
LN000606,CU001058,2024-05-26,"₹228,807",48,16.32,6522.01,TRACTOR,Pune
LN001786,CU004546,31 May 2022,82800,24,16.27,4064.84,two wheeler,Pune
LN000176,CU000738,11/16/2021,94310,12,17.15,8608.24,car,Bangalore
LN004806,CU001546,06-09-2022,199571,36,14.21,6841.24,2 Wheeler,Ahmedabad
LN001481,CU000109,05/11/2021,214257,48,15.68,6037.05,Car,Coimbatore
LN003483,CU003849,24-03-2022,"₹61,805",36,9.64,1983.84,2 Wheeler,Kochi
LN000413,CU002174,26 Apr 2021,"₹188,316",60,9.64,3967.88,two wheeler,Kozhikode
LN001391,CU003205,12/04/2021,"₹43,773",36,15.21,1521.91,car,Thrissur
LN001342,CU003961,05/07/2023,78508,48,10.14,1996.45,TRACTOR,Ahmedabad
LN001108,CU001816,23/10/2021,170106,60,17.48,4271.6,2 Wheeler,Kolkata
LN002078,CU001012,2023-04-09,97463,60,16.31,2386.19,CV,Delhi NCR
LN003744,CU002943,2023-04-11,143343,12,11.09,12674.91,Car,Coimbatore
LN003631,CU000217,02-04-2024,125962,36,16.73,4473.98,Two Wheeler,  Ahmedabad 
LN004963,CU000984,25 May 2021,"₹204,340",12,12.0,18155.36,2 Wheeler,Chennai
LN003372,CU000465,28 Nov 2023,157288,60,15.4,3774.98,Commercial  Vehicle,Pune
LN000079,CU002188,21 May 2023,91586,48,17.47,2665.04,CAR,Kolkata
LN002908,CU003312,14/12/2022,142235,36,13.04,4795.2,Two-Wheeler,Bangalore
LN004189,CU002894,04/04/2023,"₹133,739",60,13.65,3087.66,Car,Kochi
LN004445,CU003594,11/07/2022,118473,60,16.75,2928.46,Two-Wheeler,Mumbai
LN003825,CU003344,05/14/2024,106277,12,12.05,9445.07,Two-Wheeler,Bangalore
LN000265,CU003433,26-06-2021,107680,24,17.96,5373.75,Two Wheeler,Kolkata
LN004395,CU003606,08/05/2024,"₹99,872",36,12.09,3321.47,TWO WHEELER,Coimbatore
LN001599,CU001440,2022-05-02,290565,48,17.28,8426.42,2 Wheeler,Thrissur
LN002323,CU001606,23-01-2021,"₹123,147",36,13.95,4205.88,TRACTOR,Coimbatore
LN004361,CU000542,02/04/2021,95429,36,15.53,3332.9,Tractor,Coimbatore
LN004904,CU002838,16-08-2022,149891,24,17.26,7429.69,Car,Thrissur
LN004569,CU002092,06/09/2023,50101,36,11.69,1656.66,Commercial  Vehicle,Pune
LN004727,CU003477,15 Aug 2023,63895,24,17.82,3184.35,Commercial  Vehicle,Kozhikode
LN001179,CU001248,05/26/2024,"₹188,360",36,11.03,6169.34,TWO WHEELER,Mumbai
LN002071,CU000673,19-06-2024,156632,12,10.73,13823.68,commercial vehicle,Kozhikode
LN003787,CU000498,17-12-2023,"₹165,218",36,14.41,5679.72,TWO WHEELER,Coimbatore
LN004728,CU002177,2023-12-12,189852,48,11.53,4955.83,Car,Hyderabad
LN002387,CU000168,04-03-2023,84004,12,11.24,7433.82,TRACTOR,Mumbai
LN002276,CU002151,29 Aug 2021,"₹134,015",36,14.26,4597.26,N/A,Bangalore
LN001341,CU000425,16 Dec 2022,160186,36,10.33,5193.61,Car ,Kozhikode
LN004932,CU003410,30-04-2023,"₹135,482",24,17.8,6750.73,2 Wheeler,Chennai
LN003238,CU001506,03-11-2021,126520,24,13.78,6061.45,Commercial  Vehicle,Kochi
LN002641,CU000131,2024-03-22,131329,48,14.5,3621.78,Two Wheeler,Kochi
LN004221,CU002022,21 Oct 2023,109845,36,9.91,3539.75,two wheeler,Kolkata
LN000011,CU000912,2022-02-26,180456,48,,4788.51,TRACTOR,Bangalore
LN000439,CU003317,16 Aug 2022,66367,24,14.77,3210.67,Two-Wheeler,Mumbai
LN001367,CU000252,10/30/2023,121469,24,9.86,5597.33,Two Wheeler,Kochi
LN000972,CU000754,2021-09-02,133025,24,11.76,6247.05,2 Wheeler,Chennai
LN002461,CU002877,07 May 2023,162953,60,10.9,3534.87,CAR,Pune
LN001483,CU000296,08/10/2023,"₹285,734",12,13.99,25653.89,CAR,Mumbai
LN000670,CU002489,29/05/2024,158589,36,18.38,5763.65,CAR,Ahmedabad
LN002915,CU004589,16-12-2022,96555,24,11.71,4532.11,Commercial Vehicle,Delhi NCR
LN002894,CU002278,15/06/2024,321262,60,10.56,6914.73,N/A,Kochi
LN004222,CU001617,02 Aug 2021,220924,24,17.95,11024.1,2 Wheeler,Bangalore
LN002306,CU003510,24/09/2023,179160,36,16.81,6370.61,Two Wheeler,Bangalore
LN004876,CU002578,09/10/2021,"₹246,351",24,15.67,12023.3,2 Wheeler,Bangalore
LN001927,CU002684,30 Apr 2023,"₹130,619",48,14.9,3628.61,Two-Wheeler,Chennai
LN001338,CU001160,25-07-2022,140076,36,14.17,4799.04,two wheeler,Chennai
LN003588,CU000416,13/02/2024,115961,24,9.97,5349.41,Two Wheeler,Delhi NCR
LN003077,CU002162,04/03/2024,189955,36,14.31,6520.85,Car ,Ahmedabad
LN004295,CU000193,17 Jan 2023,157644,36,9.99,5085.99,N/A,Bangalore
LN000629,CU003882,01/09/2021,"₹129,386",24,13.9,6206.08,Car,Ahmedabad
LN000410,CU002095,2022-09-11,430412,12,12.77,38396.8,TRACTOR,Thrissur
LN004864,CU004123,2023-11-18,92041,36,10.01,2970.34,CAR,Delhi NCR
LN001199,CU000522,10/23/2021,125919,36,15.67,4406.45,Two Wheeler,Ahmedabad
LN002637,CU002468,2023-08-11,213386,24,14.34,10279.58,commercial vehicle,Kozhikode
LN003668,CU002936,11/18/2023,417930,36,10.61,13605.43,commercial vehicle,Mumbai
LN002680,CU001248,05 Sep 2022,107594,36,10.79,3511.8,Commercial Vehicle,Pune
LN001202,CU004006,2023-01-19,222222,48,16.32,6334.31,TWO WHEELER,Coimbatore
LN004110,CU004350,29/10/2021,216245,24,14.99,10483.97,car,Bangalore
LN000761,CU004000,2023-01-04,240754,24,16.41,11835.28,2 Wheeler,Kolkata
LN003107,CU004410,29-12-2021,164540,24,12.5,7783.94,Car,Hyderabad
LN003611,CU002826,29/04/2021,180577,60,15.32,4326.31,2 Wheeler,Kozhikode
LN004079,CU002420,04/02/2021,136175,24,12.3,6429.32,Two-Wheeler,Chennai
LN004729,CU003874,2022-01-23,"₹141,867",24,15.52,6913.76,Car ,Pune
LN001601,CU003862,2023-01-11,195807,24,16.34,9619.16,Commercial  Vehicle,Pune
LN002212,CU003349,06/30/2023,95447,48,10.18,2429.04,2 Wheeler,Kozhikode
LN003417,CU000909,2021-11-10,120862,36,13.52,4102.66,Car,Mumbai
LN001594,CU000741,21 Aug 2022,158072,60,16.91,3920.85,two wheeler,Coimbatore
LN001459,CU000205,30-01-2024,"₹129,681",36,,4294.27,Car ,Bangalore
LN004582,CU002618,04/12/2021,227103,36,14.58,7825.97,CAR,Delhi NCR
LN002179,CU003497,02-05-2022,80662,36,14.97,2794.99,2 Wheeler,Kozhikode
LN003112,CU004158,15/01/2021,242481,12,14.73,21855.04,Car,Kozhikode
LN002282,CU000787,06/06/2022,"₹112,293",60,16.35,2751.67,CV,Kozhikode
LN000694,CU000933,27/10/2022,145172,24,17.51,7213.26,2 Wheeler,Coimbatore
LN001579,CU001309,01/29/2021,165407,24,12.76,7845.12,N/A,Kolkata
LN002061,CU003337,09 Jan 2023,"₹152,189",12,12.5,13557.43,TWO WHEELER,Kolkata
LN004850,CU002320,24-11-2021,99405,24,14.16,4780.24,TWO WHEELER,Kolkata
LN002985,CU002629,05-12-2021,212828,12,13.2,19029.19,Car,Chennai
LN002352,CU004423,25-07-2021,124923,24,15.03,6058.88,CAR,Kozhikode
LN002614,CU002144,01/05/2024,151901,48,9.62,3824.94,Commercial Vehicle,Chennai
LN003931,CU002668,09/25/2021,250296,36,,8569.12,CAR,Delhi NCR
LN003717,CU002698,08/25/2022,358937,24,11.46,16806.04,TWO WHEELER,Chennai
LN003064,CU001167,17 Jul 2022,"₹171,049",48,10.61,4388.52,car,Bangalore
LN001371,CU002755,09-05-2024,180014,36,13.25,6087.08,TWO WHEELER,Ahmedabad
LN004250,CU003150,28 May 2022,"₹71,113",36,10.72,2318.73,CAR,Ahmedabad
LN000509,CU002362,02/26/2024,"₹193,764",24,17.11,9590.38,TRACTOR,Pune
LN000043,CU003831,21-12-2021,97857,48,10.74,2516.83,Two Wheeler,Bangalore
LN001241,CU001800,2021-10-15,"₹93,783",48,15.89,2652.56,Two Wheeler,Delhi NCR
LN001419,CU002858,2024-03-17,"₹102,047",36,16.78,3627.09,2 Wheeler,Mumbai
LN000879,CU004598,03 Apr 2024,154874,12,11.78,13744.43,N/A,Kozhikode
LN001484,CU001401,03/16/2024,80412,24,13.1,3826.71,commercial vehicle,Kochi
LN003780,CU002958,07/30/2023,122599,36,17.13,4378.92,Commercial Vehicle,Thrissur
LN002472,CU001790,11/30/2023,322173,48,18.4,9531.3,Two-Wheeler,Chennai
LN004456,CU002984,2024-05-13,161656,36,12.16,5381.65,CAR,Mumbai
LN000056,CU004004,21/04/2023,94130,24,11.35,4402.51,Car,Kozhikode
LN000880,CU003341,18 Sep 2021,67623,48,13.96,1846.54,2 Wheeler,Coimbatore
LN001319,CU001819,07/06/2022,"₹153,839",12,18.2,14118.61,Car,Pune
LN002634,CU000676,24 Dec 2022,126641,48,10.37,3234.49,Car ,Bangalore
LN004123,CU001601,09 Oct 2023,95390,36,13.53,3238.47,Commercial  Vehicle,Coimbatore
LN001239,CU003648,2021-01-25,121149,12,11.63,10742.98,Commercial  Vehicle,Hyderabad
LN001514,CU002456,27 Nov 2023,109462,24,13.44,5226.67,Two Wheeler,Pune
LN000136,CU000934,12/05/2022,163622,36,15.97,5750.04,car,  Coimbatore 
LN002259,CU000588,22/06/2022,232580,48,18.35,6874.65,two wheeler,Kozhikode
LN002829,CU000201,06/25/2022,237844,60,17.27,5945.62,tractor,Ahmedabad
LN004891,CU001622,23/04/2024,"₹133,865",24,13.44,6391.89,Two Wheeler,Delhi NCR
LN001863,CU000178,28 Mar 2024,"₹40,000",48,13.63,1085.65,2 Wheeler,Pune
LN003929,CU001916,11-01-2024,109474,12,13.61,9809.28,Commercial Vehicle,Ahmedabad
LN003232,CU000506,23 Jun 2022,"₹123,961",24,14.61,5987.51,Two-Wheeler,Coimbatore
LN003957,CU002382,02/21/2023,160814,12,11.87,14278.35,CAR,Hyderabad
LN004493,CU003144,2021-04-05,147256,48,16.5,4211.08,Car,Kolkata
LN001499,CU003204,05/08/2024,89385,12,10.54,7880.83,TWO WHEELER,Pune
LN004150,CU000998,02/01/2021,"₹248,347",36,18.18,9000.78,Car ,Hyderabad
LN004929,CU002315,03/29/2024,"₹95,025",60,9.5,1995.7,CAR,Kolkata
LN002942,CU000449,11/06/2022,"₹161,180",24,10.62,7483.85,CAR,Kochi
LN000179,CU002182,13 Mar 2024,"₹91,911",48,10.61,2358.12,Commercial  Vehicle,Ahmedabad
LN002789,CU004195,22-06-2024,177958,36,13.65,6051.98,car,Ahmedabad
LN003734,CU001028,06/29/2024,167703,48,16.43,4789.76,Car ,Mumbai
LN003213,CU000764,30-10-2021,71094,36,16.01,2499.81,Commercial Vehicle,Ahmedabad
LN000301,CU004473,03 Nov 2021,223936,48,11.2,5809.52,tractor,Chennai
LN003276,CU000108,2024-03-08,151553,24,14.26,7295.13,Car ,Hyderabad
LN001664,CU003117,14/05/2024,"₹72,896",48,16.99,2103.04,car,Kochi
LN004899,CU001792,2021-03-15,65956,24,15.05,3199.55,Commercial  Vehicle,Pune
LN001002,CU003025,06-08-2021,86120,24,15.08,4178.94,two wheeler,Kolkata
LN003262,CU002292,08-01-2022,"₹132,869",48,11.72,3480.71,2 Wheeler,Ahmedabad
LN004175,CU001046,03-10-2023,140209,48,16.5,4009.56,Two Wheeler,Mumbai
LN003591,CU002953,20 Nov 2021,67592,24,15.01,3277.63,Commercial Vehicle,Bangalore
LN000229,CU001859,11 Mar 2021,"₹105,840",24,18.21,5294.71,Two-Wheeler,Mumbai
LN000819,CU000019,20/10/2021,242925,60,13.21,5553.44,TWO WHEELER,Hyderabad
LN000989,CU003550,2022-01-15,222406,12,15.22,20097.09,Commercial  Vehicle,Hyderabad
LN000030,CU001498,26 Mar 2021,"₹149,455",12,9.97,13137.38,Two Wheeler,Chennai
LN001658,CU000259,2024-02-01,170512,36,16.89,6069.89,Two-Wheeler,Kozhikode
LN000562,CU001912,14 Oct 2022,102726,24,10.31,4755.0,Car,Ahmedabad
LN003465,CU003626,12-09-2023,76981,36,17.64,2769.17,Tractor,Delhi NCR
LN004942,CU000552,20 Dec 2022,"₹67,435",48,18.32,1992.2,Commercial  Vehicle,Mumbai
LN000226,CU002438,12/04/2021,"₹107,305",36,11.28,3527.27,N/A,  Coimbatore 
LN004102,CU001854,12/08/2021,88267,48,14.04,2413.8,2 Wheeler,Mumbai
LN004090,CU000464,11/27/2022,91409,48,17.54,2663.22,Tractor,Chennai
LN004541,CU002198,2024-04-21,158595,12,15.82,14375.95,TWO WHEELER,Hyderabad
LN003444,CU003288,11/02/2023,237658,36,16.13,8370.61,Two Wheeler,Bangalore
LN004129,CU004535,21/02/2021,283242,12,13.06,25306.38,tractor,Pune
LN003011,CU000055,25-12-2021,141753,24,10.09,6547.07,Commercial Vehicle,Kolkata
LN000669,CU004190,14/06/2023,222215,24,13.66,10633.53,CV,Coimbatore
LN002944,CU000059,09-04-2021,157763,60,15.54,3798.04,Car ,Coimbatore
LN003007,CU003251,21-03-2023,158155,24,16.46,7778.57,Car,Kozhikode
LN004692,CU003211,04/01/2022,129181,60,11.9,2867.04,commercial vehicle,Kochi
LN003540,CU002345,2021-06-02,64345,48,11.17,1668.35,N/A,Delhi NCR
LN000152,CU002425,09/05/2022,173835,36,17.01,6198.56,Two Wheeler,  Delhi NCR 
LN001803,CU001855,08/25/2022,118281,36,12.24,3942.19,CAR,Kochi
LN004319,CU004232,17-04-2022,133469,36,13.63,4537.71,Commercial Vehicle,Delhi NCR
LN000703,CU002404,20-02-2021,"₹110,499",48,14.2,3030.65,N/A,Bangalore
LN004844,CU003058,28 Aug 2023,152683,24,16.99,7548.26,CAR,Delhi NCR
LN001445,CU003542,2023-06-10,141079,36,11.21,4632.79,two wheeler,Ahmedabad
LN002951,CU004213,17 Jun 2021,116691,12,11.04,10315.52,two wheeler,Chennai
LN003518,CU004134,19-10-2023,297448,24,14.44,14343.24,Commercial  Vehicle,Thrissur
LN000855,CU002441,2024-06-02,149960,36,14.85,5187.4,Two Wheeler,Ahmedabad
LN001833,CU002618,16 Jun 2024,263881,36,13.92,9008.58,Car ,  Mumbai 
LN002882,CU004168,01 Jun 2022,88012,36,10.1,2844.03,Two Wheeler,Delhi NCR
LN003295,CU000980,16/06/2023,100292,12,14.46,9026.65,Two-Wheeler,Kochi
LN004672,CU004417,2023-02-06,325947,24,16.77,16079.56,2 Wheeler,Hyderabad
LN004210,CU000804,12 Nov 2021,54913,24,14.78,2656.81,TWO WHEELER,Mumbai
LN002338,CU004008,25 Jan 2024,"₹248,147",36,13.0,8361.05,Commercial Vehicle,Kolkata
LN000207,CU003717,03/11/2024,383748,36,15.21,13342.25,TWO WHEELER,  Kolkata 
LN001148,CU001780,10/07/2021,77262,36,10.52,2511.93,CAR,Kozhikode
LN003137,CU004211,02/05/2022,222962,48,12.25,5898.85,2 Wheeler,Mumbai
LN003298,CU004227,19-05-2023,62004,36,17.1,2213.7,Two-Wheeler,Kochi
LN003239,CU003639,2023-02-07,"₹106,906",36,9.59,3429.01,Commercial  Vehicle,Pune
LN001309,CU003949,2022-11-18,79528,36,16.37,2810.52,two wheeler,Delhi NCR
LN001246,CU002199,17/09/2021,95854,36,16.38,3387.95,Commercial  Vehicle,Hyderabad
LN004085,CU003198,11 Mar 2021,159811,36,16.19,5633.48,2 Wheeler,Kochi
LN003853,CU002921,22 Sep 2022,218735,24,12.51,10348.79,two wheeler,Mumbai
LN002732,CU002379,06 Jul 2023,120637,36,14.22,4135.99,Car,Chennai
LN003334,CU001439,09/03/2021,427763,36,10.38,13879.15,CAR,Thrissur
LN002666,CU000832,01/02/2022,210816,24,17.23,10446.53,car,Chennai
LN001983,CU003493,06-06-2021,162938,48,11.64,4262.04,TWO WHEELER,Mumbai
LN000870,CU002018,13 Nov 2023,132251,24,16.06,6479.21,CAR,  Kochi 
LN001660,CU003169,08-12-2023,63098,24,16.96,3118.5,Two Wheeler,Thrissur
LN003234,CU004257,2021-12-31,108299,24,16.61,5334.28,Two-Wheeler,Kozhikode
LN003051,CU002720,07-07-2021,137759,60,10.29,2946.67,Car ,Coimbatore
LN004680,CU000688,15/02/2023,85322,36,13.53,2896.66,2 Wheeler,Kolkata
LN002678,CU000444,18-04-2024,190183,36,17.25,6804.23,2 Wheeler,Mumbai
LN003398,CU003753,01/11/2022,123550,48,,3318.22,CAR,Ahmedabad
LN003079,CU004478,12/08/2022,"₹156,493",48,16.06,4439.87,two wheeler,Mumbai
LN003986,CU003062,16-03-2021,"₹350,201",24,17.47,17393.92,CV,Pune
LN001139,CU002799,01/06/2023,175476,12,10.0,15427.13,Two-Wheeler,Thrissur
LN002695,CU004219,09/27/2021,119527,36,16.27,4218.16,TRACTOR,Mumbai
LN004236,CU003542,2023-10-04,103679,48,10.45,2652.03,2 Wheeler,Chennai
LN004586,CU003365,24-02-2022,160672,24,11.41,7519.2,2 Wheeler,Chennai
LN004700,CU000963,24 Feb 2021,343813,36,17.17,12286.98,two wheeler,Kolkata
LN004311,CU002267,01/03/2021,182182,36,14.08,6233.63,2 Wheeler,Ahmedabad
LN004690,CU004076,2023-02-22,"₹264,108",24,18.19,13209.61,CAR,Pune
LN003370,CU003616,25/04/2024,244532,48,16.31,6968.99,TWO WHEELER,Thrissur
LN002180,CU000066,13/04/2021,"₹108,033",24,17.01,5341.92,Tractor,Kolkata
LN004411,CU003673,22 Mar 2022,48262,36,12.15,1606.45,commercial vehicle,Delhi NCR
LN002187,CU001185,16-09-2021,258842,24,12.44,12237.85,CAR,Delhi NCR
LN002640,CU001662,21 Oct 2021,215060,36,15.07,7462.5,Two Wheeler,Kolkata
LN004901,CU004040,2021-10-24,106472,36,13.12,3593.62,2 Wheeler,Mumbai
LN000417,CU000446,16-10-2022,165702,24,10.81,7708.4,Car ,Kozhikode
LN002087,CU000708,01/08/2021,114456,36,16.25,4038.07,Two Wheeler,Kochi
LN004055,CU002942,2023-07-20,"₹69,077",36,12.0,2294.34,Commercial  Vehicle,  Coimbatore 
LN003987,CU002753,2021-09-05,101323,36,17.94,3660.02,car,Kolkata
LN002755,CU001201,03/02/2021,51340,60,13.33,1176.83,TWO WHEELER,Kozhikode
LN000137,CU004323,02-04-2024,111636,36,14.65,3850.79,CV,Kochi
LN001475,CU001483,12/07/2023,111125,24,11.99,5230.52,Tractor,Ahmedabad
LN001123,CU001443,12 Apr 2023,145807,36,17.04,5201.32,Commercial  Vehicle,Hyderabad
LN004132,CU004539,16 Dec 2023,313425,36,14.78,10831.24,Car ,Chennai
LN000026,CU002787,24/07/2021,183865,24,9.61,8451.38,Car,Delhi NCR
LN000658,CU004480,24/07/2021,89721,12,11.56,7953.15,TWO WHEELER,Chennai
LN003943,CU003237,11/20/2021,"₹143,182",24,16.76,7062.74,2 Wheeler,Kozhikode
LN000450,CU000770,2022-05-30,92618,48,17.44,2693.63,Commercial Vehicle,Kozhikode
LN003433,CU004399,2023-04-28,47952,48,11.34,1247.28,Car,Coimbatore
LN003297,CU004037,06/02/2021,"₹73,798",12,9.89,6484.24,TWO WHEELER,Coimbatore
LN003125,CU004492,03-04-2022,166360,36,17.02,5932.84,Two-Wheeler,Kochi
LN001402,CU000309,21/04/2024,80624,36,10.52,2621.24,TWO WHEELER,Kochi
LN003283,CU004485,2024-01-04,"₹228,651",48,12.31,6056.12,car,Mumbai
LN001259,CU001193,20 Jun 2022,119548,36,10.37,3878.28,Tractor,Kolkata
LN001271,CU000524,15 Dec 2022,125406,36,11.13,4113.36,Two Wheeler,Hyderabad
LN000649,CU004506,03/07/2022,131711,60,15.98,3201.56,Car,Delhi NCR
LN001450,CU004509,18/05/2024,"₹314,936",36,11.32,10358.39,CAR,Coimbatore
LN001053,CU003721,2022-08-13,99988,24,14.47,4822.94,Two-Wheeler,Kozhikode
LN002826,CU002160,06/09/2021,82158,48,17.78,2403.96,commercial vehicle,Kolkata
LN002438,CU003569,05/05/2021,316879,12,17.81,29022.82,two wheeler,Kochi
LN003991,CU004035,07-06-2021,384703,24,14.46,18554.41,CV,Ahmedabad
LN004341,CU003664,01/31/2023,120774,48,13.26,3255.67,Commercial  Vehicle,Mumbai
LN000277,CU004379,2023-05-02,163690,48,9.51,4113.19,N/A,Chennai
LN002442,CU003871,30-04-2022,"₹52,370",36,11.14,1718.0,two wheeler,Kochi
LN002159,CU002203,29 Jul 2022,137777,24,15.55,6716.4,Two Wheeler,Kolkata
LN000589,CU003541,03/01/2021,125470,36,12.24,4181.8,commercial vehicle,Chennai
LN002208,CU002726,27 Feb 2022,154092,36,16.36,5444.84,Car,Hyderabad
LN000971,CU004552,06/30/2021,187091,24,9.59,8597.94,Car ,Mumbai
LN003185,CU003178,04/10/2024,344697,60,13.61,7950.97,commercial vehicle,Chennai
LN002709,CU003461,2021-02-19,"₹317,790",48,9.61,8000.59,Car ,Delhi NCR
LN004241,CU000672,04 Apr 2022,314004,24,17.62,15618.77,Two Wheeler,Kolkata
LN003335,CU000098,2021-12-19,195104,60,16.88,4836.26,Commercial  Vehicle,Kolkata
LN001760,CU002852,22-01-2022,179495,36,17.84,6474.78,Car,Coimbatore
LN002182,CU004132,12/01/2022,98584,36,13.47,3344.05,2 Wheeler,Kochi
LN003758,CU003288,12/06/2022,68606,24,11.15,3202.36,commercial vehicle,Mumbai
LN004264,CU002975,24-06-2024,175638,60,13.32,4025.13,commercial vehicle,Ahmedabad
LN002273,CU003997,01/12/2023,104989,60,17.47,2635.85,Car ,Delhi NCR
LN003826,CU001591,06 Oct 2021,61435,48,9.98,1557.56,two wheeler,Ahmedabad
LN000928,CU002693,28-03-2022,52212,36,14.31,1792.35,Two Wheeler,Kolkata
LN003227,CU004094,18/10/2023,109236,36,11.47,3600.61,Car,Ahmedabad
LN003069,CU003248,29-03-2022,"₹110,482",60,14.92,2623.72,Tractor,Thrissur
LN002617,CU000693,07/04/2022,"₹133,294",36,10.43,4327.98,Two-Wheeler,Coimbatore
LN000025,CU000570,08/28/2023,83373,36,9.63,2675.75,CAR,Pune
LN003593,CU000296,17-11-2023,204904,48,13.96,5595.19,2 Wheeler,Chennai
LN000444,CU001531,06/13/2022,269396,60,17.12,6712.58,TRACTOR,Chennai
LN004247,CU000612,2022-06-20,115240,60,17.6,2901.32,Car ,Kolkata
LN004907,CU003977,06/09/2023,158477,24,16.81,7821.0,Commercial  Vehicle,  Kozhikode 
LN002143,CU004236,08-04-2023,219317,24,16.13,10752.07,N/A,Coimbatore
LN000755,CU001425,07 Mar 2021,162384,24,17.98,8105.31,Two Wheeler,Chennai
LN002266,CU003224,30/12/2023,163791,24,15.49,7979.86,Two-Wheeler,Pune
LN001048,CU002357,06-11-2022,88218,48,16.54,2524.59,2 Wheeler,Bangalore
LN000781,CU000369,23/02/2021,314421,48,16.64,9014.18,Car,Bangalore
LN000901,CU001612,2023-08-04,163237,60,17.98,4143.37,CAR,Thrissur
LN003036,CU004274,2023-12-11,84421,24,9.62,3880.81,Commercial  Vehicle,Bangalore
LN001953,CU003816,10 May 2023,136035,36,12.2,4531.31,car,Delhi NCR
LN002761,CU001639,23 Jul 2021,139698,12,13.34,12499.74,Commercial  Vehicle,Hyderabad
LN001198,CU003647,2022-03-28,281237,36,16.67,9980.74,CAR,Pune
LN000101,CU004596,2023-05-16,73913,36,11.64,2442.28,2 Wheeler,Kozhikode
LN001050,CU002728,2021-09-16,"₹115,019",48,12.71,3069.14,CAR,Delhi NCR
LN001628,CU004210,2023-07-14,185134,48,17.16,5357.39,Two-Wheeler,Ahmedabad
LN004936,CU002108,06-02-2024,59025,12,10.35,5198.85,CAR,Mumbai
LN002832,CU001026,08-10-2022,172399,36,18.31,6259.48,Car ,Hyderabad
LN003801,CU003499,08/23/2023,167971,60,16.94,4169.09,2 Wheeler,Hyderabad
LN002444,CU002165,03-04-2024,"₹152,846",12,17.47,13974.4,two wheeler,Hyderabad
LN001272,CU003154,2023-11-09,234161,60,12.33,5247.91,TWO WHEELER,Pune
LN004813,CU001889,2022-12-01,46609,48,16.4,1330.48,Commercial Vehicle,Kozhikode
LN002749,CU003482,09/16/2022,"₹124,555",36,17.52,4473.03,CV,Pune
LN000767,CU000221,06/17/2024,67012,36,15.74,2347.35,car,Chennai
LN001890,CU002669,01 Jan 2021,"₹284,730",36,,9720.34,Two-Wheeler,Coimbatore
LN003661,CU002178,2021-07-21,"₹296,548",24,12.3,14001.13,tractor,Hyderabad
LN003061,CU002640,20 Mar 2021,288617,24,17.54,14344.88,two wheeler,Chennai
LN000169,CU003126,2022-01-12,82799,12,12.01,7356.98,Car,Coimbatore
LN000074,CU003723,26/02/2024,"₹189,046",36,14.9,6544.09,2 Wheeler,Hyderabad
LN002654,CU002505,04/19/2022,"₹218,980",24,11.64,10271.37,Two Wheeler,  Coimbatore 
LN000521,CU004308,24-01-2024,127916,36,17.92,4619.34,2 Wheeler,Coimbatore
LN002986,CU002565,14 Jan 2022,123103,36,18.19,4462.21,CV,Kolkata
LN001884,CU000422,24 Jun 2021,269374,36,13.77,9176.5,car,Mumbai
LN004045,CU002724,25/10/2023,237627,60,12.7,5370.32,TWO WHEELER,Kochi
LN002167,CU004003,07/17/2022,92547,36,12.81,3109.81,Car ,Delhi NCR
LN002569,CU001084,2021-02-26,190595,36,17.69,6860.86,TWO WHEELER,Kolkata
LN000993,CU004071,2022-10-01,111347,12,13.93,9993.86,Commercial  Vehicle,Thrissur
LN003217,CU001384,03 Nov 2021,"₹255,734",12,12.31,22758.76,two wheeler,Delhi NCR
LN001906,CU002713,2023-07-02,145426,36,18.27,5277.22,Commercial  Vehicle,Thrissur
LN003087,CU002939,13/01/2021,81312,24,15.09,3946.02,Commercial  Vehicle,Pune
LN001385,CU001164,28-09-2022,134299,24,17.02,6641.34,2 Wheeler,Hyderabad
LN003442,CU002613,09/04/2022,74065,48,11.41,1929.03,two wheeler,Pune
LN001739,CU000873,10/02/2023,45140,48,13.45,1221.1,TWO WHEELER,Thrissur
LN004787,CU003094,02 Aug 2023,79788,24,16.63,3930.73,TRACTOR,Kochi
LN001504,CU001793,05/06/2022,119705,36,15.09,4154.89,car,Pune
LN002565,CU003771,15-01-2021,40132,36,11.39,1321.29,Car ,Thrissur
LN001632,CU000463,06/05/2022,82171,36,14.86,2842.85,car,Mumbai
LN003725,CU002332,16/10/2022,56782,24,16.0,2780.22,CAR,Kolkata
LN002103,CU000131,18-02-2023,207338,24,10.81,9645.3,car,Kochi
LN000267,CU002733,2024-06-27,107051,36,10.12,3460.27,car,Kozhikode
LN001034,CU004541,03-07-2022,98955,12,16.93,9021.88,CV,Ahmedabad
LN002632,CU002647,16-06-2024,282998,36,17.11,10105.15,CAR,Hyderabad
LN003587,CU001334,19-06-2024,163915,36,17.8,5909.49,Commercial Vehicle,Delhi NCR
LN002586,CU001952,08-04-2024,427263,36,12.72,14338.62,Car,Hyderabad
LN001845,CU002504,17/09/2021,311360,36,12.74,10452.0,two wheeler,Mumbai
LN000486,CU003521,24/11/2021,"₹115,906",48,12.06,3055.67,Car,Kochi
LN004778,CU002707,11-10-2023,"₹715,956",36,13.89,24431.45,two wheeler,Pune
LN002215,CU002928,20/10/2022,76355,48,9.57,1920.83,TWO WHEELER,Kozhikode
LN000145,CU002445,29/03/2021,214214,60,15.57,5160.45,Two Wheeler,Ahmedabad
LN004428,CU003468,2024-06-24,385700,60,15.84,9346.72,Two Wheeler,Pune
LN003960,CU003297,16-06-2022,289563,36,17.77,10435.02,Two-Wheeler,Ahmedabad
LN004344,CU002818,11-01-2022,"₹96,021",12,16.71,8744.36,Two Wheeler,Hyderabad
LN004470,CU003955,25-03-2023,205031,36,9.84,6600.38,CAR,Pune
LN004477,CU002374,25/12/2022,308722,36,17.29,11051.39,TWO WHEELER,Pune
LN002548,CU001402,11-04-2023,"₹127,162",48,12.24,3363.67,two wheeler,Coimbatore
LN000321,CU004575,09/17/2023,"₹157,854",36,16.32,5574.65,TWO WHEELER,Kochi
LN004733,CU003681,08/01/2022,97798,24,16.97,4833.94,tractor,Ahmedabad
LN001588,CU004423,2021-10-20,163103,24,17.38,8093.99,car,Chennai
LN001585,CU004048,02-05-2021,169767,24,15.63,8282.34,Two-Wheeler,Mumbai
LN003574,CU002479,23-04-2022,184083,36,13.69,6263.84,two wheeler,Mumbai
LN003700,CU004345,20-04-2022,201451,60,17.52,5063.07,CAR,Delhi NCR
LN002283,CU004037,04/23/2024,163259,36,15.7,5715.55,CAR,Ahmedabad
LN004527,CU002681,11/28/2023,"₹181,193",24,14.46,8739.03,2 Wheeler,Thrissur
LN001011,CU003136,01/17/2021,97995,48,13.61,2658.73,commercial vehicle,  Ahmedabad 
LN003914,CU000188,25/06/2023,158287,12,13.43,14169.72,Commercial Vehicle,Bangalore
LN003025,CU000848,25/11/2021,177560,36,11.07,5818.97,Commercial Vehicle,Pune
LN003997,CU000686,11/11/2021,117030,48,16.91,3371.46,Two-Wheeler,Kolkata
LN000192,CU003701,10/18/2023,122919,12,10.54,10837.43,Car ,Bangalore
LN004784,CU002887,06/05/2023,"₹84,256",36,15.99,2961.78,2 Wheeler,Chennai
LN001176,CU002331,16-11-2023,129055,48,18.14,3800.44,CAR,Pune
LN004532,CU000724,19-09-2022,51873,60,13.71,1199.21,Two Wheeler,Mumbai
LN001691,CU003291,2023-02-21,376816,36,16.35,13312.94,TWO WHEELER,Ahmedabad
LN001281,CU003125,01 Aug 2022,"₹87,241",60,15.76,2110.42,2 Wheeler,Ahmedabad
LN003351,CU003240,20 Mar 2024,123547,36,9.51,3958.15,2 Wheeler,Coimbatore
LN002233,CU002778,26/02/2022,206430,36,17.22,7382.41,TWO WHEELER,Coimbatore
LN000688,CU004403,05 Mar 2022,"₹158,290",36,17.19,5658.45,CAR,Thrissur
LN000639,CU003647,12 May 2023,194238,48,12.94,5205.14,Commercial  Vehicle,Ahmedabad
LN000570,CU000398,13 Jan 2024,168684,24,18.26,8442.6,car,Kolkata
LN003655,CU004358,04/02/2021,150979,48,17.75,4415.31,Car,Kochi
LN000934,CU002230,13-04-2024,"₹194,734",36,15.0,6750.52,CAR,  Kochi 
LN001170,CU003503,02/23/2022,158402,60,16.86,3924.78,two wheeler,Pune
LN001361,CU001993,13-05-2023,233660,24,11.73,10969.75,car,Kochi
LN004630,CU000064,2021-01-16,180063,36,13.68,6126.18,Commercial  Vehicle,  Pune 
LN003288,CU001166,06/13/2024,141247,24,15.49,6881.52,Two Wheeler,Delhi NCR
LN003463,CU003544,02/21/2023,"₹209,428",36,14.25,7183.21,Commercial Vehicle,Delhi NCR
LN001823,CU002335,31 Jul 2021,79341,48,15.55,2230.3,tractor,Mumbai
LN002791,CU004276,25 May 2024,71994,12,17.03,6567.22,tractor,Hyderabad
LN000197,CU003304,08/08/2023,193495,36,11.87,6414.8,TWO WHEELER,Kolkata
LN004592,CU000635,03 Oct 2023,191356,36,11.2,6282.89,CAR,Kochi
LN003090,CU001599,08/09/2021,"₹147,872",36,14.34,5078.37,commercial vehicle,Pune
LN003786,CU002015,26-09-2023,"₹85,906",24,13.02,4084.93,Two-Wheeler,Delhi NCR
LN002429,CU002486,31-05-2021,"₹104,999",48,16.46,3000.5,2 Wheeler,Chennai
LN002076,CU004313,29-09-2021,162642,60,13.47,3739.85,TWO WHEELER,  Chennai 
LN004492,CU001828,12 Mar 2023,"₹68,178",36,11.89,2260.9,Two-Wheeler,Delhi NCR
LN001706,CU000838,07/02/2023,154500,48,9.69,3895.56,Car ,Chennai
LN000148,CU004241,05/15/2021,"₹159,303",48,13.64,4324.48,Two-Wheeler,Ahmedabad
LN000798,CU001751,2021-05-11,131077,48,13.82,3570.05,2 Wheeler,Chennai
LN001751,CU003395,2021-07-31,56112,60,10.91,1217.49,Car ,Hyderabad
LN000624,CU002560,29 Apr 2023,83565,24,14.4,4028.01,commercial vehicle,Kolkata
LN002287,CU000342,28/11/2023,164784,36,,5518.16,2 Wheeler,Kozhikode
LN004068,CU003654,06/03/2023,241112,48,,6126.81,CV,Thrissur
LN002029,CU001375,01 Sep 2021,102516,24,16.05,5021.95,Two Wheeler,Ahmedabad
LN001474,CU002146,07-07-2022,65723,36,18.08,2378.68,Two Wheeler,Kolkata
LN000723,CU003546,08/03/2023,"₹144,954",24,15.05,7031.78,2 Wheeler,Kochi
LN001362,CU000935,2022-11-17,50336,48,11.76,1319.62,Two Wheeler,Ahmedabad
LN000107,CU000122,2023-08-30,"₹79,502",12,17.68,7276.64,CAR,Bangalore
LN004447,CU004069,07-10-2023,99888,48,14.75,2767.32,car,Mumbai
LN004747,CU001550,2022-03-08,55409,36,9.62,1778.02,Car,Pune
LN004486,CU003420,2021-04-15,97787,36,15.4,3409.0,CAR,Mumbai
LN003053,CU000662,08 Mar 2021,147922,24,16.9,7306.49,Car ,Delhi NCR
LN001473,CU000036,20-05-2024,235443,36,9.93,7589.35,Two-Wheeler,Chennai
LN001118,CU001286,05/14/2024,"₹61,925",48,15.42,1736.63,car,Chennai
LN000555,CU000873,12-11-2021,141408,36,10.0,4562.84,CV,Chennai
LN000300,CU000151,25 May 2022,"₹93,518",60,16.63,2305.6,CAR,Kolkata
LN000171,CU003970,01/13/2021,80237,60,16.3,1964.02,Car,Thrissur
LN003327,CU003842,15-04-2021,201399,36,17.08,7188.44,Car ,Thrissur
LN003804,CU000844,2023-07-04,194029,36,12.67,6506.81,Car ,Kolkata
LN003675,CU003393,01/09/2024,"₹125,959",36,11.13,4131.49,Car,Hyderabad
LN001277,CU003753,10/17/2022,"₹163,112",36,18.04,5900.16,two wheeler,Pune
LN002355,CU000817,05 Jan 2024,115442,24,16.59,5685.0,Two-Wheeler,Mumbai
LN003620,CU000450,2022-10-09,"₹256,595",24,12.15,12096.8,CAR,Kozhikode
LN000416,CU002621,2023-08-16,171739,48,11.75,4501.49,Commercial Vehicle,Kolkata
LN004525,CU003557,13-04-2023,154133,24,14.3,7422.23,TWO WHEELER,Bangalore
LN004283,CU001379,2023-02-23,44694,48,9.82,1129.7,2 Wheeler,Bangalore
LN003054,CU000941,20 Jun 2024,132070,24,12.16,6226.87,2 Wheeler,Mumbai
LN003924,CU004582,09 Aug 2021,248566,48,15.09,6929.12,Commercial Vehicle,Kochi
LN001840,CU001915,2022-04-20,269146,48,9.58,6772.08,Two-Wheeler,Delhi NCR
LN002957,CU003917,19/09/2021,115970,24,12.68,5496.01,two wheeler,Bangalore
LN002318,CU002538,2024-06-12,252629,12,14.09,22693.53,Two-Wheeler,Bangalore
LN002916,CU003082,06-11-2022,73147,24,14.7,3536.24,TRACTOR,Coimbatore
LN000631,CU001242,17/12/2021,132463,36,18.19,4801.49,commercial vehicle,Bangalore
LN000163,CU000128,16/02/2024,140629,24,16.93,6948.29,TWO WHEELER,Kochi
LN000414,CU003076,06/26/2022,40000,12,10.2,3520.36,CV,Kozhikode
LN001074,CU004451,29 May 2023,"₹53,722",24,14.17,2583.66,car,Kochi
LN002018,CU004402,13/04/2023,216104,48,9.81,5461.26,car,Hyderabad
LN000877,CU003558,13/10/2022,"₹262,966",36,11.07,8617.89,Car ,Coimbatore
LN000818,CU003331,28-01-2024,141214,36,12.84,4747.18,car,Coimbatore
LN002256,CU002067,05/08/2023,194988,36,10.83,6367.97,two wheeler,Ahmedabad
LN002735,CU000146,13-08-2023,138300,48,13.64,3754.32,car,Delhi NCR
LN000873,CU003027,25/03/2022,391920,48,16.94,11296.71,2 Wheeler,Bangalore
LN004342,CU003876,18 Dec 2023,101572,48,17.0,2930.86,Two-Wheeler,Kolkata
LN003684,CU003263,23 Oct 2023,52720,36,11.83,1746.78,car,Bangalore
LN000230,CU000580,22 Mar 2022,"₹98,877",24,13.89,4742.23,Car,Mumbai
LN000907,CU003471,15-09-2023,237817,24,10.33,11010.31,TWO WHEELER,  Delhi NCR 
LN002057,CU000483,22 Sep 2022,266241,12,11.35,23574.31,Two Wheeler,Mumbai
LN000897,CU004476,06/08/2021,"₹82,813",36,18.09,2997.63,Two-Wheeler,Hyderabad
LN003872,CU000662,03/03/2021,184281,24,12.78,8742.02,CAR,Chennai
LN002154,CU004385,03/09/2022,74867,36,10.19,2422.43,N/A,Coimbatore
LN000792,CU000686,05/02/2023,187666,24,17.38,9312.93,two wheeler,Coimbatore
LN001911,CU001413,02/10/2023,108432,48,17.9,3179.53,CV,Mumbai
LN001328,CU003742,04/04/2022,"₹125,198",24,12.03,5895.26,Commercial  Vehicle,Delhi NCR
LN002309,CU000373,09/29/2023,171314,48,16.76,4922.03,Two-Wheeler,Kochi
LN002877,CU000504,07/30/2022,"₹145,174",36,17.87,5238.93,two wheeler,Ahmedabad
LN000699,CU001165,21/04/2022,168741,36,17.35,6045.51,commercial vehicle,Coimbatore
LN003084,CU003383,15/12/2021,80208,48,13.54,2173.34,Car,Delhi NCR
LN003081,CU000818,2022-11-06,110378,36,10.48,3586.51,Car ,Kozhikode
LN001718,CU003985,2024-05-20,146767,36,14.02,5017.57,two wheeler,Coimbatore
LN002580,CU000634,30 May 2023,129131,48,15.78,3645.08,Car,Bangalore
LN000895,CU002426,04/03/2024,135876,48,14.3,3733.49,car,Ahmedabad
LN003021,CU003736,25/01/2021,133632,36,9.99,4311.3,Commercial  Vehicle,Bangalore
LN003542,CU002564,26/09/2021,92886,36,15.18,3228.12,Car ,Kozhikode
LN004154,CU003780,2022-10-01,"₹117,198",12,16.77,10676.23,N/A,Mumbai
LN001980,CU000711,27-01-2024,205604,36,11.57,6786.85,two wheeler,Thrissur
LN001058,CU001819,07-12-2022,43302,24,13.1,2060.69,CAR,Ahmedabad
LN003310,CU000702,2024-06-17,"₹180,781",60,17.23,4515.26,N/A,Delhi NCR
LN003519,CU003080,22/10/2021,142682,36,15.88,5007.83,Tractor,Delhi NCR
LN002331,CU000560,17 Oct 2021,246018,36,14.24,8437.02,Car,Delhi NCR
LN003659,CU003450,07/15/2022,215522,24,17.69,10727.49,2 Wheeler,Delhi NCR
LN000093,CU003398,2022-02-23,183905,12,16.18,16701.53,Car ,Mumbai
LN001235,CU003644,16-11-2021,60133,12,13.72,5391.25,2 Wheeler,Kozhikode
LN001014,CU001823,2021-01-11,124993,36,10.39,4056.1,Car ,Hyderabad
LN003864,CU000312,29 Mar 2022,327218,48,12.43,8686.15,commercial vehicle,Kolkata
LN000948,CU002553,2021-11-27,101141,36,11.01,3311.71,Two Wheeler,Kochi
LN001794,CU002274,07 Mar 2021,"₹344,610",24,10.11,15919.5,Tractor,Delhi NCR
LN000191,CU001204,01 Sep 2021,131871,36,15.97,4634.24,2 Wheeler,Pune
LN001532,CU003830,05/07/2023,151479,24,16.07,7421.95,2 Wheeler,Bangalore
LN002683,CU001281,01/31/2023,60906,36,18.36,2212.91,TWO WHEELER,Pune
LN002813,CU002646,2024-02-04,166116,36,17.66,5977.2,Car ,Mumbai
LN003895,CU002968,11 Jun 2023,"₹234,032",36,14.16,8016.86,Tractor,Coimbatore
LN003589,CU004328,24 May 2021,140985,36,13.11,4757.82,Tractor,Kolkata
LN004820,CU003154,24 Feb 2023,"₹497,274",60,18.23,12689.79,TRACTOR,Kochi
LN003177,CU002535,23-03-2022,"₹197,941",48,11.22,5137.06,TRACTOR,Mumbai
LN002112,CU002708,12/06/2023,"₹153,411",24,14.63,7411.45,2 Wheeler,Hyderabad
LN004773,CU000608,15 Sep 2021,"₹121,717",60,12.27,2724.16,N/A,Coimbatore
LN000106,CU001335,03/29/2024,209638,24,9.72,9646.66,CAR,Coimbatore
LN003414,CU000525,05 Apr 2024,221785,12,13.04,19813.39,commercial vehicle,Bangalore
LN002802,CU004232,06-12-2021,65703,36,10.2,2126.23,Car ,Delhi NCR
LN001964,CU000275,18-04-2023,95299,36,13.05,3213.3,commercial vehicle,Pune
LN002302,CU002992,2024-03-30,"₹40,000",48,16.83,1150.69,TRACTOR,Bangalore
LN000775,CU000545,03/08/2024,147495,48,13.95,4026.82,Commercial Vehicle,Kolkata
LN001233,CU002398,17 Jul 2023,124412,60,12.65,2808.51,car,Delhi NCR
LN000859,CU002193,12/23/2021,"₹67,140",36,15.01,2327.76,Commercial  Vehicle,Kozhikode
LN003155,CU003244,2022-05-13,289617,36,14.56,9977.38,2 Wheeler,Kochi
LN004594,CU001040,05/20/2024,"₹165,094",36,14.22,5660.18,two wheeler,  Thrissur 
LN001247,CU002074,18-01-2024,112862,48,12.18,2982.07,two wheeler,Bangalore
LN003431,CU000434,13 Mar 2022,"₹276,358",36,15.99,9714.56,commercial vehicle,Ahmedabad
LN004161,CU000234,08 Jul 2021,157002,12,16.6,14289.54,two wheeler,Kochi
LN004371,CU002692,07 Aug 2022,143702,36,10.57,4675.41,Car ,Kozhikode
LN000726,CU002086,03/08/2023,166073,24,17.61,8259.78,2 Wheeler,Chennai
LN001680,CU002977,2023-05-11,101669,36,13.65,3457.55,TWO WHEELER,Kolkata
LN002202,CU003415,02/02/2021,255350,48,13.97,6973.97,Two-Wheeler,Pune
LN003944,CU002650,29-04-2021,177127,24,12.0,8337.98,Car,Chennai
LN001364,CU000305,16-07-2021,106435,12,9.58,9336.55,Two Wheeler,Kochi
LN000411,CU001714,18-05-2022,155639,24,15.2,7561.21,Two-Wheeler,Kolkata
LN000831,CU003350,09/11/2023,"₹135,304",36,16.36,4780.97,two wheeler,  Kochi 
LN003782,CU004339,2021-10-01,103662,36,17.47,3720.13,CV,Thrissur
LN000913,CU003622,24-03-2023,107660,60,12.18,2404.64,TRACTOR,Chennai
LN002093,CU000250,06-04-2021,"₹57,639",48,12.89,1543.17,TWO WHEELER,Coimbatore
LN000391,CU004042,16 Jun 2024,181798,48,11.24,4719.88,Commercial Vehicle,Ahmedabad
LN004819,CU002418,15 Apr 2022,70497,24,15.54,3436.28,Two-Wheeler,Mumbai
LN004358,CU004082,23 Apr 2023,108557,48,12.66,2894.03,CV,  Delhi NCR 
LN002244,CU002507,04/01/2022,77830,36,10.4,2526.0,Two Wheeler,Hyderabad
LN003124,CU001544,09/07/2023,111432,36,9.52,3570.54,Two Wheeler,Kolkata
LN003122,CU004063,12-05-2024,"₹115,170",24,13.92,5525.29,Two-Wheeler,Kolkata
LN003958,CU000006,06/09/2022,127633,24,14.33,6147.94,CAR,Kolkata
LN000719,CU001435,2022-09-07,71204,36,16.23,2511.41,CV,Thrissur
LN003453,CU002233,03/10/2023,205169,36,14.64,7076.13,TWO WHEELER,Kolkata
LN002441,CU003728,23-04-2022,112197,36,16.06,3947.84,2 Wheeler,Thrissur
LN003257,CU000697,11/23/2021,"₹309,110",36,13.59,10503.2,2 Wheeler,Chennai
LN003109,CU003647,20 Jul 2022,72369,36,11.76,2395.4,two wheeler,Delhi NCR
LN003412,CU002690,2024-05-18,274604,24,14.97,13310.71,Car ,Hyderabad
LN003049,CU003241,31-10-2022,75259,36,12.44,2515.52,commercial vehicle,Thrissur
LN000421,CU002461,09/04/2023,312806,12,14.11,28102.14,commercial vehicle,Kolkata
LN002198,CU003594,05/11/2022,108406,36,15.66,3793.06,CAR,Pune
LN004106,CU001613,12-08-2023,122718,36,14.35,4215.1,2 Wheeler,Ahmedabad
LN003878,CU004049,05/06/2023,120901,48,14.32,3323.24,two wheeler,  Ahmedabad 
LN003913,CU003530,23/03/2023,"₹91,655",24,14.74,4432.73,Car ,Kozhikode
LN003118,CU002986,06/05/2024,239128,12,14.72,21551.71,commercial vehicle,Chennai
LN001938,CU001017,07/04/2023,93169,36,10.9,3045.82,Car ,Mumbai
LN001120,CU000713,15-04-2023,128917,36,16.21,4545.72,Two-Wheeler,Ahmedabad
LN004116,CU003795,30/11/2023,249804,12,11.06,22085.08,Commercial  Vehicle,Kolkata
LN000535,CU001263,02/17/2022,121452,36,15.19,4221.48,Two-Wheeler,Hyderabad
LN000549,CU000429,03/03/2023,66142,24,13.42,3157.58,2 Wheeler,Delhi NCR
LN000299,CU000961,01/11/2024,146225,60,16.05,3559.79,CAR,Mumbai
LN003363,CU003284,2021-12-17,"₹288,974",12,13.57,25887.71,Car,Mumbai
LN003730,CU004214,05/26/2024,"₹96,355",60,10.11,2052.48,N/A,Ahmedabad
LN002171,CU003636,10/24/2022,"₹271,060",36,16.19,9555.11,Two Wheeler,Thrissur
LN001386,CU004414,14-11-2022,69727,48,18.34,2060.64,Commercial Vehicle,Mumbai
LN003208,CU000604,03/02/2022,98612,48,18.08,2900.85,2 Wheeler,Hyderabad
LN003136,CU003080,05/05/2021,69699,36,16.63,2472.14,TRACTOR,Kochi
LN003900,CU000746,2021-02-02,102111,24,12.36,4823.9,Car,Coimbatore
LN004968,CU001955,04/08/2021,120451,36,16.66,4274.05,2 Wheeler,  Kochi 
LN004185,CU003767,2023-08-24,104521,48,13.23,2815.98,tractor,Kozhikode
LN003159,CU002435,07/21/2022,103504,12,,9311.84,Two-Wheeler,Pune
LN000098,CU002480,15 Mar 2024,207119,24,17.7,10310.23,Commercial Vehicle,Chennai
LN002100,CU001526,04/02/2021,118979,24,14.23,5725.46,two wheeler,Pune
LN004606,CU003001,10-09-2021,119379,36,18.08,4320.63,car,  Bangalore 
LN002260,CU004396,18 Sep 2023,74662,24,10.04,3446.65,Car ,Chennai
LN004800,CU000931,2022-03-15,142874,24,16.56,7033.84,Tractor,Chennai
LN001970,CU002802,05/01/2022,"₹223,447",60,13.28,5116.19,commercial vehicle,Bangalore
LN002795,CU001360,2021-09-18,61614,48,16.76,1770.23,two wheeler,Bangalore
LN001046,CU000141,30 May 2021,140735,24,10.18,6505.9,CAR,Kochi
LN000940,CU000823,31-07-2022,350298,60,17.13,8730.31,tractor,Kochi
LN000089,CU004163,11/05/2023,"₹366,001",48,13.15,9846.16,Car ,Hyderabad
LN000608,CU004214,21/07/2022,144862,24,16.6,7134.49,Commercial Vehicle,Thrissur
LN002527,CU003349,12/22/2021,"₹297,664",36,11.58,9827.1,TWO WHEELER,Kolkata
LN002540,CU004007,2023-01-10,216006,36,15.48,7538.79,Two Wheeler,Mumbai
LN001071,CU003522,06 Mar 2024,77920,36,10.41,2529.28,CV,Coimbatore
LN000297,CU002014,01/26/2021,419655,36,18.22,15217.89,Car ,Kozhikode
LN000050,CU003202,25 Jul 2022,"₹40,000",36,11.75,1323.8,Two-Wheeler,Bangalore
LN000225,CU000037,05/17/2021,175904,12,13.71,15769.92,TWO WHEELER,Mumbai
LN001775,CU001263,25 Oct 2021,102378,60,16.67,2526.23,2 Wheeler,Pune
LN001244,CU001242,25/02/2021,"₹145,619",36,13.05,4909.99,Commercial  Vehicle,Kochi
LN003280,CU002964,03-08-2023,128696,60,14.32,3015.92,Car,Bangalore
LN001922,CU001708,04/01/2021,209033,48,12.82,5589.18,2 Wheeler,Mumbai
LN000851,CU002083,2022-11-19,429749,24,15.02,20841.17,Commercial Vehicle,Hyderabad
LN001226,CU000052,11-08-2022,93833,60,11.94,2084.42,two wheeler,Pune
LN004659,CU003414,2022-02-20,197523,36,13.52,6704.91,Two-Wheeler,Bangalore
LN002853,CU002579,08/29/2023,192438,24,11.98,9056.93,CAR,  Chennai 
LN004701,CU001805,06/12/2023,"₹52,244",60,10.26,1116.73,2 Wheeler,Kochi
LN003318,CU002337,30 Apr 2021,210923,36,16.32,7448.79,TWO WHEELER,Mumbai
LN000443,CU003081,2024-06-18,105108,48,18.27,3102.4,Commercial  Vehicle,  Kolkata 
LN002473,CU003357,01/28/2024,90542,36,9.97,2920.26,commercial vehicle,Ahmedabad
LN002588,CU002834,2024-05-16,205096,24,9.8,9445.22,N/A,Thrissur
LN002816,CU002127,02/12/2024,70429,36,18.43,2561.39,TWO WHEELER,Chennai
LN002917,CU001996,27 Jun 2024,153595,36,15.17,5337.22,car,Chennai
LN000188,CU003009,25/07/2022,55634,48,10.84,1433.57,commercial vehicle,Coimbatore
LN004503,CU002336,2021-04-10,"₹145,318",36,17.77,5236.84,TWO WHEELER,Kochi
LN002800,CU000646,26-01-2023,"₹104,209",48,11.12,2699.41,2 Wheeler,Delhi NCR
LN003904,CU003200,03 Aug 2023,211548,24,9.52,9715.07,Commercial Vehicle,Bangalore
LN004076,CU000377,2021-09-13,95708,48,15.81,2703.09,Car ,Hyderabad
LN000462,CU000569,2022-02-18,57060,36,14.95,1976.61,Commercial Vehicle,Delhi NCR
LN004767,CU002750,17 Jan 2021,162395,48,11.2,4212.97,Two Wheeler,Bangalore
LN003132,CU003808,21 Mar 2021,225240,36,13.52,7645.76,CV,Thrissur
LN000715,CU000310,07-10-2021,164458,36,15.51,5742.15,TWO WHEELER,Kolkata
LN004521,CU001220,04/26/2023,"₹182,981",48,10.8,4711.49,Two-Wheeler,Mumbai
LN000636,CU004524,07/29/2022,"₹148,900",36,12.42,4975.53,Car ,Ahmedabad
LN004086,CU004269,20-10-2022,103268,36,12.1,3434.91,TWO WHEELER,Kozhikode
LN004625,CU002772,11/03/2021,128524,48,16.57,3680.03,Two Wheeler,Hyderabad
LN002267,CU003065,08/16/2023,96987,24,13.21,4620.51,N/A,Bangalore
LN004041,CU002238,21 May 2023,172126,24,14.78,8327.83,two wheeler,Kolkata
LN004043,CU002887,03/03/2021,90767,24,14.6,4383.76,N/A,Hyderabad
LN001766,CU000301,03/04/2021,156771,24,13.08,7459.07,car,Mumbai
LN002348,CU003130,11/07/2023,"₹653,655",24,9.62,30048.35,TRACTOR,Bangalore
LN002904,CU000218,09-03-2022,"₹137,122",36,15.75,4803.9,two wheeler,Kozhikode
LN000610,CU001801,12/11/2021,223818,24,15.25,10878.79,Two Wheeler,Hyderabad
LN000486,CU003521,24/11/2021,"₹115,906",48,12.06,3055.67,Car,Kochi
LN001086,CU000168,15-11-2023,82398,36,9.91,2655.27,2 Wheeler,Mumbai
LN002130,CU002644,19-05-2022,254173,24,17.99,12688.13,Car ,Delhi NCR
LN004421,CU002909,21-07-2021,209637,36,15.67,7336.11,Commercial  Vehicle,Delhi NCR
LN003539,CU002461,11/19/2023,"₹92,644",24,15.16,4499.04,Two-Wheeler,Pune
LN003129,CU000853,29/06/2021,109490,48,16.57,3135.03,CAR,Hyderabad
LN000020,CU003182,08-12-2023,109387,48,13.0,2934.58,Car ,  Pune 
LN004935,CU002937,30/05/2021,122857,48,10.58,3150.3,TWO WHEELER,Kolkata
LN001674,CU004368,27 May 2024,148961,48,14.37,4098.28,CAR,Pune
LN002857,CU002194,02/25/2021,148663,60,14.61,3506.32,CV,Bangalore
LN001791,CU002767,06/27/2024,"₹83,256",60,12.23,1861.67,Two-Wheeler,Kochi
LN004897,CU002770,2022-01-01,244359,36,16.02,8593.35,Two Wheeler,Mumbai
LN000097,CU002644,14/02/2021,100926,24,15.59,4921.9,Commercial  Vehicle,Coimbatore
LN003156,CU000071,2021-01-09,93004,24,,4460.56,TRACTOR,Ahmedabad
LN002495,CU002817,25/09/2021,111484,36,12.4,3724.2,TWO WHEELER,Bangalore
LN004571,CU001455,2021-03-28,"₹114,952",36,11.14,3771.01,Car ,Kochi
LN000367,CU001944,03/01/2021,173511,12,12.82,15482.88,Car,Chennai
LN001722,CU000931,2021-12-10,100825,12,11.66,8942.15,Car,Ahmedabad
LN003658,CU004251,09/30/2022,147675,36,11.07,4839.59,CAR,Hyderabad
LN001910,CU004019,27/05/2023,92604,24,9.67,4259.11,TWO WHEELER,Kozhikode
LN004857,CU002331,12/11/2021,40000,24,16.53,1968.67,Two Wheeler,Hyderabad
LN000919,CU002463,24 Jan 2021,132852,60,10.99,2887.86,N/A,Bangalore
LN001426,CU003545,16-10-2023,364026,24,10.9,16949.57,Car,Bangalore
LN002808,CU004533,2022-08-25,"₹170,543",24,14.57,8234.26,two wheeler,Mumbai
LN004489,CU003863,02/20/2024,"₹64,168",36,16.89,2284.25,Two-Wheeler,Pune
LN003566,CU003918,16/03/2024,63479,36,13.87,2165.56,TWO WHEELER,Pune
LN004603,CU004128,02/01/2022,177346,24,16.74,8746.25,car,Kochi
LN004531,CU004313,03 Jul 2023,"₹138,678",12,10.79,12243.01,Car,Coimbatore
LN002991,CU000926,26-08-2021,103181,24,13.41,4925.31,N/A,Thrissur
LN003392,CU002499,2023-03-03,113810,36,13.1,3840.19,commercial vehicle,Kochi
LN003065,CU003743,09/11/2022,77613,12,12.49,6913.62,Car ,Bangalore
LN004229,CU001718,10/01/2023,77416,24,16.05,3792.38,TWO WHEELER,Delhi NCR
LN003123,CU000724,08/08/2021,"₹101,099",36,13.36,3423.98,N/A,Coimbatore
LN003311,CU002144,02/14/2024,86536,48,11.5,2257.64,CV,Kochi
LN001589,CU003431,22-06-2023,311277,12,11.33,27559.12,CV,Bangalore
LN003665,CU002728,12/08/2022,"₹123,551",24,15.0,5990.57,car,Chennai
LN002499,CU004144,12/05/2022,132270,48,13.5,3581.39,two wheeler,Bangalore
LN000032,CU003648,09/23/2022,124764,24,17.79,6216.08,two wheeler,Mumbai
LN003284,CU000116,2023-06-24,188091,12,16.97,17152.12,car,Kochi
LN001376,CU001532,09-08-2021,"₹202,267",48,11.65,5291.77,TWO WHEELER,Mumbai
LN001327,CU001025,01/17/2021,"₹91,208",60,11.22,1993.1,car,Coimbatore
LN003781,CU003358,22-09-2022,70315,12,16.3,6389.73,two wheeler,Hyderabad
LN001350,CU003094,2023-12-10,200805,36,10.35,6512.46,2 Wheeler,  Bangalore 
LN000256,CU002031,22 Sep 2022,113069,24,12.38,5342.64,Two Wheeler,Ahmedabad
LN004989,CU001538,30/09/2022,146484,24,15.05,7106.0,2 Wheeler,Coimbatore
LN003643,CU001528,19-10-2021,126597,36,17.52,4546.36,Car,Delhi NCR
LN003623,CU003478,29 Mar 2023,118799,24,,5876.55,CV,Ahmedabad
LN004148,CU002422,06/18/2021,"₹105,525",24,11.24,4930.06,2 Wheeler,Mumbai
LN004972,CU002126,02/23/2021,110051,24,18.27,5508.57,Car,Kochi
LN003221,CU002890,2022-05-24,94267,24,12.04,4439.24,Two-Wheeler,Coimbatore
LN002728,CU003921,27-12-2021,153603,60,15.87,3724.72,Two Wheeler,Delhi NCR
LN003701,CU003012,24/04/2021,88335,24,14.88,4278.03,two wheeler,Kolkata
LN000125,CU000521,17/06/2024,121388,48,15.29,3396.19,Two Wheeler,Pune
LN002779,CU001657,2022-08-01,164599,48,11.27,4275.76,Car ,Bangalore
LN002880,CU004600,15 Feb 2023,135307,60,10.41,2902.25,TWO WHEELER,Coimbatore
LN002774,CU004064,03-04-2023,51788,48,14.52,1428.73,Two-Wheeler,Coimbatore
LN002636,CU003534,12/01/2021,"₹303,884",36,12.91,10225.88,CAR,  Kozhikode 
LN000434,CU002949,05 Jun 2023,"₹68,510",36,13.32,2318.95,Two Wheeler,Ahmedabad
LN004771,CU003953,27/02/2024,94484,60,15.27,2261.18,Car,Thrissur
LN003336,CU003856,17 Jan 2023,121606,60,10.62,2621.02,2 Wheeler,Kolkata
LN001100,CU003264,14-05-2024,181676,24,11.39,8500.46,Car ,Thrissur
LN002515,CU000225,05 Jan 2022,156286,12,13.83,14019.97,Car ,Kochi
LN003607,CU002040,12-07-2022,"₹201,439",12,12.05,17902.32,CAR,Mumbai
LN002576,CU001620,09/04/2023,78948,24,10.34,3655.45,2 Wheeler,Kolkata
